<?xml version="1.0" encoding="UTF-8" standalone="yes"?>
<gpx
 version="1.1"
 creator="Generated by MapOut iPhone App. See https://mapout.app"
 xmlns="http://www.topografix.com/GPX/1/1"
 xmlns:xsi="http://www.w3.org/2001/XMLSchema-instance"
 xmlns:gpxx="http://www.garmin.com/xmlschemas/GpxExtensions/v3"
 xmlns:mapout="https://mapout.app/xmlschemas/MapOutExtensions"
 xsi:schemaLocation="http://www.topografix.com/GPX/1/1 https://www.topografix.com/GPX/1/1/gpx.xsd http://www.garmin.com/xmlschemas/GpxExtensions/v3 https://www8.garmin.com/xmlschemas/GpxExtensionsv3.xsd https://mapout.app/xmlschemas/MapOutExtensions https://mapout.app/xmlschemas/MapOutExtensions.xsd">
  <metadata>
    <name><![CDATA[Etapa 2 (J) - Via Verde Plazaola (Aralar kanpina -> Camping Oliden)]]></name>
    <desc>Lekunberri - Larraun - Leitza - Berastegi - Elduain - Andoain - Urnieta - Hernani - Astigarraga - Errenteria - Oiartzun</desc>
    <time>2021-10-13T09:35:26Z</time>
    <bounds minlat="43.000323" minlon="-2.0195479999999999" maxlat="43.31546" maxlon="-1.8736790000000001"/>
  </metadata>
  <trk>
    <name><![CDATA[Etapa 2 (J) - Via Verde Plazaola (Aralar kanpina -> Camping Oliden)]]></name>
    <desc>Lekunberri - Larraun - Leitza - Berastegi - Elduain - Andoain - Urnieta - Hernani - Astigarraga - Errenteria - Oiartzun</desc>
    <trkseg>
      <trkpt lat="43.000658" lon="-1.8878189999999999">
        <ele>576</ele>
      </trkpt>
      <trkpt lat="43.000658" lon="-1.8878189999999999">
        <ele>576</ele>
      </trkpt>
      <trkpt lat="43.000632" lon="-1.888007">
        <ele>575</ele>
      </trkpt>
      <trkpt lat="43.000474" lon="-1.8883570000000001">
        <ele>571</ele>
      </trkpt>
      <trkpt lat="43.000527" lon="-1.888412">
        <ele>572</ele>
      </trkpt>
      <trkpt lat="43.000435" lon="-1.8883570000000001">
        <ele>571</ele>
      </trkpt>
      <trkpt lat="43.000376" lon="-1.8883490000000001">
        <ele>570</ele>
      </trkpt>
      <trkpt lat="43.000336" lon="-1.8883760000000001">
        <ele>569</ele>
      </trkpt>
      <trkpt lat="43.000323" lon="-1.888393">
        <ele>569</ele>
      </trkpt>
      <trkpt lat="43.000441" lon="-1.8885099999999999">
        <ele>571</ele>
      </trkpt>
      <trkpt lat="43.000474" lon="-1.8885460000000001">
        <ele>571</ele>
      </trkpt>
      <trkpt lat="43.000592" lon="-1.888663">
        <ele>573</ele>
      </trkpt>
      <trkpt lat="43.000618" lon="-1.8886989999999999">
        <ele>573</ele>
      </trkpt>
      <trkpt lat="43.000651" lon="-1.8887350000000001">
        <ele>572</ele>
      </trkpt>
      <trkpt lat="43.000743" lon="-1.888825">
        <ele>572</ele>
      </trkpt>
      <trkpt lat="43.00098" lon="-1.889032">
        <ele>572</ele>
      </trkpt>
      <trkpt lat="43.001052" lon="-1.889103">
        <ele>572</ele>
      </trkpt>
      <trkpt lat="43.001118" lon="-1.889148">
        <ele>572</ele>
      </trkpt>
      <trkpt lat="43.001203" lon="-1.8892469999999999">
        <ele>572</ele>
      </trkpt>
      <trkpt lat="43.001256" lon="-1.8893089999999999">
        <ele>572</ele>
      </trkpt>
      <trkpt lat="43.001426" lon="-1.889481">
        <ele>574</ele>
      </trkpt>
      <trkpt lat="43.001801" lon="-1.889921">
        <ele>577</ele>
      </trkpt>
      <trkpt lat="43.001847" lon="-1.889974">
        <ele>577</ele>
      </trkpt>
      <trkpt lat="43.001919" lon="-1.890047">
        <ele>578</ele>
      </trkpt>
      <trkpt lat="43.002025" lon="-1.890271">
        <ele>576</ele>
      </trkpt>
      <trkpt lat="43.002071" lon="-1.8903430000000001">
        <ele>575</ele>
      </trkpt>
      <trkpt lat="43.002116" lon="-1.890406">
        <ele>575</ele>
      </trkpt>
      <trkpt lat="43.002136" lon="-1.8905590000000001">
        <ele>573</ele>
      </trkpt>
      <trkpt lat="43.002169" lon="-1.890792">
        <ele>571</ele>
      </trkpt>
      <trkpt lat="43.002189" lon="-1.891187">
        <ele>569</ele>
      </trkpt>
      <trkpt lat="43.002241" lon="-1.8915649999999999">
        <ele>569</ele>
      </trkpt>
      <trkpt lat="43.002327" lon="-1.891942">
        <ele>571</ele>
      </trkpt>
      <trkpt lat="43.002412" lon="-1.8922570000000001">
        <ele>573</ele>
      </trkpt>
      <trkpt lat="43.00253" lon="-1.892544">
        <ele>574</ele>
      </trkpt>
      <trkpt lat="43.002642" lon="-1.8926970000000001">
        <ele>574</ele>
      </trkpt>
      <trkpt lat="43.002852" lon="-1.892911">
        <ele>575</ele>
      </trkpt>
      <trkpt lat="43.003043" lon="-1.8930370000000001">
        <ele>579</ele>
      </trkpt>
      <trkpt lat="43.003299" lon="-1.893154">
        <ele>582</ele>
      </trkpt>
      <trkpt lat="43.003588" lon="-1.8932899999999999">
        <ele>586</ele>
      </trkpt>
      <trkpt lat="43.003818" lon="-1.893416">
        <ele>589</ele>
      </trkpt>
      <trkpt lat="43.004061" lon="-1.8935770000000001">
        <ele>590</ele>
      </trkpt>
      <trkpt lat="43.004324" lon="-1.8937919999999999">
        <ele>589</ele>
      </trkpt>
      <trkpt lat="43.004383" lon="-1.8938459999999999">
        <ele>588</ele>
      </trkpt>
      <trkpt lat="43.004488" lon="-1.8939360000000001">
        <ele>587</ele>
      </trkpt>
      <trkpt lat="43.004705" lon="-1.8941250000000001">
        <ele>584</ele>
      </trkpt>
      <trkpt lat="43.004876" lon="-1.8942779999999999">
        <ele>583</ele>
      </trkpt>
      <trkpt lat="43.00502" lon="-1.8943680000000001">
        <ele>585</ele>
      </trkpt>
      <trkpt lat="43.005132" lon="-1.894439">
        <ele>585</ele>
      </trkpt>
      <trkpt lat="43.005191" lon="-1.8944479999999999">
        <ele>586</ele>
      </trkpt>
      <trkpt lat="43.005342" lon="-1.8944749999999999">
        <ele>587</ele>
      </trkpt>
      <trkpt lat="43.005519" lon="-1.894466">
        <ele>588</ele>
      </trkpt>
      <trkpt lat="43.005599" lon="-1.894493">
        <ele>588</ele>
      </trkpt>
      <trkpt lat="43.005743" lon="-1.8944030000000001">
        <ele>592</ele>
      </trkpt>
      <trkpt lat="43.005848" lon="-1.8943680000000001">
        <ele>593</ele>
      </trkpt>
      <trkpt lat="43.006006" lon="-1.8942509999999999">
        <ele>594</ele>
      </trkpt>
      <trkpt lat="43.006354" lon="-1.8939630000000001">
        <ele>595</ele>
      </trkpt>
      <trkpt lat="43.006623" lon="-1.893505">
        <ele>601</ele>
      </trkpt>
      <trkpt lat="43.006722" lon="-1.893416">
        <ele>603</ele>
      </trkpt>
      <trkpt lat="43.006846" lon="-1.89337">
        <ele>603</ele>
      </trkpt>
      <trkpt lat="43.007162" lon="-1.8932990000000001">
        <ele>604</ele>
      </trkpt>
      <trkpt lat="43.007293" lon="-1.8934059999999999">
        <ele>602</ele>
      </trkpt>
      <trkpt lat="43.007418" lon="-1.8935230000000001">
        <ele>599</ele>
      </trkpt>
      <trkpt lat="43.007648" lon="-1.8936759999999999">
        <ele>594</ele>
      </trkpt>
      <trkpt lat="43.007831" lon="-1.8937470000000001">
        <ele>590</ele>
      </trkpt>
      <trkpt lat="43.00795" lon="-1.8935139999999999">
        <ele>592</ele>
      </trkpt>
      <trkpt lat="43.008121" lon="-1.893181">
        <ele>594</ele>
      </trkpt>
      <trkpt lat="43.008371" lon="-1.892768">
        <ele>591</ele>
      </trkpt>
      <trkpt lat="43.009087" lon="-1.8928309999999999">
        <ele>599</ele>
      </trkpt>
      <trkpt lat="43.009757" lon="-1.892876">
        <ele>595</ele>
      </trkpt>
      <trkpt lat="43.010276" lon="-1.892876">
        <ele>594</ele>
      </trkpt>
      <trkpt lat="43.010446" lon="-1.8929210000000001">
        <ele>595</ele>
      </trkpt>
      <trkpt lat="43.010729" lon="-1.8930910000000001">
        <ele>600</ele>
      </trkpt>
      <trkpt lat="43.010893" lon="-1.893316">
        <ele>600</ele>
      </trkpt>
      <trkpt lat="43.011031" lon="-1.8936029999999999">
        <ele>597</ele>
      </trkpt>
      <trkpt lat="43.011129" lon="-1.8938820000000001">
        <ele>594</ele>
      </trkpt>
      <trkpt lat="43.011155" lon="-1.8941159999999999">
        <ele>592</ele>
      </trkpt>
      <trkpt lat="43.011169" lon="-1.8943410000000001">
        <ele>591</ele>
      </trkpt>
      <trkpt lat="43.011143" lon="-1.894582">
        <ele>591</ele>
      </trkpt>
      <trkpt lat="43.011096" lon="-1.894817">
        <ele>592</ele>
      </trkpt>
      <trkpt lat="43.011018" lon="-1.8950499999999999">
        <ele>593</ele>
      </trkpt>
      <trkpt lat="43.010873" lon="-1.8955439999999999">
        <ele>597</ele>
      </trkpt>
      <trkpt lat="43.010768" lon="-1.895877">
        <ele>599</ele>
      </trkpt>
      <trkpt lat="43.010669" lon="-1.8962000000000001">
        <ele>602</ele>
      </trkpt>
      <trkpt lat="43.010577" lon="-1.8963350000000001">
        <ele>604</ele>
      </trkpt>
      <trkpt lat="43.010492" lon="-1.89655">
        <ele>605</ele>
      </trkpt>
      <trkpt lat="43.010446" lon="-1.896766">
        <ele>604</ele>
      </trkpt>
      <trkpt lat="43.01038" lon="-1.897035">
        <ele>602</ele>
      </trkpt>
      <trkpt lat="43.010374" lon="-1.8971610000000001">
        <ele>601</ele>
      </trkpt>
      <trkpt lat="43.01044" lon="-1.897708">
        <ele>596</ele>
      </trkpt>
      <trkpt lat="43.010492" lon="-1.8979870000000001">
        <ele>595</ele>
      </trkpt>
      <trkpt lat="43.010729" lon="-1.8988499999999999">
        <ele>597</ele>
      </trkpt>
      <trkpt lat="43.01086" lon="-1.899192">
        <ele>597</ele>
      </trkpt>
      <trkpt lat="43.011037" lon="-1.899586">
        <ele>599</ele>
      </trkpt>
      <trkpt lat="43.011169" lon="-1.899848">
        <ele>601</ele>
      </trkpt>
      <trkpt lat="43.011221" lon="-1.8998919999999999">
        <ele>601</ele>
      </trkpt>
      <trkpt lat="43.011353" lon="-1.899972">
        <ele>603</ele>
      </trkpt>
      <trkpt lat="43.011583" lon="-1.9000349999999999">
        <ele>606</ele>
      </trkpt>
      <trkpt lat="43.01333" lon="-1.9001440000000001">
        <ele>624</ele>
      </trkpt>
      <trkpt lat="43.013704" lon="-1.9003950000000001">
        <ele>616</ele>
      </trkpt>
      <trkpt lat="43.013967" lon="-1.9005030000000001">
        <ele>616</ele>
      </trkpt>
      <trkpt lat="43.014131" lon="-1.9005479999999999">
        <ele>619</ele>
      </trkpt>
      <trkpt lat="43.014315" lon="-1.900601">
        <ele>621</ele>
      </trkpt>
      <trkpt lat="43.014512" lon="-1.90062">
        <ele>625</ele>
      </trkpt>
      <trkpt lat="43.014676" lon="-1.900628">
        <ele>628</ele>
      </trkpt>
      <trkpt lat="43.014834" lon="-1.900601">
        <ele>632</ele>
      </trkpt>
      <trkpt lat="43.015031" lon="-1.9005110000000001">
        <ele>637</ele>
      </trkpt>
      <trkpt lat="43.015471" lon="-1.90035">
        <ele>639</ele>
      </trkpt>
      <trkpt lat="43.015793" lon="-1.9000980000000001">
        <ele>637</ele>
      </trkpt>
      <trkpt lat="43.016417" lon="-1.8997390000000001">
        <ele>631</ele>
      </trkpt>
      <trkpt lat="43.016673" lon="-1.899586">
        <ele>633</ele>
      </trkpt>
      <trkpt lat="43.018742" lon="-1.8990389999999999">
        <ele>649</ele>
      </trkpt>
      <trkpt lat="43.018841" lon="-1.8990199999999999">
        <ele>647</ele>
      </trkpt>
      <trkpt lat="43.018939" lon="-1.8990389999999999">
        <ele>644</ele>
      </trkpt>
      <trkpt lat="43.019024" lon="-1.899146">
        <ele>640</ele>
      </trkpt>
      <trkpt lat="43.019071" lon="-1.8992">
        <ele>638</ele>
      </trkpt>
      <trkpt lat="43.019182" lon="-1.899389">
        <ele>632</ele>
      </trkpt>
      <trkpt lat="43.019267" lon="-1.899632">
        <ele>626</ele>
      </trkpt>
      <trkpt lat="43.019307" lon="-1.899848">
        <ele>622</ele>
      </trkpt>
      <trkpt lat="43.019346" lon="-1.9000980000000001">
        <ele>617</ele>
      </trkpt>
      <trkpt lat="43.01934" lon="-1.900358">
        <ele>614</ele>
      </trkpt>
      <trkpt lat="43.019313" lon="-1.9006369999999999">
        <ele>613</ele>
      </trkpt>
      <trkpt lat="43.018808" lon="-1.902255">
        <ele>612</ele>
      </trkpt>
      <trkpt lat="43.018722" lon="-1.902695">
        <ele>610</ele>
      </trkpt>
      <trkpt lat="43.018722" lon="-1.902901">
        <ele>611</ele>
      </trkpt>
      <trkpt lat="43.018762" lon="-1.903125">
        <ele>616</ele>
      </trkpt>
      <trkpt lat="43.019234" lon="-1.9040429999999999">
        <ele>646</ele>
      </trkpt>
      <trkpt lat="43.01932" lon="-1.904177">
        <ele>649</ele>
      </trkpt>
      <trkpt lat="43.019576" lon="-1.9044289999999999">
        <ele>650</ele>
      </trkpt>
      <trkpt lat="43.019865" lon="-1.904779">
        <ele>642</ele>
      </trkpt>
      <trkpt lat="43.020009" lon="-1.904941">
        <ele>639</ele>
      </trkpt>
      <trkpt lat="43.020141" lon="-1.9050579999999999">
        <ele>636</ele>
      </trkpt>
      <trkpt lat="43.020331" lon="-1.905165">
        <ele>635</ele>
      </trkpt>
      <trkpt lat="43.020771" lon="-1.9053089999999999">
        <ele>649</ele>
      </trkpt>
      <trkpt lat="43.020968" lon="-1.905408">
        <ele>652</ele>
      </trkpt>
      <trkpt lat="43.021257" lon="-1.905524">
        <ele>655</ele>
      </trkpt>
      <trkpt lat="43.021441" lon="-1.905632">
        <ele>654</ele>
      </trkpt>
      <trkpt lat="43.021612" lon="-1.905767">
        <ele>652</ele>
      </trkpt>
      <trkpt lat="43.02173" lon="-1.9059010000000001">
        <ele>649</ele>
      </trkpt>
      <trkpt lat="43.021809" lon="-1.9060269999999999">
        <ele>648</ele>
      </trkpt>
      <trkpt lat="43.021953" lon="-1.906261">
        <ele>646</ele>
      </trkpt>
      <trkpt lat="43.022275" lon="-1.9067099999999999">
        <ele>645</ele>
      </trkpt>
      <trkpt lat="43.022663" lon="-1.9071229999999999">
        <ele>646</ele>
      </trkpt>
      <trkpt lat="43.022735" lon="-1.907232">
        <ele>645</ele>
      </trkpt>
      <trkpt lat="43.022978" lon="-1.907672">
        <ele>651</ele>
      </trkpt>
      <trkpt lat="43.02326" lon="-1.908102">
        <ele>653</ele>
      </trkpt>
      <trkpt lat="43.023504" lon="-1.908425">
        <ele>653</ele>
      </trkpt>
      <trkpt lat="43.023635" lon="-1.9085430000000001">
        <ele>653</ele>
      </trkpt>
      <trkpt lat="43.023864" lon="-1.908704">
        <ele>654</ele>
      </trkpt>
      <trkpt lat="43.024062" lon="-1.9087940000000001">
        <ele>656</ele>
      </trkpt>
      <trkpt lat="43.024265" lon="-1.90883">
        <ele>660</ele>
      </trkpt>
      <trkpt lat="43.024482" lon="-1.90883">
        <ele>662</ele>
      </trkpt>
      <trkpt lat="43.024745" lon="-1.908758">
        <ele>667</ele>
      </trkpt>
      <trkpt lat="43.025053" lon="-1.908633">
        <ele>672</ele>
      </trkpt>
      <trkpt lat="43.025427" lon="-1.9084350000000001">
        <ele>675</ele>
      </trkpt>
      <trkpt lat="43.025625" lon="-1.9083270000000001">
        <ele>676</ele>
      </trkpt>
      <trkpt lat="43.025796" lon="-1.908274">
        <ele>674</ele>
      </trkpt>
      <trkpt lat="43.025966" lon="-1.908247">
        <ele>671</ele>
      </trkpt>
      <trkpt lat="43.02615" lon="-1.9081840000000001">
        <ele>669</ele>
      </trkpt>
      <trkpt lat="43.026327" lon="-1.9081109999999999">
        <ele>668</ele>
      </trkpt>
      <trkpt lat="43.026465" lon="-1.908004">
        <ele>668</ele>
      </trkpt>
      <trkpt lat="43.026656" lon="-1.9077789999999999">
        <ele>672</ele>
      </trkpt>
      <trkpt lat="43.026781" lon="-1.9076090000000001">
        <ele>676</ele>
      </trkpt>
      <trkpt lat="43.02707" lon="-1.907132">
        <ele>687</ele>
      </trkpt>
      <trkpt lat="43.027299" lon="-1.9068000000000001">
        <ele>687</ele>
      </trkpt>
      <trkpt lat="43.027451" lon="-1.9066559999999999">
        <ele>684</ele>
      </trkpt>
      <trkpt lat="43.027674" lon="-1.9064859999999999">
        <ele>681</ele>
      </trkpt>
      <trkpt lat="43.027877" lon="-1.9063870000000001">
        <ele>680</ele>
      </trkpt>
      <trkpt lat="43.028219" lon="-1.9063239999999999">
        <ele>677</ele>
      </trkpt>
      <trkpt lat="43.028474" lon="-1.906261">
        <ele>677</ele>
      </trkpt>
      <trkpt lat="43.028737" lon="-1.9063870000000001">
        <ele>668</ele>
      </trkpt>
      <trkpt lat="43.029105" lon="-1.906423">
        <ele>666</ele>
      </trkpt>
      <trkpt lat="43.029282" lon="-1.9063870000000001">
        <ele>667</ele>
      </trkpt>
      <trkpt lat="43.029459" lon="-1.9063060000000001">
        <ele>668</ele>
      </trkpt>
      <trkpt lat="43.029769" lon="-1.9060900000000001">
        <ele>668</ele>
      </trkpt>
      <trkpt lat="43.030688" lon="-1.905389">
        <ele>676</ele>
      </trkpt>
      <trkpt lat="43.030846" lon="-1.9053089999999999">
        <ele>674</ele>
      </trkpt>
      <trkpt lat="43.030944" lon="-1.9052819999999999">
        <ele>672</ele>
      </trkpt>
      <trkpt lat="43.031042" lon="-1.9052910000000001">
        <ele>669</ele>
      </trkpt>
      <trkpt lat="43.031128" lon="-1.905335">
        <ele>666</ele>
      </trkpt>
      <trkpt lat="43.031161" lon="-1.9052640000000001">
        <ele>667</ele>
      </trkpt>
      <trkpt lat="43.031259" lon="-1.9050579999999999">
        <ele>672</ele>
      </trkpt>
      <trkpt lat="43.031318" lon="-1.9050480000000001">
        <ele>671</ele>
      </trkpt>
      <trkpt lat="43.031436" lon="-1.9050750000000001">
        <ele>666</ele>
      </trkpt>
      <trkpt lat="43.041226" lon="-1.905597">
        <ele>767</ele>
      </trkpt>
      <trkpt lat="43.055347" lon="-1.9063509999999999">
        <ele>644</ele>
      </trkpt>
      <trkpt lat="43.055465" lon="-1.9063410000000001">
        <ele>640</ele>
      </trkpt>
      <trkpt lat="43.055504" lon="-1.9063410000000001">
        <ele>638</ele>
      </trkpt>
      <trkpt lat="43.055997" lon="-1.9062429999999999">
        <ele>621</ele>
      </trkpt>
      <trkpt lat="43.056206" lon="-1.9061630000000001">
        <ele>622</ele>
      </trkpt>
      <trkpt lat="43.056384" lon="-1.906037">
        <ele>628</ele>
      </trkpt>
      <trkpt lat="43.056476" lon="-1.9059470000000001">
        <ele>633</ele>
      </trkpt>
      <trkpt lat="43.056522" lon="-1.9058930000000001">
        <ele>636</ele>
      </trkpt>
      <trkpt lat="43.056607" lon="-1.9057850000000001">
        <ele>641</ele>
      </trkpt>
      <trkpt lat="43.056686" lon="-1.905632">
        <ele>645</ele>
      </trkpt>
      <trkpt lat="43.056764" lon="-1.9054880000000001">
        <ele>647</ele>
      </trkpt>
      <trkpt lat="43.05687" lon="-1.9052910000000001">
        <ele>649</ele>
      </trkpt>
      <trkpt lat="43.056962" lon="-1.9051290000000001">
        <ele>647</ele>
      </trkpt>
      <trkpt lat="43.057027" lon="-1.9049579999999999">
        <ele>646</ele>
      </trkpt>
      <trkpt lat="43.05708" lon="-1.9046080000000001">
        <ele>644</ele>
      </trkpt>
      <trkpt lat="43.057086" lon="-1.904285">
        <ele>641</ele>
      </trkpt>
      <trkpt lat="43.057021" lon="-1.9038360000000001">
        <ele>636</ele>
      </trkpt>
      <trkpt lat="43.056896" lon="-1.9033949999999999">
        <ele>630</ele>
      </trkpt>
      <trkpt lat="43.056614" lon="-1.902911">
        <ele>628</ele>
      </trkpt>
      <trkpt lat="43.056168" lon="-1.9022190000000001">
        <ele>628</ele>
      </trkpt>
      <trkpt lat="43.055944" lon="-1.901842">
        <ele>630</ele>
      </trkpt>
      <trkpt lat="43.055695" lon="-1.901437">
        <ele>633</ele>
      </trkpt>
      <trkpt lat="43.055485" lon="-1.9011309999999999">
        <ele>637</ele>
      </trkpt>
      <trkpt lat="43.055274" lon="-1.9007639999999999">
        <ele>634</ele>
      </trkpt>
      <trkpt lat="43.054874" lon="-1.9000269999999999">
        <ele>630</ele>
      </trkpt>
      <trkpt lat="43.054743" lon="-1.899775">
        <ele>632</ele>
      </trkpt>
      <trkpt lat="43.054605" lon="-1.8996219999999999">
        <ele>636</ele>
      </trkpt>
      <trkpt lat="43.054467" lon="-1.899362">
        <ele>642</ele>
      </trkpt>
      <trkpt lat="43.054382" lon="-1.8990469999999999">
        <ele>649</ele>
      </trkpt>
      <trkpt lat="43.054362" lon="-1.8986339999999999">
        <ele>649</ele>
      </trkpt>
      <trkpt lat="43.054368" lon="-1.89815">
        <ele>646</ele>
      </trkpt>
      <trkpt lat="43.054461" lon="-1.8977349999999999">
        <ele>641</ele>
      </trkpt>
      <trkpt lat="43.054553" lon="-1.897521">
        <ele>636</ele>
      </trkpt>
      <trkpt lat="43.054592" lon="-1.897448">
        <ele>634</ele>
      </trkpt>
      <trkpt lat="43.054743" lon="-1.8972690000000001">
        <ele>628</ele>
      </trkpt>
      <trkpt lat="43.054835" lon="-1.8971690000000001">
        <ele>623</ele>
      </trkpt>
      <trkpt lat="43.054953" lon="-1.897108">
        <ele>619</ele>
      </trkpt>
      <trkpt lat="43.055091" lon="-1.8970450000000001">
        <ele>616</ele>
      </trkpt>
      <trkpt lat="43.055203" lon="-1.8970260000000001">
        <ele>614</ele>
      </trkpt>
      <trkpt lat="43.055301" lon="-1.8970180000000001">
        <ele>612</ele>
      </trkpt>
      <trkpt lat="43.055406" lon="-1.897008">
        <ele>611</ele>
      </trkpt>
      <trkpt lat="43.055531" lon="-1.8969990000000001">
        <ele>610</ele>
      </trkpt>
      <trkpt lat="43.055702" lon="-1.897035">
        <ele>606</ele>
      </trkpt>
      <trkpt lat="43.055892" lon="-1.897116">
        <ele>600</ele>
      </trkpt>
      <trkpt lat="43.056023" lon="-1.897224">
        <ele>597</ele>
      </trkpt>
      <trkpt lat="43.056161" lon="-1.8973850000000001">
        <ele>595</ele>
      </trkpt>
      <trkpt lat="43.056187" lon="-1.897421">
        <ele>595</ele>
      </trkpt>
      <trkpt lat="43.056272" lon="-1.897637">
        <ele>596</ele>
      </trkpt>
      <trkpt lat="43.05639" lon="-1.8979509999999999">
        <ele>598</ele>
      </trkpt>
      <trkpt lat="43.056443" lon="-1.8981939999999999">
        <ele>600</ele>
      </trkpt>
      <trkpt lat="43.056443" lon="-1.8984270000000001">
        <ele>600</ele>
      </trkpt>
      <trkpt lat="43.056476" lon="-1.899003">
        <ele>598</ele>
      </trkpt>
      <trkpt lat="43.056495" lon="-1.899335">
        <ele>597</ele>
      </trkpt>
      <trkpt lat="43.056561" lon="-1.8999010000000001">
        <ele>597</ele>
      </trkpt>
      <trkpt lat="43.056646" lon="-1.900269">
        <ele>593</ele>
      </trkpt>
      <trkpt lat="43.056758" lon="-1.9004749999999999">
        <ele>592</ele>
      </trkpt>
      <trkpt lat="43.05685" lon="-1.9006110000000001">
        <ele>591</ele>
      </trkpt>
      <trkpt lat="43.056975" lon="-1.9007639999999999">
        <ele>592</ele>
      </trkpt>
      <trkpt lat="43.057119" lon="-1.900898">
        <ele>594</ele>
      </trkpt>
      <trkpt lat="43.058215" lon="-1.901886">
        <ele>594</ele>
      </trkpt>
      <trkpt lat="43.058406" lon="-1.902048">
        <ele>594</ele>
      </trkpt>
      <trkpt lat="43.058583" lon="-1.9022190000000001">
        <ele>595</ele>
      </trkpt>
      <trkpt lat="43.0588" lon="-1.9024350000000001">
        <ele>598</ele>
      </trkpt>
      <trkpt lat="43.059193" lon="-1.9027849999999999">
        <ele>600</ele>
      </trkpt>
      <trkpt lat="43.05939" lon="-1.9029640000000001">
        <ele>598</ele>
      </trkpt>
      <trkpt lat="43.059515" lon="-1.903125">
        <ele>594</ele>
      </trkpt>
      <trkpt lat="43.059614" lon="-1.903324">
        <ele>589</ele>
      </trkpt>
      <trkpt lat="43.059718" lon="-1.9035839999999999">
        <ele>586</ele>
      </trkpt>
      <trkpt lat="43.059751" lon="-1.9038440000000001">
        <ele>584</ele>
      </trkpt>
      <trkpt lat="43.059817" lon="-1.904393">
        <ele>584</ele>
      </trkpt>
      <trkpt lat="43.059817" lon="-1.904563">
        <ele>583</ele>
      </trkpt>
      <trkpt lat="43.059797" lon="-1.9047160000000001">
        <ele>581</ele>
      </trkpt>
      <trkpt lat="43.059699" lon="-1.904995">
        <ele>575</ele>
      </trkpt>
      <trkpt lat="43.059607" lon="-1.9052450000000001">
        <ele>569</ele>
      </trkpt>
      <trkpt lat="43.059469" lon="-1.9055070000000001">
        <ele>568</ele>
      </trkpt>
      <trkpt lat="43.059325" lon="-1.905775">
        <ele>569</ele>
      </trkpt>
      <trkpt lat="43.059154" lon="-1.9060729999999999">
        <ele>571</ele>
      </trkpt>
      <trkpt lat="43.058911" lon="-1.907222">
        <ele>575</ele>
      </trkpt>
      <trkpt lat="43.058918" lon="-1.9072849999999999">
        <ele>575</ele>
      </trkpt>
      <trkpt lat="43.058977" lon="-1.907635">
        <ele>576</ele>
      </trkpt>
      <trkpt lat="43.059062" lon="-1.907869">
        <ele>577</ele>
      </trkpt>
      <trkpt lat="43.059121" lon="-1.907985">
        <ele>577</ele>
      </trkpt>
      <trkpt lat="43.059245" lon="-1.908148">
        <ele>577</ele>
      </trkpt>
      <trkpt lat="43.059377" lon="-1.908282">
        <ele>578</ele>
      </trkpt>
      <trkpt lat="43.059482" lon="-1.908372">
        <ele>579</ele>
      </trkpt>
      <trkpt lat="43.059614" lon="-1.908453">
        <ele>580</ele>
      </trkpt>
      <trkpt lat="43.059718" lon="-1.908498">
        <ele>580</ele>
      </trkpt>
      <trkpt lat="43.059974" lon="-1.908534">
        <ele>581</ele>
      </trkpt>
      <trkpt lat="43.060749" lon="-1.908507">
        <ele>588</ele>
      </trkpt>
      <trkpt lat="43.061359" lon="-1.908444">
        <ele>588</ele>
      </trkpt>
      <trkpt lat="43.061517" lon="-1.908425">
        <ele>588</ele>
      </trkpt>
      <trkpt lat="43.062245" lon="-1.9083810000000001">
        <ele>582</ele>
      </trkpt>
      <trkpt lat="43.06258" lon="-1.9083639999999999">
        <ele>585</ele>
      </trkpt>
      <trkpt lat="43.062652" lon="-1.9083639999999999">
        <ele>587</ele>
      </trkpt>
      <trkpt lat="43.06342" lon="-1.90839">
        <ele>591</ele>
      </trkpt>
      <trkpt lat="43.063505" lon="-1.9084350000000001">
        <ele>589</ele>
      </trkpt>
      <trkpt lat="43.063669" lon="-1.908534">
        <ele>584</ele>
      </trkpt>
      <trkpt lat="43.063847" lon="-1.90866">
        <ele>579</ele>
      </trkpt>
      <trkpt lat="43.063919" lon="-1.908704">
        <ele>576</ele>
      </trkpt>
      <trkpt lat="43.063965" lon="-1.9087229999999999">
        <ele>575</ele>
      </trkpt>
      <trkpt lat="43.064306" lon="-1.9091629999999999">
        <ele>571</ele>
      </trkpt>
      <trkpt lat="43.064438" lon="-1.9093869999999999">
        <ele>574</ele>
      </trkpt>
      <trkpt lat="43.064877" lon="-1.9102950000000001">
        <ele>571</ele>
      </trkpt>
      <trkpt lat="43.065113" lon="-1.910771">
        <ele>566</ele>
      </trkpt>
      <trkpt lat="43.065382" lon="-1.9112279999999999">
        <ele>567</ele>
      </trkpt>
      <trkpt lat="43.065507" lon="-1.911427">
        <ele>568</ele>
      </trkpt>
      <trkpt lat="43.065632" lon="-1.91157">
        <ele>569</ele>
      </trkpt>
      <trkpt lat="43.065776" lon="-1.9116869999999999">
        <ele>569</ele>
      </trkpt>
      <trkpt lat="43.065921" lon="-1.911786">
        <ele>568</ele>
      </trkpt>
      <trkpt lat="43.066065" lon="-1.91184">
        <ele>569</ele>
      </trkpt>
      <trkpt lat="43.066216" lon="-1.911867">
        <ele>570</ele>
      </trkpt>
      <trkpt lat="43.066347" lon="-1.911867">
        <ele>572</ele>
      </trkpt>
      <trkpt lat="43.066885" lon="-1.9118029999999999">
        <ele>580</ele>
      </trkpt>
      <trkpt lat="43.067036" lon="-1.911786">
        <ele>583</ele>
      </trkpt>
      <trkpt lat="43.067233" lon="-1.911767">
        <ele>585</ele>
      </trkpt>
      <trkpt lat="43.06766" lon="-1.9117040000000001">
        <ele>585</ele>
      </trkpt>
      <trkpt lat="43.067712" lon="-1.9117139999999999">
        <ele>584</ele>
      </trkpt>
      <trkpt lat="43.067863" lon="-1.91174">
        <ele>582</ele>
      </trkpt>
      <trkpt lat="43.068079" lon="-1.91184">
        <ele>577</ele>
      </trkpt>
      <trkpt lat="43.068224" lon="-1.911956">
        <ele>573</ele>
      </trkpt>
      <trkpt lat="43.068427" lon="-1.9121360000000001">
        <ele>567</ele>
      </trkpt>
      <trkpt lat="43.068703" lon="-1.912415">
        <ele>563</ele>
      </trkpt>
      <trkpt lat="43.0689" lon="-1.912622">
        <ele>566</ele>
      </trkpt>
      <trkpt lat="43.069156" lon="-1.912846">
        <ele>572</ele>
      </trkpt>
      <trkpt lat="43.069602" lon="-1.913249">
        <ele>568</ele>
      </trkpt>
      <trkpt lat="43.0702" lon="-1.913815">
        <ele>565</ele>
      </trkpt>
      <trkpt lat="43.070403" lon="-1.9139679999999999">
        <ele>563</ele>
      </trkpt>
      <trkpt lat="43.070573" lon="-1.914085">
        <ele>563</ele>
      </trkpt>
      <trkpt lat="43.071643" lon="-1.914283">
        <ele>578</ele>
      </trkpt>
      <trkpt lat="43.071945" lon="-1.9144000000000001">
        <ele>568</ele>
      </trkpt>
      <trkpt lat="43.072056" lon="-1.91448">
        <ele>563</ele>
      </trkpt>
      <trkpt lat="43.072247" lon="-1.914687">
        <ele>557</ele>
      </trkpt>
      <trkpt lat="43.072371" lon="-1.914876">
        <ele>552</ele>
      </trkpt>
      <trkpt lat="43.072522" lon="-1.915109">
        <ele>550</ele>
      </trkpt>
      <trkpt lat="43.07287" lon="-1.9157379999999999">
        <ele>545</ele>
      </trkpt>
      <trkpt lat="43.0731" lon="-1.916107">
        <ele>542</ele>
      </trkpt>
      <trkpt lat="43.073454" lon="-1.916717">
        <ele>533</ele>
      </trkpt>
      <trkpt lat="43.073585" lon="-1.9168879999999999">
        <ele>531</ele>
      </trkpt>
      <trkpt lat="43.073789" lon="-1.9170940000000001">
        <ele>533</ele>
      </trkpt>
      <trkpt lat="43.073874" lon="-1.9171670000000001">
        <ele>535</ele>
      </trkpt>
      <trkpt lat="43.074018" lon="-1.9172469999999999">
        <ele>539</ele>
      </trkpt>
      <trkpt lat="43.074228" lon="-1.9173009999999999">
        <ele>545</ele>
      </trkpt>
      <trkpt lat="43.074465" lon="-1.9173100000000001">
        <ele>551</ele>
      </trkpt>
      <trkpt lat="43.074767" lon="-1.9172199999999999">
        <ele>558</ele>
      </trkpt>
      <trkpt lat="43.075029" lon="-1.9170769999999999">
        <ele>562</ele>
      </trkpt>
      <trkpt lat="43.07514" lon="-1.9169769999999999">
        <ele>565</ele>
      </trkpt>
      <trkpt lat="43.075318" lon="-1.916798">
        <ele>572</ele>
      </trkpt>
      <trkpt lat="43.075363" lon="-1.9167080000000001">
        <ele>575</ele>
      </trkpt>
      <trkpt lat="43.075502" lon="-1.9164570000000001">
        <ele>578</ele>
      </trkpt>
      <trkpt lat="43.075632" lon="-1.9160250000000001">
        <ele>580</ele>
      </trkpt>
      <trkpt lat="43.075771" lon="-1.9154329999999999">
        <ele>577</ele>
      </trkpt>
      <trkpt lat="43.075875" lon="-1.9150100000000001">
        <ele>576</ele>
      </trkpt>
      <trkpt lat="43.075941" lon="-1.91475">
        <ele>576</ele>
      </trkpt>
      <trkpt lat="43.076" lon="-1.9144000000000001">
        <ele>579</ele>
      </trkpt>
      <trkpt lat="43.076066" lon="-1.914085">
        <ele>577</ele>
      </trkpt>
      <trkpt lat="43.07619" lon="-1.913618">
        <ele>572</ele>
      </trkpt>
      <trkpt lat="43.076308" lon="-1.913079">
        <ele>574</ele>
      </trkpt>
      <trkpt lat="43.076446" lon="-1.9124319999999999">
        <ele>574</ele>
      </trkpt>
      <trkpt lat="43.076571" lon="-1.9119200000000001">
        <ele>567</ele>
      </trkpt>
      <trkpt lat="43.07663" lon="-1.911651">
        <ele>563</ele>
      </trkpt>
      <trkpt lat="43.076676" lon="-1.9114">
        <ele>562</ele>
      </trkpt>
      <trkpt lat="43.076774" lon="-1.9109050000000001">
        <ele>563</ele>
      </trkpt>
      <trkpt lat="43.076873" lon="-1.910725">
        <ele>562</ele>
      </trkpt>
      <trkpt lat="43.077069" lon="-1.9103030000000001">
        <ele>566</ele>
      </trkpt>
      <trkpt lat="43.077299" lon="-1.9099170000000001">
        <ele>570</ele>
      </trkpt>
      <trkpt lat="43.077792" lon="-1.909343">
        <ele>554</ele>
      </trkpt>
      <trkpt lat="43.082259" lon="-1.9040159999999999">
        <ele>560</ele>
      </trkpt>
      <trkpt lat="43.08264" lon="-1.9035930000000001">
        <ele>544</ele>
      </trkpt>
      <trkpt lat="43.083244" lon="-1.9027940000000001">
        <ele>547</ele>
      </trkpt>
      <trkpt lat="43.08331" lon="-1.902739">
        <ele>548</ele>
      </trkpt>
      <trkpt lat="43.083493" lon="-1.9026320000000001">
        <ele>548</ele>
      </trkpt>
      <trkpt lat="43.084261" lon="-1.902299">
        <ele>545</ele>
      </trkpt>
      <trkpt lat="43.084648" lon="-1.9021110000000001">
        <ele>534</ele>
      </trkpt>
      <trkpt lat="43.0847" lon="-1.9021189999999999">
        <ele>532</ele>
      </trkpt>
      <trkpt lat="43.084779" lon="-1.902129">
        <ele>529</ele>
      </trkpt>
      <trkpt lat="43.085042" lon="-1.9021650000000001">
        <ele>520</ele>
      </trkpt>
      <trkpt lat="43.08531" lon="-1.902201">
        <ele>511</ele>
      </trkpt>
      <trkpt lat="43.085501" lon="-1.902228">
        <ele>507</ele>
      </trkpt>
      <trkpt lat="43.085776" lon="-1.902272">
        <ele>506</ele>
      </trkpt>
      <trkpt lat="43.085999" lon="-1.902318">
        <ele>509</ele>
      </trkpt>
      <trkpt lat="43.086222" lon="-1.9024080000000001">
        <ele>512</ele>
      </trkpt>
      <trkpt lat="43.086452" lon="-1.902569">
        <ele>514</ele>
      </trkpt>
      <trkpt lat="43.086616" lon="-1.902695">
        <ele>516</ele>
      </trkpt>
      <trkpt lat="43.08718" lon="-1.9049849999999999">
        <ele>520</ele>
      </trkpt>
      <trkpt lat="43.08718" lon="-1.9050659999999999">
        <ele>518</ele>
      </trkpt>
      <trkpt lat="43.087161" lon="-1.9051739999999999">
        <ele>515</ele>
      </trkpt>
      <trkpt lat="43.087128" lon="-1.9052549999999999">
        <ele>514</ele>
      </trkpt>
      <trkpt lat="43.087115" lon="-1.905335">
        <ele>512</ele>
      </trkpt>
      <trkpt lat="43.087095" lon="-1.905435">
        <ele>511</ele>
      </trkpt>
      <trkpt lat="43.087082" lon="-1.905524">
        <ele>509</ele>
      </trkpt>
      <trkpt lat="43.087069" lon="-1.905578">
        <ele>509</ele>
      </trkpt>
      <trkpt lat="43.087042" lon="-1.9056500000000001">
        <ele>508</ele>
      </trkpt>
      <trkpt lat="43.086977" lon="-1.9057219999999999">
        <ele>506</ele>
      </trkpt>
      <trkpt lat="43.086931" lon="-1.905775">
        <ele>504</ele>
      </trkpt>
      <trkpt lat="43.086826" lon="-1.905983">
        <ele>499</ele>
      </trkpt>
      <trkpt lat="43.08678" lon="-1.9060729999999999">
        <ele>496</ele>
      </trkpt>
      <trkpt lat="43.086747" lon="-1.9061710000000001">
        <ele>494</ele>
      </trkpt>
      <trkpt lat="43.086721" lon="-1.906288">
        <ele>493</ele>
      </trkpt>
      <trkpt lat="43.086694" lon="-1.906593">
        <ele>491</ele>
      </trkpt>
      <trkpt lat="43.086675" lon="-1.906863">
        <ele>489</ele>
      </trkpt>
      <trkpt lat="43.086675" lon="-1.907033">
        <ele>489</ele>
      </trkpt>
      <trkpt lat="43.086682" lon="-1.907195">
        <ele>490</ele>
      </trkpt>
      <trkpt lat="43.086694" lon="-1.907295">
        <ele>491</ele>
      </trkpt>
      <trkpt lat="43.086688" lon="-1.9073929999999999">
        <ele>491</ele>
      </trkpt>
      <trkpt lat="43.086675" lon="-1.9075089999999999">
        <ele>491</ele>
      </trkpt>
      <trkpt lat="43.086642" lon="-1.907645">
        <ele>491</ele>
      </trkpt>
      <trkpt lat="43.086635" lon="-1.907689">
        <ele>491</ele>
      </trkpt>
      <trkpt lat="43.086616" lon="-1.907788">
        <ele>491</ele>
      </trkpt>
      <trkpt lat="43.08659" lon="-1.907878">
        <ele>491</ele>
      </trkpt>
      <trkpt lat="43.086505" lon="-1.9082110000000001">
        <ele>492</ele>
      </trkpt>
      <trkpt lat="43.086485" lon="-1.908301">
        <ele>492</ele>
      </trkpt>
      <trkpt lat="43.086334" lon="-1.908731">
        <ele>490</ele>
      </trkpt>
      <trkpt lat="43.086275" lon="-1.908884">
        <ele>489</ele>
      </trkpt>
      <trkpt lat="43.086177" lon="-1.909171">
        <ele>490</ele>
      </trkpt>
      <trkpt lat="43.085711" lon="-1.9105190000000001">
        <ele>510</ele>
      </trkpt>
      <trkpt lat="43.08556" lon="-1.9109320000000001">
        <ele>508</ele>
      </trkpt>
      <trkpt lat="43.085448" lon="-1.9112469999999999">
        <ele>503</ele>
      </trkpt>
      <trkpt lat="43.085357" lon="-1.9115249999999999">
        <ele>498</ele>
      </trkpt>
      <trkpt lat="43.085265" lon="-1.911867">
        <ele>493</ele>
      </trkpt>
      <trkpt lat="43.085232" lon="-1.9121189999999999">
        <ele>492</ele>
      </trkpt>
      <trkpt lat="43.085238" lon="-1.9121539999999999">
        <ele>492</ele>
      </trkpt>
      <trkpt lat="43.085232" lon="-1.9122619999999999">
        <ele>492</ele>
      </trkpt>
      <trkpt lat="43.085225" lon="-1.912369">
        <ele>493</ele>
      </trkpt>
      <trkpt lat="43.085251" lon="-1.9126559999999999">
        <ele>495</ele>
      </trkpt>
      <trkpt lat="43.085271" lon="-1.912801">
        <ele>496</ele>
      </trkpt>
      <trkpt lat="43.085291" lon="-1.9129350000000001">
        <ele>496</ele>
      </trkpt>
      <trkpt lat="43.08533" lon="-1.913071">
        <ele>497</ele>
      </trkpt>
      <trkpt lat="43.085416" lon="-1.9133119999999999">
        <ele>497</ele>
      </trkpt>
      <trkpt lat="43.085546" lon="-1.913637">
        <ele>494</ele>
      </trkpt>
      <trkpt lat="43.085626" lon="-1.913843">
        <ele>493</ele>
      </trkpt>
      <trkpt lat="43.086236" lon="-1.9153519999999999">
        <ele>487</ele>
      </trkpt>
      <trkpt lat="43.086393" lon="-1.915721">
        <ele>487</ele>
      </trkpt>
      <trkpt lat="43.08642" lon="-1.9157919999999999">
        <ele>487</ele>
      </trkpt>
      <trkpt lat="43.087102" lon="-1.917427">
        <ele>493</ele>
      </trkpt>
      <trkpt lat="43.087266" lon="-1.917832">
        <ele>490</ele>
      </trkpt>
      <trkpt lat="43.087672" lon="-1.918954">
        <ele>486</ele>
      </trkpt>
      <trkpt lat="43.087777" lon="-1.919233">
        <ele>485</ele>
      </trkpt>
      <trkpt lat="43.087928" lon="-1.91961">
        <ele>484</ele>
      </trkpt>
      <trkpt lat="43.088092" lon="-1.9199870000000001">
        <ele>484</ele>
      </trkpt>
      <trkpt lat="43.088184" lon="-1.920212">
        <ele>485</ele>
      </trkpt>
      <trkpt lat="43.08827" lon="-1.9204190000000001">
        <ele>486</ele>
      </trkpt>
      <trkpt lat="43.088348" lon="-1.920625">
        <ele>488</ele>
      </trkpt>
      <trkpt lat="43.088394" lon="-1.920725">
        <ele>490</ele>
      </trkpt>
      <trkpt lat="43.089043" lon="-1.9224399999999999">
        <ele>501</ele>
      </trkpt>
      <trkpt lat="43.089496" lon="-1.9235089999999999">
        <ele>488</ele>
      </trkpt>
      <trkpt lat="43.089581" lon="-1.9236789999999999">
        <ele>485</ele>
      </trkpt>
      <trkpt lat="43.089765" lon="-1.9241820000000001">
        <ele>480</ele>
      </trkpt>
      <trkpt lat="43.089844" lon="-1.9243440000000001">
        <ele>480</ele>
      </trkpt>
      <trkpt lat="43.090021" lon="-1.924641">
        <ele>483</ele>
      </trkpt>
      <trkpt lat="43.090427" lon="-1.925216">
        <ele>483</ele>
      </trkpt>
      <trkpt lat="43.090874" lon="-1.925826">
        <ele>476</ele>
      </trkpt>
      <trkpt lat="43.091025" lon="-1.9261680000000001">
        <ele>475</ele>
      </trkpt>
      <trkpt lat="43.091169" lon="-1.926625">
        <ele>471</ele>
      </trkpt>
      <trkpt lat="43.091235" lon="-1.927128">
        <ele>469</ele>
      </trkpt>
      <trkpt lat="43.091248" lon="-1.9276040000000001">
        <ele>466</ele>
      </trkpt>
      <trkpt lat="43.091248" lon="-1.928126">
        <ele>461</ele>
      </trkpt>
      <trkpt lat="43.091241" lon="-1.9283859999999999">
        <ele>461</ele>
      </trkpt>
      <trkpt lat="43.091189" lon="-1.9288810000000001">
        <ele>460</ele>
      </trkpt>
      <trkpt lat="43.0909" lon="-1.9302539999999999">
        <ele>457</ele>
      </trkpt>
      <trkpt lat="43.090808" lon="-1.9307300000000001">
        <ele>458</ele>
      </trkpt>
      <trkpt lat="43.090769" lon="-1.931009">
        <ele>459</ele>
      </trkpt>
      <trkpt lat="43.090755" lon="-1.931225">
        <ele>459</ele>
      </trkpt>
      <trkpt lat="43.090755" lon="-1.9315310000000001">
        <ele>461</ele>
      </trkpt>
      <trkpt lat="43.090755" lon="-1.9318360000000001">
        <ele>461</ele>
      </trkpt>
      <trkpt lat="43.090749" lon="-1.932456">
        <ele>460</ele>
      </trkpt>
      <trkpt lat="43.090736" lon="-1.933076">
        <ele>459</ele>
      </trkpt>
      <trkpt lat="43.090684" lon="-1.9342159999999999">
        <ele>455</ele>
      </trkpt>
      <trkpt lat="43.090677" lon="-1.9346380000000001">
        <ele>457</ele>
      </trkpt>
      <trkpt lat="43.09071" lon="-1.9353750000000001">
        <ele>461</ele>
      </trkpt>
      <trkpt lat="43.090743" lon="-1.9356359999999999">
        <ele>460</ele>
      </trkpt>
      <trkpt lat="43.090775" lon="-1.9358329999999999">
        <ele>458</ele>
      </trkpt>
      <trkpt lat="43.090861" lon="-1.9361930000000001">
        <ele>455</ele>
      </trkpt>
      <trkpt lat="43.091031" lon="-1.936795">
        <ele>454</ele>
      </trkpt>
      <trkpt lat="43.091038" lon="-1.936822">
        <ele>454</ele>
      </trkpt>
      <trkpt lat="43.091189" lon="-1.937235">
        <ele>456</ele>
      </trkpt>
      <trkpt lat="43.09132" lon="-1.9376040000000001">
        <ele>455</ele>
      </trkpt>
      <trkpt lat="43.091693" lon="-1.938852">
        <ele>450</ele>
      </trkpt>
      <trkpt lat="43.091799" lon="-1.9392020000000001">
        <ele>453</ele>
      </trkpt>
      <trkpt lat="43.091864" lon="-1.9393910000000001">
        <ele>454</ele>
      </trkpt>
      <trkpt lat="43.092022" lon="-1.9396960000000001">
        <ele>457</ele>
      </trkpt>
      <trkpt lat="43.0921" lon="-1.939786">
        <ele>457</ele>
      </trkpt>
      <trkpt lat="43.092212" lon="-1.9399299999999999">
        <ele>458</ele>
      </trkpt>
      <trkpt lat="43.09231" lon="-1.9400550000000001">
        <ele>459</ele>
      </trkpt>
      <trkpt lat="43.092343" lon="-1.940091">
        <ele>459</ele>
      </trkpt>
      <trkpt lat="43.092514" lon="-1.9402079999999999">
        <ele>462</ele>
      </trkpt>
      <trkpt lat="43.092632" lon="-1.9402619999999999">
        <ele>465</ele>
      </trkpt>
      <trkpt lat="43.09277" lon="-1.940307">
        <ele>467</ele>
      </trkpt>
      <trkpt lat="43.093655" lon="-1.9403170000000001">
        <ele>465</ele>
      </trkpt>
      <trkpt lat="43.093721" lon="-1.9403250000000001">
        <ele>464</ele>
      </trkpt>
      <trkpt lat="43.094075" lon="-1.940307">
        <ele>461</ele>
      </trkpt>
      <trkpt lat="43.094239" lon="-1.9402980000000001">
        <ele>461</ele>
      </trkpt>
      <trkpt lat="43.09435" lon="-1.9403170000000001">
        <ele>461</ele>
      </trkpt>
      <trkpt lat="43.094889" lon="-1.940531">
        <ele>466</ele>
      </trkpt>
      <trkpt lat="43.095" lon="-1.9405939999999999">
        <ele>467</ele>
      </trkpt>
      <trkpt lat="43.09521" lon="-1.940793">
        <ele>466</ele>
      </trkpt>
      <trkpt lat="43.095394" lon="-1.94099">
        <ele>466</ele>
      </trkpt>
      <trkpt lat="43.09559" lon="-1.9412689999999999">
        <ele>461</ele>
      </trkpt>
      <trkpt lat="43.095676" lon="-1.9414750000000001">
        <ele>456</ele>
      </trkpt>
      <trkpt lat="43.095741" lon="-1.9416549999999999">
        <ele>453</ele>
      </trkpt>
      <trkpt lat="43.095794" lon="-1.9418249999999999">
        <ele>451</ele>
      </trkpt>
      <trkpt lat="43.095892" lon="-1.9423649999999999">
        <ele>449</ele>
      </trkpt>
      <trkpt lat="43.095957" lon="-1.942715">
        <ele>448</ele>
      </trkpt>
      <trkpt lat="43.095971" lon="-1.9427589999999999">
        <ele>448</ele>
      </trkpt>
      <trkpt lat="43.09603" lon="-1.9431179999999999">
        <ele>446</ele>
      </trkpt>
      <trkpt lat="43.096089" lon="-1.943451">
        <ele>446</ele>
      </trkpt>
      <trkpt lat="43.096167" lon="-1.9437469999999999">
        <ele>447</ele>
      </trkpt>
      <trkpt lat="43.09622" lon="-1.943927">
        <ele>447</ele>
      </trkpt>
      <trkpt lat="43.096351" lon="-1.9442330000000001">
        <ele>448</ele>
      </trkpt>
      <trkpt lat="43.096417" lon="-1.9443589999999999">
        <ele>448</ele>
      </trkpt>
      <trkpt lat="43.096469" lon="-1.9444570000000001">
        <ele>448</ele>
      </trkpt>
      <trkpt lat="43.096483" lon="-1.944485">
        <ele>448</ele>
      </trkpt>
      <trkpt lat="43.096515" lon="-1.944529">
        <ele>448</ele>
      </trkpt>
      <trkpt lat="43.096699" lon="-1.9447890000000001">
        <ele>446</ele>
      </trkpt>
      <trkpt lat="43.09681" lon="-1.9449149999999999">
        <ele>445</ele>
      </trkpt>
      <trkpt lat="43.097014" lon="-1.945122">
        <ele>445</ele>
      </trkpt>
      <trkpt lat="43.097309" lon="-1.9453279999999999">
        <ele>445</ele>
      </trkpt>
      <trkpt lat="43.097591" lon="-1.945454">
        <ele>446</ele>
      </trkpt>
      <trkpt lat="43.097853" lon="-1.945535">
        <ele>447</ele>
      </trkpt>
      <trkpt lat="43.098326" lon="-1.945581">
        <ele>450</ele>
      </trkpt>
      <trkpt lat="43.098529" lon="-1.945562">
        <ele>450</ele>
      </trkpt>
      <trkpt lat="43.099493" lon="-1.9453279999999999">
        <ele>450</ele>
      </trkpt>
      <trkpt lat="43.100215" lon="-1.945149">
        <ele>447</ele>
      </trkpt>
      <trkpt lat="43.101146" lon="-1.944925">
        <ele>444</ele>
      </trkpt>
      <trkpt lat="43.101395" lon="-1.944726">
        <ele>448</ele>
      </trkpt>
      <trkpt lat="43.101612" lon="-1.944529">
        <ele>451</ele>
      </trkpt>
      <trkpt lat="43.101809" lon="-1.9442330000000001">
        <ele>454</ele>
      </trkpt>
      <trkpt lat="43.101998" lon="-1.943946">
        <ele>456</ele>
      </trkpt>
      <trkpt lat="43.102497" lon="-1.942858">
        <ele>452</ele>
      </trkpt>
      <trkpt lat="43.102707" lon="-1.9423550000000001">
        <ele>456</ele>
      </trkpt>
      <trkpt lat="43.102963" lon="-1.941862">
        <ele>459</ele>
      </trkpt>
      <trkpt lat="43.103114" lon="-1.9414389999999999">
        <ele>461</ele>
      </trkpt>
      <trkpt lat="43.103297" lon="-1.9411069999999999">
        <ele>459</ele>
      </trkpt>
      <trkpt lat="43.103737" lon="-1.9401010000000001">
        <ele>465</ele>
      </trkpt>
      <trkpt lat="43.103946" lon="-1.939732">
        <ele>467</ele>
      </trkpt>
      <trkpt lat="43.10417" lon="-1.9394180000000001">
        <ele>465</ele>
      </trkpt>
      <trkpt lat="43.104419" lon="-1.93913">
        <ele>462</ele>
      </trkpt>
      <trkpt lat="43.104661" lon="-1.9388160000000001">
        <ele>463</ele>
      </trkpt>
      <trkpt lat="43.104747" lon="-1.938736">
        <ele>460</ele>
      </trkpt>
      <trkpt lat="43.105009" lon="-1.938367">
        <ele>453</ele>
      </trkpt>
      <trkpt lat="43.105167" lon="-1.938115">
        <ele>449</ele>
      </trkpt>
      <trkpt lat="43.105259" lon="-1.9379630000000001">
        <ele>448</ele>
      </trkpt>
      <trkpt lat="43.105547" lon="-1.937657">
        <ele>443</ele>
      </trkpt>
      <trkpt lat="43.105672" lon="-1.937549">
        <ele>441</ele>
      </trkpt>
      <trkpt lat="43.105809" lon="-1.937459">
        <ele>440</ele>
      </trkpt>
      <trkpt lat="43.106019" lon="-1.937405">
        <ele>438</ele>
      </trkpt>
      <trkpt lat="43.106301" lon="-1.937405">
        <ele>436</ele>
      </trkpt>
      <trkpt lat="43.106727" lon="-1.937478">
        <ele>436</ele>
      </trkpt>
      <trkpt lat="43.106833" lon="-1.9375309999999999">
        <ele>436</ele>
      </trkpt>
      <trkpt lat="43.106924" lon="-1.9376040000000001">
        <ele>434</ele>
      </trkpt>
      <trkpt lat="43.107029" lon="-1.93781">
        <ele>428</ele>
      </trkpt>
      <trkpt lat="43.107141" lon="-1.9379440000000001">
        <ele>425</ele>
      </trkpt>
      <trkpt lat="43.107384" lon="-1.93807">
        <ele>424</ele>
      </trkpt>
      <trkpt lat="43.107547" lon="-1.938178">
        <ele>424</ele>
      </trkpt>
      <trkpt lat="43.10779" lon="-1.938331">
        <ele>427</ele>
      </trkpt>
      <trkpt lat="43.10798" lon="-1.938501">
        <ele>428</ele>
      </trkpt>
      <trkpt lat="43.10821" lon="-1.9387989999999999">
        <ele>426</ele>
      </trkpt>
      <trkpt lat="43.108282" lon="-1.938833">
        <ele>425</ele>
      </trkpt>
      <trkpt lat="43.108354" lon="-1.938833">
        <ele>425</ele>
      </trkpt>
      <trkpt lat="43.108413" lon="-1.9387890000000001">
        <ele>426</ele>
      </trkpt>
      <trkpt lat="43.108459" lon="-1.938717">
        <ele>426</ele>
      </trkpt>
      <trkpt lat="43.108571" lon="-1.938034">
        <ele>429</ele>
      </trkpt>
      <trkpt lat="43.10863" lon="-1.937837">
        <ele>428</ele>
      </trkpt>
      <trkpt lat="43.108727" lon="-1.937657">
        <ele>424</ele>
      </trkpt>
      <trkpt lat="43.108734" lon="-1.9376389999999999">
        <ele>424</ele>
      </trkpt>
      <trkpt lat="43.108807" lon="-1.937541">
        <ele>421</ele>
      </trkpt>
      <trkpt lat="43.108885" lon="-1.9375039999999999">
        <ele>418</ele>
      </trkpt>
      <trkpt lat="43.10943" lon="-1.937478">
        <ele>414</ele>
      </trkpt>
      <trkpt lat="43.109515" lon="-1.937459">
        <ele>414</ele>
      </trkpt>
      <trkpt lat="43.10962" lon="-1.937441">
        <ele>415</ele>
      </trkpt>
      <trkpt lat="43.109993" lon="-1.9373880000000001">
        <ele>419</ele>
      </trkpt>
      <trkpt lat="43.110348" lon="-1.937378">
        <ele>420</ele>
      </trkpt>
      <trkpt lat="43.110538" lon="-1.937325">
        <ele>421</ele>
      </trkpt>
      <trkpt lat="43.110781" lon="-1.9371989999999999">
        <ele>422</ele>
      </trkpt>
      <trkpt lat="43.11097" lon="-1.937038">
        <ele>424</ele>
      </trkpt>
      <trkpt lat="43.111095" lon="-1.936893">
        <ele>425</ele>
      </trkpt>
      <trkpt lat="43.11118" lon="-1.9367490000000001">
        <ele>428</ele>
      </trkpt>
      <trkpt lat="43.111496" lon="-1.936059">
        <ele>434</ele>
      </trkpt>
      <trkpt lat="43.111574" lon="-1.9358960000000001">
        <ele>436</ele>
      </trkpt>
      <trkpt lat="43.111679" lon="-1.935789">
        <ele>436</ele>
      </trkpt>
      <trkpt lat="43.111856" lon="-1.9357169999999999">
        <ele>433</ele>
      </trkpt>
      <trkpt lat="43.112059" lon="-1.9357070000000001">
        <ele>428</ele>
      </trkpt>
      <trkpt lat="43.11219" lon="-1.9357070000000001">
        <ele>428</ele>
      </trkpt>
      <trkpt lat="43.112348" lon="-1.9357530000000001">
        <ele>426</ele>
      </trkpt>
      <trkpt lat="43.112479" lon="-1.9358329999999999">
        <ele>425</ele>
      </trkpt>
      <trkpt lat="43.112636" lon="-1.9360219999999999">
        <ele>420</ele>
      </trkpt>
      <trkpt lat="43.112846" lon="-1.9363269999999999">
        <ele>412</ele>
      </trkpt>
      <trkpt lat="43.113023" lon="-1.936588">
        <ele>412</ele>
      </trkpt>
      <trkpt lat="43.113207" lon="-1.936795">
        <ele>413</ele>
      </trkpt>
      <trkpt lat="43.113377" lon="-1.936885">
        <ele>413</ele>
      </trkpt>
      <trkpt lat="43.113509" lon="-1.9369209999999999">
        <ele>413</ele>
      </trkpt>
      <trkpt lat="43.113587" lon="-1.936938">
        <ele>413</ele>
      </trkpt>
      <trkpt lat="43.113673" lon="-1.936912">
        <ele>414</ele>
      </trkpt>
      <trkpt lat="43.114204" lon="-1.936445">
        <ele>422</ele>
      </trkpt>
      <trkpt lat="43.114256" lon="-1.9363630000000001">
        <ele>421</ele>
      </trkpt>
      <trkpt lat="43.114506" lon="-1.936059">
        <ele>412</ele>
      </trkpt>
      <trkpt lat="43.114827" lon="-1.9356629999999999">
        <ele>401</ele>
      </trkpt>
      <trkpt lat="43.114893" lon="-1.9356089999999999">
        <ele>400</ele>
      </trkpt>
      <trkpt lat="43.114945" lon="-1.9355640000000001">
        <ele>399</ele>
      </trkpt>
      <trkpt lat="43.115266" lon="-1.935403">
        <ele>399</ele>
      </trkpt>
      <trkpt lat="43.115495" lon="-1.93543">
        <ele>399</ele>
      </trkpt>
      <trkpt lat="43.11579" lon="-1.935573">
        <ele>399</ele>
      </trkpt>
      <trkpt lat="43.116236" lon="-1.9358960000000001">
        <ele>402</ele>
      </trkpt>
      <trkpt lat="43.11644" lon="-1.936094">
        <ele>404</ele>
      </trkpt>
      <trkpt lat="43.116656" lon="-1.936382">
        <ele>404</ele>
      </trkpt>
      <trkpt lat="43.116755" lon="-1.9365349999999999">
        <ele>403</ele>
      </trkpt>
      <trkpt lat="43.117003" lon="-1.937001">
        <ele>399</ele>
      </trkpt>
      <trkpt lat="43.117142" lon="-1.937217">
        <ele>399</ele>
      </trkpt>
      <trkpt lat="43.117168" lon="-1.937262">
        <ele>398</ele>
      </trkpt>
      <trkpt lat="43.117351" lon="-1.9375039999999999">
        <ele>399</ele>
      </trkpt>
      <trkpt lat="43.117541" lon="-1.937702">
        <ele>400</ele>
      </trkpt>
      <trkpt lat="43.11762" lon="-1.937757">
        <ele>400</ele>
      </trkpt>
      <trkpt lat="43.117771" lon="-1.9378280000000001">
        <ele>400</ele>
      </trkpt>
      <trkpt lat="43.117883" lon="-1.937818">
        <ele>402</ele>
      </trkpt>
      <trkpt lat="43.118007" lon="-1.937818">
        <ele>404</ele>
      </trkpt>
      <trkpt lat="43.118178" lon="-1.937783">
        <ele>406</ele>
      </trkpt>
      <trkpt lat="43.118544" lon="-1.937667">
        <ele>407</ele>
      </trkpt>
      <trkpt lat="43.118768" lon="-1.937549">
        <ele>406</ele>
      </trkpt>
      <trkpt lat="43.118984" lon="-1.937405">
        <ele>411</ele>
      </trkpt>
      <trkpt lat="43.119148" lon="-1.9372799999999999">
        <ele>414</ele>
      </trkpt>
      <trkpt lat="43.119338" lon="-1.937136">
        <ele>417</ele>
      </trkpt>
      <trkpt lat="43.119476" lon="-1.937019">
        <ele>419</ele>
      </trkpt>
      <trkpt lat="43.119672" lon="-1.936893">
        <ele>417</ele>
      </trkpt>
      <trkpt lat="43.119817" lon="-1.936795">
        <ele>415</ele>
      </trkpt>
      <trkpt lat="43.12223" lon="-1.93577">
        <ele>401</ele>
      </trkpt>
      <trkpt lat="43.123849" lon="-1.9351510000000001">
        <ele>418</ele>
      </trkpt>
      <trkpt lat="43.124078" lon="-1.9350700000000001">
        <ele>416</ele>
      </trkpt>
      <trkpt lat="43.124328" lon="-1.9350339999999999">
        <ele>414</ele>
      </trkpt>
      <trkpt lat="43.125128" lon="-1.9350879999999999">
        <ele>402</ele>
      </trkpt>
      <trkpt lat="43.125318" lon="-1.9351240000000001">
        <ele>400</ele>
      </trkpt>
      <trkpt lat="43.12535" lon="-1.9351240000000001">
        <ele>400</ele>
      </trkpt>
      <trkpt lat="43.125397" lon="-1.935141">
        <ele>398</ele>
      </trkpt>
      <trkpt lat="43.125534" lon="-1.9352309999999999">
        <ele>396</ele>
      </trkpt>
      <trkpt lat="43.125672" lon="-1.9354739999999999">
        <ele>389</ele>
      </trkpt>
      <trkpt lat="43.12598" lon="-1.93604">
        <ele>381</ele>
      </trkpt>
      <trkpt lat="43.126039" lon="-1.9361660000000001">
        <ele>379</ele>
      </trkpt>
      <trkpt lat="43.126098" lon="-1.9362999999999999">
        <ele>376</ele>
      </trkpt>
      <trkpt lat="43.126262" lon="-1.936596">
        <ele>373</ele>
      </trkpt>
      <trkpt lat="43.12638" lon="-1.936795">
        <ele>371</ele>
      </trkpt>
      <trkpt lat="43.126728" lon="-1.937154">
        <ele>375</ele>
      </trkpt>
      <trkpt lat="43.127082" lon="-1.9375309999999999">
        <ele>372</ele>
      </trkpt>
      <trkpt lat="43.127278" lon="-1.9377279999999999">
        <ele>372</ele>
      </trkpt>
      <trkpt lat="43.127462" lon="-1.937935">
        <ele>373</ele>
      </trkpt>
      <trkpt lat="43.12798" lon="-1.938493">
        <ele>369</ele>
      </trkpt>
      <trkpt lat="43.128209" lon="-1.938744">
        <ele>367</ele>
      </trkpt>
      <trkpt lat="43.128353" lon="-1.938852">
        <ele>369</ele>
      </trkpt>
      <trkpt lat="43.128504" lon="-1.938923">
        <ele>370</ele>
      </trkpt>
      <trkpt lat="43.128707" lon="-1.93896">
        <ele>371</ele>
      </trkpt>
      <trkpt lat="43.129094" lon="-1.938906">
        <ele>373</ele>
      </trkpt>
      <trkpt lat="43.129901" lon="-1.9389149999999999">
        <ele>374</ele>
      </trkpt>
      <trkpt lat="43.130255" lon="-1.938896">
        <ele>373</ele>
      </trkpt>
      <trkpt lat="43.130445" lon="-1.9388430000000001">
        <ele>372</ele>
      </trkpt>
      <trkpt lat="43.130596" lon="-1.9387529999999999">
        <ele>373</ele>
      </trkpt>
      <trkpt lat="43.130687" lon="-1.9386730000000001">
        <ele>373</ele>
      </trkpt>
      <trkpt lat="43.130694" lon="-1.938663">
        <ele>373</ele>
      </trkpt>
      <trkpt lat="43.130923" lon="-1.938493">
        <ele>374</ele>
      </trkpt>
      <trkpt lat="43.131317" lon="-1.9381699999999999">
        <ele>380</ele>
      </trkpt>
      <trkpt lat="43.131408" lon="-1.93807">
        <ele>383</ele>
      </trkpt>
      <trkpt lat="43.131644" lon="-1.937873">
        <ele>387</ele>
      </trkpt>
      <trkpt lat="43.131769" lon="-1.9377470000000001">
        <ele>389</ele>
      </trkpt>
      <trkpt lat="43.132038" lon="-1.937522">
        <ele>389</ele>
      </trkpt>
      <trkpt lat="43.132241" lon="-1.9372879999999999">
        <ele>387</ele>
      </trkpt>
      <trkpt lat="43.132451" lon="-1.937082">
        <ele>387</ele>
      </trkpt>
      <trkpt lat="43.132746" lon="-1.936768">
        <ele>397</ele>
      </trkpt>
      <trkpt lat="43.132883" lon="-1.936642">
        <ele>399</ele>
      </trkpt>
      <trkpt lat="43.133093" lon="-1.936445">
        <ele>397</ele>
      </trkpt>
      <trkpt lat="43.133454" lon="-1.936229">
        <ele>380</ele>
      </trkpt>
      <trkpt lat="43.133474" lon="-1.9362200000000001">
        <ele>379</ele>
      </trkpt>
      <trkpt lat="43.133539" lon="-1.9362200000000001">
        <ele>375</ele>
      </trkpt>
      <trkpt lat="43.133749" lon="-1.9362459999999999">
        <ele>363</ele>
      </trkpt>
      <trkpt lat="43.133946" lon="-1.9363729999999999">
        <ele>357</ele>
      </trkpt>
      <trkpt lat="43.134142" lon="-1.936822">
        <ele>360</ele>
      </trkpt>
      <trkpt lat="43.134339" lon="-1.9375849999999999">
        <ele>364</ele>
      </trkpt>
      <trkpt lat="43.134398" lon="-1.938007">
        <ele>365</ele>
      </trkpt>
      <trkpt lat="43.134444" lon="-1.938493">
        <ele>363</ele>
      </trkpt>
      <trkpt lat="43.134477" lon="-1.93895">
        <ele>361</ele>
      </trkpt>
      <trkpt lat="43.134503" lon="-1.9393009999999999">
        <ele>364</ele>
      </trkpt>
      <trkpt lat="43.13451" lon="-1.939346">
        <ele>364</ele>
      </trkpt>
      <trkpt lat="43.13451" lon="-1.939481">
        <ele>365</ele>
      </trkpt>
      <trkpt lat="43.13451" lon="-1.9396610000000001">
        <ele>365</ele>
      </trkpt>
      <trkpt lat="43.13451" lon="-1.939732">
        <ele>366</ele>
      </trkpt>
      <trkpt lat="43.134489" lon="-1.9398409999999999">
        <ele>367</ele>
      </trkpt>
      <trkpt lat="43.134451" lon="-1.9400550000000001">
        <ele>368</ele>
      </trkpt>
      <trkpt lat="43.134359" lon="-1.940361">
        <ele>369</ele>
      </trkpt>
      <trkpt lat="43.133991" lon="-1.9410799999999999">
        <ele>369</ele>
      </trkpt>
      <trkpt lat="43.133906" lon="-1.9412689999999999">
        <ele>370</ele>
      </trkpt>
      <trkpt lat="43.133834" lon="-1.9414750000000001">
        <ele>371</ele>
      </trkpt>
      <trkpt lat="43.133788" lon="-1.9416359999999999">
        <ele>372</ele>
      </trkpt>
      <trkpt lat="43.133729" lon="-1.9419599999999999">
        <ele>375</ele>
      </trkpt>
      <trkpt lat="43.133729" lon="-1.942221">
        <ele>373</ele>
      </trkpt>
      <trkpt lat="43.133782" lon="-1.9424619999999999">
        <ele>371</ele>
      </trkpt>
      <trkpt lat="43.134168" lon="-1.943281">
        <ele>352</ele>
      </trkpt>
      <trkpt lat="43.134234" lon="-1.9434070000000001">
        <ele>348</ele>
      </trkpt>
      <trkpt lat="43.13426" lon="-1.94346">
        <ele>346</ele>
      </trkpt>
      <trkpt lat="43.134457" lon="-1.943757">
        <ele>336</ele>
      </trkpt>
      <trkpt lat="43.134522" lon="-1.9438009999999999">
        <ele>334</ele>
      </trkpt>
      <trkpt lat="43.134765" lon="-1.9439360000000001">
        <ele>334</ele>
      </trkpt>
      <trkpt lat="43.134909" lon="-1.943981">
        <ele>334</ele>
      </trkpt>
      <trkpt lat="43.135178" lon="-1.9440440000000001">
        <ele>339</ele>
      </trkpt>
      <trkpt lat="43.13544" lon="-1.9441790000000001">
        <ele>340</ele>
      </trkpt>
      <trkpt lat="43.135814" lon="-1.9444300000000001">
        <ele>337</ele>
      </trkpt>
      <trkpt lat="43.136181" lon="-1.9447540000000001">
        <ele>338</ele>
      </trkpt>
      <trkpt lat="43.13662" lon="-1.945257">
        <ele>335</ele>
      </trkpt>
      <trkpt lat="43.136692" lon="-1.9453910000000001">
        <ele>333</ele>
      </trkpt>
      <trkpt lat="43.136791" lon="-1.945581">
        <ele>333</ele>
      </trkpt>
      <trkpt lat="43.13685" lon="-1.9458679999999999">
        <ele>330</ele>
      </trkpt>
      <trkpt lat="43.136863" lon="-1.9460740000000001">
        <ele>328</ele>
      </trkpt>
      <trkpt lat="43.13683" lon="-1.9463440000000001">
        <ele>327</ele>
      </trkpt>
      <trkpt lat="43.13681" lon="-1.9464239999999999">
        <ele>326</ele>
      </trkpt>
      <trkpt lat="43.136712" lon="-1.946623">
        <ele>325</ele>
      </trkpt>
      <trkpt lat="43.13664" lon="-1.946712">
        <ele>325</ele>
      </trkpt>
      <trkpt lat="43.13643" lon="-1.946963">
        <ele>325</ele>
      </trkpt>
      <trkpt lat="43.136201" lon="-1.947152">
        <ele>324</ele>
      </trkpt>
      <trkpt lat="43.13601" lon="-1.9473229999999999">
        <ele>323</ele>
      </trkpt>
      <trkpt lat="43.135932" lon="-1.9474309999999999">
        <ele>323</ele>
      </trkpt>
      <trkpt lat="43.135833" lon="-1.9476819999999999">
        <ele>323</ele>
      </trkpt>
      <trkpt lat="43.135807" lon="-1.947997">
        <ele>323</ele>
      </trkpt>
      <trkpt lat="43.135827" lon="-1.9483109999999999">
        <ele>325</ele>
      </trkpt>
      <trkpt lat="43.135847" lon="-1.948418">
        <ele>326</ele>
      </trkpt>
      <trkpt lat="43.135873" lon="-1.948607">
        <ele>327</ele>
      </trkpt>
      <trkpt lat="43.136004" lon="-1.9488939999999999">
        <ele>331</ele>
      </trkpt>
      <trkpt lat="43.136135" lon="-1.949003">
        <ele>332</ele>
      </trkpt>
      <trkpt lat="43.136358" lon="-1.949084">
        <ele>333</ele>
      </trkpt>
      <trkpt lat="43.136555" lon="-1.9491369999999999">
        <ele>333</ele>
      </trkpt>
      <trkpt lat="43.136836" lon="-1.9491560000000001">
        <ele>333</ele>
      </trkpt>
      <trkpt lat="43.137138" lon="-1.949147">
        <ele>335</ele>
      </trkpt>
      <trkpt lat="43.137354" lon="-1.9491639999999999">
        <ele>335</ele>
      </trkpt>
      <trkpt lat="43.137492" lon="-1.949173">
        <ele>336</ele>
      </trkpt>
      <trkpt lat="43.13763" lon="-1.9491909999999999">
        <ele>337</ele>
      </trkpt>
      <trkpt lat="43.137728" lon="-1.9492100000000001">
        <ele>337</ele>
      </trkpt>
      <trkpt lat="43.137813" lon="-1.949219">
        <ele>338</ele>
      </trkpt>
      <trkpt lat="43.137859" lon="-1.949227">
        <ele>338</ele>
      </trkpt>
      <trkpt lat="43.138017" lon="-1.94929">
        <ele>337</ele>
      </trkpt>
      <trkpt lat="43.138279" lon="-1.949489">
        <ele>331</ele>
      </trkpt>
      <trkpt lat="43.138574" lon="-1.949722">
        <ele>325</ele>
      </trkpt>
      <trkpt lat="43.138731" lon="-1.949802">
        <ele>325</ele>
      </trkpt>
      <trkpt lat="43.13879" lon="-1.949829">
        <ele>325</ele>
      </trkpt>
      <trkpt lat="43.138914" lon="-1.949865">
        <ele>325</ele>
      </trkpt>
      <trkpt lat="43.139557" lon="-1.9501520000000001">
        <ele>334</ele>
      </trkpt>
      <trkpt lat="43.139838" lon="-1.950278">
        <ele>331</ele>
      </trkpt>
      <trkpt lat="43.139963" lon="-1.9503509999999999">
        <ele>327</ele>
      </trkpt>
      <trkpt lat="43.140488" lon="-1.9505570000000001">
        <ele>327</ele>
      </trkpt>
      <trkpt lat="43.142185" lon="-1.9514549999999999">
        <ele>356</ele>
      </trkpt>
      <trkpt lat="43.142316" lon="-1.9515629999999999">
        <ele>352</ele>
      </trkpt>
      <trkpt lat="43.142487" lon="-1.9517869999999999">
        <ele>340</ele>
      </trkpt>
      <trkpt lat="43.142985" lon="-1.9524619999999999">
        <ele>311</ele>
      </trkpt>
      <trkpt lat="43.14309" lon="-1.952615">
        <ele>309</ele>
      </trkpt>
      <trkpt lat="43.143247" lon="-1.9528479999999999">
        <ele>308</ele>
      </trkpt>
      <trkpt lat="43.143496" lon="-1.953144">
        <ele>307</ele>
      </trkpt>
      <trkpt lat="43.143739" lon="-1.9532879999999999">
        <ele>308</ele>
      </trkpt>
      <trkpt lat="43.143948" lon="-1.9532780000000001">
        <ele>311</ele>
      </trkpt>
      <trkpt lat="43.144158" lon="-1.9532700000000001">
        <ele>314</ele>
      </trkpt>
      <trkpt lat="43.144375" lon="-1.953225">
        <ele>319</ele>
      </trkpt>
      <trkpt lat="43.14465" lon="-1.9531350000000001">
        <ele>326</ele>
      </trkpt>
      <trkpt lat="43.145246" lon="-1.9527490000000001">
        <ele>332</ele>
      </trkpt>
      <trkpt lat="43.145686" lon="-1.9526410000000001">
        <ele>332</ele>
      </trkpt>
      <trkpt lat="43.14581" lon="-1.952596">
        <ele>335</ele>
      </trkpt>
      <trkpt lat="43.145921" lon="-1.952542">
        <ele>337</ele>
      </trkpt>
      <trkpt lat="43.146013" lon="-1.9525250000000001">
        <ele>338</ele>
      </trkpt>
      <trkpt lat="43.146164" lon="-1.9524699999999999">
        <ele>337</ele>
      </trkpt>
      <trkpt lat="43.146256" lon="-1.9524429999999999">
        <ele>336</ele>
      </trkpt>
      <trkpt lat="43.146321" lon="-1.9524159999999999">
        <ele>335</ele>
      </trkpt>
      <trkpt lat="43.146426" lon="-1.95238">
        <ele>331</ele>
      </trkpt>
      <trkpt lat="43.146485" lon="-1.9523360000000001">
        <ele>329</ele>
      </trkpt>
      <trkpt lat="43.146563" lon="-1.9522630000000001">
        <ele>327</ele>
      </trkpt>
      <trkpt lat="43.146681" lon="-1.9521919999999999">
        <ele>322</ele>
      </trkpt>
      <trkpt lat="43.146957" lon="-1.9521200000000001">
        <ele>310</ele>
      </trkpt>
      <trkpt lat="43.147239" lon="-1.952102">
        <ele>304</ele>
      </trkpt>
      <trkpt lat="43.147422" lon="-1.9521390000000001">
        <ele>300</ele>
      </trkpt>
      <trkpt lat="43.147658" lon="-1.9522360000000001">
        <ele>298</ele>
      </trkpt>
      <trkpt lat="43.147782" lon="-1.952353">
        <ele>300</ele>
      </trkpt>
      <trkpt lat="43.147927" lon="-1.9525330000000001">
        <ele>302</ele>
      </trkpt>
      <trkpt lat="43.148058" lon="-1.952839">
        <ele>299</ele>
      </trkpt>
      <trkpt lat="43.148169" lon="-1.953144">
        <ele>300</ele>
      </trkpt>
      <trkpt lat="43.148235" lon="-1.9534309999999999">
        <ele>301</ele>
      </trkpt>
      <trkpt lat="43.148248" lon="-1.9537469999999999">
        <ele>302</ele>
      </trkpt>
      <trkpt lat="43.148209" lon="-1.954456">
        <ele>304</ele>
      </trkpt>
      <trkpt lat="43.148222" lon="-1.9545630000000001">
        <ele>305</ele>
      </trkpt>
      <trkpt lat="43.148399" lon="-1.955085">
        <ele>314</ele>
      </trkpt>
      <trkpt lat="43.148497" lon="-1.9552020000000001">
        <ele>319</ele>
      </trkpt>
      <trkpt lat="43.148654" lon="-1.9553720000000001">
        <ele>325</ele>
      </trkpt>
      <trkpt lat="43.1487" lon="-1.9554260000000001">
        <ele>326</ele>
      </trkpt>
      <trkpt lat="43.149022" lon="-1.955632">
        <ele>322</ele>
      </trkpt>
      <trkpt lat="43.149146" lon="-1.955686">
        <ele>317</ele>
      </trkpt>
      <trkpt lat="43.149415" lon="-1.9559200000000001">
        <ele>300</ele>
      </trkpt>
      <trkpt lat="43.149519" lon="-1.956018">
        <ele>295</ele>
      </trkpt>
      <trkpt lat="43.149585" lon="-1.956091">
        <ele>292</ele>
      </trkpt>
      <trkpt lat="43.149847" lon="-1.9568540000000001">
        <ele>300</ele>
      </trkpt>
      <trkpt lat="43.149847" lon="-1.956917">
        <ele>300</ele>
      </trkpt>
      <trkpt lat="43.149861" lon="-1.9570240000000001">
        <ele>299</ele>
      </trkpt>
      <trkpt lat="43.149828" lon="-1.9575359999999999">
        <ele>294</ele>
      </trkpt>
      <trkpt lat="43.149788" lon="-1.957689">
        <ele>292</ele>
      </trkpt>
      <trkpt lat="43.149729" lon="-1.9578869999999999">
        <ele>290</ele>
      </trkpt>
      <trkpt lat="43.149539" lon="-1.9586239999999999">
        <ele>289</ele>
      </trkpt>
      <trkpt lat="43.149408" lon="-1.9591000000000001">
        <ele>286</ele>
      </trkpt>
      <trkpt lat="43.14927" lon="-1.959495">
        <ele>286</ele>
      </trkpt>
      <trkpt lat="43.149133" lon="-1.9598359999999999">
        <ele>286</ele>
      </trkpt>
      <trkpt lat="43.149028" lon="-1.9600519999999999">
        <ele>287</ele>
      </trkpt>
      <trkpt lat="43.148864" lon="-1.960439">
        <ele>288</ele>
      </trkpt>
      <trkpt lat="43.148739" lon="-1.960744">
        <ele>285</ele>
      </trkpt>
      <trkpt lat="43.148635" lon="-1.961184">
        <ele>283</ele>
      </trkpt>
      <trkpt lat="43.148668" lon="-1.9617579999999999">
        <ele>287</ele>
      </trkpt>
      <trkpt lat="43.148824" lon="-1.9623429999999999">
        <ele>289</ele>
      </trkpt>
      <trkpt lat="43.148877" lon="-1.962513">
        <ele>287</ele>
      </trkpt>
      <trkpt lat="43.149002" lon="-1.962774">
        <ele>285</ele>
      </trkpt>
      <trkpt lat="43.14929" lon="-1.9632499999999999">
        <ele>283</ele>
      </trkpt>
      <trkpt lat="43.149506" lon="-1.9637260000000001">
        <ele>281</ele>
      </trkpt>
      <trkpt lat="43.149637" lon="-1.9639869999999999">
        <ele>280</ele>
      </trkpt>
      <trkpt lat="43.149821" lon="-1.964202">
        <ele>284</ele>
      </trkpt>
      <trkpt lat="43.149958" lon="-1.9642740000000001">
        <ele>286</ele>
      </trkpt>
      <trkpt lat="43.150103" lon="-1.9643550000000001">
        <ele>289</ele>
      </trkpt>
      <trkpt lat="43.1503" lon="-1.9643729999999999">
        <ele>292</ele>
      </trkpt>
      <trkpt lat="43.150404" lon="-1.964337">
        <ele>296</ele>
      </trkpt>
      <trkpt lat="43.150555" lon="-1.9642919999999999">
        <ele>301</ele>
      </trkpt>
      <trkpt lat="43.150817" lon="-1.964194">
        <ele>309</ele>
      </trkpt>
      <trkpt lat="43.151204" lon="-1.9641310000000001">
        <ele>310</ele>
      </trkpt>
      <trkpt lat="43.151577" lon="-1.9641040000000001">
        <ele>313</ele>
      </trkpt>
      <trkpt lat="43.151945" lon="-1.9641310000000001">
        <ele>315</ele>
      </trkpt>
      <trkpt lat="43.152252" lon="-1.964148">
        <ele>305</ele>
      </trkpt>
      <trkpt lat="43.152482" lon="-1.9641839999999999">
        <ele>300</ele>
      </trkpt>
      <trkpt lat="43.152692" lon="-1.9642379999999999">
        <ele>297</ele>
      </trkpt>
      <trkpt lat="43.152954" lon="-1.964337">
        <ele>293</ele>
      </trkpt>
      <trkpt lat="43.153209" lon="-1.964364">
        <ele>295</ele>
      </trkpt>
      <trkpt lat="43.153327" lon="-1.964337">
        <ele>299</ele>
      </trkpt>
      <trkpt lat="43.153878" lon="-1.9638070000000001">
        <ele>319</ele>
      </trkpt>
      <trkpt lat="43.153923" lon="-1.963708">
        <ele>319</ele>
      </trkpt>
      <trkpt lat="43.153956" lon="-1.963592">
        <ele>321</ele>
      </trkpt>
      <trkpt lat="43.154015" lon="-1.9633309999999999">
        <ele>327</ele>
      </trkpt>
      <trkpt lat="43.154159" lon="-1.9630160000000001">
        <ele>328</ele>
      </trkpt>
      <trkpt lat="43.154376" lon="-1.9627019999999999">
        <ele>320</ele>
      </trkpt>
      <trkpt lat="43.154487" lon="-1.9626209999999999">
        <ele>314</ele>
      </trkpt>
      <trkpt lat="43.154625" lon="-1.9625760000000001">
        <ele>308</ele>
      </trkpt>
      <trkpt lat="43.15488" lon="-1.9625760000000001">
        <ele>299</ele>
      </trkpt>
      <trkpt lat="43.155142" lon="-1.9627019999999999">
        <ele>293</ele>
      </trkpt>
      <trkpt lat="43.155234" lon="-1.9627829999999999">
        <ele>291</ele>
      </trkpt>
      <trkpt lat="43.155346" lon="-1.9629449999999999">
        <ele>287</ele>
      </trkpt>
      <trkpt lat="43.15549" lon="-1.9632590000000001">
        <ele>276</ele>
      </trkpt>
      <trkpt lat="43.155608" lon="-1.9636720000000001">
        <ele>268</ele>
      </trkpt>
      <trkpt lat="43.155863" lon="-1.9642740000000001">
        <ele>267</ele>
      </trkpt>
      <trkpt lat="43.156066" lon="-1.964588">
        <ele>269</ele>
      </trkpt>
      <trkpt lat="43.156204" lon="-1.96475">
        <ele>271</ele>
      </trkpt>
      <trkpt lat="43.156368" lon="-1.9648939999999999">
        <ele>271</ele>
      </trkpt>
      <trkpt lat="43.156447" lon="-1.964947">
        <ele>271</ele>
      </trkpt>
      <trkpt lat="43.156617" lon="-1.9650559999999999">
        <ele>273</ele>
      </trkpt>
      <trkpt lat="43.156827" lon="-1.9651190000000001">
        <ele>275</ele>
      </trkpt>
      <trkpt lat="43.157698" lon="-1.96502">
        <ele>305</ele>
      </trkpt>
      <trkpt lat="43.158" lon="-1.9650730000000001">
        <ele>296</ele>
      </trkpt>
      <trkpt lat="43.158255" lon="-1.965209">
        <ele>278</ele>
      </trkpt>
      <trkpt lat="43.158537" lon="-1.9653700000000001">
        <ele>271</ele>
      </trkpt>
      <trkpt lat="43.158806" lon="-1.9653700000000001">
        <ele>276</ele>
      </trkpt>
      <trkpt lat="43.159042" lon="-1.9653160000000001">
        <ele>285</ele>
      </trkpt>
      <trkpt lat="43.159192" lon="-1.965244">
        <ele>290</ele>
      </trkpt>
      <trkpt lat="43.159363" lon="-1.9651099999999999">
        <ele>295</ele>
      </trkpt>
      <trkpt lat="43.15973" lon="-1.9647600000000001">
        <ele>296</ele>
      </trkpt>
      <trkpt lat="43.159952" lon="-1.9646429999999999">
        <ele>290</ele>
      </trkpt>
      <trkpt lat="43.160503" lon="-1.9644710000000001">
        <ele>289</ele>
      </trkpt>
      <trkpt lat="43.160673" lon="-1.9644980000000001">
        <ele>289</ele>
      </trkpt>
      <trkpt lat="43.160791" lon="-1.964553">
        <ele>288</ele>
      </trkpt>
      <trkpt lat="43.160857" lon="-1.964607">
        <ele>286</ele>
      </trkpt>
      <trkpt lat="43.160968" lon="-1.9647680000000001">
        <ele>283</ele>
      </trkpt>
      <trkpt lat="43.161099" lon="-1.9650559999999999">
        <ele>275</ele>
      </trkpt>
      <trkpt lat="43.161158" lon="-1.965271">
        <ele>267</ele>
      </trkpt>
      <trkpt lat="43.161224" lon="-1.965595">
        <ele>260</ele>
      </trkpt>
      <trkpt lat="43.161302" lon="-1.9658549999999999">
        <ele>260</ele>
      </trkpt>
      <trkpt lat="43.161472" lon="-1.9661519999999999">
        <ele>260</ele>
      </trkpt>
      <trkpt lat="43.161682" lon="-1.966385">
        <ele>261</ele>
      </trkpt>
      <trkpt lat="43.161951" lon="-1.966664">
        <ele>263</ele>
      </trkpt>
      <trkpt lat="43.162128" lon="-1.966852">
        <ele>264</ele>
      </trkpt>
      <trkpt lat="43.162337" lon="-1.967104">
        <ele>262</ele>
      </trkpt>
      <trkpt lat="43.162468" lon="-1.9673830000000001">
        <ele>265</ele>
      </trkpt>
      <trkpt lat="43.162501" lon="-1.9677420000000001">
        <ele>273</ele>
      </trkpt>
      <trkpt lat="43.162495" lon="-1.9680200000000001">
        <ele>280</ele>
      </trkpt>
      <trkpt lat="43.16277" lon="-1.968901">
        <ele>276</ele>
      </trkpt>
      <trkpt lat="43.162934" lon="-1.9692050000000001">
        <ele>267</ele>
      </trkpt>
      <trkpt lat="43.163019" lon="-1.969322">
        <ele>265</ele>
      </trkpt>
      <trkpt lat="43.163215" lon="-1.9696009999999999">
        <ele>264</ele>
      </trkpt>
      <trkpt lat="43.163451" lon="-1.9697450000000001">
        <ele>265</ele>
      </trkpt>
      <trkpt lat="43.163628" lon="-1.9697">
        <ele>263</ele>
      </trkpt>
      <trkpt lat="43.16393" lon="-1.969592">
        <ele>260</ele>
      </trkpt>
      <trkpt lat="43.164172" lon="-1.9694400000000001">
        <ele>258</ele>
      </trkpt>
      <trkpt lat="43.164297" lon="-1.9693320000000001">
        <ele>257</ele>
      </trkpt>
      <trkpt lat="43.164382" lon="-1.9692050000000001">
        <ele>257</ele>
      </trkpt>
      <trkpt lat="43.164493" lon="-1.9689179999999999">
        <ele>259</ele>
      </trkpt>
      <trkpt lat="43.164519" lon="-1.9687209999999999">
        <ele>259</ele>
      </trkpt>
      <trkpt lat="43.164664" lon="-1.968326">
        <ele>257</ele>
      </trkpt>
      <trkpt lat="43.164782" lon="-1.96784">
        <ele>254</ele>
      </trkpt>
      <trkpt lat="43.164749" lon="-1.9676340000000001">
        <ele>259</ele>
      </trkpt>
      <trkpt lat="43.164794" lon="-1.967373">
        <ele>258</ele>
      </trkpt>
      <trkpt lat="43.164788" lon="-1.967095">
        <ele>261</ele>
      </trkpt>
      <trkpt lat="43.16486" lon="-1.9663580000000001">
        <ele>257</ele>
      </trkpt>
      <trkpt lat="43.1649" lon="-1.966116">
        <ele>254</ele>
      </trkpt>
      <trkpt lat="43.164926" lon="-1.9656929999999999">
        <ele>254</ele>
      </trkpt>
      <trkpt lat="43.1649" lon="-1.9653160000000001">
        <ele>253</ele>
      </trkpt>
      <trkpt lat="43.16486" lon="-1.9651540000000001">
        <ele>253</ele>
      </trkpt>
      <trkpt lat="43.164827" lon="-1.9646969999999999">
        <ele>251</ele>
      </trkpt>
      <trkpt lat="43.164847" lon="-1.964526">
        <ele>250</ele>
      </trkpt>
      <trkpt lat="43.164893" lon="-1.9643280000000001">
        <ele>248</ele>
      </trkpt>
      <trkpt lat="43.164959" lon="-1.9642109999999999">
        <ele>247</ele>
      </trkpt>
      <trkpt lat="43.16507" lon="-1.9640850000000001">
        <ele>244</ele>
      </trkpt>
      <trkpt lat="43.165247" lon="-1.963932">
        <ele>245</ele>
      </trkpt>
      <trkpt lat="43.165496" lon="-1.963789">
        <ele>248</ele>
      </trkpt>
      <trkpt lat="43.165758" lon="-1.963735">
        <ele>249</ele>
      </trkpt>
      <trkpt lat="43.165954" lon="-1.963789">
        <ele>249</ele>
      </trkpt>
      <trkpt lat="43.166085" lon="-1.9638070000000001">
        <ele>249</ele>
      </trkpt>
      <trkpt lat="43.166262" lon="-1.9636910000000001">
        <ele>249</ele>
      </trkpt>
      <trkpt lat="43.16638" lon="-1.963546">
        <ele>250</ele>
      </trkpt>
      <trkpt lat="43.166557" lon="-1.9632149999999999">
        <ele>250</ele>
      </trkpt>
      <trkpt lat="43.166623" lon="-1.9629259999999999">
        <ele>251</ele>
      </trkpt>
      <trkpt lat="43.166629" lon="-1.9626840000000001">
        <ele>252</ele>
      </trkpt>
      <trkpt lat="43.166636" lon="-1.96255">
        <ele>253</ele>
      </trkpt>
      <trkpt lat="43.166623" lon="-1.9623790000000001">
        <ele>253</ele>
      </trkpt>
      <trkpt lat="43.16661" lon="-1.9622440000000001">
        <ele>253</ele>
      </trkpt>
      <trkpt lat="43.166583" lon="-1.962083">
        <ele>252</ele>
      </trkpt>
      <trkpt lat="43.166524" lon="-1.961705">
        <ele>249</ele>
      </trkpt>
      <trkpt lat="43.166485" lon="-1.961058">
        <ele>255</ele>
      </trkpt>
      <trkpt lat="43.166695" lon="-1.960645">
        <ele>262</ele>
      </trkpt>
      <trkpt lat="43.167049" lon="-1.960232">
        <ele>251</ele>
      </trkpt>
      <trkpt lat="43.167605" lon="-1.9599260000000001">
        <ele>240</ele>
      </trkpt>
      <trkpt lat="43.167743" lon="-1.9598899999999999">
        <ele>240</ele>
      </trkpt>
      <trkpt lat="43.16811" lon="-1.9599439999999999">
        <ele>238</ele>
      </trkpt>
      <trkpt lat="43.168234" lon="-1.9599629999999999">
        <ele>237</ele>
      </trkpt>
      <trkpt lat="43.168385" lon="-1.9600070000000001">
        <ele>236</ele>
      </trkpt>
      <trkpt lat="43.168529" lon="-1.9600519999999999">
        <ele>236</ele>
      </trkpt>
      <trkpt lat="43.168988" lon="-1.960223">
        <ele>232</ele>
      </trkpt>
      <trkpt lat="43.169073" lon="-1.96024">
        <ele>232</ele>
      </trkpt>
      <trkpt lat="43.169178" lon="-1.96025">
        <ele>233</ele>
      </trkpt>
      <trkpt lat="43.169643" lon="-1.96025">
        <ele>239</ele>
      </trkpt>
      <trkpt lat="43.169728" lon="-1.96025">
        <ele>242</ele>
      </trkpt>
      <trkpt lat="43.169754" lon="-1.96024">
        <ele>244</ele>
      </trkpt>
      <trkpt lat="43.170403" lon="-1.9601500000000001">
        <ele>268</ele>
      </trkpt>
      <trkpt lat="43.170613" lon="-1.960097">
        <ele>270</ele>
      </trkpt>
      <trkpt lat="43.170842" lon="-1.9601500000000001">
        <ele>264</ele>
      </trkpt>
      <trkpt lat="43.171025" lon="-1.9602759999999999">
        <ele>255</ele>
      </trkpt>
      <trkpt lat="43.171143" lon="-1.9603759999999999">
        <ele>253</ele>
      </trkpt>
      <trkpt lat="43.171268" lon="-1.96051">
        <ele>248</ele>
      </trkpt>
      <trkpt lat="43.171687" lon="-1.961076">
        <ele>240</ele>
      </trkpt>
      <trkpt lat="43.171923" lon="-1.9615069999999999">
        <ele>237</ele>
      </trkpt>
      <trkpt lat="43.172093" lon="-1.9619930000000001">
        <ele>237</ele>
      </trkpt>
      <trkpt lat="43.172185" lon="-1.962442">
        <ele>236</ele>
      </trkpt>
      <trkpt lat="43.172231" lon="-1.9626570000000001">
        <ele>236</ele>
      </trkpt>
      <trkpt lat="43.172264" lon="-1.962747">
        <ele>236</ele>
      </trkpt>
      <trkpt lat="43.172382" lon="-1.9630160000000001">
        <ele>236</ele>
      </trkpt>
      <trkpt lat="43.172624" lon="-1.963376">
        <ele>239</ele>
      </trkpt>
      <trkpt lat="43.172748" lon="-1.963511">
        <ele>240</ele>
      </trkpt>
      <trkpt lat="43.172919" lon="-1.9636359999999999">
        <ele>243</ele>
      </trkpt>
      <trkpt lat="43.173023" lon="-1.9636910000000001">
        <ele>244</ele>
      </trkpt>
      <trkpt lat="43.17362" lon="-1.9641040000000001">
        <ele>240</ele>
      </trkpt>
      <trkpt lat="43.173817" lon="-1.964175">
        <ele>237</ele>
      </trkpt>
      <trkpt lat="43.173908" lon="-1.964229">
        <ele>234</ele>
      </trkpt>
      <trkpt lat="43.174013" lon="-1.9643010000000001">
        <ele>232</ele>
      </trkpt>
      <trkpt lat="43.174255" lon="-1.9644809999999999">
        <ele>228</ele>
      </trkpt>
      <trkpt lat="43.174465" lon="-1.964607">
        <ele>223</ele>
      </trkpt>
      <trkpt lat="43.174537" lon="-1.9646779999999999">
        <ele>221</ele>
      </trkpt>
      <trkpt lat="43.174642" lon="-1.964777">
        <ele>220</ele>
      </trkpt>
      <trkpt lat="43.174727" lon="-1.9649570000000001">
        <ele>218</ele>
      </trkpt>
      <trkpt lat="43.174753" lon="-1.9651000000000001">
        <ele>217</ele>
      </trkpt>
      <trkpt lat="43.174786" lon="-1.9652799999999999">
        <ele>216</ele>
      </trkpt>
      <trkpt lat="43.174786" lon="-1.9653890000000001">
        <ele>216</ele>
      </trkpt>
      <trkpt lat="43.17474" lon="-1.965576">
        <ele>217</ele>
      </trkpt>
      <trkpt lat="43.174662" lon="-1.9657480000000001">
        <ele>218</ele>
      </trkpt>
      <trkpt lat="43.174393" lon="-1.966116">
        <ele>226</ele>
      </trkpt>
      <trkpt lat="43.173928" lon="-1.966879">
        <ele>233</ele>
      </trkpt>
      <trkpt lat="43.173705" lon="-1.967184">
        <ele>232</ele>
      </trkpt>
      <trkpt lat="43.173463" lon="-1.967563">
        <ele>231</ele>
      </trkpt>
      <trkpt lat="43.173384" lon="-1.967706">
        <ele>231</ele>
      </trkpt>
      <trkpt lat="43.173325" lon="-1.968011">
        <ele>234</ele>
      </trkpt>
      <trkpt lat="43.173318" lon="-1.968272">
        <ele>236</ele>
      </trkpt>
      <trkpt lat="43.173358" lon="-1.9685049999999999">
        <ele>237</ele>
      </trkpt>
      <trkpt lat="43.173449" lon="-1.9688190000000001">
        <ele>236</ele>
      </trkpt>
      <trkpt lat="43.173823" lon="-1.969395">
        <ele>231</ele>
      </trkpt>
      <trkpt lat="43.174052" lon="-1.9697180000000001">
        <ele>228</ele>
      </trkpt>
      <trkpt lat="43.174269" lon="-1.9700500000000001">
        <ele>225</ele>
      </trkpt>
      <trkpt lat="43.174452" lon="-1.9703109999999999">
        <ele>221</ele>
      </trkpt>
      <trkpt lat="43.17457" lon="-1.9704900000000001">
        <ele>220</ele>
      </trkpt>
      <trkpt lat="43.174694" lon="-1.9706790000000001">
        <ele>218</ele>
      </trkpt>
      <trkpt lat="43.174851" lon="-1.9709129999999999">
        <ele>219</ele>
      </trkpt>
      <trkpt lat="43.174983" lon="-1.9712259999999999">
        <ele>219</ele>
      </trkpt>
      <trkpt lat="43.175028" lon="-1.9714609999999999">
        <ele>219</ele>
      </trkpt>
      <trkpt lat="43.175035" lon="-1.9717210000000001">
        <ele>220</ele>
      </trkpt>
      <trkpt lat="43.175028" lon="-1.9718549999999999">
        <ele>219</ele>
      </trkpt>
      <trkpt lat="43.174995" lon="-1.9719720000000001">
        <ele>219</ele>
      </trkpt>
      <trkpt lat="43.174904" lon="-1.9721519999999999">
        <ele>219</ele>
      </trkpt>
      <trkpt lat="43.17474" lon="-1.972404">
        <ele>220</ele>
      </trkpt>
      <trkpt lat="43.173862" lon="-1.973895">
        <ele>217</ele>
      </trkpt>
      <trkpt lat="43.173777" lon="-1.9740839999999999">
        <ele>219</ele>
      </trkpt>
      <trkpt lat="43.173666" lon="-1.974434">
        <ele>222</ele>
      </trkpt>
      <trkpt lat="43.173528" lon="-1.9747840000000001">
        <ele>224</ele>
      </trkpt>
      <trkpt lat="43.173404" lon="-1.9751609999999999">
        <ele>222</ele>
      </trkpt>
      <trkpt lat="43.173338" lon="-1.975368">
        <ele>221</ele>
      </trkpt>
      <trkpt lat="43.173273" lon="-1.9755659999999999">
        <ele>221</ele>
      </trkpt>
      <trkpt lat="43.17324" lon="-1.975692">
        <ele>221</ele>
      </trkpt>
      <trkpt lat="43.1732" lon="-1.9758990000000001">
        <ele>221</ele>
      </trkpt>
      <trkpt lat="43.173207" lon="-1.9760329999999999">
        <ele>220</ele>
      </trkpt>
      <trkpt lat="43.173266" lon="-1.9762299999999999">
        <ele>216</ele>
      </trkpt>
      <trkpt lat="43.173436" lon="-1.976545">
        <ele>211</ele>
      </trkpt>
      <trkpt lat="43.17362" lon="-1.9768049999999999">
        <ele>210</ele>
      </trkpt>
      <trkpt lat="43.173758" lon="-1.9769680000000001">
        <ele>211</ele>
      </trkpt>
      <trkpt lat="43.174045" lon="-1.9771920000000001">
        <ele>212</ele>
      </trkpt>
      <trkpt lat="43.174262" lon="-1.9773449999999999">
        <ele>214</ele>
      </trkpt>
      <trkpt lat="43.174485" lon="-1.9775339999999999">
        <ele>217</ele>
      </trkpt>
      <trkpt lat="43.174655" lon="-1.9777579999999999">
        <ele>221</ele>
      </trkpt>
      <trkpt lat="43.17478" lon="-1.977956">
        <ele>221</ele>
      </trkpt>
      <trkpt lat="43.174845" lon="-1.9781530000000001">
        <ele>219</ele>
      </trkpt>
      <trkpt lat="43.174871" lon="-1.9783500000000001">
        <ele>216</ele>
      </trkpt>
      <trkpt lat="43.174877" lon="-1.978513">
        <ele>215</ele>
      </trkpt>
      <trkpt lat="43.174858" lon="-1.97871">
        <ele>214</ele>
      </trkpt>
      <trkpt lat="43.17474" lon="-1.978979">
        <ele>215</ele>
      </trkpt>
      <trkpt lat="43.174603" lon="-1.980165">
        <ele>225</ele>
      </trkpt>
      <trkpt lat="43.174603" lon="-1.980318">
        <ele>222</ele>
      </trkpt>
      <trkpt lat="43.174622" lon="-1.9803980000000001">
        <ele>221</ele>
      </trkpt>
      <trkpt lat="43.174733" lon="-1.980696">
        <ele>214</ele>
      </trkpt>
      <trkpt lat="43.174839" lon="-1.980893">
        <ele>210</ele>
      </trkpt>
      <trkpt lat="43.174943" lon="-1.98109">
        <ele>207</ele>
      </trkpt>
      <trkpt lat="43.175048" lon="-1.9812339999999999">
        <ele>206</ele>
      </trkpt>
      <trkpt lat="43.175133" lon="-1.9813689999999999">
        <ele>205</ele>
      </trkpt>
      <trkpt lat="43.175232" lon="-1.9815400000000001">
        <ele>206</ele>
      </trkpt>
      <trkpt lat="43.175317" lon="-1.981719">
        <ele>208</ele>
      </trkpt>
      <trkpt lat="43.175395" lon="-1.9818549999999999">
        <ele>209</ele>
      </trkpt>
      <trkpt lat="43.175428" lon="-1.9819530000000001">
        <ele>209</ele>
      </trkpt>
      <trkpt lat="43.175468" lon="-1.9822489999999999">
        <ele>208</ele>
      </trkpt>
      <trkpt lat="43.17548" lon="-1.982618">
        <ele>205</ele>
      </trkpt>
      <trkpt lat="43.175428" lon="-1.9828699999999999">
        <ele>203</ele>
      </trkpt>
      <trkpt lat="43.175376" lon="-1.983004">
        <ele>203</ele>
      </trkpt>
      <trkpt lat="43.175317" lon="-1.9831479999999999">
        <ele>203</ele>
      </trkpt>
      <trkpt lat="43.175127" lon="-1.9834529999999999">
        <ele>201</ele>
      </trkpt>
      <trkpt lat="43.174989" lon="-1.9836240000000001">
        <ele>201</ele>
      </trkpt>
      <trkpt lat="43.174792" lon="-1.9837229999999999">
        <ele>201</ele>
      </trkpt>
      <trkpt lat="43.174413" lon="-1.983857">
        <ele>201</ele>
      </trkpt>
      <trkpt lat="43.174065" lon="-1.983884">
        <ele>200</ele>
      </trkpt>
      <trkpt lat="43.173836" lon="-1.983803">
        <ele>200</ele>
      </trkpt>
      <trkpt lat="43.173744" lon="-1.983786">
        <ele>201</ele>
      </trkpt>
      <trkpt lat="43.173685" lon="-1.983786">
        <ele>202</ele>
      </trkpt>
      <trkpt lat="43.17362" lon="-1.98384">
        <ele>203</ele>
      </trkpt>
      <trkpt lat="43.173522" lon="-1.9839739999999999">
        <ele>207</ele>
      </trkpt>
      <trkpt lat="43.173508" lon="-1.984029">
        <ele>208</ele>
      </trkpt>
      <trkpt lat="43.173508" lon="-1.9840899999999999">
        <ele>208</ele>
      </trkpt>
      <trkpt lat="43.173534" lon="-1.984226">
        <ele>207</ele>
      </trkpt>
      <trkpt lat="43.173633" lon="-1.9845489999999999">
        <ele>202</ele>
      </trkpt>
      <trkpt lat="43.173738" lon="-1.984864">
        <ele>199</ele>
      </trkpt>
      <trkpt lat="43.173817" lon="-1.985044">
        <ele>197</ele>
      </trkpt>
      <trkpt lat="43.173895" lon="-1.985115">
        <ele>197</ele>
      </trkpt>
      <trkpt lat="43.17396" lon="-1.9851510000000001">
        <ele>197</ele>
      </trkpt>
      <trkpt lat="43.174033" lon="-1.985169">
        <ele>199</ele>
      </trkpt>
      <trkpt lat="43.174118" lon="-1.985161">
        <ele>201</ele>
      </trkpt>
      <trkpt lat="43.174347" lon="-1.9851510000000001">
        <ele>207</ele>
      </trkpt>
      <trkpt lat="43.174615" lon="-1.985098">
        <ele>210</ele>
      </trkpt>
      <trkpt lat="43.174898" lon="-1.985044">
        <ele>210</ele>
      </trkpt>
      <trkpt lat="43.175127" lon="-1.9849619999999999">
        <ele>210</ele>
      </trkpt>
      <trkpt lat="43.175376" lon="-1.984855">
        <ele>213</ele>
      </trkpt>
      <trkpt lat="43.175657" lon="-1.9847919999999999">
        <ele>219</ele>
      </trkpt>
      <trkpt lat="43.175814" lon="-1.9848190000000001">
        <ele>220</ele>
      </trkpt>
      <trkpt lat="43.175991" lon="-1.984945">
        <ele>218</ele>
      </trkpt>
      <trkpt lat="43.176194" lon="-1.9851319999999999">
        <ele>212</ele>
      </trkpt>
      <trkpt lat="43.176292" lon="-1.985241">
        <ele>209</ele>
      </trkpt>
      <trkpt lat="43.176398" lon="-1.985385">
        <ele>205</ele>
      </trkpt>
      <trkpt lat="43.176535" lon="-1.9855370000000001">
        <ele>202</ele>
      </trkpt>
      <trkpt lat="43.176607" lon="-1.985654">
        <ele>200</ele>
      </trkpt>
      <trkpt lat="43.176699" lon="-1.9858070000000001">
        <ele>198</ele>
      </trkpt>
      <trkpt lat="43.176843" lon="-1.986113">
        <ele>194</ele>
      </trkpt>
      <trkpt lat="43.176968" lon="-1.986472">
        <ele>192</ele>
      </trkpt>
      <trkpt lat="43.177112" lon="-1.9870019999999999">
        <ele>193</ele>
      </trkpt>
      <trkpt lat="43.177236" lon="-1.987352">
        <ele>195</ele>
      </trkpt>
      <trkpt lat="43.177341" lon="-1.9876659999999999">
        <ele>193</ele>
      </trkpt>
      <trkpt lat="43.17738" lon="-1.987765">
        <ele>193</ele>
      </trkpt>
      <trkpt lat="43.177406" lon="-1.9878910000000001">
        <ele>193</ele>
      </trkpt>
      <trkpt lat="43.177446" lon="-1.9881869999999999">
        <ele>192</ele>
      </trkpt>
      <trkpt lat="43.177465" lon="-1.9882949999999999">
        <ele>191</ele>
      </trkpt>
      <trkpt lat="43.177479" lon="-1.988348">
        <ele>191</ele>
      </trkpt>
      <trkpt lat="43.177505" lon="-1.9884109999999999">
        <ele>190</ele>
      </trkpt>
      <trkpt lat="43.177656" lon="-1.988583">
        <ele>187</ele>
      </trkpt>
      <trkpt lat="43.177682" lon="-1.988664">
        <ele>187</ele>
      </trkpt>
      <trkpt lat="43.177675" lon="-1.9887630000000001">
        <ele>186</ele>
      </trkpt>
      <trkpt lat="43.177649" lon="-1.9888239999999999">
        <ele>185</ele>
      </trkpt>
      <trkpt lat="43.177597" lon="-1.988942">
        <ele>184</ele>
      </trkpt>
      <trkpt lat="43.177544" lon="-1.9890859999999999">
        <ele>185</ele>
      </trkpt>
      <trkpt lat="43.177524" lon="-1.9891840000000001">
        <ele>186</ele>
      </trkpt>
      <trkpt lat="43.177491" lon="-1.9894000000000001">
        <ele>187</ele>
      </trkpt>
      <trkpt lat="43.177472" lon="-1.9896879999999999">
        <ele>188</ele>
      </trkpt>
      <trkpt lat="43.177465" lon="-1.989832">
        <ele>188</ele>
      </trkpt>
      <trkpt lat="43.177479" lon="-1.990002">
        <ele>188</ele>
      </trkpt>
      <trkpt lat="43.177531" lon="-1.990245">
        <ele>188</ele>
      </trkpt>
      <trkpt lat="43.177668" lon="-1.9905139999999999">
        <ele>188</ele>
      </trkpt>
      <trkpt lat="43.177845" lon="-1.990702">
        <ele>189</ele>
      </trkpt>
      <trkpt lat="43.177969" lon="-1.990801">
        <ele>189</ele>
      </trkpt>
      <trkpt lat="43.178061" lon="-1.990864">
        <ele>190</ele>
      </trkpt>
      <trkpt lat="43.17816" lon="-1.990945">
        <ele>192</ele>
      </trkpt>
      <trkpt lat="43.178252" lon="-1.990998">
        <ele>194</ele>
      </trkpt>
      <trkpt lat="43.178487" lon="-1.9911430000000001">
        <ele>198</ele>
      </trkpt>
      <trkpt lat="43.178684" lon="-1.991268">
        <ele>196</ele>
      </trkpt>
      <trkpt lat="43.178965" lon="-1.991493">
        <ele>192</ele>
      </trkpt>
      <trkpt lat="43.179129" lon="-1.9916370000000001">
        <ele>188</ele>
      </trkpt>
      <trkpt lat="43.179194" lon="-1.9917">
        <ele>187</ele>
      </trkpt>
      <trkpt lat="43.179319" lon="-1.9917720000000001">
        <ele>187</ele>
      </trkpt>
      <trkpt lat="43.17949" lon="-1.99187">
        <ele>188</ele>
      </trkpt>
      <trkpt lat="43.179614" lon="-1.99196">
        <ele>187</ele>
      </trkpt>
      <trkpt lat="43.179719" lon="-1.992059">
        <ele>187</ele>
      </trkpt>
      <trkpt lat="43.179811" lon="-1.9921489999999999">
        <ele>186</ele>
      </trkpt>
      <trkpt lat="43.180098" lon="-1.9924900000000001">
        <ele>181</ele>
      </trkpt>
      <trkpt lat="43.180426" lon="-1.9928220000000001">
        <ele>180</ele>
      </trkpt>
      <trkpt lat="43.180767" lon="-1.993209">
        <ele>177</ele>
      </trkpt>
      <trkpt lat="43.181003" lon="-1.9934700000000001">
        <ele>177</ele>
      </trkpt>
      <trkpt lat="43.181167" lon="-1.9936400000000001">
        <ele>177</ele>
      </trkpt>
      <trkpt lat="43.181337" lon="-1.9938199999999999">
        <ele>176</ele>
      </trkpt>
      <trkpt lat="43.181468" lon="-1.9939640000000001">
        <ele>175</ele>
      </trkpt>
      <trkpt lat="43.181572" lon="-1.9940530000000001">
        <ele>174</ele>
      </trkpt>
      <trkpt lat="43.181684" lon="-1.9941880000000001">
        <ele>173</ele>
      </trkpt>
      <trkpt lat="43.181756" lon="-1.9942770000000001">
        <ele>173</ele>
      </trkpt>
      <trkpt lat="43.181946" lon="-1.9945029999999999">
        <ele>173</ele>
      </trkpt>
      <trkpt lat="43.182162" lon="-1.994753">
        <ele>173</ele>
      </trkpt>
      <trkpt lat="43.182286" lon="-1.9948699999999999">
        <ele>173</ele>
      </trkpt>
      <trkpt lat="43.182411" lon="-1.994969">
        <ele>173</ele>
      </trkpt>
      <trkpt lat="43.182765" lon="-1.9952220000000001">
        <ele>174</ele>
      </trkpt>
      <trkpt lat="43.183053" lon="-1.9954639999999999">
        <ele>179</ele>
      </trkpt>
      <trkpt lat="43.183275" lon="-1.9956609999999999">
        <ele>178</ele>
      </trkpt>
      <trkpt lat="43.183531" lon="-1.995895">
        <ele>174</ele>
      </trkpt>
      <trkpt lat="43.18363" lon="-1.995967">
        <ele>174</ele>
      </trkpt>
      <trkpt lat="43.183754" lon="-1.99603">
        <ele>174</ele>
      </trkpt>
      <trkpt lat="43.183891" lon="-1.996057">
        <ele>177</ele>
      </trkpt>
      <trkpt lat="43.184087" lon="-1.99603">
        <ele>182</ele>
      </trkpt>
      <trkpt lat="43.184212" lon="-1.996011">
        <ele>185</ele>
      </trkpt>
      <trkpt lat="43.184363" lon="-1.9959480000000001">
        <ele>189</ele>
      </trkpt>
      <trkpt lat="43.184631" lon="-1.9958050000000001">
        <ele>192</ele>
      </trkpt>
      <trkpt lat="43.18505" lon="-1.9955540000000001">
        <ele>193</ele>
      </trkpt>
      <trkpt lat="43.185116" lon="-1.995509">
        <ele>193</ele>
      </trkpt>
      <trkpt lat="43.1853" lon="-1.995401">
        <ele>191</ele>
      </trkpt>
      <trkpt lat="43.185476" lon="-1.9952749999999999">
        <ele>188</ele>
      </trkpt>
      <trkpt lat="43.18564" lon="-1.9951490000000001">
        <ele>187</ele>
      </trkpt>
      <trkpt lat="43.185758" lon="-1.9951049999999999">
        <ele>184</ele>
      </trkpt>
      <trkpt lat="43.18585" lon="-1.9950859999999999">
        <ele>182</ele>
      </trkpt>
      <trkpt lat="43.185915" lon="-1.9950779999999999">
        <ele>181</ele>
      </trkpt>
      <trkpt lat="43.186033" lon="-1.9950859999999999">
        <ele>178</ele>
      </trkpt>
      <trkpt lat="43.18638" lon="-1.9952479999999999">
        <ele>169</ele>
      </trkpt>
      <trkpt lat="43.186819" lon="-1.9954719999999999">
        <ele>164</ele>
      </trkpt>
      <trkpt lat="43.187134" lon="-1.995652">
        <ele>160</ele>
      </trkpt>
      <trkpt lat="43.187278" lon="-1.9957510000000001">
        <ele>159</ele>
      </trkpt>
      <trkpt lat="43.187343" lon="-1.995841">
        <ele>157</ele>
      </trkpt>
      <trkpt lat="43.187395" lon="-1.9959309999999999">
        <ele>155</ele>
      </trkpt>
      <trkpt lat="43.187454" lon="-1.996164">
        <ele>150</ele>
      </trkpt>
      <trkpt lat="43.187513" lon="-1.996424">
        <ele>147</ele>
      </trkpt>
      <trkpt lat="43.187572" lon="-1.996694">
        <ele>144</ele>
      </trkpt>
      <trkpt lat="43.187612" lon="-1.996937">
        <ele>143</ele>
      </trkpt>
      <trkpt lat="43.187625" lon="-1.9971429999999999">
        <ele>143</ele>
      </trkpt>
      <trkpt lat="43.187625" lon="-1.997306">
        <ele>143</ele>
      </trkpt>
      <trkpt lat="43.187605" lon="-1.997458">
        <ele>143</ele>
      </trkpt>
      <trkpt lat="43.187586" lon="-1.997619">
        <ele>142</ele>
      </trkpt>
      <trkpt lat="43.187435" lon="-1.9982850000000001">
        <ele>137</ele>
      </trkpt>
      <trkpt lat="43.187297" lon="-1.9988049999999999">
        <ele>136</ele>
      </trkpt>
      <trkpt lat="43.187166" lon="-1.9992540000000001">
        <ele>138</ele>
      </trkpt>
      <trkpt lat="43.187114" lon="-1.9994259999999999">
        <ele>138</ele>
      </trkpt>
      <trkpt lat="43.187088" lon="-1.999533">
        <ele>138</ele>
      </trkpt>
      <trkpt lat="43.186937" lon="-1.9999370000000001">
        <ele>133</ele>
      </trkpt>
      <trkpt lat="43.186904" lon="-2.0000360000000001">
        <ele>131</ele>
      </trkpt>
      <trkpt lat="43.186813" lon="-2.000216">
        <ele>131</ele>
      </trkpt>
      <trkpt lat="43.186603" lon="-2.000683">
        <ele>130</ele>
      </trkpt>
      <trkpt lat="43.186544" lon="-2.0008889999999999">
        <ele>130</ele>
      </trkpt>
      <trkpt lat="43.186531" lon="-2.0010340000000002">
        <ele>130</ele>
      </trkpt>
      <trkpt lat="43.186505" lon="-2.0013570000000001">
        <ele>132</ele>
      </trkpt>
      <trkpt lat="43.186512" lon="-2.0015540000000001">
        <ele>134</ele>
      </trkpt>
      <trkpt lat="43.186564" lon="-2.001833">
        <ele>139</ele>
      </trkpt>
      <trkpt lat="43.186636" lon="-2.0020570000000002">
        <ele>142</ele>
      </trkpt>
      <trkpt lat="43.186714" lon="-2.0022820000000001">
        <ele>143</ele>
      </trkpt>
      <trkpt lat="43.186819" lon="-2.0024700000000002">
        <ele>144</ele>
      </trkpt>
      <trkpt lat="43.18697" lon="-2.002704">
        <ele>145</ele>
      </trkpt>
      <trkpt lat="43.187068" lon="-2.002875">
        <ele>145</ele>
      </trkpt>
      <trkpt lat="43.187186" lon="-2.003063">
        <ele>145</ele>
      </trkpt>
      <trkpt lat="43.187383" lon="-2.003422">
        <ele>144</ele>
      </trkpt>
      <trkpt lat="43.187566" lon="-2.0037910000000001">
        <ele>142</ele>
      </trkpt>
      <trkpt lat="43.187677" lon="-2.0040070000000001">
        <ele>141</ele>
      </trkpt>
      <trkpt lat="43.187847" lon="-2.0042849999999999">
        <ele>141</ele>
      </trkpt>
      <trkpt lat="43.18792" lon="-2.0043669999999998">
        <ele>142</ele>
      </trkpt>
      <trkpt lat="43.18807" lon="-2.0045099999999998">
        <ele>143</ele>
      </trkpt>
      <trkpt lat="43.188116" lon="-2.004537">
        <ele>144</ele>
      </trkpt>
      <trkpt lat="43.188346" lon="-2.00468">
        <ele>146</ele>
      </trkpt>
      <trkpt lat="43.188548" lon="-2.0048059999999999">
        <ele>145</ele>
      </trkpt>
      <trkpt lat="43.188942" lon="-2.0050759999999999">
        <ele>142</ele>
      </trkpt>
      <trkpt lat="43.189177" lon="-2.0052370000000002">
        <ele>143</ele>
      </trkpt>
      <trkpt lat="43.189276" lon="-2.0052819999999998">
        <ele>146</ele>
      </trkpt>
      <trkpt lat="43.18942" lon="-2.0052819999999998">
        <ele>151</ele>
      </trkpt>
      <trkpt lat="43.189806" lon="-2.0053000000000001">
        <ele>158</ele>
      </trkpt>
      <trkpt lat="43.190107" lon="-2.0052639999999999">
        <ele>165</ele>
      </trkpt>
      <trkpt lat="43.190343" lon="-2.0052370000000002">
        <ele>166</ele>
      </trkpt>
      <trkpt lat="43.190546" lon="-2.0052189999999999">
        <ele>163</ele>
      </trkpt>
      <trkpt lat="43.190684" lon="-2.0052020000000002">
        <ele>160</ele>
      </trkpt>
      <trkpt lat="43.190906" lon="-2.0051830000000002">
        <ele>159</ele>
      </trkpt>
      <trkpt lat="43.191142" lon="-2.0051559999999999">
        <ele>166</ele>
      </trkpt>
      <trkpt lat="43.191712" lon="-2.0052370000000002">
        <ele>168</ele>
      </trkpt>
      <trkpt lat="43.191804" lon="-2.0052819999999998">
        <ele>165</ele>
      </trkpt>
      <trkpt lat="43.191934" lon="-2.0053990000000002">
        <ele>159</ele>
      </trkpt>
      <trkpt lat="43.192052" lon="-2.0056150000000001">
        <ele>149</ele>
      </trkpt>
      <trkpt lat="43.19217" lon="-2.00583">
        <ele>139</ele>
      </trkpt>
      <trkpt lat="43.192196" lon="-2.0058850000000001">
        <ele>137</ele>
      </trkpt>
      <trkpt lat="43.192262" lon="-2.0060280000000001">
        <ele>132</ele>
      </trkpt>
      <trkpt lat="43.192341" lon="-2.006189">
        <ele>128</ele>
      </trkpt>
      <trkpt lat="43.192537" lon="-2.006548">
        <ele>121</ele>
      </trkpt>
      <trkpt lat="43.192616" lon="-2.0067010000000001">
        <ele>121</ele>
      </trkpt>
      <trkpt lat="43.192727" lon="-2.0069439999999998">
        <ele>121</ele>
      </trkpt>
      <trkpt lat="43.192858" lon="-2.0071870000000001">
        <ele>121</ele>
      </trkpt>
      <trkpt lat="43.193021" lon="-2.0074930000000002">
        <ele>120</ele>
      </trkpt>
      <trkpt lat="43.193113" lon="-2.0076269999999998">
        <ele>117</ele>
      </trkpt>
      <trkpt lat="43.193224" lon="-2.0077530000000001">
        <ele>117</ele>
      </trkpt>
      <trkpt lat="43.193395" lon="-2.0079060000000002">
        <ele>117</ele>
      </trkpt>
      <trkpt lat="43.193723" lon="-2.0081479999999998">
        <ele>122</ele>
      </trkpt>
      <trkpt lat="43.193906" lon="-2.008273">
        <ele>127</ele>
      </trkpt>
      <trkpt lat="43.194004" lon="-2.0083630000000001">
        <ele>127</ele>
      </trkpt>
      <trkpt lat="43.194109" lon="-2.008445">
        <ele>128</ele>
      </trkpt>
      <trkpt lat="43.19424" lon="-2.0085350000000002">
        <ele>130</ele>
      </trkpt>
      <trkpt lat="43.194377" lon="-2.0086149999999998">
        <ele>131</ele>
      </trkpt>
      <trkpt lat="43.194547" lon="-2.0087139999999999">
        <ele>132</ele>
      </trkpt>
      <trkpt lat="43.194757" lon="-2.008858">
        <ele>133</ele>
      </trkpt>
      <trkpt lat="43.195039" lon="-2.009074">
        <ele>129</ele>
      </trkpt>
      <trkpt lat="43.19517" lon="-2.009172">
        <ele>128</ele>
      </trkpt>
      <trkpt lat="43.195484" lon="-2.009388">
        <ele>131</ele>
      </trkpt>
      <trkpt lat="43.195674" lon="-2.0095139999999998">
        <ele>133</ele>
      </trkpt>
      <trkpt lat="43.195714" lon="-2.0095670000000001">
        <ele>132</ele>
      </trkpt>
      <trkpt lat="43.195903" lon="-2.009693">
        <ele>131</ele>
      </trkpt>
      <trkpt lat="43.196185" lon="-2.0098370000000001">
        <ele>131</ele>
      </trkpt>
      <trkpt lat="43.196355" lon="-2.0099269999999998">
        <ele>130</ele>
      </trkpt>
      <trkpt lat="43.196512" lon="-2.010043">
        <ele>127</ele>
      </trkpt>
      <trkpt lat="43.196735" lon="-2.0102060000000002">
        <ele>126</ele>
      </trkpt>
      <trkpt lat="43.196919" lon="-2.0103040000000001">
        <ele>129</ele>
      </trkpt>
      <trkpt lat="43.197298" lon="-2.0104929999999999">
        <ele>134</ele>
      </trkpt>
      <trkpt lat="43.197691" lon="-2.0106540000000002">
        <ele>132</ele>
      </trkpt>
      <trkpt lat="43.197966" lon="-2.0107889999999999">
        <ele>125</ele>
      </trkpt>
      <trkpt lat="43.198248" lon="-2.0109330000000001">
        <ele>119</ele>
      </trkpt>
      <trkpt lat="43.19866" lon="-2.0111479999999999">
        <ele>113</ele>
      </trkpt>
      <trkpt lat="43.198785" lon="-2.011193">
        <ele>113</ele>
      </trkpt>
      <trkpt lat="43.198915" lon="-2.0112019999999999">
        <ele>113</ele>
      </trkpt>
      <trkpt lat="43.199367" lon="-2.0111029999999999">
        <ele>116</ele>
      </trkpt>
      <trkpt lat="43.200284" lon="-2.0109059999999999">
        <ele>111</ele>
      </trkpt>
      <trkpt lat="43.20048" lon="-2.0108329999999999">
        <ele>114</ele>
      </trkpt>
      <trkpt lat="43.200795" lon="-2.0106359999999999">
        <ele>118</ele>
      </trkpt>
      <trkpt lat="43.201129" lon="-2.0103759999999999">
        <ele>117</ele>
      </trkpt>
      <trkpt lat="43.201188" lon="-2.010313">
        <ele>117</ele>
      </trkpt>
      <trkpt lat="43.201299" lon="-2.0102139999999999">
        <ele>115</ele>
      </trkpt>
      <trkpt lat="43.201384" lon="-2.0101239999999998">
        <ele>114</ele>
      </trkpt>
      <trkpt lat="43.201489" lon="-2.009998">
        <ele>112</ele>
      </trkpt>
      <trkpt lat="43.201725" lon="-2.0095939999999999">
        <ele>116</ele>
      </trkpt>
      <trkpt lat="43.201842" lon="-2.0093700000000001">
        <ele>121</ele>
      </trkpt>
      <trkpt lat="43.201948" lon="-2.0091809999999999">
        <ele>125</ele>
      </trkpt>
      <trkpt lat="43.202144" lon="-2.0087760000000001">
        <ele>130</ele>
      </trkpt>
      <trkpt lat="43.20236" lon="-2.008346">
        <ele>133</ele>
      </trkpt>
      <trkpt lat="43.202511" lon="-2.008067">
        <ele>134</ele>
      </trkpt>
      <trkpt lat="43.202628" lon="-2.0079060000000002">
        <ele>130</ele>
      </trkpt>
      <trkpt lat="43.202772" lon="-2.0077970000000001">
        <ele>123</ele>
      </trkpt>
      <trkpt lat="43.202877" lon="-2.0077970000000001">
        <ele>118</ele>
      </trkpt>
      <trkpt lat="43.202988" lon="-2.0077699999999998">
        <ele>113</ele>
      </trkpt>
      <trkpt lat="43.203205" lon="-2.0077430000000001">
        <ele>107</ele>
      </trkpt>
      <trkpt lat="43.205844" lon="-2.0080930000000001">
        <ele>131</ele>
      </trkpt>
      <trkpt lat="43.205981" lon="-2.0081389999999999">
        <ele>125</ele>
      </trkpt>
      <trkpt lat="43.206106" lon="-2.008229">
        <ele>119</ele>
      </trkpt>
      <trkpt lat="43.206145" lon="-2.0082559999999998">
        <ele>117</ele>
      </trkpt>
      <trkpt lat="43.206793" lon="-2.0089920000000001">
        <ele>82</ele>
      </trkpt>
      <trkpt lat="43.207009" lon="-2.009252">
        <ele>82</ele>
      </trkpt>
      <trkpt lat="43.207055" lon="-2.009315">
        <ele>83</ele>
      </trkpt>
      <trkpt lat="43.20716" lon="-2.0094509999999999">
        <ele>84</ele>
      </trkpt>
      <trkpt lat="43.207546" lon="-2.009846">
        <ele>89</ele>
      </trkpt>
      <trkpt lat="43.20786" lon="-2.0102229999999999">
        <ele>88</ele>
      </trkpt>
      <trkpt lat="43.208142" lon="-2.0105019999999998">
        <ele>89</ele>
      </trkpt>
      <trkpt lat="43.208416" lon="-2.0108069999999998">
        <ele>90</ele>
      </trkpt>
      <trkpt lat="43.208587" lon="-2.0110589999999999">
        <ele>90</ele>
      </trkpt>
      <trkpt lat="43.209019" lon="-2.0119120000000001">
        <ele>81</ele>
      </trkpt>
      <trkpt lat="43.20917" lon="-2.012127">
        <ele>81</ele>
      </trkpt>
      <trkpt lat="43.209314" lon="-2.012254">
        <ele>82</ele>
      </trkpt>
      <trkpt lat="43.209798" lon="-2.0125500000000001">
        <ele>86</ele>
      </trkpt>
      <trkpt lat="43.209936" lon="-2.0126400000000002">
        <ele>87</ele>
      </trkpt>
      <trkpt lat="43.210329" lon="-2.0128729999999999">
        <ele>89</ele>
      </trkpt>
      <trkpt lat="43.21046" lon="-2.0129269999999999">
        <ele>91</ele>
      </trkpt>
      <trkpt lat="43.210564" lon="-2.0129540000000001">
        <ele>92</ele>
      </trkpt>
      <trkpt lat="43.210663" lon="-2.012972">
        <ele>93</ele>
      </trkpt>
      <trkpt lat="43.210826" lon="-2.012972">
        <ele>95</ele>
      </trkpt>
      <trkpt lat="43.210983" lon="-2.0129359999999998">
        <ele>97</ele>
      </trkpt>
      <trkpt lat="43.211173" lon="-2.0128460000000001">
        <ele>100</ele>
      </trkpt>
      <trkpt lat="43.211645" lon="-2.012594">
        <ele>99</ele>
      </trkpt>
      <trkpt lat="43.211815" lon="-2.0125410000000001">
        <ele>98</ele>
      </trkpt>
      <trkpt lat="43.211946" lon="-2.0125310000000001">
        <ele>99</ele>
      </trkpt>
      <trkpt lat="43.211998" lon="-2.0125229999999998">
        <ele>99</ele>
      </trkpt>
      <trkpt lat="43.212083" lon="-2.0125410000000001">
        <ele>99</ele>
      </trkpt>
      <trkpt lat="43.212201" lon="-2.0125860000000002">
        <ele>99</ele>
      </trkpt>
      <trkpt lat="43.212293" lon="-2.0126300000000001">
        <ele>98</ele>
      </trkpt>
      <trkpt lat="43.212404" lon="-2.012756">
        <ele>94</ele>
      </trkpt>
      <trkpt lat="43.212869" lon="-2.0138980000000002">
        <ele>85</ele>
      </trkpt>
      <trkpt lat="43.21298" lon="-2.0141749999999998">
        <ele>82</ele>
      </trkpt>
      <trkpt lat="43.213026" lon="-2.0145249999999999">
        <ele>75</ele>
      </trkpt>
      <trkpt lat="43.212954" lon="-2.0151810000000001">
        <ele>66</ele>
      </trkpt>
      <trkpt lat="43.212902" lon="-2.015533">
        <ele>63</ele>
      </trkpt>
      <trkpt lat="43.212869" lon="-2.0157660000000002">
        <ele>62</ele>
      </trkpt>
      <trkpt lat="43.212888" lon="-2.0159989999999999">
        <ele>64</ele>
      </trkpt>
      <trkpt lat="43.212993" lon="-2.0165199999999999">
        <ele>69</ele>
      </trkpt>
      <trkpt lat="43.213" lon="-2.0165380000000002">
        <ele>70</ele>
      </trkpt>
      <trkpt lat="43.213092" lon="-2.0168710000000001">
        <ele>69</ele>
      </trkpt>
      <trkpt lat="43.213157" lon="-2.017131">
        <ele>68</ele>
      </trkpt>
      <trkpt lat="43.213229" lon="-2.0173380000000001">
        <ele>68</ele>
      </trkpt>
      <trkpt lat="43.213281" lon="-2.0175800000000002">
        <ele>68</ele>
      </trkpt>
      <trkpt lat="43.213288" lon="-2.017598">
        <ele>68</ele>
      </trkpt>
      <trkpt lat="43.213321" lon="-2.0179130000000001">
        <ele>68</ele>
      </trkpt>
      <trkpt lat="43.213327" lon="-2.0180570000000002">
        <ele>67</ele>
      </trkpt>
      <trkpt lat="43.21334" lon="-2.0184069999999998">
        <ele>64</ele>
      </trkpt>
      <trkpt lat="43.213347" lon="-2.0185590000000002">
        <ele>63</ele>
      </trkpt>
      <trkpt lat="43.213353" lon="-2.01864">
        <ele>62</ele>
      </trkpt>
      <trkpt lat="43.213366" lon="-2.0187750000000002">
        <ele>62</ele>
      </trkpt>
      <trkpt lat="43.213485" lon="-2.019072">
        <ele>63</ele>
      </trkpt>
      <trkpt lat="43.213537" lon="-2.0191249999999998">
        <ele>64</ele>
      </trkpt>
      <trkpt lat="43.213694" lon="-2.0191430000000001">
        <ele>68</ele>
      </trkpt>
      <trkpt lat="43.213733" lon="-2.0192329999999998">
        <ele>68</ele>
      </trkpt>
      <trkpt lat="43.213766" lon="-2.0192779999999999">
        <ele>69</ele>
      </trkpt>
      <trkpt lat="43.213883" lon="-2.0192779999999999">
        <ele>71</ele>
      </trkpt>
      <trkpt lat="43.214008" lon="-2.019269">
        <ele>73</ele>
      </trkpt>
      <trkpt lat="43.214093" lon="-2.0192779999999999">
        <ele>74</ele>
      </trkpt>
      <trkpt lat="43.214185" lon="-2.0192779999999999">
        <ele>75</ele>
      </trkpt>
      <trkpt lat="43.214316" lon="-2.0192960000000002">
        <ele>77</ele>
      </trkpt>
      <trkpt lat="43.214958" lon="-2.0194220000000001">
        <ele>80</ele>
      </trkpt>
      <trkpt lat="43.215344" lon="-2.019485">
        <ele>81</ele>
      </trkpt>
      <trkpt lat="43.215762" lon="-2.0195289999999999">
        <ele>81</ele>
      </trkpt>
      <trkpt lat="43.215828" lon="-2.0195289999999999">
        <ele>81</ele>
      </trkpt>
      <trkpt lat="43.215868" lon="-2.0195289999999999">
        <ele>81</ele>
      </trkpt>
      <trkpt lat="43.215913" lon="-2.0195289999999999">
        <ele>81</ele>
      </trkpt>
      <trkpt lat="43.215933" lon="-2.0195479999999999">
        <ele>81</ele>
      </trkpt>
      <trkpt lat="43.216064" lon="-2.0195379999999998">
        <ele>81</ele>
      </trkpt>
      <trkpt lat="43.21609" lon="-2.0195379999999998">
        <ele>81</ele>
      </trkpt>
      <trkpt lat="43.216149" lon="-2.0195379999999998">
        <ele>80</ele>
      </trkpt>
      <trkpt lat="43.216202" lon="-2.0195379999999998">
        <ele>80</ele>
      </trkpt>
      <trkpt lat="43.21626" lon="-2.0195379999999998">
        <ele>79</ele>
      </trkpt>
      <trkpt lat="43.216339" lon="-2.0195379999999998">
        <ele>79</ele>
      </trkpt>
      <trkpt lat="43.216397" lon="-2.0195289999999999">
        <ele>78</ele>
      </trkpt>
      <trkpt lat="43.216418" lon="-2.0195210000000001">
        <ele>78</ele>
      </trkpt>
      <trkpt lat="43.216437" lon="-2.0195210000000001">
        <ele>78</ele>
      </trkpt>
      <trkpt lat="43.216444" lon="-2.0195210000000001">
        <ele>78</ele>
      </trkpt>
      <trkpt lat="43.216463" lon="-2.0195210000000001">
        <ele>78</ele>
      </trkpt>
      <trkpt lat="43.216738" lon="-2.0195020000000001">
        <ele>78</ele>
      </trkpt>
      <trkpt lat="43.216987" lon="-2.0194939999999999">
        <ele>81</ele>
      </trkpt>
      <trkpt lat="43.21719" lon="-2.0195020000000001">
        <ele>82</ele>
      </trkpt>
      <trkpt lat="43.217223" lon="-2.0194939999999999">
        <ele>82</ele>
      </trkpt>
      <trkpt lat="43.217425" lon="-2.019485">
        <ele>83</ele>
      </trkpt>
      <trkpt lat="43.217498" lon="-2.019485">
        <ele>83</ele>
      </trkpt>
      <trkpt lat="43.217609" lon="-2.0194749999999999">
        <ele>84</ele>
      </trkpt>
      <trkpt lat="43.217648" lon="-2.0194749999999999">
        <ele>84</ele>
      </trkpt>
      <trkpt lat="43.217667" lon="-2.019466">
        <ele>84</ele>
      </trkpt>
      <trkpt lat="43.217779" lon="-2.0194749999999999">
        <ele>84</ele>
      </trkpt>
      <trkpt lat="43.217877" lon="-2.019466">
        <ele>84</ele>
      </trkpt>
      <trkpt lat="43.217884" lon="-2.019466">
        <ele>84</ele>
      </trkpt>
      <trkpt lat="43.217969" lon="-2.0194580000000002">
        <ele>84</ele>
      </trkpt>
      <trkpt lat="43.218021" lon="-2.0194489999999998">
        <ele>84</ele>
      </trkpt>
      <trkpt lat="43.218048" lon="-2.0194489999999998">
        <ele>84</ele>
      </trkpt>
      <trkpt lat="43.218054" lon="-2.0194489999999998">
        <ele>84</ele>
      </trkpt>
      <trkpt lat="43.218119" lon="-2.0194390000000002">
        <ele>84</ele>
      </trkpt>
      <trkpt lat="43.218178" lon="-2.0194390000000002">
        <ele>84</ele>
      </trkpt>
      <trkpt lat="43.218191" lon="-2.0194390000000002">
        <ele>84</ele>
      </trkpt>
      <trkpt lat="43.218244" lon="-2.0194390000000002">
        <ele>84</ele>
      </trkpt>
      <trkpt lat="43.21825" lon="-2.0194390000000002">
        <ele>84</ele>
      </trkpt>
      <trkpt lat="43.218302" lon="-2.0194489999999998">
        <ele>84</ele>
      </trkpt>
      <trkpt lat="43.218388" lon="-2.0194580000000002">
        <ele>84</ele>
      </trkpt>
      <trkpt lat="43.218545" lon="-2.0194220000000001">
        <ele>85</ele>
      </trkpt>
      <trkpt lat="43.218617" lon="-2.0194040000000002">
        <ele>86</ele>
      </trkpt>
      <trkpt lat="43.218663" lon="-2.0193949999999998">
        <ele>86</ele>
      </trkpt>
      <trkpt lat="43.218781" lon="-2.0193590000000001">
        <ele>87</ele>
      </trkpt>
      <trkpt lat="43.218853" lon="-2.0193490000000001">
        <ele>87</ele>
      </trkpt>
      <trkpt lat="43.218937" lon="-2.0193319999999999">
        <ele>87</ele>
      </trkpt>
      <trkpt lat="43.218958" lon="-2.019323">
        <ele>87</ele>
      </trkpt>
      <trkpt lat="43.219102" lon="-2.019269">
        <ele>86</ele>
      </trkpt>
      <trkpt lat="43.219128" lon="-2.0192510000000001">
        <ele>85</ele>
      </trkpt>
      <trkpt lat="43.219232" lon="-2.0191430000000001">
        <ele>85</ele>
      </trkpt>
      <trkpt lat="43.219285" lon="-2.019072">
        <ele>85</ele>
      </trkpt>
      <trkpt lat="43.219337" lon="-2.0189900000000001">
        <ele>86</ele>
      </trkpt>
      <trkpt lat="43.219363" lon="-2.0189550000000001">
        <ele>86</ele>
      </trkpt>
      <trkpt lat="43.219416" lon="-2.0188830000000002">
        <ele>86</ele>
      </trkpt>
      <trkpt lat="43.219396" lon="-2.0186670000000002">
        <ele>86</ele>
      </trkpt>
      <trkpt lat="43.219389" lon="-2.0185770000000001">
        <ele>87</ele>
      </trkpt>
      <trkpt lat="43.219468" lon="-2.0185499999999998">
        <ele>86</ele>
      </trkpt>
      <trkpt lat="43.219527" lon="-2.0184959999999998">
        <ele>85</ele>
      </trkpt>
      <trkpt lat="43.220064" lon="-2.0176609999999999">
        <ele>83</ele>
      </trkpt>
      <trkpt lat="43.220273" lon="-2.017347">
        <ele>80</ele>
      </trkpt>
      <trkpt lat="43.220384" lon="-2.0171579999999998">
        <ele>77</ele>
      </trkpt>
      <trkpt lat="43.220456" lon="-2.0170409999999999">
        <ele>75</ele>
      </trkpt>
      <trkpt lat="43.220489" lon="-2.0168349999999999">
        <ele>74</ele>
      </trkpt>
      <trkpt lat="43.220718" lon="-2.0164219999999999">
        <ele>65</ele>
      </trkpt>
      <trkpt lat="43.220941" lon="-2.016035">
        <ele>66</ele>
      </trkpt>
      <trkpt lat="43.22098" lon="-2.0159820000000002">
        <ele>66</ele>
      </trkpt>
      <trkpt lat="43.22102" lon="-2.0158999999999998">
        <ele>67</ele>
      </trkpt>
      <trkpt lat="43.221766" lon="-2.0145979999999999">
        <ele>69</ele>
      </trkpt>
      <trkpt lat="43.221982" lon="-2.014221">
        <ele>68</ele>
      </trkpt>
      <trkpt lat="43.222342" lon="-2.0135730000000001">
        <ele>78</ele>
      </trkpt>
      <trkpt lat="43.223075" lon="-2.0122800000000001">
        <ele>73</ele>
      </trkpt>
      <trkpt lat="43.223206" lon="-2.0120550000000001">
        <ele>70</ele>
      </trkpt>
      <trkpt lat="43.22337" lon="-2.0117769999999999">
        <ele>64</ele>
      </trkpt>
      <trkpt lat="43.223513" lon="-2.0115980000000002">
        <ele>60</ele>
      </trkpt>
      <trkpt lat="43.223598" lon="-2.0114809999999999">
        <ele>59</ele>
      </trkpt>
      <trkpt lat="43.223978" lon="-2.0110679999999999">
        <ele>66</ele>
      </trkpt>
      <trkpt lat="43.224011" lon="-2.0110130000000002">
        <ele>68</ele>
      </trkpt>
      <trkpt lat="43.224561" lon="-2.0103569999999999">
        <ele>83</ele>
      </trkpt>
      <trkpt lat="43.224829" lon="-2.0100340000000001">
        <ele>82</ele>
      </trkpt>
      <trkpt lat="43.225032" lon="-2.0097909999999999">
        <ele>79</ele>
      </trkpt>
      <trkpt lat="43.225084" lon="-2.0097109999999998">
        <ele>78</ele>
      </trkpt>
      <trkpt lat="43.225157" lon="-2.0095670000000001">
        <ele>77</ele>
      </trkpt>
      <trkpt lat="43.225333" lon="-2.009074">
        <ele>77</ele>
      </trkpt>
      <trkpt lat="43.225359" lon="-2.0091009999999998">
        <ele>76</ele>
      </trkpt>
      <trkpt lat="43.225222" lon="-2.009531">
        <ele>76</ele>
      </trkpt>
      <trkpt lat="43.225229" lon="-2.009585">
        <ele>76</ele>
      </trkpt>
      <trkpt lat="43.2253" lon="-2.0097010000000002">
        <ele>72</ele>
      </trkpt>
      <trkpt lat="43.225359" lon="-2.0097559999999999">
        <ele>69</ele>
      </trkpt>
      <trkpt lat="43.225432" lon="-2.0096039999999999">
        <ele>70</ele>
      </trkpt>
      <trkpt lat="43.225864" lon="-2.0086330000000001">
        <ele>65</ele>
      </trkpt>
      <trkpt lat="43.226204" lon="-2.0078960000000001">
        <ele>63</ele>
      </trkpt>
      <trkpt lat="43.226623" lon="-2.0069900000000001">
        <ele>63</ele>
      </trkpt>
      <trkpt lat="43.226708" lon="-2.0067819999999998">
        <ele>62</ele>
      </trkpt>
      <trkpt lat="43.226767" lon="-2.0066299999999999">
        <ele>61</ele>
      </trkpt>
      <trkpt lat="43.2268" lon="-2.0065219999999999">
        <ele>61</ele>
      </trkpt>
      <trkpt lat="43.226826" lon="-2.006405">
        <ele>61</ele>
      </trkpt>
      <trkpt lat="43.226845" lon="-2.0062609999999999">
        <ele>60</ele>
      </trkpt>
      <trkpt lat="43.226826" lon="-2.0062519999999999">
        <ele>60</ele>
      </trkpt>
      <trkpt lat="43.2268" lon="-2.0062250000000001">
        <ele>60</ele>
      </trkpt>
      <trkpt lat="43.226774" lon="-2.0061810000000002">
        <ele>60</ele>
      </trkpt>
      <trkpt lat="43.226767" lon="-2.0061089999999999">
        <ele>60</ele>
      </trkpt>
      <trkpt lat="43.226774" lon="-2.0060639999999998">
        <ele>60</ele>
      </trkpt>
      <trkpt lat="43.226786" lon="-2.0060359999999999">
        <ele>60</ele>
      </trkpt>
      <trkpt lat="43.226819" lon="-2.0060009999999999">
        <ele>60</ele>
      </trkpt>
      <trkpt lat="43.226859" lon="-2.0059830000000001">
        <ele>60</ele>
      </trkpt>
      <trkpt lat="43.226898" lon="-2.0059830000000001">
        <ele>60</ele>
      </trkpt>
      <trkpt lat="43.226937" lon="-2.00583">
        <ele>61</ele>
      </trkpt>
      <trkpt lat="43.226976" lon="-2.0058479999999999">
        <ele>61</ele>
      </trkpt>
      <trkpt lat="43.227016" lon="-2.0057399999999999">
        <ele>62</ele>
      </trkpt>
      <trkpt lat="43.227101" lon="-2.0055960000000002">
        <ele>64</ele>
      </trkpt>
      <trkpt lat="43.227179" lon="-2.0054620000000001">
        <ele>65</ele>
      </trkpt>
      <trkpt lat="43.227271" lon="-2.0053459999999999">
        <ele>66</ele>
      </trkpt>
      <trkpt lat="43.227592" lon="-2.0050219999999999">
        <ele>67</ele>
      </trkpt>
      <trkpt lat="43.228593" lon="-2.0039709999999999">
        <ele>70</ele>
      </trkpt>
      <trkpt lat="43.229064" lon="-2.003476">
        <ele>69</ele>
      </trkpt>
      <trkpt lat="43.229372" lon="-2.0031620000000001">
        <ele>70</ele>
      </trkpt>
      <trkpt lat="43.22964" lon="-2.002929">
        <ele>71</ele>
      </trkpt>
      <trkpt lat="43.229797" lon="-2.002713">
        <ele>71</ele>
      </trkpt>
      <trkpt lat="43.23019" lon="-2.0023">
        <ele>74</ele>
      </trkpt>
      <trkpt lat="43.230622" lon="-2.0018509999999998">
        <ele>77</ele>
      </trkpt>
      <trkpt lat="43.230694" lon="-2.0018060000000002">
        <ele>77</ele>
      </trkpt>
      <trkpt lat="43.230773" lon="-2.001725">
        <ele>78</ele>
      </trkpt>
      <trkpt lat="43.231067" lon="-2.0014280000000002">
        <ele>79</ele>
      </trkpt>
      <trkpt lat="43.231231" lon="-2.001258">
        <ele>79</ele>
      </trkpt>
      <trkpt lat="43.231342" lon="-2.0011510000000001">
        <ele>79</ele>
      </trkpt>
      <trkpt lat="43.231499" lon="-2.0010240000000001">
        <ele>78</ele>
      </trkpt>
      <trkpt lat="43.231643" lon="-2.0009160000000001">
        <ele>78</ele>
      </trkpt>
      <trkpt lat="43.231787" lon="-2.0008349999999999">
        <ele>78</ele>
      </trkpt>
      <trkpt lat="43.232075" lon="-2.0006650000000001">
        <ele>79</ele>
      </trkpt>
      <trkpt lat="43.232219" lon="-2.0005579999999998">
        <ele>80</ele>
      </trkpt>
      <trkpt lat="43.232304" lon="-2.0004680000000001">
        <ele>80</ele>
      </trkpt>
      <trkpt lat="43.232357" lon="-2.0003500000000001">
        <ele>80</ele>
      </trkpt>
      <trkpt lat="43.232376" lon="-2.0001890000000002">
        <ele>81</ele>
      </trkpt>
      <trkpt lat="43.232369" lon="-1.999992">
        <ele>83</ele>
      </trkpt>
      <trkpt lat="43.232369" lon="-1.9999560000000001">
        <ele>84</ele>
      </trkpt>
      <trkpt lat="43.232383" lon="-1.999919">
        <ele>84</ele>
      </trkpt>
      <trkpt lat="43.232428" lon="-1.9999290000000001">
        <ele>84</ele>
      </trkpt>
      <trkpt lat="43.232474" lon="-1.9999100000000001">
        <ele>84</ele>
      </trkpt>
      <trkpt lat="43.232527" lon="-1.9998199999999999">
        <ele>85</ele>
      </trkpt>
      <trkpt lat="43.232585" lon="-1.9997400000000001">
        <ele>85</ele>
      </trkpt>
      <trkpt lat="43.232611" lon="-1.9997400000000001">
        <ele>85</ele>
      </trkpt>
      <trkpt lat="43.232644" lon="-1.999784">
        <ele>84</ele>
      </trkpt>
      <trkpt lat="43.232697" lon="-1.9998659999999999">
        <ele>83</ele>
      </trkpt>
      <trkpt lat="43.232756" lon="-1.9999370000000001">
        <ele>82</ele>
      </trkpt>
      <trkpt lat="43.232834" lon="-1.999973">
        <ele>82</ele>
      </trkpt>
      <trkpt lat="43.232919" lon="-2">
        <ele>82</ele>
      </trkpt>
      <trkpt lat="43.232971" lon="-2.0000089999999999">
        <ele>82</ele>
      </trkpt>
      <trkpt lat="43.233018" lon="-2.0000089999999999">
        <ele>82</ele>
      </trkpt>
      <trkpt lat="43.233076" lon="-2">
        <ele>83</ele>
      </trkpt>
      <trkpt lat="43.233155" lon="-1.9999640000000001">
        <ele>83</ele>
      </trkpt>
      <trkpt lat="43.233325" lon="-1.9998659999999999">
        <ele>84</ele>
      </trkpt>
      <trkpt lat="43.233436" lon="-1.9998199999999999">
        <ele>84</ele>
      </trkpt>
      <trkpt lat="43.233535" lon="-1.9997929999999999">
        <ele>85</ele>
      </trkpt>
      <trkpt lat="43.23362" lon="-1.9997929999999999">
        <ele>85</ele>
      </trkpt>
      <trkpt lat="43.233718" lon="-1.9998119999999999">
        <ele>85</ele>
      </trkpt>
      <trkpt lat="43.233894" lon="-1.9998659999999999">
        <ele>87</ele>
      </trkpt>
      <trkpt lat="43.234019" lon="-1.9999100000000001">
        <ele>89</ele>
      </trkpt>
      <trkpt lat="43.23415" lon="-1.9999370000000001">
        <ele>91</ele>
      </trkpt>
      <trkpt lat="43.234248" lon="-1.9999370000000001">
        <ele>92</ele>
      </trkpt>
      <trkpt lat="43.234339" lon="-1.999919">
        <ele>92</ele>
      </trkpt>
      <trkpt lat="43.234425" lon="-1.9999020000000001">
        <ele>92</ele>
      </trkpt>
      <trkpt lat="43.234522" lon="-1.9998659999999999">
        <ele>93</ele>
      </trkpt>
      <trkpt lat="43.234706" lon="-1.999749">
        <ele>93</ele>
      </trkpt>
      <trkpt lat="43.235001" lon="-1.999587">
        <ele>96</ele>
      </trkpt>
      <trkpt lat="43.235131" lon="-1.9995160000000001">
        <ele>98</ele>
      </trkpt>
      <trkpt lat="43.235262" lon="-1.9994069999999999">
        <ele>100</ele>
      </trkpt>
      <trkpt lat="43.235328" lon="-1.999363">
        <ele>100</ele>
      </trkpt>
      <trkpt lat="43.235373" lon="-1.999317">
        <ele>101</ele>
      </trkpt>
      <trkpt lat="43.235413" lon="-1.9992270000000001">
        <ele>102</ele>
      </trkpt>
      <trkpt lat="43.235439" lon="-1.999201">
        <ele>103</ele>
      </trkpt>
      <trkpt lat="43.235465" lon="-1.999174">
        <ele>103</ele>
      </trkpt>
      <trkpt lat="43.235485" lon="-1.9992639999999999">
        <ele>102</ele>
      </trkpt>
      <trkpt lat="43.235518" lon="-1.9992540000000001">
        <ele>102</ele>
      </trkpt>
      <trkpt lat="43.23555" lon="-1.9992639999999999">
        <ele>102</ele>
      </trkpt>
      <trkpt lat="43.235577" lon="-1.99929">
        <ele>102</ele>
      </trkpt>
      <trkpt lat="43.235596" lon="-1.9993270000000001">
        <ele>101</ele>
      </trkpt>
      <trkpt lat="43.235949" lon="-1.999128">
        <ele>102</ele>
      </trkpt>
      <trkpt lat="43.236238" lon="-1.9989939999999999">
        <ele>102</ele>
      </trkpt>
      <trkpt lat="43.236964" lon="-1.9986440000000001">
        <ele>103</ele>
      </trkpt>
      <trkpt lat="43.237167" lon="-1.998535">
        <ele>104</ele>
      </trkpt>
      <trkpt lat="43.237331" lon="-1.9983839999999999">
        <ele>104</ele>
      </trkpt>
      <trkpt lat="43.237848" lon="-1.9977819999999999">
        <ele>101</ele>
      </trkpt>
      <trkpt lat="43.237998" lon="-1.9976290000000001">
        <ele>100</ele>
      </trkpt>
      <trkpt lat="43.238312" lon="-1.9973860000000001">
        <ele>98</ele>
      </trkpt>
      <trkpt lat="43.239509" lon="-1.9965599999999999">
        <ele>86</ele>
      </trkpt>
      <trkpt lat="43.239909" lon="-1.9963979999999999">
        <ele>83</ele>
      </trkpt>
      <trkpt lat="43.240184" lon="-1.99621">
        <ele>81</ele>
      </trkpt>
      <trkpt lat="43.240184" lon="-1.9961199999999999">
        <ele>81</ele>
      </trkpt>
      <trkpt lat="43.240197" lon="-1.996038">
        <ele>81</ele>
      </trkpt>
      <trkpt lat="43.240229" lon="-1.9959579999999999">
        <ele>80</ele>
      </trkpt>
      <trkpt lat="43.240275" lon="-1.9959039999999999">
        <ele>80</ele>
      </trkpt>
      <trkpt lat="43.240334" lon="-1.995859">
        <ele>79</ele>
      </trkpt>
      <trkpt lat="43.2404" lon="-1.995851">
        <ele>79</ele>
      </trkpt>
      <trkpt lat="43.240465" lon="-1.995859">
        <ele>79</ele>
      </trkpt>
      <trkpt lat="43.240818" lon="-1.995706">
        <ele>77</ele>
      </trkpt>
      <trkpt lat="43.240943" lon="-1.995608">
        <ele>76</ele>
      </trkpt>
      <trkpt lat="43.241048" lon="-1.9955179999999999">
        <ele>76</ele>
      </trkpt>
      <trkpt lat="43.241166" lon="-1.995428">
        <ele>75</ele>
      </trkpt>
      <trkpt lat="43.241381" lon="-1.9953190000000001">
        <ele>74</ele>
      </trkpt>
      <trkpt lat="43.24165" lon="-1.995239">
        <ele>74</ele>
      </trkpt>
      <trkpt lat="43.242278" lon="-1.9950589999999999">
        <ele>72</ele>
      </trkpt>
      <trkpt lat="43.242356" lon="-1.9950319999999999">
        <ele>71</ele>
      </trkpt>
      <trkpt lat="43.242415" lon="-1.994996">
        <ele>69</ele>
      </trkpt>
      <trkpt lat="43.242395" lon="-1.9949330000000001">
        <ele>69</ele>
      </trkpt>
      <trkpt lat="43.242507" lon="-1.9948619999999999">
        <ele>67</ele>
      </trkpt>
      <trkpt lat="43.242566" lon="-1.9947630000000001">
        <ele>65</ele>
      </trkpt>
      <trkpt lat="43.242611" lon="-1.9947189999999999">
        <ele>64</ele>
      </trkpt>
      <trkpt lat="43.242749" lon="-1.9947090000000001">
        <ele>62</ele>
      </trkpt>
      <trkpt lat="43.242814" lon="-1.994664">
        <ele>61</ele>
      </trkpt>
      <trkpt lat="43.243443" lon="-1.994251">
        <ele>57</ele>
      </trkpt>
      <trkpt lat="43.243842" lon="-1.9939899999999999">
        <ele>58</ele>
      </trkpt>
      <trkpt lat="43.244188" lon="-1.9937659999999999">
        <ele>58</ele>
      </trkpt>
      <trkpt lat="43.244398" lon="-1.9936480000000001">
        <ele>57</ele>
      </trkpt>
      <trkpt lat="43.244693" lon="-1.993514">
        <ele>57</ele>
      </trkpt>
      <trkpt lat="43.244725" lon="-1.9934780000000001">
        <ele>57</ele>
      </trkpt>
      <trkpt lat="43.244745" lon="-1.9934069999999999">
        <ele>57</ele>
      </trkpt>
      <trkpt lat="43.244738" lon="-1.9933080000000001">
        <ele>58</ele>
      </trkpt>
      <trkpt lat="43.244803" lon="-1.9932620000000001">
        <ele>58</ele>
      </trkpt>
      <trkpt lat="43.244745" lon="-1.9931190000000001">
        <ele>59</ele>
      </trkpt>
      <trkpt lat="43.244712" lon="-1.9930110000000001">
        <ele>60</ele>
      </trkpt>
      <trkpt lat="43.244699" lon="-1.992931">
        <ele>61</ele>
      </trkpt>
      <trkpt lat="43.244699" lon="-1.9928410000000001">
        <ele>61</ele>
      </trkpt>
      <trkpt lat="43.244712" lon="-1.992769">
        <ele>62</ele>
      </trkpt>
      <trkpt lat="43.244732" lon="-1.992696">
        <ele>63</ele>
      </trkpt>
      <trkpt lat="43.244758" lon="-1.9926250000000001">
        <ele>63</ele>
      </trkpt>
      <trkpt lat="43.24498" lon="-1.9924900000000001">
        <ele>63</ele>
      </trkpt>
      <trkpt lat="43.245432" lon="-1.9922029999999999">
        <ele>60</ele>
      </trkpt>
      <trkpt lat="43.245589" lon="-1.9920690000000001">
        <ele>59</ele>
      </trkpt>
      <trkpt lat="43.245778" lon="-1.991879">
        <ele>59</ele>
      </trkpt>
      <trkpt lat="43.245818" lon="-1.991843">
        <ele>59</ele>
      </trkpt>
      <trkpt lat="43.245805" lon="-1.9918260000000001">
        <ele>59</ele>
      </trkpt>
      <trkpt lat="43.245792" lon="-1.9917899999999999">
        <ele>60</ele>
      </trkpt>
      <trkpt lat="43.245785" lon="-1.991727">
        <ele>60</ele>
      </trkpt>
      <trkpt lat="43.245798" lon="-1.99169">
        <ele>60</ele>
      </trkpt>
      <trkpt lat="43.245825" lon="-1.991654">
        <ele>60</ele>
      </trkpt>
      <trkpt lat="43.245759" lon="-1.99143">
        <ele>59</ele>
      </trkpt>
      <trkpt lat="43.245674" lon="-1.991187">
        <ele>56</ele>
      </trkpt>
      <trkpt lat="43.245595" lon="-1.9909809999999999">
        <ele>52</ele>
      </trkpt>
      <trkpt lat="43.245497" lon="-1.990702">
        <ele>48</ele>
      </trkpt>
      <trkpt lat="43.245478" lon="-1.9906219999999999">
        <ele>47</ele>
      </trkpt>
      <trkpt lat="43.245399" lon="-1.990335">
        <ele>46</ele>
      </trkpt>
      <trkpt lat="43.245386" lon="-1.990289">
        <ele>46</ele>
      </trkpt>
      <trkpt lat="43.245327" lon="-1.9901359999999999">
        <ele>46</ele>
      </trkpt>
      <trkpt lat="43.245222" lon="-1.989832">
        <ele>48</ele>
      </trkpt>
      <trkpt lat="43.245131" lon="-1.9896160000000001">
        <ele>50</ele>
      </trkpt>
      <trkpt lat="43.245066" lon="-1.9895080000000001">
        <ele>52</ele>
      </trkpt>
      <trkpt lat="43.245151" lon="-1.9894989999999999">
        <ele>51</ele>
      </trkpt>
      <trkpt lat="43.245255" lon="-1.989436">
        <ele>51</ele>
      </trkpt>
      <trkpt lat="43.245452" lon="-1.9893099999999999">
        <ele>51</ele>
      </trkpt>
      <trkpt lat="43.2461" lon="-1.9888790000000001">
        <ele>51</ele>
      </trkpt>
      <trkpt lat="43.247028" lon="-1.9882500000000001">
        <ele>49</ele>
      </trkpt>
      <trkpt lat="43.247277" lon="-1.9881070000000001">
        <ele>48</ele>
      </trkpt>
      <trkpt lat="43.247571" lon="-1.9879720000000001">
        <ele>45</ele>
      </trkpt>
      <trkpt lat="43.247696" lon="-1.987908">
        <ele>44</ele>
      </trkpt>
      <trkpt lat="43.247754" lon="-1.9878279999999999">
        <ele>44</ele>
      </trkpt>
      <trkpt lat="43.24784" lon="-1.9878720000000001">
        <ele>43</ele>
      </trkpt>
      <trkpt lat="43.247931" lon="-1.987908">
        <ele>43</ele>
      </trkpt>
      <trkpt lat="43.247964" lon="-1.9879">
        <ele>43</ele>
      </trkpt>
      <trkpt lat="43.24799" lon="-1.9879">
        <ele>43</ele>
      </trkpt>
      <trkpt lat="43.248174" lon="-1.9878450000000001">
        <ele>42</ele>
      </trkpt>
      <trkpt lat="43.248664" lon="-1.9876210000000001">
        <ele>41</ele>
      </trkpt>
      <trkpt lat="43.249482" lon="-1.98719">
        <ele>37</ele>
      </trkpt>
      <trkpt lat="43.249593" lon="-1.987128">
        <ele>38</ele>
      </trkpt>
      <trkpt lat="43.249698" lon="-1.9870650000000001">
        <ele>39</ele>
      </trkpt>
      <trkpt lat="43.24994" lon="-1.986885">
        <ele>39</ele>
      </trkpt>
      <trkpt lat="43.250241" lon="-1.9866159999999999">
        <ele>40</ele>
      </trkpt>
      <trkpt lat="43.250555" lon="-1.98631">
        <ele>44</ele>
      </trkpt>
      <trkpt lat="43.250758" lon="-1.986094">
        <ele>46</ele>
      </trkpt>
      <trkpt lat="43.251268" lon="-1.985501">
        <ele>48</ele>
      </trkpt>
      <trkpt lat="43.251478" lon="-1.985241">
        <ele>51</ele>
      </trkpt>
      <trkpt lat="43.251583" lon="-1.985061">
        <ele>49</ele>
      </trkpt>
      <trkpt lat="43.251694" lon="-1.9848190000000001">
        <ele>46</ele>
      </trkpt>
      <trkpt lat="43.251785" lon="-1.9845489999999999">
        <ele>44</ele>
      </trkpt>
      <trkpt lat="43.251831" lon="-1.984388">
        <ele>43</ele>
      </trkpt>
      <trkpt lat="43.251851" lon="-1.984235">
        <ele>43</ele>
      </trkpt>
      <trkpt lat="43.251896" lon="-1.9840370000000001">
        <ele>42</ele>
      </trkpt>
      <trkpt lat="43.251949" lon="-1.983884">
        <ele>42</ele>
      </trkpt>
      <trkpt lat="43.251995" lon="-1.9837940000000001">
        <ele>41</ele>
      </trkpt>
      <trkpt lat="43.2521" lon="-1.9836689999999999">
        <ele>40</ele>
      </trkpt>
      <trkpt lat="43.252152" lon="-1.983587">
        <ele>40</ele>
      </trkpt>
      <trkpt lat="43.252178" lon="-1.983463">
        <ele>40</ele>
      </trkpt>
      <trkpt lat="43.252198" lon="-1.9833540000000001">
        <ele>41</ele>
      </trkpt>
      <trkpt lat="43.252198" lon="-1.983166">
        <ele>42</ele>
      </trkpt>
      <trkpt lat="43.252381" lon="-1.98322">
        <ele>40</ele>
      </trkpt>
      <trkpt lat="43.252558" lon="-1.983274">
        <ele>39</ele>
      </trkpt>
      <trkpt lat="43.252885" lon="-1.9832829999999999">
        <ele>36</ele>
      </trkpt>
      <trkpt lat="43.253042" lon="-1.9832829999999999">
        <ele>34</ele>
      </trkpt>
      <trkpt lat="43.253172" lon="-1.9832369999999999">
        <ele>34</ele>
      </trkpt>
      <trkpt lat="43.253382" lon="-1.9831209999999999">
        <ele>35</ele>
      </trkpt>
      <trkpt lat="43.253637" lon="-1.9828870000000001">
        <ele>36</ele>
      </trkpt>
      <trkpt lat="43.253742" lon="-1.982834">
        <ele>36</ele>
      </trkpt>
      <trkpt lat="43.25384" lon="-1.98278">
        <ele>36</ele>
      </trkpt>
      <trkpt lat="43.254226" lon="-1.982402">
        <ele>41</ele>
      </trkpt>
      <trkpt lat="43.254664" lon="-1.981935">
        <ele>48</ele>
      </trkpt>
      <trkpt lat="43.254848" lon="-1.9817290000000001">
        <ele>50</ele>
      </trkpt>
      <trkpt lat="43.255155" lon="-1.9814320000000001">
        <ele>49</ele>
      </trkpt>
      <trkpt lat="43.255764" lon="-1.980758">
        <ele>47</ele>
      </trkpt>
      <trkpt lat="43.256215" lon="-1.980165">
        <ele>37</ele>
      </trkpt>
      <trkpt lat="43.256679" lon="-1.979536">
        <ele>26</ele>
      </trkpt>
      <trkpt lat="43.256882" lon="-1.979177">
        <ele>26</ele>
      </trkpt>
      <trkpt lat="43.256934" lon="-1.979096">
        <ele>26</ele>
      </trkpt>
      <trkpt lat="43.257105" lon="-1.978953">
        <ele>26</ele>
      </trkpt>
      <trkpt lat="43.257229" lon="-1.978845">
        <ele>25</ele>
      </trkpt>
      <trkpt lat="43.257471" lon="-1.978423">
        <ele>25</ele>
      </trkpt>
      <trkpt lat="43.257556" lon="-1.9779739999999999">
        <ele>30</ele>
      </trkpt>
      <trkpt lat="43.257654" lon="-1.977884">
        <ele>31</ele>
      </trkpt>
      <trkpt lat="43.257758" lon="-1.977838">
        <ele>31</ele>
      </trkpt>
      <trkpt lat="43.257942" lon="-1.977614">
        <ele>34</ele>
      </trkpt>
      <trkpt lat="43.258086" lon="-1.977444">
        <ele>36</ele>
      </trkpt>
      <trkpt lat="43.258164" lon="-1.9773540000000001">
        <ele>36</ele>
      </trkpt>
      <trkpt lat="43.258295" lon="-1.9771920000000001">
        <ele>36</ele>
      </trkpt>
      <trkpt lat="43.258367" lon="-1.977147">
        <ele>36</ele>
      </trkpt>
      <trkpt lat="43.258452" lon="-1.9771019999999999">
        <ele>35</ele>
      </trkpt>
      <trkpt lat="43.258596" lon="-1.977039">
        <ele>35</ele>
      </trkpt>
      <trkpt lat="43.258701" lon="-1.9769680000000001">
        <ele>35</ele>
      </trkpt>
      <trkpt lat="43.258773" lon="-1.9768859999999999">
        <ele>36</ele>
      </trkpt>
      <trkpt lat="43.258943" lon="-1.9767790000000001">
        <ele>36</ele>
      </trkpt>
      <trkpt lat="43.259041" lon="-1.9767159999999999">
        <ele>36</ele>
      </trkpt>
      <trkpt lat="43.259099" lon="-1.9766619999999999">
        <ele>36</ele>
      </trkpt>
      <trkpt lat="43.259139" lon="-1.976599">
        <ele>36</ele>
      </trkpt>
      <trkpt lat="43.259224" lon="-1.9764379999999999">
        <ele>36</ele>
      </trkpt>
      <trkpt lat="43.259329" lon="-1.9762759999999999">
        <ele>36</ele>
      </trkpt>
      <trkpt lat="43.259407" lon="-1.9761770000000001">
        <ele>36</ele>
      </trkpt>
      <trkpt lat="43.259512" lon="-1.9760690000000001">
        <ele>35</ele>
      </trkpt>
      <trkpt lat="43.259545" lon="-1.9760329999999999">
        <ele>35</ele>
      </trkpt>
      <trkpt lat="43.259649" lon="-1.9759530000000001">
        <ele>34</ele>
      </trkpt>
      <trkpt lat="43.259688" lon="-1.975943">
        <ele>34</ele>
      </trkpt>
      <trkpt lat="43.259787" lon="-1.9759340000000001">
        <ele>32</ele>
      </trkpt>
      <trkpt lat="43.259983" lon="-1.9758629999999999">
        <ele>31</ele>
      </trkpt>
      <trkpt lat="43.260146" lon="-1.975773">
        <ele>30</ele>
      </trkpt>
      <trkpt lat="43.26029" lon="-1.9756560000000001">
        <ele>31</ele>
      </trkpt>
      <trkpt lat="43.260408" lon="-1.97553">
        <ele>33</ele>
      </trkpt>
      <trkpt lat="43.260552" lon="-1.975333">
        <ele>34</ele>
      </trkpt>
      <trkpt lat="43.260677" lon="-1.9751609999999999">
        <ele>33</ele>
      </trkpt>
      <trkpt lat="43.260748" lon="-1.9751080000000001">
        <ele>31</ele>
      </trkpt>
      <trkpt lat="43.260827" lon="-1.975071">
        <ele>29</ele>
      </trkpt>
      <trkpt lat="43.260905" lon="-1.9750540000000001">
        <ele>27</ele>
      </trkpt>
      <trkpt lat="43.261017" lon="-1.9750270000000001">
        <ele>24</ele>
      </trkpt>
      <trkpt lat="43.261154" lon="-1.9750080000000001">
        <ele>21</ele>
      </trkpt>
      <trkpt lat="43.261233" lon="-1.9750080000000001">
        <ele>20</ele>
      </trkpt>
      <trkpt lat="43.261403" lon="-1.975071">
        <ele>17</ele>
      </trkpt>
      <trkpt lat="43.261455" lon="-1.975071">
        <ele>17</ele>
      </trkpt>
      <trkpt lat="43.261527" lon="-1.975063">
        <ele>17</ele>
      </trkpt>
      <trkpt lat="43.261599" lon="-1.9750369999999999">
        <ele>17</ele>
      </trkpt>
      <trkpt lat="43.261769" lon="-1.9748920000000001">
        <ele>20</ele>
      </trkpt>
      <trkpt lat="43.261854" lon="-1.9747749999999999">
        <ele>22</ele>
      </trkpt>
      <trkpt lat="43.261887" lon="-1.974712">
        <ele>22</ele>
      </trkpt>
      <trkpt lat="43.26203" lon="-1.974362">
        <ele>23</ele>
      </trkpt>
      <trkpt lat="43.262116" lon="-1.9741649999999999">
        <ele>23</ele>
      </trkpt>
      <trkpt lat="43.262234" lon="-1.973868">
        <ele>20</ele>
      </trkpt>
      <trkpt lat="43.262377" lon="-1.973482">
        <ele>11</ele>
      </trkpt>
      <trkpt lat="43.262403" lon="-1.9734290000000001">
        <ele>9</ele>
      </trkpt>
      <trkpt lat="43.262515" lon="-1.9735">
        <ele>9</ele>
      </trkpt>
      <trkpt lat="43.262534" lon="-1.973446">
        <ele>8</ele>
      </trkpt>
      <trkpt lat="43.262992" lon="-1.9729429999999999">
        <ele>7</ele>
      </trkpt>
      <trkpt lat="43.263058" lon="-1.972863">
        <ele>7</ele>
      </trkpt>
      <trkpt lat="43.263077" lon="-1.972844">
        <ele>7</ele>
      </trkpt>
      <trkpt lat="43.263437" lon="-1.972656">
        <ele>7</ele>
      </trkpt>
      <trkpt lat="43.263535" lon="-1.972593">
        <ele>7</ele>
      </trkpt>
      <trkpt lat="43.263614" lon="-1.9725109999999999">
        <ele>7</ele>
      </trkpt>
      <trkpt lat="43.263673" lon="-1.97244">
        <ele>7</ele>
      </trkpt>
      <trkpt lat="43.264268" lon="-1.9714160000000001">
        <ele>9</ele>
      </trkpt>
      <trkpt lat="43.264464" lon="-1.9710829999999999">
        <ele>8</ele>
      </trkpt>
      <trkpt lat="43.264575" lon="-1.9709300000000001">
        <ele>8</ele>
      </trkpt>
      <trkpt lat="43.264673" lon="-1.9708129999999999">
        <ele>7</ele>
      </trkpt>
      <trkpt lat="43.264805" lon="-1.9707159999999999">
        <ele>7</ele>
      </trkpt>
      <trkpt lat="43.264968" lon="-1.9706159999999999">
        <ele>6</ele>
      </trkpt>
      <trkpt lat="43.265092" lon="-1.9705440000000001">
        <ele>6</ele>
      </trkpt>
      <trkpt lat="43.265524" lon="-1.9703999999999999">
        <ele>6</ele>
      </trkpt>
      <trkpt lat="43.26557" lon="-1.970364">
        <ele>5</ele>
      </trkpt>
      <trkpt lat="43.265596" lon="-1.9703200000000001">
        <ele>5</ele>
      </trkpt>
      <trkpt lat="43.265615" lon="-1.9702470000000001">
        <ele>5</ele>
      </trkpt>
      <trkpt lat="43.265641" lon="-1.9702029999999999">
        <ele>5</ele>
      </trkpt>
      <trkpt lat="43.265674" lon="-1.9701580000000001">
        <ele>5</ele>
      </trkpt>
      <trkpt lat="43.26572" lon="-1.9701310000000001">
        <ele>5</ele>
      </trkpt>
      <trkpt lat="43.265746" lon="-1.9701040000000001">
        <ele>5</ele>
      </trkpt>
      <trkpt lat="43.265753" lon="-1.9700869999999999">
        <ele>5</ele>
      </trkpt>
      <trkpt lat="43.265766" lon="-1.9700679999999999">
        <ele>5</ele>
      </trkpt>
      <trkpt lat="43.265812" lon="-1.9700770000000001">
        <ele>5</ele>
      </trkpt>
      <trkpt lat="43.265851" lon="-1.9700869999999999">
        <ele>5</ele>
      </trkpt>
      <trkpt lat="43.265864" lon="-1.96997">
        <ele>5</ele>
      </trkpt>
      <trkpt lat="43.265936" lon="-1.969314">
        <ele>6</ele>
      </trkpt>
      <trkpt lat="43.265942" lon="-1.9692780000000001">
        <ele>6</ele>
      </trkpt>
      <trkpt lat="43.265942" lon="-1.969171">
        <ele>7</ele>
      </trkpt>
      <trkpt lat="43.265955" lon="-1.9690890000000001">
        <ele>8</ele>
      </trkpt>
      <trkpt lat="43.265975" lon="-1.9690449999999999">
        <ele>8</ele>
      </trkpt>
      <trkpt lat="43.266014" lon="-1.9689989999999999">
        <ele>8</ele>
      </trkpt>
      <trkpt lat="43.266034" lon="-1.9689810000000001">
        <ele>8</ele>
      </trkpt>
      <trkpt lat="43.266054" lon="-1.9689639999999999">
        <ele>8</ele>
      </trkpt>
      <trkpt lat="43.266093" lon="-1.9689449999999999">
        <ele>8</ele>
      </trkpt>
      <trkpt lat="43.266132" lon="-1.968928">
        <ele>8</ele>
      </trkpt>
      <trkpt lat="43.266152" lon="-1.968855">
        <ele>8</ele>
      </trkpt>
      <trkpt lat="43.266178" lon="-1.968666">
        <ele>8</ele>
      </trkpt>
      <trkpt lat="43.266407" lon="-1.968712">
        <ele>10</ele>
      </trkpt>
      <trkpt lat="43.266885" lon="-1.9686220000000001">
        <ele>11</ele>
      </trkpt>
      <trkpt lat="43.266747" lon="-1.967886">
        <ele>12</ele>
      </trkpt>
      <trkpt lat="43.266681" lon="-1.9677420000000001">
        <ele>11</ele>
      </trkpt>
      <trkpt lat="43.266838" lon="-1.966618">
        <ele>9</ele>
      </trkpt>
      <trkpt lat="43.267153" lon="-1.9645710000000001">
        <ele>8</ele>
      </trkpt>
      <trkpt lat="43.267179" lon="-1.9644980000000001">
        <ele>8</ele>
      </trkpt>
      <trkpt lat="43.267257" lon="-1.9640310000000001">
        <ele>9</ele>
      </trkpt>
      <trkpt lat="43.267251" lon="-1.963932">
        <ele>9</ele>
      </trkpt>
      <trkpt lat="43.267512" lon="-1.962234">
        <ele>8</ele>
      </trkpt>
      <trkpt lat="43.267538" lon="-1.9620550000000001">
        <ele>8</ele>
      </trkpt>
      <trkpt lat="43.267532" lon="-1.9619930000000001">
        <ele>7</ele>
      </trkpt>
      <trkpt lat="43.2675" lon="-1.961911">
        <ele>7</ele>
      </trkpt>
      <trkpt lat="43.26746" lon="-1.9618310000000001">
        <ele>6</ele>
      </trkpt>
      <trkpt lat="43.267421" lon="-1.961768">
        <ele>6</ele>
      </trkpt>
      <trkpt lat="43.267381" lon="-1.9617309999999999">
        <ele>5</ele>
      </trkpt>
      <trkpt lat="43.267329" lon="-1.961714">
        <ele>5</ele>
      </trkpt>
      <trkpt lat="43.267336" lon="-1.961678">
        <ele>5</ele>
      </trkpt>
      <trkpt lat="43.267355" lon="-1.961552">
        <ele>5</ele>
      </trkpt>
      <trkpt lat="43.267369" lon="-1.961498">
        <ele>5</ele>
      </trkpt>
      <trkpt lat="43.267408" lon="-1.961517">
        <ele>5</ele>
      </trkpt>
      <trkpt lat="43.26744" lon="-1.961517">
        <ele>5</ele>
      </trkpt>
      <trkpt lat="43.267479" lon="-1.961498">
        <ele>6</ele>
      </trkpt>
      <trkpt lat="43.267512" lon="-1.961471">
        <ele>6</ele>
      </trkpt>
      <trkpt lat="43.267624" lon="-1.9613640000000001">
        <ele>6</ele>
      </trkpt>
      <trkpt lat="43.267643" lon="-1.961328">
        <ele>6</ele>
      </trkpt>
      <trkpt lat="43.267689" lon="-1.961041">
        <ele>6</ele>
      </trkpt>
      <trkpt lat="43.267872" lon="-1.959873">
        <ele>7</ele>
      </trkpt>
      <trkpt lat="43.26799" lon="-1.9591000000000001">
        <ele>8</ele>
      </trkpt>
      <trkpt lat="43.268088" lon="-1.9585250000000001">
        <ele>10</ele>
      </trkpt>
      <trkpt lat="43.268101" lon="-1.958418">
        <ele>11</ele>
      </trkpt>
      <trkpt lat="43.268101" lon="-1.958345">
        <ele>11</ele>
      </trkpt>
      <trkpt lat="43.268088" lon="-1.9582649999999999">
        <ele>12</ele>
      </trkpt>
      <trkpt lat="43.268068" lon="-1.958202">
        <ele>13</ele>
      </trkpt>
      <trkpt lat="43.268029" lon="-1.958148">
        <ele>15</ele>
      </trkpt>
      <trkpt lat="43.268062" lon="-1.958094">
        <ele>16</ele>
      </trkpt>
      <trkpt lat="43.268179" lon="-1.957878">
        <ele>18</ele>
      </trkpt>
      <trkpt lat="43.268317" lon="-1.9576530000000001">
        <ele>19</ele>
      </trkpt>
      <trkpt lat="43.268395" lon="-1.957492">
        <ele>20</ele>
      </trkpt>
      <trkpt lat="43.268533" lon="-1.9572229999999999">
        <ele>21</ele>
      </trkpt>
      <trkpt lat="43.268546" lon="-1.9571769999999999">
        <ele>22</ele>
      </trkpt>
      <trkpt lat="43.268552" lon="-1.9571419999999999">
        <ele>22</ele>
      </trkpt>
      <trkpt lat="43.268566" lon="-1.9570700000000001">
        <ele>23</ele>
      </trkpt>
      <trkpt lat="43.268578" lon="-1.9570339999999999">
        <ele>23</ele>
      </trkpt>
      <trkpt lat="43.268598" lon="-1.9570069999999999">
        <ele>22</ele>
      </trkpt>
      <trkpt lat="43.268624" lon="-1.9569799999999999">
        <ele>22</ele>
      </trkpt>
      <trkpt lat="43.268657" lon="-1.956934">
        <ele>22</ele>
      </trkpt>
      <trkpt lat="43.26869" lon="-1.9568989999999999">
        <ele>22</ele>
      </trkpt>
      <trkpt lat="43.268716" lon="-1.956836">
        <ele>22</ele>
      </trkpt>
      <trkpt lat="43.268735" lon="-1.9567730000000001">
        <ele>23</ele>
      </trkpt>
      <trkpt lat="43.268749" lon="-1.956693">
        <ele>24</ele>
      </trkpt>
      <trkpt lat="43.268755" lon="-1.9566110000000001">
        <ele>25</ele>
      </trkpt>
      <trkpt lat="43.268755" lon="-1.956521">
        <ele>27</ele>
      </trkpt>
      <trkpt lat="43.268768" lon="-1.956458">
        <ele>27</ele>
      </trkpt>
      <trkpt lat="43.268782" lon="-1.9564049999999999">
        <ele>28</ele>
      </trkpt>
      <trkpt lat="43.268801" lon="-1.9563600000000001">
        <ele>28</ele>
      </trkpt>
      <trkpt lat="43.26884" lon="-1.956307">
        <ele>28</ele>
      </trkpt>
      <trkpt lat="43.268886" lon="-1.95627">
        <ele>27</ele>
      </trkpt>
      <trkpt lat="43.268945" lon="-1.956234">
        <ele>26</ele>
      </trkpt>
      <trkpt lat="43.269023" lon="-1.9562170000000001">
        <ele>25</ele>
      </trkpt>
      <trkpt lat="43.269089" lon="-1.9561980000000001">
        <ele>24</ele>
      </trkpt>
      <trkpt lat="43.269259" lon="-1.9561269999999999">
        <ele>21</ele>
      </trkpt>
      <trkpt lat="43.269337" lon="-1.956064">
        <ele>20</ele>
      </trkpt>
      <trkpt lat="43.269396" lon="-1.9560010000000001">
        <ele>19</ele>
      </trkpt>
      <trkpt lat="43.269507" lon="-1.9557310000000001">
        <ele>19</ele>
      </trkpt>
      <trkpt lat="43.269527" lon="-1.955686">
        <ele>19</ele>
      </trkpt>
      <trkpt lat="43.26958" lon="-1.955678">
        <ele>18</ele>
      </trkpt>
      <trkpt lat="43.269645" lon="-1.955678">
        <ele>16</ele>
      </trkpt>
      <trkpt lat="43.269664" lon="-1.955668">
        <ele>16</ele>
      </trkpt>
      <trkpt lat="43.26971" lon="-1.9555880000000001">
        <ele>16</ele>
      </trkpt>
      <trkpt lat="43.269769" lon="-1.9555419999999999">
        <ele>15</ele>
      </trkpt>
      <trkpt lat="43.269822" lon="-1.955525">
        <ele>14</ele>
      </trkpt>
      <trkpt lat="43.270639" lon="-1.9553">
        <ele>10</ele>
      </trkpt>
      <trkpt lat="43.270685" lon="-1.9553179999999999">
        <ele>10</ele>
      </trkpt>
      <trkpt lat="43.270724" lon="-1.955309">
        <ele>9</ele>
      </trkpt>
      <trkpt lat="43.270776" lon="-1.9552909999999999">
        <ele>9</ele>
      </trkpt>
      <trkpt lat="43.270829" lon="-1.955273">
        <ele>9</ele>
      </trkpt>
      <trkpt lat="43.270914" lon="-1.955246">
        <ele>9</ele>
      </trkpt>
      <trkpt lat="43.270998" lon="-1.955236">
        <ele>8</ele>
      </trkpt>
      <trkpt lat="43.27109" lon="-1.955265">
        <ele>8</ele>
      </trkpt>
      <trkpt lat="43.271202" lon="-1.9553">
        <ele>7</ele>
      </trkpt>
      <trkpt lat="43.2713" lon="-1.955381">
        <ele>6</ele>
      </trkpt>
      <trkpt lat="43.271371" lon="-1.955471">
        <ele>6</ele>
      </trkpt>
      <trkpt lat="43.271444" lon="-1.9555880000000001">
        <ele>6</ele>
      </trkpt>
      <trkpt lat="43.271489" lon="-1.955722">
        <ele>6</ele>
      </trkpt>
      <trkpt lat="43.271522" lon="-1.955884">
        <ele>6</ele>
      </trkpt>
      <trkpt lat="43.271542" lon="-1.956081">
        <ele>6</ele>
      </trkpt>
      <trkpt lat="43.271613" lon="-1.956091">
        <ele>6</ele>
      </trkpt>
      <trkpt lat="43.27166" lon="-1.9560999999999999">
        <ele>5</ele>
      </trkpt>
      <trkpt lat="43.271672" lon="-1.9562440000000001">
        <ele>6</ele>
      </trkpt>
      <trkpt lat="43.271672" lon="-1.956297">
        <ele>6</ele>
      </trkpt>
      <trkpt lat="43.271738" lon="-1.956307">
        <ele>6</ele>
      </trkpt>
      <trkpt lat="43.272352" lon="-1.956297">
        <ele>4</ele>
      </trkpt>
      <trkpt lat="43.272974" lon="-1.9562790000000001">
        <ele>3</ele>
      </trkpt>
      <trkpt lat="43.273582" lon="-1.9562520000000001">
        <ele>5</ele>
      </trkpt>
      <trkpt lat="43.273634" lon="-1.9562520000000001">
        <ele>5</ele>
      </trkpt>
      <trkpt lat="43.273707" lon="-1.9562440000000001">
        <ele>5</ele>
      </trkpt>
      <trkpt lat="43.274021" lon="-1.9561809999999999">
        <ele>5</ele>
      </trkpt>
      <trkpt lat="43.274086" lon="-1.9561539999999999">
        <ele>5</ele>
      </trkpt>
      <trkpt lat="43.274125" lon="-1.9561269999999999">
        <ele>5</ele>
      </trkpt>
      <trkpt lat="43.274171" lon="-1.956091">
        <ele>5</ele>
      </trkpt>
      <trkpt lat="43.274204" lon="-1.956037">
        <ele>5</ele>
      </trkpt>
      <trkpt lat="43.274282" lon="-1.955857">
        <ele>5</ele>
      </trkpt>
      <trkpt lat="43.274354" lon="-1.9557310000000001">
        <ele>5</ele>
      </trkpt>
      <trkpt lat="43.274458" lon="-1.9555689999999999">
        <ele>6</ele>
      </trkpt>
      <trkpt lat="43.274825" lon="-1.9551559999999999">
        <ele>6</ele>
      </trkpt>
      <trkpt lat="43.274851" lon="-1.955139">
        <ele>6</ele>
      </trkpt>
      <trkpt lat="43.274904" lon="-1.955139">
        <ele>6</ele>
      </trkpt>
      <trkpt lat="43.274936" lon="-1.9551289999999999">
        <ele>5</ele>
      </trkpt>
      <trkpt lat="43.274969" lon="-1.9551019999999999">
        <ele>5</ele>
      </trkpt>
      <trkpt lat="43.275413" lon="-1.954599">
        <ele>7</ele>
      </trkpt>
      <trkpt lat="43.275453" lon="-1.9545809999999999">
        <ele>7</ele>
      </trkpt>
      <trkpt lat="43.275492" lon="-1.9545809999999999">
        <ele>7</ele>
      </trkpt>
      <trkpt lat="43.275518" lon="-1.95459">
        <ele>7</ele>
      </trkpt>
      <trkpt lat="43.275538" lon="-1.954609">
        <ele>7</ele>
      </trkpt>
      <trkpt lat="43.27557" lon="-1.954626">
        <ele>7</ele>
      </trkpt>
      <trkpt lat="43.275603" lon="-1.954626">
        <ele>7</ele>
      </trkpt>
      <trkpt lat="43.275688" lon="-1.954617">
        <ele>7</ele>
      </trkpt>
      <trkpt lat="43.27576" lon="-1.954617">
        <ele>7</ele>
      </trkpt>
      <trkpt lat="43.27578" lon="-1.95459">
        <ele>7</ele>
      </trkpt>
      <trkpt lat="43.27578" lon="-1.95451">
        <ele>7</ele>
      </trkpt>
      <trkpt lat="43.275786" lon="-1.9544729999999999">
        <ele>7</ele>
      </trkpt>
      <trkpt lat="43.275911" lon="-1.9542569999999999">
        <ele>7</ele>
      </trkpt>
      <trkpt lat="43.275937" lon="-1.954223">
        <ele>7</ele>
      </trkpt>
      <trkpt lat="43.276199" lon="-1.954097">
        <ele>7</ele>
      </trkpt>
      <trkpt lat="43.276264" lon="-1.95407">
        <ele>7</ele>
      </trkpt>
      <trkpt lat="43.27665" lon="-1.9539610000000001">
        <ele>8</ele>
      </trkpt>
      <trkpt lat="43.276859" lon="-1.953881">
        <ele>8</ele>
      </trkpt>
      <trkpt lat="43.277114" lon="-1.953773">
        <ele>7</ele>
      </trkpt>
      <trkpt lat="43.277245" lon="-1.9537009999999999">
        <ele>7</ele>
      </trkpt>
      <trkpt lat="43.277304" lon="-1.953665">
        <ele>7</ele>
      </trkpt>
      <trkpt lat="43.277337" lon="-1.9536469999999999">
        <ele>7</ele>
      </trkpt>
      <trkpt lat="43.277356" lon="-1.953657">
        <ele>6</ele>
      </trkpt>
      <trkpt lat="43.277389" lon="-1.9536739999999999">
        <ele>6</ele>
      </trkpt>
      <trkpt lat="43.277428" lon="-1.953692">
        <ele>6</ele>
      </trkpt>
      <trkpt lat="43.277454" lon="-1.9537009999999999">
        <ele>6</ele>
      </trkpt>
      <trkpt lat="43.277493" lon="-1.953692">
        <ele>6</ele>
      </trkpt>
      <trkpt lat="43.27752" lon="-1.953692">
        <ele>6</ele>
      </trkpt>
      <trkpt lat="43.277539" lon="-1.953692">
        <ele>6</ele>
      </trkpt>
      <trkpt lat="43.277572" lon="-1.953657">
        <ele>6</ele>
      </trkpt>
      <trkpt lat="43.277821" lon="-1.95336">
        <ele>5</ele>
      </trkpt>
      <trkpt lat="43.277978" lon="-1.953171">
        <ele>5</ele>
      </trkpt>
      <trkpt lat="43.278088" lon="-1.953036">
        <ele>5</ele>
      </trkpt>
      <trkpt lat="43.278703" lon="-1.9522900000000001">
        <ele>6</ele>
      </trkpt>
      <trkpt lat="43.278795" lon="-1.9521919999999999">
        <ele>7</ele>
      </trkpt>
      <trkpt lat="43.278854" lon="-1.952183">
        <ele>7</ele>
      </trkpt>
      <trkpt lat="43.279148" lon="-1.9521200000000001">
        <ele>7</ele>
      </trkpt>
      <trkpt lat="43.279292" lon="-1.951959">
        <ele>7</ele>
      </trkpt>
      <trkpt lat="43.27941" lon="-1.9518139999999999">
        <ele>8</ele>
      </trkpt>
      <trkpt lat="43.279423" lon="-1.9518059999999999">
        <ele>8</ele>
      </trkpt>
      <trkpt lat="43.279436" lon="-1.951797">
        <ele>8</ele>
      </trkpt>
      <trkpt lat="43.279449" lon="-1.951797">
        <ele>8</ele>
      </trkpt>
      <trkpt lat="43.279475" lon="-1.9518059999999999">
        <ele>8</ele>
      </trkpt>
      <trkpt lat="43.279501" lon="-1.9518230000000001">
        <ele>8</ele>
      </trkpt>
      <trkpt lat="43.279527" lon="-1.9518329999999999">
        <ele>7</ele>
      </trkpt>
      <trkpt lat="43.279553" lon="-1.9518329999999999">
        <ele>7</ele>
      </trkpt>
      <trkpt lat="43.279593" lon="-1.9518409999999999">
        <ele>7</ele>
      </trkpt>
      <trkpt lat="43.279619" lon="-1.9518329999999999">
        <ele>7</ele>
      </trkpt>
      <trkpt lat="43.279645" lon="-1.9518230000000001">
        <ele>7</ele>
      </trkpt>
      <trkpt lat="43.279671" lon="-1.9518230000000001">
        <ele>7</ele>
      </trkpt>
      <trkpt lat="43.279691" lon="-1.9518230000000001">
        <ele>7</ele>
      </trkpt>
      <trkpt lat="43.279724" lon="-1.9518409999999999">
        <ele>7</ele>
      </trkpt>
      <trkpt lat="43.27975" lon="-1.9518599999999999">
        <ele>7</ele>
      </trkpt>
      <trkpt lat="43.279763" lon="-1.9518690000000001">
        <ele>7</ele>
      </trkpt>
      <trkpt lat="43.279783" lon="-1.9518690000000001">
        <ele>7</ele>
      </trkpt>
      <trkpt lat="43.279802" lon="-1.9518409999999999">
        <ele>7</ele>
      </trkpt>
      <trkpt lat="43.279854" lon="-1.95177">
        <ele>7</ele>
      </trkpt>
      <trkpt lat="43.279822" lon="-1.951724">
        <ele>8</ele>
      </trkpt>
      <trkpt lat="43.279809" lon="-1.951689">
        <ele>8</ele>
      </trkpt>
      <trkpt lat="43.279795" lon="-1.9516340000000001">
        <ele>8</ele>
      </trkpt>
      <trkpt lat="43.279795" lon="-1.9515899999999999">
        <ele>9</ele>
      </trkpt>
      <trkpt lat="43.279802" lon="-1.951527">
        <ele>9</ele>
      </trkpt>
      <trkpt lat="43.279809" lon="-1.9514830000000001">
        <ele>10</ele>
      </trkpt>
      <trkpt lat="43.279815" lon="-1.9514279999999999">
        <ele>10</ele>
      </trkpt>
      <trkpt lat="43.279809" lon="-1.9513929999999999">
        <ele>11</ele>
      </trkpt>
      <trkpt lat="43.279789" lon="-1.9513469999999999">
        <ele>12</ele>
      </trkpt>
      <trkpt lat="43.279783" lon="-1.951311">
        <ele>12</ele>
      </trkpt>
      <trkpt lat="43.279776" lon="-1.9512670000000001">
        <ele>13</ele>
      </trkpt>
      <trkpt lat="43.279776" lon="-1.9512210000000001">
        <ele>14</ele>
      </trkpt>
      <trkpt lat="43.279789" lon="-1.9511769999999999">
        <ele>15</ele>
      </trkpt>
      <trkpt lat="43.279795" lon="-1.9511579999999999">
        <ele>15</ele>
      </trkpt>
      <trkpt lat="43.279828" lon="-1.9511229999999999">
        <ele>15</ele>
      </trkpt>
      <trkpt lat="43.279854" lon="-1.9511050000000001">
        <ele>15</ele>
      </trkpt>
      <trkpt lat="43.279887" lon="-1.9510970000000001">
        <ele>15</ele>
      </trkpt>
      <trkpt lat="43.279946" lon="-1.9510970000000001">
        <ele>15</ele>
      </trkpt>
      <trkpt lat="43.279992" lon="-1.9510780000000001">
        <ele>15</ele>
      </trkpt>
      <trkpt lat="43.280024" lon="-1.95106">
        <ele>15</ele>
      </trkpt>
      <trkpt lat="43.280064" lon="-1.9510069999999999">
        <ele>15</ele>
      </trkpt>
      <trkpt lat="43.280103" lon="-1.950952">
        <ele>15</ele>
      </trkpt>
      <trkpt lat="43.280168" lon="-1.950925">
        <ele>15</ele>
      </trkpt>
      <trkpt lat="43.280358" lon="-1.950844">
        <ele>15</ele>
      </trkpt>
      <trkpt lat="43.281639" lon="-1.9503779999999999">
        <ele>13</ele>
      </trkpt>
      <trkpt lat="43.281744" lon="-1.9503950000000001">
        <ele>12</ele>
      </trkpt>
      <trkpt lat="43.281967" lon="-1.950296">
        <ele>13</ele>
      </trkpt>
      <trkpt lat="43.282058" lon="-1.950261">
        <ele>13</ele>
      </trkpt>
      <trkpt lat="43.282163" lon="-1.9502330000000001">
        <ele>14</ele>
      </trkpt>
      <trkpt lat="43.282712" lon="-1.949875">
        <ele>16</ele>
      </trkpt>
      <trkpt lat="43.283098" lon="-1.9495960000000001">
        <ele>10</ele>
      </trkpt>
      <trkpt lat="43.283052" lon="-1.949506">
        <ele>12</ele>
      </trkpt>
      <trkpt lat="43.283098" lon="-1.9494339999999999">
        <ele>11</ele>
      </trkpt>
      <trkpt lat="43.283091" lon="-1.9493990000000001">
        <ele>11</ele>
      </trkpt>
      <trkpt lat="43.283091" lon="-1.9493529999999999">
        <ele>11</ele>
      </trkpt>
      <trkpt lat="43.283105" lon="-1.949317">
        <ele>11</ele>
      </trkpt>
      <trkpt lat="43.283124" lon="-1.94929">
        <ele>10</ele>
      </trkpt>
      <trkpt lat="43.283059" lon="-1.949173">
        <ele>11</ele>
      </trkpt>
      <trkpt lat="43.282974" lon="-1.949084">
        <ele>12</ele>
      </trkpt>
      <trkpt lat="43.282908" lon="-1.949012">
        <ele>13</ele>
      </trkpt>
      <trkpt lat="43.282523" lon="-1.94859">
        <ele>12</ele>
      </trkpt>
      <trkpt lat="43.282464" lon="-1.948536">
        <ele>12</ele>
      </trkpt>
      <trkpt lat="43.282268" lon="-1.9483649999999999">
        <ele>11</ele>
      </trkpt>
      <trkpt lat="43.28181" lon="-1.948005">
        <ele>11</ele>
      </trkpt>
      <trkpt lat="43.281731" lon="-1.9479519999999999">
        <ele>12</ele>
      </trkpt>
      <trkpt lat="43.28143" lon="-1.9477279999999999">
        <ele>17</ele>
      </trkpt>
      <trkpt lat="43.281332" lon="-1.947646">
        <ele>19</ele>
      </trkpt>
      <trkpt lat="43.281424" lon="-1.9474659999999999">
        <ele>20</ele>
      </trkpt>
      <trkpt lat="43.281509" lon="-1.9472419999999999">
        <ele>20</ele>
      </trkpt>
      <trkpt lat="43.281561" lon="-1.9470449999999999">
        <ele>19</ele>
      </trkpt>
      <trkpt lat="43.281581" lon="-1.946936">
        <ele>18</ele>
      </trkpt>
      <trkpt lat="43.281594" lon="-1.9468289999999999">
        <ele>18</ele>
      </trkpt>
      <trkpt lat="43.281633" lon="-1.9457679999999999">
        <ele>15</ele>
      </trkpt>
      <trkpt lat="43.28166" lon="-1.945311">
        <ele>16</ele>
      </trkpt>
      <trkpt lat="43.281686" lon="-1.945095">
        <ele>17</ele>
      </trkpt>
      <trkpt lat="43.281705" lon="-1.9449879999999999">
        <ele>18</ele>
      </trkpt>
      <trkpt lat="43.281718" lon="-1.944925">
        <ele>18</ele>
      </trkpt>
      <trkpt lat="43.281751" lon="-1.9447890000000001">
        <ele>19</ele>
      </trkpt>
      <trkpt lat="43.281777" lon="-1.9446650000000001">
        <ele>19</ele>
      </trkpt>
      <trkpt lat="43.282019" lon="-1.943533">
        <ele>16</ele>
      </trkpt>
      <trkpt lat="43.282392" lon="-1.941816">
        <ele>20</ele>
      </trkpt>
      <trkpt lat="43.282601" lon="-1.9409000000000001">
        <ele>20</ele>
      </trkpt>
      <trkpt lat="43.282582" lon="-1.9408639999999999">
        <ele>21</ele>
      </trkpt>
      <trkpt lat="43.282666" lon="-1.9406209999999999">
        <ele>19</ele>
      </trkpt>
      <trkpt lat="43.282771" lon="-1.9403440000000001">
        <ele>19</ele>
      </trkpt>
      <trkpt lat="43.28285" lon="-1.940145">
        <ele>18</ele>
      </trkpt>
      <trkpt lat="43.28296" lon="-1.9399120000000001">
        <ele>18</ele>
      </trkpt>
      <trkpt lat="43.283046" lon="-1.9397679999999999">
        <ele>19</ele>
      </trkpt>
      <trkpt lat="43.28315" lon="-1.9395880000000001">
        <ele>19</ele>
      </trkpt>
      <trkpt lat="43.283248" lon="-1.9394450000000001">
        <ele>19</ele>
      </trkpt>
      <trkpt lat="43.283399" lon="-1.9392469999999999">
        <ele>18</ele>
      </trkpt>
      <trkpt lat="43.284039" lon="-1.9384300000000001">
        <ele>17</ele>
      </trkpt>
      <trkpt lat="43.284255" lon="-1.938151">
        <ele>19</ele>
      </trkpt>
      <trkpt lat="43.284615" lon="-1.937702">
        <ele>21</ele>
      </trkpt>
      <trkpt lat="43.285165" lon="-1.937011">
        <ele>28</ele>
      </trkpt>
      <trkpt lat="43.285864" lon="-1.9361200000000001">
        <ele>37</ele>
      </trkpt>
      <trkpt lat="43.285923" lon="-1.936059">
        <ele>36</ele>
      </trkpt>
      <trkpt lat="43.286172" lon="-1.9357439999999999">
        <ele>32</ele>
      </trkpt>
      <trkpt lat="43.286256" lon="-1.935573">
        <ele>31</ele>
      </trkpt>
      <trkpt lat="43.286308" lon="-1.93543">
        <ele>30</ele>
      </trkpt>
      <trkpt lat="43.286341" lon="-1.9352579999999999">
        <ele>31</ele>
      </trkpt>
      <trkpt lat="43.286355" lon="-1.9351149999999999">
        <ele>30</ele>
      </trkpt>
      <trkpt lat="43.286341" lon="-1.934809">
        <ele>31</ele>
      </trkpt>
      <trkpt lat="43.286329" lon="-1.9346479999999999">
        <ele>31</ele>
      </trkpt>
      <trkpt lat="43.286302" lon="-1.934504">
        <ele>32</ele>
      </trkpt>
      <trkpt lat="43.286263" lon="-1.934369">
        <ele>33</ele>
      </trkpt>
      <trkpt lat="43.286191" lon="-1.9342349999999999">
        <ele>35</ele>
      </trkpt>
      <trkpt lat="43.286119" lon="-1.9341090000000001">
        <ele>37</ele>
      </trkpt>
      <trkpt lat="43.28608" lon="-1.9340459999999999">
        <ele>38</ele>
      </trkpt>
      <trkpt lat="43.286034" lon="-1.9339379999999999">
        <ele>39</ele>
      </trkpt>
      <trkpt lat="43.286028" lon="-1.9338489999999999">
        <ele>38</ele>
      </trkpt>
      <trkpt lat="43.286034" lon="-1.933786">
        <ele>37</ele>
      </trkpt>
      <trkpt lat="43.286139" lon="-1.9335070000000001">
        <ele>34</ele>
      </trkpt>
      <trkpt lat="43.286146" lon="-1.9334169999999999">
        <ele>34</ele>
      </trkpt>
      <trkpt lat="43.286132" lon="-1.933327">
        <ele>34</ele>
      </trkpt>
      <trkpt lat="43.286099" lon="-1.9332199999999999">
        <ele>35</ele>
      </trkpt>
      <trkpt lat="43.286034" lon="-1.933111">
        <ele>36</ele>
      </trkpt>
      <trkpt lat="43.285942" lon="-1.9329940000000001">
        <ele>36</ele>
      </trkpt>
      <trkpt lat="43.285806" lon="-1.9327970000000001">
        <ele>36</ele>
      </trkpt>
      <trkpt lat="43.285714" lon="-1.932671">
        <ele>36</ele>
      </trkpt>
      <trkpt lat="43.285419" lon="-1.932312">
        <ele>35</ele>
      </trkpt>
      <trkpt lat="43.285217" lon="-1.932088">
        <ele>38</ele>
      </trkpt>
      <trkpt lat="43.285145" lon="-1.9319980000000001">
        <ele>40</ele>
      </trkpt>
      <trkpt lat="43.285053" lon="-1.931872">
        <ele>41</ele>
      </trkpt>
      <trkpt lat="43.284955" lon="-1.931719">
        <ele>43</ele>
      </trkpt>
      <trkpt lat="43.284857" lon="-1.931575">
        <ele>43</ele>
      </trkpt>
      <trkpt lat="43.284772" lon="-1.931405">
        <ele>43</ele>
      </trkpt>
      <trkpt lat="43.284707" lon="-1.93127">
        <ele>43</ele>
      </trkpt>
      <trkpt lat="43.284642" lon="-1.931109">
        <ele>42</ele>
      </trkpt>
      <trkpt lat="43.284563" lon="-1.9309019999999999">
        <ele>42</ele>
      </trkpt>
      <trkpt lat="43.284426" lon="-1.9305509999999999">
        <ele>45</ele>
      </trkpt>
      <trkpt lat="43.284314" lon="-1.9302459999999999">
        <ele>46</ele>
      </trkpt>
      <trkpt lat="43.283863" lon="-1.9292119999999999">
        <ele>44</ele>
      </trkpt>
      <trkpt lat="43.283746" lon="-1.9288989999999999">
        <ele>44</ele>
      </trkpt>
      <trkpt lat="43.28366" lon="-1.9287989999999999">
        <ele>45</ele>
      </trkpt>
      <trkpt lat="43.283752" lon="-1.9288449999999999">
        <ele>44</ele>
      </trkpt>
      <trkpt lat="43.28385" lon="-1.9288890000000001">
        <ele>42</ele>
      </trkpt>
      <trkpt lat="43.283699" lon="-1.928485">
        <ele>46</ele>
      </trkpt>
      <trkpt lat="43.283418" lon="-1.927713">
        <ele>56</ele>
      </trkpt>
      <trkpt lat="43.283111" lon="-1.926877">
        <ele>58</ele>
      </trkpt>
      <trkpt lat="43.282934" lon="-1.9264460000000001">
        <ele>59</ele>
      </trkpt>
      <trkpt lat="43.282791" lon="-1.926059">
        <ele>61</ele>
      </trkpt>
      <trkpt lat="43.282679" lon="-1.925826">
        <ele>63</ele>
      </trkpt>
      <trkpt lat="43.282535" lon="-1.9255389999999999">
        <ele>66</ele>
      </trkpt>
      <trkpt lat="43.28232" lon="-1.92509">
        <ele>69</ele>
      </trkpt>
      <trkpt lat="43.282209" lon="-1.9248559999999999">
        <ele>70</ele>
      </trkpt>
      <trkpt lat="43.282169" lon="-1.9247570000000001">
        <ele>70</ele>
      </trkpt>
      <trkpt lat="43.282137" lon="-1.9246669999999999">
        <ele>69</ele>
      </trkpt>
      <trkpt lat="43.282111" lon="-1.92456">
        <ele>69</ele>
      </trkpt>
      <trkpt lat="43.282085" lon="-1.9244429999999999">
        <ele>69</ele>
      </trkpt>
      <trkpt lat="43.282058" lon="-1.924291">
        <ele>69</ele>
      </trkpt>
      <trkpt lat="43.282045" lon="-1.9241379999999999">
        <ele>69</ele>
      </trkpt>
      <trkpt lat="43.282038" lon="-1.923975">
        <ele>69</ele>
      </trkpt>
      <trkpt lat="43.282045" lon="-1.9237880000000001">
        <ele>68</ele>
      </trkpt>
      <trkpt lat="43.282071" lon="-1.9235720000000001">
        <ele>69</ele>
      </trkpt>
      <trkpt lat="43.282104" lon="-1.9233560000000001">
        <ele>70</ele>
      </trkpt>
      <trkpt lat="43.282156" lon="-1.923176">
        <ele>72</ele>
      </trkpt>
      <trkpt lat="43.282221" lon="-1.922979">
        <ele>74</ele>
      </trkpt>
      <trkpt lat="43.2823" lon="-1.922817">
        <ele>75</ele>
      </trkpt>
      <trkpt lat="43.282385" lon="-1.9226559999999999">
        <ele>77</ele>
      </trkpt>
      <trkpt lat="43.282549" lon="-1.9223859999999999">
        <ele>79</ele>
      </trkpt>
      <trkpt lat="43.282699" lon="-1.9221250000000001">
        <ele>80</ele>
      </trkpt>
      <trkpt lat="43.282784" lon="-1.921945">
        <ele>83</ele>
      </trkpt>
      <trkpt lat="43.28285" lon="-1.9218109999999999">
        <ele>84</ele>
      </trkpt>
      <trkpt lat="43.282928" lon="-1.9216139999999999">
        <ele>87</ele>
      </trkpt>
      <trkpt lat="43.282981" lon="-1.9214420000000001">
        <ele>89</ele>
      </trkpt>
      <trkpt lat="43.283019" lon="-1.921281">
        <ele>90</ele>
      </trkpt>
      <trkpt lat="43.283059" lon="-1.9210830000000001">
        <ele>91</ele>
      </trkpt>
      <trkpt lat="43.283085" lon="-1.920876">
        <ele>93</ele>
      </trkpt>
      <trkpt lat="43.283098" lon="-1.920688">
        <ele>94</ele>
      </trkpt>
      <trkpt lat="43.283098" lon="-1.92049">
        <ele>97</ele>
      </trkpt>
      <trkpt lat="43.283085" lon="-1.920275">
        <ele>98</ele>
      </trkpt>
      <trkpt lat="43.283046" lon="-1.92005">
        <ele>99</ele>
      </trkpt>
      <trkpt lat="43.282993" lon="-1.919807">
        <ele>97</ele>
      </trkpt>
      <trkpt lat="43.282915" lon="-1.919484">
        <ele>96</ele>
      </trkpt>
      <trkpt lat="43.282797" lon="-1.919008">
        <ele>97</ele>
      </trkpt>
      <trkpt lat="43.28266" lon="-1.9185220000000001">
        <ele>102</ele>
      </trkpt>
      <trkpt lat="43.282529" lon="-1.9180109999999999">
        <ele>108</ele>
      </trkpt>
      <trkpt lat="43.282437" lon="-1.9176599999999999">
        <ele>110</ele>
      </trkpt>
      <trkpt lat="43.282274" lon="-1.9170670000000001">
        <ele>113</ele>
      </trkpt>
      <trkpt lat="43.282209" lon="-1.916817">
        <ele>111</ele>
      </trkpt>
      <trkpt lat="43.282176" lon="-1.9166449999999999">
        <ele>109</ele>
      </trkpt>
      <trkpt lat="43.28215" lon="-1.916493">
        <ele>108</ele>
      </trkpt>
      <trkpt lat="43.282137" lon="-1.9163220000000001">
        <ele>107</ele>
      </trkpt>
      <trkpt lat="43.282124" lon="-1.916169">
        <ele>107</ele>
      </trkpt>
      <trkpt lat="43.282124" lon="-1.9160079999999999">
        <ele>107</ele>
      </trkpt>
      <trkpt lat="43.282124" lon="-1.9157919999999999">
        <ele>107</ele>
      </trkpt>
      <trkpt lat="43.28213" lon="-1.9155949999999999">
        <ele>109</ele>
      </trkpt>
      <trkpt lat="43.282169" lon="-1.915343">
        <ele>111</ele>
      </trkpt>
      <trkpt lat="43.282209" lon="-1.9151720000000001">
        <ele>114</ele>
      </trkpt>
      <trkpt lat="43.282242" lon="-1.9150560000000001">
        <ele>115</ele>
      </trkpt>
      <trkpt lat="43.282287" lon="-1.91493">
        <ele>117</ele>
      </trkpt>
      <trkpt lat="43.282333" lon="-1.9148130000000001">
        <ele>119</ele>
      </trkpt>
      <trkpt lat="43.282333" lon="-1.914741">
        <ele>120</ele>
      </trkpt>
      <trkpt lat="43.282339" lon="-1.914687">
        <ele>121</ele>
      </trkpt>
      <trkpt lat="43.282366" lon="-1.9146240000000001">
        <ele>121</ele>
      </trkpt>
      <trkpt lat="43.282405" lon="-1.914517">
        <ele>122</ele>
      </trkpt>
      <trkpt lat="43.282425" lon="-1.914463">
        <ele>123</ele>
      </trkpt>
      <trkpt lat="43.282431" lon="-1.9144270000000001">
        <ele>123</ele>
      </trkpt>
      <trkpt lat="43.282418" lon="-1.914364">
        <ele>124</ele>
      </trkpt>
      <trkpt lat="43.282399" lon="-1.91431">
        <ele>124</ele>
      </trkpt>
      <trkpt lat="43.282366" lon="-1.914247">
        <ele>124</ele>
      </trkpt>
      <trkpt lat="43.282254" lon="-1.914113">
        <ele>124</ele>
      </trkpt>
      <trkpt lat="43.282195" lon="-1.914058">
        <ele>124</ele>
      </trkpt>
      <trkpt lat="43.282163" lon="-1.9140140000000001">
        <ele>124</ele>
      </trkpt>
      <trkpt lat="43.282137" lon="-1.9139600000000001">
        <ele>124</ele>
      </trkpt>
      <trkpt lat="43.282124" lon="-1.9139139999999999">
        <ele>124</ele>
      </trkpt>
      <trkpt lat="43.282124" lon="-1.913878">
        <ele>124</ele>
      </trkpt>
      <trkpt lat="43.282124" lon="-1.913851">
        <ele>124</ele>
      </trkpt>
      <trkpt lat="43.282124" lon="-1.9137980000000001">
        <ele>123</ele>
      </trkpt>
      <trkpt lat="43.28213" lon="-1.913753">
        <ele>123</ele>
      </trkpt>
      <trkpt lat="43.28215" lon="-1.9137169999999999">
        <ele>123</ele>
      </trkpt>
      <trkpt lat="43.282163" lon="-1.913708">
        <ele>123</ele>
      </trkpt>
      <trkpt lat="43.282183" lon="-1.9136979999999999">
        <ele>123</ele>
      </trkpt>
      <trkpt lat="43.282195" lon="-1.9136899999999999">
        <ele>123</ele>
      </trkpt>
      <trkpt lat="43.282209" lon="-1.9136899999999999">
        <ele>123</ele>
      </trkpt>
      <trkpt lat="43.282242" lon="-1.9136979999999999">
        <ele>124</ele>
      </trkpt>
      <trkpt lat="43.282254" lon="-1.913708">
        <ele>124</ele>
      </trkpt>
      <trkpt lat="43.2823" lon="-1.913727">
        <ele>124</ele>
      </trkpt>
      <trkpt lat="43.282399" lon="-1.913753">
        <ele>124</ele>
      </trkpt>
      <trkpt lat="43.282718" lon="-1.913834">
        <ele>126</ele>
      </trkpt>
      <trkpt lat="43.282836" lon="-1.913861">
        <ele>126</ele>
      </trkpt>
      <trkpt lat="43.282941" lon="-1.913897">
        <ele>126</ele>
      </trkpt>
      <trkpt lat="43.283262" lon="-1.913977">
        <ele>128</ele>
      </trkpt>
      <trkpt lat="43.283589" lon="-1.914058">
        <ele>130</ele>
      </trkpt>
      <trkpt lat="43.283732" lon="-1.9141030000000001">
        <ele>131</ele>
      </trkpt>
      <trkpt lat="43.283909" lon="-1.9141300000000001">
        <ele>133</ele>
      </trkpt>
      <trkpt lat="43.284105" lon="-1.914113">
        <ele>134</ele>
      </trkpt>
      <trkpt lat="43.284302" lon="-1.914058">
        <ele>134</ele>
      </trkpt>
      <trkpt lat="43.284517" lon="-1.9139600000000001">
        <ele>134</ele>
      </trkpt>
      <trkpt lat="43.284752" lon="-1.9137710000000001">
        <ele>130</ele>
      </trkpt>
      <trkpt lat="43.285132" lon="-1.913457">
        <ele>126</ele>
      </trkpt>
      <trkpt lat="43.285419" lon="-1.913249">
        <ele>126</ele>
      </trkpt>
      <trkpt lat="43.285524" lon="-1.9131609999999999">
        <ele>128</ele>
      </trkpt>
      <trkpt lat="43.28557" lon="-1.913098">
        <ele>128</ele>
      </trkpt>
      <trkpt lat="43.285602" lon="-1.912998">
        <ele>127</ele>
      </trkpt>
      <trkpt lat="43.285675" lon="-1.912819">
        <ele>127</ele>
      </trkpt>
      <trkpt lat="43.285701" lon="-1.9127289999999999">
        <ele>127</ele>
      </trkpt>
      <trkpt lat="43.285733" lon="-1.9126300000000001">
        <ele>126</ele>
      </trkpt>
      <trkpt lat="43.285812" lon="-1.9123790000000001">
        <ele>126</ele>
      </trkpt>
      <trkpt lat="43.285858" lon="-1.91218">
        <ele>125</ele>
      </trkpt>
      <trkpt lat="43.285949" lon="-1.911767">
        <ele>124</ele>
      </trkpt>
      <trkpt lat="43.286034" lon="-1.9115249999999999">
        <ele>124</ele>
      </trkpt>
      <trkpt lat="43.286146" lon="-1.9111480000000001">
        <ele>122</ele>
      </trkpt>
      <trkpt lat="43.286296" lon="-1.9107080000000001">
        <ele>123</ele>
      </trkpt>
      <trkpt lat="43.286413" lon="-1.910393">
        <ele>123</ele>
      </trkpt>
      <trkpt lat="43.286479" lon="-1.9102950000000001">
        <ele>123</ele>
      </trkpt>
      <trkpt lat="43.286571" lon="-1.9101859999999999">
        <ele>123</ele>
      </trkpt>
      <trkpt lat="43.286943" lon="-1.9097820000000001">
        <ele>123</ele>
      </trkpt>
      <trkpt lat="43.287152" lon="-1.9095489999999999">
        <ele>122</ele>
      </trkpt>
      <trkpt lat="43.287237" lon="-1.9094690000000001">
        <ele>121</ele>
      </trkpt>
      <trkpt lat="43.287329" lon="-1.9093960000000001">
        <ele>120</ele>
      </trkpt>
      <trkpt lat="43.287839" lon="-1.909073">
        <ele>124</ele>
      </trkpt>
      <trkpt lat="43.287996" lon="-1.9089560000000001">
        <ele>125</ele>
      </trkpt>
      <trkpt lat="43.28814" lon="-1.9087940000000001">
        <ele>125</ele>
      </trkpt>
      <trkpt lat="43.288225" lon="-1.908677">
        <ele>125</ele>
      </trkpt>
      <trkpt lat="43.28829" lon="-1.9085240000000001">
        <ele>124</ele>
      </trkpt>
      <trkpt lat="43.288342" lon="-1.9083270000000001">
        <ele>123</ele>
      </trkpt>
      <trkpt lat="43.288421" lon="-1.9077980000000001">
        <ele>118</ele>
      </trkpt>
      <trkpt lat="43.28846" lon="-1.907635">
        <ele>118</ele>
      </trkpt>
      <trkpt lat="43.288506" lon="-1.907519">
        <ele>119</ele>
      </trkpt>
      <trkpt lat="43.288572" lon="-1.907411">
        <ele>120</ele>
      </trkpt>
      <trkpt lat="43.288656" lon="-1.907303">
        <ele>121</ele>
      </trkpt>
      <trkpt lat="43.288702" lon="-1.9072579999999999">
        <ele>121</ele>
      </trkpt>
      <trkpt lat="43.288787" lon="-1.907195">
        <ele>122</ele>
      </trkpt>
      <trkpt lat="43.28882" lon="-1.9071769999999999">
        <ele>122</ele>
      </trkpt>
      <trkpt lat="43.288859" lon="-1.907159">
        <ele>122</ele>
      </trkpt>
      <trkpt lat="43.288905" lon="-1.9071419999999999">
        <ele>122</ele>
      </trkpt>
      <trkpt lat="43.288944" lon="-1.907132">
        <ele>122</ele>
      </trkpt>
      <trkpt lat="43.289075" lon="-1.9071419999999999">
        <ele>121</ele>
      </trkpt>
      <trkpt lat="43.289219" lon="-1.907159">
        <ele>121</ele>
      </trkpt>
      <trkpt lat="43.289402" lon="-1.907205">
        <ele>121</ele>
      </trkpt>
      <trkpt lat="43.289578" lon="-1.907249">
        <ele>121</ele>
      </trkpt>
      <trkpt lat="43.289775" lon="-1.9072849999999999">
        <ele>120</ele>
      </trkpt>
      <trkpt lat="43.289951" lon="-1.907322">
        <ele>119</ele>
      </trkpt>
      <trkpt lat="43.290127" lon="-1.907348">
        <ele>117</ele>
      </trkpt>
      <trkpt lat="43.29035" lon="-1.907402">
        <ele>115</ele>
      </trkpt>
      <trkpt lat="43.290422" lon="-1.907411">
        <ele>114</ele>
      </trkpt>
      <trkpt lat="43.290461" lon="-1.907411">
        <ele>114</ele>
      </trkpt>
      <trkpt lat="43.29054" lon="-1.9073929999999999">
        <ele>112</ele>
      </trkpt>
      <trkpt lat="43.290585" lon="-1.9073560000000001">
        <ele>111</ele>
      </trkpt>
      <trkpt lat="43.290631" lon="-1.907322">
        <ele>111</ele>
      </trkpt>
      <trkpt lat="43.290676" lon="-1.907232">
        <ele>109</ele>
      </trkpt>
      <trkpt lat="43.290749" lon="-1.9070689999999999">
        <ele>108</ele>
      </trkpt>
      <trkpt lat="43.290847" lon="-1.9068529999999999">
        <ele>108</ele>
      </trkpt>
      <trkpt lat="43.290939" lon="-1.906549">
        <ele>110</ele>
      </trkpt>
      <trkpt lat="43.290997" lon="-1.9063330000000001">
        <ele>111</ele>
      </trkpt>
      <trkpt lat="43.291069" lon="-1.9060809999999999">
        <ele>112</ele>
      </trkpt>
      <trkpt lat="43.291134" lon="-1.9058379999999999">
        <ele>113</ele>
      </trkpt>
      <trkpt lat="43.291213" lon="-1.9055690000000001">
        <ele>115</ele>
      </trkpt>
      <trkpt lat="43.291246" lon="-1.9054880000000001">
        <ele>116</ele>
      </trkpt>
      <trkpt lat="43.291324" lon="-1.905335">
        <ele>117</ele>
      </trkpt>
      <trkpt lat="43.291389" lon="-1.9052450000000001">
        <ele>118</ele>
      </trkpt>
      <trkpt lat="43.291494" lon="-1.905138">
        <ele>120</ele>
      </trkpt>
      <trkpt lat="43.291645" lon="-1.905003">
        <ele>123</ele>
      </trkpt>
      <trkpt lat="43.291769" lon="-1.9048510000000001">
        <ele>125</ele>
      </trkpt>
      <trkpt lat="43.291802" lon="-1.904725">
        <ele>125</ele>
      </trkpt>
      <trkpt lat="43.291808" lon="-1.9046080000000001">
        <ele>125</ele>
      </trkpt>
      <trkpt lat="43.291821" lon="-1.9044369999999999">
        <ele>124</ele>
      </trkpt>
      <trkpt lat="43.291814" lon="-1.9043300000000001">
        <ele>123</ele>
      </trkpt>
      <trkpt lat="43.291821" lon="-1.9039969999999999">
        <ele>120</ele>
      </trkpt>
      <trkpt lat="43.291814" lon="-1.9037539999999999">
        <ele>117</ele>
      </trkpt>
      <trkpt lat="43.291814" lon="-1.9034580000000001">
        <ele>115</ele>
      </trkpt>
      <trkpt lat="43.291802" lon="-1.9031530000000001">
        <ele>112</ele>
      </trkpt>
      <trkpt lat="43.291769" lon="-1.902614">
        <ele>108</ele>
      </trkpt>
      <trkpt lat="43.291625" lon="-1.9013469999999999">
        <ele>107</ele>
      </trkpt>
      <trkpt lat="43.29156" lon="-1.901186">
        <ele>107</ele>
      </trkpt>
      <trkpt lat="43.291546" lon="-1.901159">
        <ele>107</ele>
      </trkpt>
      <trkpt lat="43.291488" lon="-1.9010769999999999">
        <ele>106</ele>
      </trkpt>
      <trkpt lat="43.291442" lon="-1.901033">
        <ele>106</ele>
      </trkpt>
      <trkpt lat="43.291409" lon="-1.90097">
        <ele>106</ele>
      </trkpt>
      <trkpt lat="43.291396" lon="-1.90089">
        <ele>106</ele>
      </trkpt>
      <trkpt lat="43.291396" lon="-1.900817">
        <ele>107</ele>
      </trkpt>
      <trkpt lat="43.291415" lon="-1.9007369999999999">
        <ele>108</ele>
      </trkpt>
      <trkpt lat="43.291448" lon="-1.9006829999999999">
        <ele>109</ele>
      </trkpt>
      <trkpt lat="43.291494" lon="-1.9006369999999999">
        <ele>110</ele>
      </trkpt>
      <trkpt lat="43.291546" lon="-1.9006110000000001">
        <ele>111</ele>
      </trkpt>
      <trkpt lat="43.291586" lon="-1.9006110000000001">
        <ele>112</ele>
      </trkpt>
      <trkpt lat="43.291605" lon="-1.9006110000000001">
        <ele>112</ele>
      </trkpt>
      <trkpt lat="43.291657" lon="-1.9006369999999999">
        <ele>113</ele>
      </trkpt>
      <trkpt lat="43.291703" lon="-1.9006909999999999">
        <ele>113</ele>
      </trkpt>
      <trkpt lat="43.291736" lon="-1.9007540000000001">
        <ele>113</ele>
      </trkpt>
      <trkpt lat="43.291743" lon="-1.9008">
        <ele>112</ele>
      </trkpt>
      <trkpt lat="43.291821" lon="-1.900898">
        <ele>112</ele>
      </trkpt>
      <trkpt lat="43.29188" lon="-1.9009609999999999">
        <ele>111</ele>
      </trkpt>
      <trkpt lat="43.291965" lon="-1.901033">
        <ele>110</ele>
      </trkpt>
      <trkpt lat="43.292063" lon="-1.901033">
        <ele>109</ele>
      </trkpt>
      <trkpt lat="43.292619" lon="-1.900898">
        <ele>108</ele>
      </trkpt>
      <trkpt lat="43.293024" lon="-1.90079">
        <ele>106</ele>
      </trkpt>
      <trkpt lat="43.293436" lon="-1.9006639999999999">
        <ele>104</ele>
      </trkpt>
      <trkpt lat="43.293861" lon="-1.9005650000000001">
        <ele>104</ele>
      </trkpt>
      <trkpt lat="43.293959" lon="-1.9005300000000001">
        <ele>102</ele>
      </trkpt>
      <trkpt lat="43.294057" lon="-1.9004939999999999">
        <ele>101</ele>
      </trkpt>
      <trkpt lat="43.294227" lon="-1.9003950000000001">
        <ele>98</ele>
      </trkpt>
      <trkpt lat="43.294378" lon="-1.9002870000000001">
        <ele>97</ele>
      </trkpt>
      <trkpt lat="43.294645" lon="-1.9000269999999999">
        <ele>99</ele>
      </trkpt>
      <trkpt lat="43.294849" lon="-1.8997930000000001">
        <ele>101</ele>
      </trkpt>
      <trkpt lat="43.294875" lon="-1.899721">
        <ele>102</ele>
      </trkpt>
      <trkpt lat="43.294894" lon="-1.8996489999999999">
        <ele>102</ele>
      </trkpt>
      <trkpt lat="43.294901" lon="-1.899532">
        <ele>103</ele>
      </trkpt>
      <trkpt lat="43.29492" lon="-1.899416">
        <ele>103</ele>
      </trkpt>
      <trkpt lat="43.294947" lon="-1.8993530000000001">
        <ele>103</ele>
      </trkpt>
      <trkpt lat="43.295006" lon="-1.8992990000000001">
        <ele>102</ele>
      </trkpt>
      <trkpt lat="43.295025" lon="-1.8992819999999999">
        <ele>102</ele>
      </trkpt>
      <trkpt lat="43.295058" lon="-1.8992450000000001">
        <ele>101</ele>
      </trkpt>
      <trkpt lat="43.295077" lon="-1.8992089999999999">
        <ele>101</ele>
      </trkpt>
      <trkpt lat="43.295097" lon="-1.899165">
        <ele>100</ele>
      </trkpt>
      <trkpt lat="43.29511" lon="-1.8991290000000001">
        <ele>100</ele>
      </trkpt>
      <trkpt lat="43.295123" lon="-1.8990830000000001">
        <ele>99</ele>
      </trkpt>
      <trkpt lat="43.295149" lon="-1.898976">
        <ele>98</ele>
      </trkpt>
      <trkpt lat="43.295175" lon="-1.898895">
        <ele>98</ele>
      </trkpt>
      <trkpt lat="43.295215" lon="-1.8987769999999999">
        <ele>96</ele>
      </trkpt>
      <trkpt lat="43.295247" lon="-1.898679">
        <ele>95</ele>
      </trkpt>
      <trkpt lat="43.295287" lon="-1.8985989999999999">
        <ele>94</ele>
      </trkpt>
      <trkpt lat="43.295332" lon="-1.8985270000000001">
        <ele>93</ele>
      </trkpt>
      <trkpt lat="43.295404" lon="-1.8984099999999999">
        <ele>91</ele>
      </trkpt>
      <trkpt lat="43.295463" lon="-1.8983369999999999">
        <ele>91</ele>
      </trkpt>
      <trkpt lat="43.295529" lon="-1.898266">
        <ele>90</ele>
      </trkpt>
      <trkpt lat="43.295574" lon="-1.8982209999999999">
        <ele>90</ele>
      </trkpt>
      <trkpt lat="43.2956" lon="-1.8982030000000001">
        <ele>90</ele>
      </trkpt>
      <trkpt lat="43.295665" lon="-1.898158">
        <ele>90</ele>
      </trkpt>
      <trkpt lat="43.295855" lon="-1.8980140000000001">
        <ele>90</ele>
      </trkpt>
      <trkpt lat="43.296927" lon="-1.897232">
        <ele>83</ele>
      </trkpt>
      <trkpt lat="43.297823" lon="-1.8965860000000001">
        <ele>85</ele>
      </trkpt>
      <trkpt lat="43.298209" lon="-1.896326">
        <ele>90</ele>
      </trkpt>
      <trkpt lat="43.298954" lon="-1.8957870000000001">
        <ele>80</ele>
      </trkpt>
      <trkpt lat="43.299739" lon="-1.895221">
        <ele>76</ele>
      </trkpt>
      <trkpt lat="43.30002" lon="-1.895014">
        <ele>85</ele>
      </trkpt>
      <trkpt lat="43.300039" lon="-1.8950050000000001">
        <ele>85</ele>
      </trkpt>
      <trkpt lat="43.30032" lon="-1.894808">
        <ele>91</ele>
      </trkpt>
      <trkpt lat="43.300412" lon="-1.8947179999999999">
        <ele>92</ele>
      </trkpt>
      <trkpt lat="43.300497" lon="-1.894601">
        <ele>92</ele>
      </trkpt>
      <trkpt lat="43.300595" lon="-1.8944479999999999">
        <ele>92</ele>
      </trkpt>
      <trkpt lat="43.30066" lon="-1.8942859999999999">
        <ele>92</ele>
      </trkpt>
      <trkpt lat="43.300745" lon="-1.893999">
        <ele>92</ele>
      </trkpt>
      <trkpt lat="43.300811" lon="-1.8937919999999999">
        <ele>93</ele>
      </trkpt>
      <trkpt lat="43.30089" lon="-1.893613">
        <ele>92</ele>
      </trkpt>
      <trkpt lat="43.301026" lon="-1.89337">
        <ele>92</ele>
      </trkpt>
      <trkpt lat="43.301112" lon="-1.8932439999999999">
        <ele>92</ele>
      </trkpt>
      <trkpt lat="43.301144" lon="-1.893173">
        <ele>91</ele>
      </trkpt>
      <trkpt lat="43.301183" lon="-1.8930560000000001">
        <ele>92</ele>
      </trkpt>
      <trkpt lat="43.301295" lon="-1.8930739999999999">
        <ele>91</ele>
      </trkpt>
      <trkpt lat="43.301399" lon="-1.8930830000000001">
        <ele>89</ele>
      </trkpt>
      <trkpt lat="43.301491" lon="-1.8930910000000001">
        <ele>88</ele>
      </trkpt>
      <trkpt lat="43.301667" lon="-1.8931100000000001">
        <ele>85</ele>
      </trkpt>
      <trkpt lat="43.301863" lon="-1.8930739999999999">
        <ele>83</ele>
      </trkpt>
      <trkpt lat="43.302046" lon="-1.893011">
        <ele>82</ele>
      </trkpt>
      <trkpt lat="43.302347" lon="-1.8928499999999999">
        <ele>80</ele>
      </trkpt>
      <trkpt lat="43.302543" lon="-1.892714">
        <ele>78</ele>
      </trkpt>
      <trkpt lat="43.302641" lon="-1.8926430000000001">
        <ele>77</ele>
      </trkpt>
      <trkpt lat="43.302818" lon="-1.892498">
        <ele>76</ele>
      </trkpt>
      <trkpt lat="43.303033" lon="-1.8924179999999999">
        <ele>75</ele>
      </trkpt>
      <trkpt lat="43.303158" lon="-1.8924000000000001">
        <ele>75</ele>
      </trkpt>
      <trkpt lat="43.303237" lon="-1.8923909999999999">
        <ele>74</ele>
      </trkpt>
      <trkpt lat="43.303446" lon="-1.8922840000000001">
        <ele>71</ele>
      </trkpt>
      <trkpt lat="43.303478" lon="-1.892247">
        <ele>70</ele>
      </trkpt>
      <trkpt lat="43.303518" lon="-1.8922209999999999">
        <ele>69</ele>
      </trkpt>
      <trkpt lat="43.30357" lon="-1.8922110000000001">
        <ele>68</ele>
      </trkpt>
      <trkpt lat="43.303635" lon="-1.8922289999999999">
        <ele>68</ele>
      </trkpt>
      <trkpt lat="43.303668" lon="-1.8922650000000001">
        <ele>68</ele>
      </trkpt>
      <trkpt lat="43.303701" lon="-1.8923110000000001">
        <ele>68</ele>
      </trkpt>
      <trkpt lat="43.303877" lon="-1.892544">
        <ele>67</ele>
      </trkpt>
      <trkpt lat="43.30423" lon="-1.8926780000000001">
        <ele>64</ele>
      </trkpt>
      <trkpt lat="43.305309" lon="-1.893146">
        <ele>57</ele>
      </trkpt>
      <trkpt lat="43.305479" lon="-1.8932089999999999">
        <ele>58</ele>
      </trkpt>
      <trkpt lat="43.305622" lon="-1.8932629999999999">
        <ele>60</ele>
      </trkpt>
      <trkpt lat="43.30572" lon="-1.8932800000000001">
        <ele>61</ele>
      </trkpt>
      <trkpt lat="43.305858" lon="-1.8932800000000001">
        <ele>62</ele>
      </trkpt>
      <trkpt lat="43.305903" lon="-1.8932800000000001">
        <ele>62</ele>
      </trkpt>
      <trkpt lat="43.305956" lon="-1.8932709999999999">
        <ele>62</ele>
      </trkpt>
      <trkpt lat="43.305975" lon="-1.8932439999999999">
        <ele>62</ele>
      </trkpt>
      <trkpt lat="43.306001" lon="-1.8932169999999999">
        <ele>62</ele>
      </trkpt>
      <trkpt lat="43.306027" lon="-1.8931899999999999">
        <ele>62</ele>
      </trkpt>
      <trkpt lat="43.306067" lon="-1.893181">
        <ele>62</ele>
      </trkpt>
      <trkpt lat="43.306113" lon="-1.8931899999999999">
        <ele>61</ele>
      </trkpt>
      <trkpt lat="43.306152" lon="-1.8932169999999999">
        <ele>61</ele>
      </trkpt>
      <trkpt lat="43.306178" lon="-1.8932629999999999">
        <ele>61</ele>
      </trkpt>
      <trkpt lat="43.306198" lon="-1.893316">
        <ele>61</ele>
      </trkpt>
      <trkpt lat="43.306204" lon="-1.8933530000000001">
        <ele>61</ele>
      </trkpt>
      <trkpt lat="43.306204" lon="-1.893397">
        <ele>61</ele>
      </trkpt>
      <trkpt lat="43.30621" lon="-1.8934770000000001">
        <ele>61</ele>
      </trkpt>
      <trkpt lat="43.306224" lon="-1.89354">
        <ele>61</ele>
      </trkpt>
      <trkpt lat="43.306257" lon="-1.8935949999999999">
        <ele>60</ele>
      </trkpt>
      <trkpt lat="43.306302" lon="-1.8936660000000001">
        <ele>60</ele>
      </trkpt>
      <trkpt lat="43.306335" lon="-1.8936759999999999">
        <ele>60</ele>
      </trkpt>
      <trkpt lat="43.306309" lon="-1.8936029999999999">
        <ele>60</ele>
      </trkpt>
      <trkpt lat="43.306269" lon="-1.8935139999999999">
        <ele>60</ele>
      </trkpt>
      <trkpt lat="43.306263" lon="-1.8934500000000001">
        <ele>60</ele>
      </trkpt>
      <trkpt lat="43.306263" lon="-1.893389">
        <ele>61</ele>
      </trkpt>
      <trkpt lat="43.306269" lon="-1.8933340000000001">
        <ele>60</ele>
      </trkpt>
      <trkpt lat="43.306263" lon="-1.8932800000000001">
        <ele>60</ele>
      </trkpt>
      <trkpt lat="43.306263" lon="-1.8932439999999999">
        <ele>60</ele>
      </trkpt>
      <trkpt lat="43.306257" lon="-1.8932089999999999">
        <ele>60</ele>
      </trkpt>
      <trkpt lat="43.306257" lon="-1.893127">
        <ele>60</ele>
      </trkpt>
      <trkpt lat="43.306257" lon="-1.8930560000000001">
        <ele>60</ele>
      </trkpt>
      <trkpt lat="43.306257" lon="-1.89293">
        <ele>59</ele>
      </trkpt>
      <trkpt lat="43.306243" lon="-1.8928670000000001">
        <ele>59</ele>
      </trkpt>
      <trkpt lat="43.306217" lon="-1.892795">
        <ele>59</ele>
      </trkpt>
      <trkpt lat="43.306231" lon="-1.8927499999999999">
        <ele>59</ele>
      </trkpt>
      <trkpt lat="43.306237" lon="-1.8923190000000001">
        <ele>56</ele>
      </trkpt>
      <trkpt lat="43.306231" lon="-1.8922570000000001">
        <ele>56</ele>
      </trkpt>
      <trkpt lat="43.306217" lon="-1.8922110000000001">
        <ele>55</ele>
      </trkpt>
      <trkpt lat="43.306204" lon="-1.8921840000000001">
        <ele>55</ele>
      </trkpt>
      <trkpt lat="43.306172" lon="-1.8921749999999999">
        <ele>55</ele>
      </trkpt>
      <trkpt lat="43.306048" lon="-1.8921749999999999">
        <ele>54</ele>
      </trkpt>
      <trkpt lat="43.305982" lon="-1.892158">
        <ele>54</ele>
      </trkpt>
      <trkpt lat="43.30591" lon="-1.8921209999999999">
        <ele>54</ele>
      </trkpt>
      <trkpt lat="43.305864" lon="-1.892085">
        <ele>53</ele>
      </trkpt>
      <trkpt lat="43.305825" lon="-1.8920220000000001">
        <ele>52</ele>
      </trkpt>
      <trkpt lat="43.305792" lon="-1.8919589999999999">
        <ele>51</ele>
      </trkpt>
      <trkpt lat="43.305766" lon="-1.8918790000000001">
        <ele>50</ele>
      </trkpt>
      <trkpt lat="43.30574" lon="-1.8918079999999999">
        <ele>49</ele>
      </trkpt>
      <trkpt lat="43.30572" lon="-1.891718">
        <ele>48</ele>
      </trkpt>
      <trkpt lat="43.305701" lon="-1.8916189999999999">
        <ele>47</ele>
      </trkpt>
      <trkpt lat="43.305708" lon="-1.8915820000000001">
        <ele>47</ele>
      </trkpt>
      <trkpt lat="43.305714" lon="-1.8915550000000001">
        <ele>46</ele>
      </trkpt>
      <trkpt lat="43.30591" lon="-1.8909800000000001">
        <ele>38</ele>
      </trkpt>
      <trkpt lat="43.306041" lon="-1.8906130000000001">
        <ele>35</ele>
      </trkpt>
      <trkpt lat="43.30606" lon="-1.890576">
        <ele>35</ele>
      </trkpt>
      <trkpt lat="43.3061" lon="-1.890469">
        <ele>35</ele>
      </trkpt>
      <trkpt lat="43.306145" lon="-1.890361">
        <ele>35</ele>
      </trkpt>
      <trkpt lat="43.306309" lon="-1.889993">
        <ele>32</ele>
      </trkpt>
      <trkpt lat="43.30659" lon="-1.889445">
        <ele>29</ele>
      </trkpt>
      <trkpt lat="43.306786" lon="-1.889095">
        <ele>27</ele>
      </trkpt>
      <trkpt lat="43.306911" lon="-1.888852">
        <ele>27</ele>
      </trkpt>
      <trkpt lat="43.306969" lon="-1.8887529999999999">
        <ele>26</ele>
      </trkpt>
      <trkpt lat="43.307073" lon="-1.8885369999999999">
        <ele>27</ele>
      </trkpt>
      <trkpt lat="43.30725" lon="-1.88815">
        <ele>25</ele>
      </trkpt>
      <trkpt lat="43.307394" lon="-1.887791">
        <ele>26</ele>
      </trkpt>
      <trkpt lat="43.307544" lon="-1.887397">
        <ele>26</ele>
      </trkpt>
      <trkpt lat="43.307688" lon="-1.8869549999999999">
        <ele>21</ele>
      </trkpt>
      <trkpt lat="43.307767" lon="-1.886714">
        <ele>18</ele>
      </trkpt>
      <trkpt lat="43.307799" lon="-1.886579">
        <ele>17</ele>
      </trkpt>
      <trkpt lat="43.307832" lon="-1.886498">
        <ele>17</ele>
      </trkpt>
      <trkpt lat="43.307871" lon="-1.8864350000000001">
        <ele>17</ele>
      </trkpt>
      <trkpt lat="43.307904" lon="-1.8863909999999999">
        <ele>16</ele>
      </trkpt>
      <trkpt lat="43.307943" lon="-1.8863719999999999">
        <ele>16</ele>
      </trkpt>
      <trkpt lat="43.307995" lon="-1.886382">
        <ele>16</ele>
      </trkpt>
      <trkpt lat="43.308028" lon="-1.8864179999999999">
        <ele>16</ele>
      </trkpt>
      <trkpt lat="43.308055" lon="-1.8864890000000001">
        <ele>17</ele>
      </trkpt>
      <trkpt lat="43.3081" lon="-1.886479">
        <ele>17</ele>
      </trkpt>
      <trkpt lat="43.308139" lon="-1.886479">
        <ele>17</ele>
      </trkpt>
      <trkpt lat="43.308198" lon="-1.8864620000000001">
        <ele>16</ele>
      </trkpt>
      <trkpt lat="43.308185" lon="-1.8863989999999999">
        <ele>16</ele>
      </trkpt>
      <trkpt lat="43.308152" lon="-1.8863179999999999">
        <ele>16</ele>
      </trkpt>
      <trkpt lat="43.30812" lon="-1.8862380000000001">
        <ele>16</ele>
      </trkpt>
      <trkpt lat="43.308106" lon="-1.8861559999999999">
        <ele>15</ele>
      </trkpt>
      <trkpt lat="43.308113" lon="-1.886085">
        <ele>15</ele>
      </trkpt>
      <trkpt lat="43.308106" lon="-1.8860220000000001">
        <ele>14</ele>
      </trkpt>
      <trkpt lat="43.308093" lon="-1.8859680000000001">
        <ele>14</ele>
      </trkpt>
      <trkpt lat="43.308067" lon="-1.8859319999999999">
        <ele>13</ele>
      </trkpt>
      <trkpt lat="43.308041" lon="-1.8858870000000001">
        <ele>13</ele>
      </trkpt>
      <trkpt lat="43.308022" lon="-1.8858520000000001">
        <ele>12</ele>
      </trkpt>
      <trkpt lat="43.307995" lon="-1.8858060000000001">
        <ele>12</ele>
      </trkpt>
      <trkpt lat="43.307989" lon="-1.8857619999999999">
        <ele>11</ele>
      </trkpt>
      <trkpt lat="43.307982" lon="-1.8857159999999999">
        <ele>11</ele>
      </trkpt>
      <trkpt lat="43.307989" lon="-1.8856170000000001">
        <ele>10</ele>
      </trkpt>
      <trkpt lat="43.308008" lon="-1.885437">
        <ele>10</ele>
      </trkpt>
      <trkpt lat="43.308034" lon="-1.8851599999999999">
        <ele>11</ele>
      </trkpt>
      <trkpt lat="43.308048" lon="-1.8849340000000001">
        <ele>11</ele>
      </trkpt>
      <trkpt lat="43.308034" lon="-1.884611">
        <ele>11</ele>
      </trkpt>
      <trkpt lat="43.308022" lon="-1.884387">
        <ele>11</ele>
      </trkpt>
      <trkpt lat="43.308008" lon="-1.884217">
        <ele>10</ele>
      </trkpt>
      <trkpt lat="43.307976" lon="-1.884001">
        <ele>10</ele>
      </trkpt>
      <trkpt lat="43.307806" lon="-1.882959">
        <ele>13</ele>
      </trkpt>
      <trkpt lat="43.307786" lon="-1.882833">
        <ele>13</ele>
      </trkpt>
      <trkpt lat="43.307786" lon="-1.8827700000000001">
        <ele>13</ele>
      </trkpt>
      <trkpt lat="43.307793" lon="-1.8827160000000001">
        <ele>13</ele>
      </trkpt>
      <trkpt lat="43.307806" lon="-1.8826799999999999">
        <ele>13</ele>
      </trkpt>
      <trkpt lat="43.307832" lon="-1.882644">
        <ele>13</ele>
      </trkpt>
      <trkpt lat="43.307865" lon="-1.882617">
        <ele>13</ele>
      </trkpt>
      <trkpt lat="43.307904" lon="-1.882609">
        <ele>13</ele>
      </trkpt>
      <trkpt lat="43.307936" lon="-1.882609">
        <ele>13</ele>
      </trkpt>
      <trkpt lat="43.308185" lon="-1.8826259999999999">
        <ele>10</ele>
      </trkpt>
      <trkpt lat="43.308211" lon="-1.882636">
        <ele>10</ele>
      </trkpt>
      <trkpt lat="43.308231" lon="-1.882663">
        <ele>10</ele>
      </trkpt>
      <trkpt lat="43.30825" lon="-1.8826890000000001">
        <ele>10</ele>
      </trkpt>
      <trkpt lat="43.308289" lon="-1.8827430000000001">
        <ele>9</ele>
      </trkpt>
      <trkpt lat="43.308309" lon="-1.8827609999999999">
        <ele>9</ele>
      </trkpt>
      <trkpt lat="43.308335" lon="-1.8827700000000001">
        <ele>9</ele>
      </trkpt>
      <trkpt lat="43.308374" lon="-1.882787">
        <ele>9</ele>
      </trkpt>
      <trkpt lat="43.308427" lon="-1.8827970000000001">
        <ele>9</ele>
      </trkpt>
      <trkpt lat="43.308453" lon="-1.8827970000000001">
        <ele>9</ele>
      </trkpt>
      <trkpt lat="43.308479" lon="-1.8827970000000001">
        <ele>9</ele>
      </trkpt>
      <trkpt lat="43.308512" lon="-1.882806">
        <ele>9</ele>
      </trkpt>
      <trkpt lat="43.308538" lon="-1.882816">
        <ele>9</ele>
      </trkpt>
      <trkpt lat="43.308557" lon="-1.8828499999999999">
        <ele>9</ele>
      </trkpt>
      <trkpt lat="43.308571" lon="-1.8828769999999999">
        <ele>9</ele>
      </trkpt>
      <trkpt lat="43.308597" lon="-1.882887">
        <ele>9</ele>
      </trkpt>
      <trkpt lat="43.30861" lon="-1.882887">
        <ele>10</ele>
      </trkpt>
      <trkpt lat="43.308688" lon="-1.882887">
        <ele>10</ele>
      </trkpt>
      <trkpt lat="43.308695" lon="-1.8827259999999999">
        <ele>9</ele>
      </trkpt>
      <trkpt lat="43.308708" lon="-1.8826529999999999">
        <ele>8</ele>
      </trkpt>
      <trkpt lat="43.30874" lon="-1.8825810000000001">
        <ele>8</ele>
      </trkpt>
      <trkpt lat="43.308767" lon="-1.8825369999999999">
        <ele>8</ele>
      </trkpt>
      <trkpt lat="43.30878" lon="-1.8825270000000001">
        <ele>8</ele>
      </trkpt>
      <trkpt lat="43.308812" lon="-1.8825000000000001">
        <ele>8</ele>
      </trkpt>
      <trkpt lat="43.308832" lon="-1.8825000000000001">
        <ele>8</ele>
      </trkpt>
      <trkpt lat="43.308832" lon="-1.8824559999999999">
        <ele>8</ele>
      </trkpt>
      <trkpt lat="43.308832" lon="-1.8823840000000001">
        <ele>8</ele>
      </trkpt>
      <trkpt lat="43.308885" lon="-1.8824099999999999">
        <ele>8</ele>
      </trkpt>
      <trkpt lat="43.308963" lon="-1.8824369999999999">
        <ele>8</ele>
      </trkpt>
      <trkpt lat="43.309002" lon="-1.8824559999999999">
        <ele>8</ele>
      </trkpt>
      <trkpt lat="43.309048" lon="-1.8825000000000001">
        <ele>8</ele>
      </trkpt>
      <trkpt lat="43.309074" lon="-1.882474">
        <ele>8</ele>
      </trkpt>
      <trkpt lat="43.309113" lon="-1.8824099999999999">
        <ele>8</ele>
      </trkpt>
      <trkpt lat="43.309185" lon="-1.8825190000000001">
        <ele>8</ele>
      </trkpt>
      <trkpt lat="43.309355" lon="-1.8827700000000001">
        <ele>7</ele>
      </trkpt>
      <trkpt lat="43.309577" lon="-1.883103">
        <ele>7</ele>
      </trkpt>
      <trkpt lat="43.309636" lon="-1.883175">
        <ele>6</ele>
      </trkpt>
      <trkpt lat="43.309695" lon="-1.883219">
        <ele>6</ele>
      </trkpt>
      <trkpt lat="43.309741" lon="-1.8832549999999999">
        <ele>6</ele>
      </trkpt>
      <trkpt lat="43.309799" lon="-1.8832819999999999">
        <ele>6</ele>
      </trkpt>
      <trkpt lat="43.309846" lon="-1.8833">
        <ele>6</ele>
      </trkpt>
      <trkpt lat="43.309898" lon="-1.8833">
        <ele>6</ele>
      </trkpt>
      <trkpt lat="43.309943" lon="-1.883292">
        <ele>6</ele>
      </trkpt>
      <trkpt lat="43.309989" lon="-1.883273">
        <ele>6</ele>
      </trkpt>
      <trkpt lat="43.310041" lon="-1.883246">
        <ele>6</ele>
      </trkpt>
      <trkpt lat="43.31008" lon="-1.8832100000000001">
        <ele>6</ele>
      </trkpt>
      <trkpt lat="43.310127" lon="-1.8831659999999999">
        <ele>6</ele>
      </trkpt>
      <trkpt lat="43.310165" lon="-1.883103">
        <ele>6</ele>
      </trkpt>
      <trkpt lat="43.310192" lon="-1.883022">
        <ele>5</ele>
      </trkpt>
      <trkpt lat="43.310218" lon="-1.8829229999999999">
        <ele>5</ele>
      </trkpt>
      <trkpt lat="43.310251" lon="-1.8826799999999999">
        <ele>5</ele>
      </trkpt>
      <trkpt lat="43.310283" lon="-1.882447">
        <ele>4</ele>
      </trkpt>
      <trkpt lat="43.310322" lon="-1.8821870000000001">
        <ele>4</ele>
      </trkpt>
      <trkpt lat="43.310322" lon="-1.8819079999999999">
        <ele>4</ele>
      </trkpt>
      <trkpt lat="43.310336" lon="-1.8815580000000001">
        <ele>4</ele>
      </trkpt>
      <trkpt lat="43.310362" lon="-1.8812610000000001">
        <ele>5</ele>
      </trkpt>
      <trkpt lat="43.310407" lon="-1.8809290000000001">
        <ele>6</ele>
      </trkpt>
      <trkpt lat="43.31046" lon="-1.880676">
        <ele>7</ele>
      </trkpt>
      <trkpt lat="43.310486" lon="-1.8805959999999999">
        <ele>7</ele>
      </trkpt>
      <trkpt lat="43.310505" lon="-1.8805419999999999">
        <ele>8</ele>
      </trkpt>
      <trkpt lat="43.310545" lon="-1.8804890000000001">
        <ele>8</ele>
      </trkpt>
      <trkpt lat="43.310597" lon="-1.8804700000000001">
        <ele>7</ele>
      </trkpt>
      <trkpt lat="43.310617" lon="-1.8804620000000001">
        <ele>7</ele>
      </trkpt>
      <trkpt lat="43.310643" lon="-1.880452">
        <ele>7</ele>
      </trkpt>
      <trkpt lat="43.310728" lon="-1.880452">
        <ele>8</ele>
      </trkpt>
      <trkpt lat="43.310943" lon="-1.8804620000000001">
        <ele>10</ele>
      </trkpt>
      <trkpt lat="43.310989" lon="-1.8804620000000001">
        <ele>10</ele>
      </trkpt>
      <trkpt lat="43.31114" lon="-1.880452">
        <ele>11</ele>
      </trkpt>
      <trkpt lat="43.311218" lon="-1.8804350000000001">
        <ele>11</ele>
      </trkpt>
      <trkpt lat="43.311244" lon="-1.8804069999999999">
        <ele>11</ele>
      </trkpt>
      <trkpt lat="43.311323" lon="-1.8802190000000001">
        <ele>12</ele>
      </trkpt>
      <trkpt lat="43.311492" lon="-1.87985">
        <ele>12</ele>
      </trkpt>
      <trkpt lat="43.311656" lon="-1.8795809999999999">
        <ele>11</ele>
      </trkpt>
      <trkpt lat="43.311937" lon="-1.8791580000000001">
        <ele>10</ele>
      </trkpt>
      <trkpt lat="43.312179" lon="-1.878808">
        <ele>12</ele>
      </trkpt>
      <trkpt lat="43.312368" lon="-1.878619">
        <ele>12</ele>
      </trkpt>
      <trkpt lat="43.31244" lon="-1.8785210000000001">
        <ele>12</ele>
      </trkpt>
      <trkpt lat="43.312675" lon="-1.878179">
        <ele>11</ele>
      </trkpt>
      <trkpt lat="43.312728" lon="-1.877982">
        <ele>10</ele>
      </trkpt>
      <trkpt lat="43.31278" lon="-1.8777759999999999">
        <ele>10</ele>
      </trkpt>
      <trkpt lat="43.313068" lon="-1.8773439999999999">
        <ele>12</ele>
      </trkpt>
      <trkpt lat="43.313186" lon="-1.877353">
        <ele>12</ele>
      </trkpt>
      <trkpt lat="43.313362" lon="-1.8770929999999999">
        <ele>12</ele>
      </trkpt>
      <trkpt lat="43.313643" lon="-1.8766339999999999">
        <ele>12</ele>
      </trkpt>
      <trkpt lat="43.314257" lon="-1.875772">
        <ele>15</ele>
      </trkpt>
      <trkpt lat="43.314669" lon="-1.875332">
        <ele>17</ele>
      </trkpt>
      <trkpt lat="43.315087" lon="-1.8751070000000001">
        <ele>17</ele>
      </trkpt>
      <trkpt lat="43.31546" lon="-1.874892">
        <ele>17</ele>
      </trkpt>
      <trkpt lat="43.315434" lon="-1.8748100000000001">
        <ele>16</ele>
      </trkpt>
      <trkpt lat="43.315414" lon="-1.874776">
        <ele>16</ele>
      </trkpt>
      <trkpt lat="43.315368" lon="-1.8746860000000001">
        <ele>15</ele>
      </trkpt>
      <trkpt lat="43.315394" lon="-1.8743529999999999">
        <ele>13</ele>
      </trkpt>
      <trkpt lat="43.315401" lon="-1.8736790000000001">
        <ele>16</ele>
      </trkpt>
    </trkseg>
  </trk>
</gpx>