<?xml version="1.0" encoding="UTF-8" standalone="yes"?>
<gpx
 version="1.1"
 creator="Generated by MapOut iPhone App. See https://mapout.app"
 xmlns="http://www.topografix.com/GPX/1/1"
 xmlns:xsi="http://www.w3.org/2001/XMLSchema-instance"
 xmlns:gpxx="http://www.garmin.com/xmlschemas/GpxExtensions/v3"
 xmlns:mapout="https://mapout.app/xmlschemas/MapOutExtensions"
 xsi:schemaLocation="http://www.topografix.com/GPX/1/1 https://www.topografix.com/GPX/1/1/gpx.xsd http://www.garmin.com/xmlschemas/GpxExtensions/v3 https://www8.garmin.com/xmlschemas/GpxExtensionsv3.xsd https://mapout.app/xmlschemas/MapOutExtensions https://mapout.app/xmlschemas/MapOutExtensions.xsd">
  <metadata>
    <name><![CDATA[Etapa 4 (S) - Via Verde Bidasoa (Camping Ariztigain -> Camping Faro Higuer)]]></name>
    <desc>Sunbilla - Facería 87 - Igantzi - Lesaka - Irun - Hondarribia/Fontarrabie</desc>
    <time>2021-10-13T09:36:00Z</time>
    <bounds minlat="43.171694" minlon="-1.801885" maxlat="43.392275" maxlon="-1.6621619999999999"/>
  </metadata>
  <trk>
    <name><![CDATA[Etapa 4 (S) - Via Verde Bidasoa (Camping Ariztigain -> Camping Faro Higuer)]]></name>
    <desc>Sunbilla - Facería 87 - Igantzi - Lesaka - Irun - Hondarribia/Fontarrabie</desc>
    <trkseg>
      <trkpt lat="43.171694" lon="-1.6725099999999999">
        <ele>169</ele>
      </trkpt>
      <trkpt lat="43.171812" lon="-1.6726540000000001">
        <ele>170</ele>
      </trkpt>
      <trkpt lat="43.171989" lon="-1.6723939999999999">
        <ele>167</ele>
      </trkpt>
      <trkpt lat="43.172028" lon="-1.6724110000000001">
        <ele>167</ele>
      </trkpt>
      <trkpt lat="43.172264" lon="-1.6726719999999999">
        <ele>168</ele>
      </trkpt>
      <trkpt lat="43.172349" lon="-1.6728069999999999">
        <ele>168</ele>
      </trkpt>
      <trkpt lat="43.172447" lon="-1.6729590000000001">
        <ele>169</ele>
      </trkpt>
      <trkpt lat="43.172519" lon="-1.6730670000000001">
        <ele>168</ele>
      </trkpt>
      <trkpt lat="43.172644" lon="-1.6733910000000001">
        <ele>167</ele>
      </trkpt>
      <trkpt lat="43.172748" lon="-1.673562">
        <ele>164</ele>
      </trkpt>
      <trkpt lat="43.17282" lon="-1.6736249999999999">
        <ele>163</ele>
      </trkpt>
      <trkpt lat="43.172958" lon="-1.6737150000000001">
        <ele>160</ele>
      </trkpt>
      <trkpt lat="43.173129" lon="-1.673894">
        <ele>154</ele>
      </trkpt>
      <trkpt lat="43.173259" lon="-1.6740189999999999">
        <ele>149</ele>
      </trkpt>
      <trkpt lat="43.173371" lon="-1.6740189999999999">
        <ele>147</ele>
      </trkpt>
      <trkpt lat="43.173502" lon="-1.673948">
        <ele>146</ele>
      </trkpt>
      <trkpt lat="43.173613" lon="-1.673867">
        <ele>143</ele>
      </trkpt>
      <trkpt lat="43.173666" lon="-1.673786">
        <ele>142</ele>
      </trkpt>
      <trkpt lat="43.173751" lon="-1.673678">
        <ele>139</ele>
      </trkpt>
      <trkpt lat="43.173777" lon="-1.673508">
        <ele>137</ele>
      </trkpt>
      <trkpt lat="43.173797" lon="-1.673373">
        <ele>135</ele>
      </trkpt>
      <trkpt lat="43.173784" lon="-1.673122">
        <ele>135</ele>
      </trkpt>
      <trkpt lat="43.173764" lon="-1.6729229999999999">
        <ele>136</ele>
      </trkpt>
      <trkpt lat="43.173738" lon="-1.6727529999999999">
        <ele>137</ele>
      </trkpt>
      <trkpt lat="43.173718" lon="-1.6725639999999999">
        <ele>136</ele>
      </trkpt>
      <trkpt lat="43.173718" lon="-1.6724300000000001">
        <ele>134</ele>
      </trkpt>
      <trkpt lat="43.173738" lon="-1.6723399999999999">
        <ele>131</ele>
      </trkpt>
      <trkpt lat="43.17379" lon="-1.672231">
        <ele>128</ele>
      </trkpt>
      <trkpt lat="43.173849" lon="-1.6721600000000001">
        <ele>124</ele>
      </trkpt>
      <trkpt lat="43.173915" lon="-1.6721600000000001">
        <ele>123</ele>
      </trkpt>
      <trkpt lat="43.174006" lon="-1.672223">
        <ele>122</ele>
      </trkpt>
      <trkpt lat="43.174124" lon="-1.6722939999999999">
        <ele>119</ele>
      </trkpt>
      <trkpt lat="43.174006" lon="-1.671478">
        <ele>110</ele>
      </trkpt>
      <trkpt lat="43.174" lon="-1.671397">
        <ele>110</ele>
      </trkpt>
      <trkpt lat="43.174" lon="-1.671235">
        <ele>109</ele>
      </trkpt>
      <trkpt lat="43.174033" lon="-1.671019">
        <ele>108</ele>
      </trkpt>
      <trkpt lat="43.174216" lon="-1.670426">
        <ele>112</ele>
      </trkpt>
      <trkpt lat="43.174222" lon="-1.6703190000000001">
        <ele>114</ele>
      </trkpt>
      <trkpt lat="43.174262" lon="-1.670094">
        <ele>118</ele>
      </trkpt>
      <trkpt lat="43.174262" lon="-1.67004">
        <ele>119</ele>
      </trkpt>
      <trkpt lat="43.174248" lon="-1.6699329999999999">
        <ele>122</ele>
      </trkpt>
      <trkpt lat="43.174222" lon="-1.669807">
        <ele>124</ele>
      </trkpt>
      <trkpt lat="43.174157" lon="-1.6697070000000001">
        <ele>126</ele>
      </trkpt>
      <trkpt lat="43.174157" lon="-1.6696359999999999">
        <ele>128</ele>
      </trkpt>
      <trkpt lat="43.174104" lon="-1.669554">
        <ele>130</ele>
      </trkpt>
      <trkpt lat="43.174072" lon="-1.669457">
        <ele>133</ele>
      </trkpt>
      <trkpt lat="43.174059" lon="-1.669357">
        <ele>136</ele>
      </trkpt>
      <trkpt lat="43.174072" lon="-1.6692499999999999">
        <ele>139</ele>
      </trkpt>
      <trkpt lat="43.174118" lon="-1.669133">
        <ele>141</ele>
      </trkpt>
      <trkpt lat="43.174196" lon="-1.6690510000000001">
        <ele>140</ele>
      </trkpt>
      <trkpt lat="43.174301" lon="-1.6688179999999999">
        <ele>140</ele>
      </trkpt>
      <trkpt lat="43.174419" lon="-1.6684779999999999">
        <ele>140</ele>
      </trkpt>
      <trkpt lat="43.174511" lon="-1.6680820000000001">
        <ele>142</ele>
      </trkpt>
      <trkpt lat="43.174615" lon="-1.667049">
        <ele>152</ele>
      </trkpt>
      <trkpt lat="43.174707" lon="-1.666671">
        <ele>159</ele>
      </trkpt>
      <trkpt lat="43.174871" lon="-1.6663380000000001">
        <ele>161</ele>
      </trkpt>
      <trkpt lat="43.175087" lon="-1.6659980000000001">
        <ele>164</ele>
      </trkpt>
      <trkpt lat="43.17527" lon="-1.6657379999999999">
        <ele>170</ele>
      </trkpt>
      <trkpt lat="43.175474" lon="-1.6655489999999999">
        <ele>171</ele>
      </trkpt>
      <trkpt lat="43.175683" lon="-1.6654409999999999">
        <ele>169</ele>
      </trkpt>
      <trkpt lat="43.175946" lon="-1.665351">
        <ele>170</ele>
      </trkpt>
      <trkpt lat="43.177105" lon="-1.6651800000000001">
        <ele>168</ele>
      </trkpt>
      <trkpt lat="43.17742" lon="-1.665233">
        <ele>159</ele>
      </trkpt>
      <trkpt lat="43.177668" lon="-1.665351">
        <ele>149</ele>
      </trkpt>
      <trkpt lat="43.177799" lon="-1.665486">
        <ele>142</ele>
      </trkpt>
      <trkpt lat="43.177924" lon="-1.665683">
        <ele>136</ele>
      </trkpt>
      <trkpt lat="43.178323" lon="-1.6665179999999999">
        <ele>121</ele>
      </trkpt>
      <trkpt lat="43.178586" lon="-1.6670210000000001">
        <ele>119</ele>
      </trkpt>
      <trkpt lat="43.178802" lon="-1.6673089999999999">
        <ele>116</ele>
      </trkpt>
      <trkpt lat="43.179057" lon="-1.6675519999999999">
        <ele>113</ele>
      </trkpt>
      <trkpt lat="43.179627" lon="-1.6680189999999999">
        <ele>111</ele>
      </trkpt>
      <trkpt lat="43.179922" lon="-1.668199">
        <ele>113</ele>
      </trkpt>
      <trkpt lat="43.180092" lon="-1.6682520000000001">
        <ele>116</ele>
      </trkpt>
      <trkpt lat="43.180354" lon="-1.668342">
        <ele>120</ele>
      </trkpt>
      <trkpt lat="43.180983" lon="-1.6684589999999999">
        <ele>119</ele>
      </trkpt>
      <trkpt lat="43.181946" lon="-1.6684950000000001">
        <ele>126</ele>
      </trkpt>
      <trkpt lat="43.182168" lon="-1.668504">
        <ele>128</ele>
      </trkpt>
      <trkpt lat="43.182248" lon="-1.668747">
        <ele>123</ele>
      </trkpt>
      <trkpt lat="43.182372" lon="-1.668954">
        <ele>118</ele>
      </trkpt>
      <trkpt lat="43.182424" lon="-1.6689879999999999">
        <ele>117</ele>
      </trkpt>
      <trkpt lat="43.182561" lon="-1.6690970000000001">
        <ele>115</ele>
      </trkpt>
      <trkpt lat="43.182981" lon="-1.6692849999999999">
        <ele>107</ele>
      </trkpt>
      <trkpt lat="43.183072" lon="-1.669367">
        <ele>104</ele>
      </trkpt>
      <trkpt lat="43.183131" lon="-1.669465">
        <ele>102</ele>
      </trkpt>
      <trkpt lat="43.183296" lon="-1.670166">
        <ele>93</ele>
      </trkpt>
      <trkpt lat="43.183315" lon="-1.670229">
        <ele>93</ele>
      </trkpt>
      <trkpt lat="43.183616" lon="-1.6701569999999999">
        <ele>93</ele>
      </trkpt>
      <trkpt lat="43.184238" lon="-1.669977">
        <ele>91</ele>
      </trkpt>
      <trkpt lat="43.184671" lon="-1.669851">
        <ele>91</ele>
      </trkpt>
      <trkpt lat="43.184939" lon="-1.669824">
        <ele>93</ele>
      </trkpt>
      <trkpt lat="43.185189" lon="-1.669851">
        <ele>95</ele>
      </trkpt>
      <trkpt lat="43.185549" lon="-1.670031">
        <ele>92</ele>
      </trkpt>
      <trkpt lat="43.185791" lon="-1.6702729999999999">
        <ele>91</ele>
      </trkpt>
      <trkpt lat="43.18585" lon="-1.6703460000000001">
        <ele>92</ele>
      </trkpt>
      <trkpt lat="43.185896" lon="-1.670409">
        <ele>92</ele>
      </trkpt>
      <trkpt lat="43.185987" lon="-1.6705429999999999">
        <ele>93</ele>
      </trkpt>
      <trkpt lat="43.186098" lon="-1.670741">
        <ele>95</ele>
      </trkpt>
      <trkpt lat="43.186544" lon="-1.6718729999999999">
        <ele>92</ele>
      </trkpt>
      <trkpt lat="43.186721" lon="-1.672493">
        <ele>94</ele>
      </trkpt>
      <trkpt lat="43.186747" lon="-1.6725909999999999">
        <ele>95</ele>
      </trkpt>
      <trkpt lat="43.186904" lon="-1.6729769999999999">
        <ele>94</ele>
      </trkpt>
      <trkpt lat="43.187055" lon="-1.6734720000000001">
        <ele>96</ele>
      </trkpt>
      <trkpt lat="43.18752" lon="-1.6748639999999999">
        <ele>110</ele>
      </trkpt>
      <trkpt lat="43.187625" lon="-1.675179">
        <ele>116</ele>
      </trkpt>
      <trkpt lat="43.187756" lon="-1.675357">
        <ele>115</ele>
      </trkpt>
      <trkpt lat="43.187998" lon="-1.675565">
        <ele>110</ele>
      </trkpt>
      <trkpt lat="43.188208" lon="-1.6756819999999999">
        <ele>104</ele>
      </trkpt>
      <trkpt lat="43.188411" lon="-1.67578">
        <ele>99</ele>
      </trkpt>
      <trkpt lat="43.188601" lon="-1.6758519999999999">
        <ele>95</ele>
      </trkpt>
      <trkpt lat="43.188738" lon="-1.675843">
        <ele>93</ele>
      </trkpt>
      <trkpt lat="43.188895" lon="-1.675799">
        <ele>92</ele>
      </trkpt>
      <trkpt lat="43.189118" lon="-1.6756899999999999">
        <ele>90</ele>
      </trkpt>
      <trkpt lat="43.189314" lon="-1.675529">
        <ele>91</ele>
      </trkpt>
      <trkpt lat="43.189478" lon="-1.675357">
        <ele>91</ele>
      </trkpt>
      <trkpt lat="43.189596" lon="-1.675206">
        <ele>91</ele>
      </trkpt>
      <trkpt lat="43.189728" lon="-1.674944">
        <ele>91</ele>
      </trkpt>
      <trkpt lat="43.189839" lon="-1.6746300000000001">
        <ele>93</ele>
      </trkpt>
      <trkpt lat="43.190067" lon="-1.6736880000000001">
        <ele>94</ele>
      </trkpt>
      <trkpt lat="43.190349" lon="-1.6727259999999999">
        <ele>100</ele>
      </trkpt>
      <trkpt lat="43.190382" lon="-1.6725829999999999">
        <ele>100</ele>
      </trkpt>
      <trkpt lat="43.190402" lon="-1.6723840000000001">
        <ele>99</ele>
      </trkpt>
      <trkpt lat="43.190402" lon="-1.6717649999999999">
        <ele>92</ele>
      </trkpt>
      <trkpt lat="43.190395" lon="-1.6711450000000001">
        <ele>91</ele>
      </trkpt>
      <trkpt lat="43.190369" lon="-1.6706780000000001">
        <ele>91</ele>
      </trkpt>
      <trkpt lat="43.19033" lon="-1.669816">
        <ele>93</ele>
      </trkpt>
      <trkpt lat="43.190265" lon="-1.6683779999999999">
        <ele>90</ele>
      </trkpt>
      <trkpt lat="43.190271" lon="-1.6680550000000001">
        <ele>90</ele>
      </trkpt>
      <trkpt lat="43.190317" lon="-1.667659">
        <ele>93</ele>
      </trkpt>
      <trkpt lat="43.190382" lon="-1.667462">
        <ele>93</ele>
      </trkpt>
      <trkpt lat="43.190493" lon="-1.6672640000000001">
        <ele>93</ele>
      </trkpt>
      <trkpt lat="43.190572" lon="-1.667157">
        <ele>93</ele>
      </trkpt>
      <trkpt lat="43.190651" lon="-1.6670400000000001">
        <ele>94</ele>
      </trkpt>
      <trkpt lat="43.190834" lon="-1.6668700000000001">
        <ele>95</ele>
      </trkpt>
      <trkpt lat="43.190952" lon="-1.6667970000000001">
        <ele>96</ele>
      </trkpt>
      <trkpt lat="43.191103" lon="-1.6667339999999999">
        <ele>95</ele>
      </trkpt>
      <trkpt lat="43.191378" lon="-1.66669">
        <ele>92</ele>
      </trkpt>
      <trkpt lat="43.191614" lon="-1.6666000000000001">
        <ele>89</ele>
      </trkpt>
      <trkpt lat="43.19215" lon="-1.6663650000000001">
        <ele>88</ele>
      </trkpt>
      <trkpt lat="43.192465" lon="-1.666204">
        <ele>90</ele>
      </trkpt>
      <trkpt lat="43.192753" lon="-1.666007">
        <ele>94</ele>
      </trkpt>
      <trkpt lat="43.193035" lon="-1.6658539999999999">
        <ele>92</ele>
      </trkpt>
      <trkpt lat="43.193323" lon="-1.665692">
        <ele>91</ele>
      </trkpt>
      <trkpt lat="43.193552" lon="-1.665638">
        <ele>91</ele>
      </trkpt>
      <trkpt lat="43.193899" lon="-1.665602">
        <ele>90</ele>
      </trkpt>
      <trkpt lat="43.194181" lon="-1.6655489999999999">
        <ele>89</ele>
      </trkpt>
      <trkpt lat="43.19437" lon="-1.6654949999999999">
        <ele>88</ele>
      </trkpt>
      <trkpt lat="43.194429" lon="-1.6655850000000001">
        <ele>88</ele>
      </trkpt>
      <trkpt lat="43.194509" lon="-1.665862">
        <ele>89</ele>
      </trkpt>
      <trkpt lat="43.194554" lon="-1.6661950000000001">
        <ele>93</ele>
      </trkpt>
      <trkpt lat="43.194672" lon="-1.666501">
        <ele>95</ele>
      </trkpt>
      <trkpt lat="43.194711" lon="-1.666617">
        <ele>95</ele>
      </trkpt>
      <trkpt lat="43.194751" lon="-1.6667430000000001">
        <ele>95</ele>
      </trkpt>
      <trkpt lat="43.194763" lon="-1.6670130000000001">
        <ele>96</ele>
      </trkpt>
      <trkpt lat="43.194763" lon="-1.6674530000000001">
        <ele>98</ele>
      </trkpt>
      <trkpt lat="43.194744" lon="-1.6680820000000001">
        <ele>96</ele>
      </trkpt>
      <trkpt lat="43.194731" lon="-1.668396">
        <ele>98</ele>
      </trkpt>
      <trkpt lat="43.194705" lon="-1.668701">
        <ele>101</ele>
      </trkpt>
      <trkpt lat="43.194685" lon="-1.6692940000000001">
        <ele>110</ele>
      </trkpt>
      <trkpt lat="43.194757" lon="-1.669967">
        <ele>118</ele>
      </trkpt>
      <trkpt lat="43.194934" lon="-1.67039">
        <ele>116</ele>
      </trkpt>
      <trkpt lat="43.195137" lon="-1.6707860000000001">
        <ele>115</ele>
      </trkpt>
      <trkpt lat="43.195373" lon="-1.671189">
        <ele>111</ele>
      </trkpt>
      <trkpt lat="43.195523" lon="-1.671432">
        <ele>107</ele>
      </trkpt>
      <trkpt lat="43.195792" lon="-1.6717200000000001">
        <ele>104</ele>
      </trkpt>
      <trkpt lat="43.196126" lon="-1.6720250000000001">
        <ele>102</ele>
      </trkpt>
      <trkpt lat="43.196493" lon="-1.6722410000000001">
        <ele>101</ele>
      </trkpt>
      <trkpt lat="43.19699" lon="-1.6722410000000001">
        <ele>90</ele>
      </trkpt>
      <trkpt lat="43.197599" lon="-1.672007">
        <ele>86</ele>
      </trkpt>
      <trkpt lat="43.197985" lon="-1.671864">
        <ele>90</ele>
      </trkpt>
      <trkpt lat="43.19868" lon="-1.6719630000000001">
        <ele>109</ele>
      </trkpt>
      <trkpt lat="43.199151" lon="-1.6723129999999999">
        <ele>122</ele>
      </trkpt>
      <trkpt lat="43.199472" lon="-1.6729499999999999">
        <ele>113</ele>
      </trkpt>
      <trkpt lat="43.199708" lon="-1.673319">
        <ele>108</ele>
      </trkpt>
      <trkpt lat="43.199878" lon="-1.673535">
        <ele>105</ele>
      </trkpt>
      <trkpt lat="43.200147" lon="-1.6737489999999999">
        <ele>97</ele>
      </trkpt>
      <trkpt lat="43.200461" lon="-1.6738390000000001">
        <ele>87</ele>
      </trkpt>
      <trkpt lat="43.200736" lon="-1.6738310000000001">
        <ele>83</ele>
      </trkpt>
      <trkpt lat="43.201103" lon="-1.6736599999999999">
        <ele>80</ele>
      </trkpt>
      <trkpt lat="43.201574" lon="-1.673319">
        <ele>79</ele>
      </trkpt>
      <trkpt lat="43.201862" lon="-1.6731119999999999">
        <ele>80</ele>
      </trkpt>
      <trkpt lat="43.202137" lon="-1.672736">
        <ele>81</ele>
      </trkpt>
      <trkpt lat="43.202301" lon="-1.6724110000000001">
        <ele>78</ele>
      </trkpt>
      <trkpt lat="43.202471" lon="-1.6721410000000001">
        <ele>77</ele>
      </trkpt>
      <trkpt lat="43.202713" lon="-1.6717200000000001">
        <ele>82</ele>
      </trkpt>
      <trkpt lat="43.202838" lon="-1.6713690000000001">
        <ele>85</ele>
      </trkpt>
      <trkpt lat="43.202923" lon="-1.670885">
        <ele>82</ele>
      </trkpt>
      <trkpt lat="43.202962" lon="-1.670336">
        <ele>80</ele>
      </trkpt>
      <trkpt lat="43.203041" lon="-1.6693480000000001">
        <ele>84</ele>
      </trkpt>
      <trkpt lat="43.20312" lon="-1.668701">
        <ele>81</ele>
      </trkpt>
      <trkpt lat="43.203198" lon="-1.6678489999999999">
        <ele>80</ele>
      </trkpt>
      <trkpt lat="43.203283" lon="-1.6670670000000001">
        <ele>78</ele>
      </trkpt>
      <trkpt lat="43.203447" lon="-1.6664110000000001">
        <ele>77</ele>
      </trkpt>
      <trkpt lat="43.203637" lon="-1.665359">
        <ele>85</ele>
      </trkpt>
      <trkpt lat="43.203807" lon="-1.664803">
        <ele>80</ele>
      </trkpt>
      <trkpt lat="43.20399" lon="-1.664174">
        <ele>81</ele>
      </trkpt>
      <trkpt lat="43.204193" lon="-1.663554">
        <ele>83</ele>
      </trkpt>
      <trkpt lat="43.204351" lon="-1.663141">
        <ele>79</ele>
      </trkpt>
      <trkpt lat="43.20439" lon="-1.6630419999999999">
        <ele>79</ele>
      </trkpt>
      <trkpt lat="43.204435" lon="-1.6629430000000001">
        <ele>78</ele>
      </trkpt>
      <trkpt lat="43.204711" lon="-1.6625220000000001">
        <ele>77</ele>
      </trkpt>
      <trkpt lat="43.205005" lon="-1.6622790000000001">
        <ele>76</ele>
      </trkpt>
      <trkpt lat="43.205306" lon="-1.6621619999999999">
        <ele>75</ele>
      </trkpt>
      <trkpt lat="43.205752" lon="-1.6622159999999999">
        <ele>77</ele>
      </trkpt>
      <trkpt lat="43.206197" lon="-1.662404">
        <ele>82</ele>
      </trkpt>
      <trkpt lat="43.206629" lon="-1.662539">
        <ele>80</ele>
      </trkpt>
      <trkpt lat="43.206937" lon="-1.6626559999999999">
        <ele>81</ele>
      </trkpt>
      <trkpt lat="43.207435" lon="-1.6628529999999999">
        <ele>81</ele>
      </trkpt>
      <trkpt lat="43.207802" lon="-1.663149">
        <ele>81</ele>
      </trkpt>
      <trkpt lat="43.208286" lon="-1.663805">
        <ele>88</ele>
      </trkpt>
      <trkpt lat="43.208626" lon="-1.6643539999999999">
        <ele>88</ele>
      </trkpt>
      <trkpt lat="43.208986" lon="-1.665">
        <ele>91</ele>
      </trkpt>
      <trkpt lat="43.209288" lon="-1.665638">
        <ele>93</ele>
      </trkpt>
      <trkpt lat="43.209432" lon="-1.6662410000000001">
        <ele>95</ele>
      </trkpt>
      <trkpt lat="43.209569" lon="-1.6669670000000001">
        <ele>102</ele>
      </trkpt>
      <trkpt lat="43.209635" lon="-1.6672640000000001">
        <ele>102</ele>
      </trkpt>
      <trkpt lat="43.2097" lon="-1.6677489999999999">
        <ele>100</ele>
      </trkpt>
      <trkpt lat="43.209785" lon="-1.6680280000000001">
        <ele>95</ele>
      </trkpt>
      <trkpt lat="43.209929" lon="-1.6686749999999999">
        <ele>94</ele>
      </trkpt>
      <trkpt lat="43.210073" lon="-1.669141">
        <ele>94</ele>
      </trkpt>
      <trkpt lat="43.210472" lon="-1.669986">
        <ele>90</ele>
      </trkpt>
      <trkpt lat="43.210813" lon="-1.6707129999999999">
        <ele>94</ele>
      </trkpt>
      <trkpt lat="43.211121" lon="-1.6713880000000001">
        <ele>96</ele>
      </trkpt>
      <trkpt lat="43.211448" lon="-1.67208">
        <ele>91</ele>
      </trkpt>
      <trkpt lat="43.2115" lon="-1.6721699999999999">
        <ele>90</ele>
      </trkpt>
      <trkpt lat="43.211632" lon="-1.6723760000000001">
        <ele>90</ele>
      </trkpt>
      <trkpt lat="43.211789" lon="-1.672501">
        <ele>89</ele>
      </trkpt>
      <trkpt lat="43.212051" lon="-1.6726719999999999">
        <ele>89</ele>
      </trkpt>
      <trkpt lat="43.212371" lon="-1.6727529999999999">
        <ele>85</ele>
      </trkpt>
      <trkpt lat="43.21262" lon="-1.672744">
        <ele>78</ele>
      </trkpt>
      <trkpt lat="43.212797" lon="-1.6727069999999999">
        <ele>74</ele>
      </trkpt>
      <trkpt lat="43.213059" lon="-1.6725559999999999">
        <ele>71</ele>
      </trkpt>
      <trkpt lat="43.213766" lon="-1.672107">
        <ele>67</ele>
      </trkpt>
      <trkpt lat="43.21389" lon="-1.67208">
        <ele>67</ele>
      </trkpt>
      <trkpt lat="43.21408" lon="-1.671854">
        <ele>67</ele>
      </trkpt>
      <trkpt lat="43.214132" lon="-1.6718010000000001">
        <ele>68</ele>
      </trkpt>
      <trkpt lat="43.214375" lon="-1.671648">
        <ele>68</ele>
      </trkpt>
      <trkpt lat="43.214506" lon="-1.671567">
        <ele>67</ele>
      </trkpt>
      <trkpt lat="43.214637" lon="-1.671486">
        <ele>68</ele>
      </trkpt>
      <trkpt lat="43.215154" lon="-1.671217">
        <ele>69</ele>
      </trkpt>
      <trkpt lat="43.215331" lon="-1.671162">
        <ele>69</ele>
      </trkpt>
      <trkpt lat="43.215553" lon="-1.6711180000000001">
        <ele>69</ele>
      </trkpt>
      <trkpt lat="43.216044" lon="-1.671162">
        <ele>70</ele>
      </trkpt>
      <trkpt lat="43.216515" lon="-1.671235">
        <ele>68</ele>
      </trkpt>
      <trkpt lat="43.216895" lon="-1.671235">
        <ele>68</ele>
      </trkpt>
      <trkpt lat="43.217138" lon="-1.6713420000000001">
        <ele>70</ele>
      </trkpt>
      <trkpt lat="43.217373" lon="-1.6715040000000001">
        <ele>68</ele>
      </trkpt>
      <trkpt lat="43.217622" lon="-1.671837">
        <ele>69</ele>
      </trkpt>
      <trkpt lat="43.217726" lon="-1.672007">
        <ele>70</ele>
      </trkpt>
      <trkpt lat="43.217805" lon="-1.672223">
        <ele>72</ele>
      </trkpt>
      <trkpt lat="43.217844" lon="-1.6724110000000001">
        <ele>73</ele>
      </trkpt>
      <trkpt lat="43.217844" lon="-1.6726000000000001">
        <ele>74</ele>
      </trkpt>
      <trkpt lat="43.217661" lon="-1.6735979999999999">
        <ele>87</ele>
      </trkpt>
      <trkpt lat="43.217386" lon="-1.6748639999999999">
        <ele>87</ele>
      </trkpt>
      <trkpt lat="43.217255" lon="-1.6754830000000001">
        <ele>88</ele>
      </trkpt>
      <trkpt lat="43.217183" lon="-1.676185">
        <ele>93</ele>
      </trkpt>
      <trkpt lat="43.217138" lon="-1.676741">
        <ele>91</ele>
      </trkpt>
      <trkpt lat="43.217183" lon="-1.677208">
        <ele>89</ele>
      </trkpt>
      <trkpt lat="43.217223" lon="-1.6776310000000001">
        <ele>88</ele>
      </trkpt>
      <trkpt lat="43.217295" lon="-1.6781330000000001">
        <ele>88</ele>
      </trkpt>
      <trkpt lat="43.217458" lon="-1.6787449999999999">
        <ele>91</ele>
      </trkpt>
      <trkpt lat="43.217576" lon="-1.6791670000000001">
        <ele>92</ele>
      </trkpt>
      <trkpt lat="43.217726" lon="-1.6794450000000001">
        <ele>92</ele>
      </trkpt>
      <trkpt lat="43.21789" lon="-1.6796519999999999">
        <ele>91</ele>
      </trkpt>
      <trkpt lat="43.218093" lon="-1.6798409999999999">
        <ele>87</ele>
      </trkpt>
      <trkpt lat="43.218296" lon="-1.679948">
        <ele>83</ele>
      </trkpt>
      <trkpt lat="43.21954" lon="-1.680334">
        <ele>70</ele>
      </trkpt>
      <trkpt lat="43.219802" lon="-1.6803969999999999">
        <ele>71</ele>
      </trkpt>
      <trkpt lat="43.220077" lon="-1.68038">
        <ele>70</ele>
      </trkpt>
      <trkpt lat="43.220339" lon="-1.6802900000000001">
        <ele>67</ele>
      </trkpt>
      <trkpt lat="43.220574" lon="-1.6801550000000001">
        <ele>64</ele>
      </trkpt>
      <trkpt lat="43.220804" lon="-1.67994">
        <ele>62</ele>
      </trkpt>
      <trkpt lat="43.220993" lon="-1.6796340000000001">
        <ele>62</ele>
      </trkpt>
      <trkpt lat="43.221144" lon="-1.6792119999999999">
        <ele>66</ele>
      </trkpt>
      <trkpt lat="43.221582" lon="-1.6774070000000001">
        <ele>67</ele>
      </trkpt>
      <trkpt lat="43.221667" lon="-1.677173">
        <ele>68</ele>
      </trkpt>
      <trkpt lat="43.221831" lon="-1.676849">
        <ele>68</ele>
      </trkpt>
      <trkpt lat="43.222053" lon="-1.676579">
        <ele>67</ele>
      </trkpt>
      <trkpt lat="43.222302" lon="-1.676391">
        <ele>64</ele>
      </trkpt>
      <trkpt lat="43.222617" lon="-1.676248">
        <ele>61</ele>
      </trkpt>
      <trkpt lat="43.223507" lon="-1.6760409999999999">
        <ele>62</ele>
      </trkpt>
      <trkpt lat="43.223802" lon="-1.676005">
        <ele>61</ele>
      </trkpt>
      <trkpt lat="43.224115" lon="-1.676013">
        <ele>60</ele>
      </trkpt>
      <trkpt lat="43.224358" lon="-1.6760759999999999">
        <ele>60</ele>
      </trkpt>
      <trkpt lat="43.224587" lon="-1.6761029999999999">
        <ele>60</ele>
      </trkpt>
      <trkpt lat="43.224849" lon="-1.676193">
        <ele>60</ele>
      </trkpt>
      <trkpt lat="43.225176" lon="-1.676302">
        <ele>61</ele>
      </trkpt>
      <trkpt lat="43.22534" lon="-1.676391">
        <ele>63</ele>
      </trkpt>
      <trkpt lat="43.225484" lon="-1.6764889999999999">
        <ele>64</ele>
      </trkpt>
      <trkpt lat="43.225674" lon="-1.676661">
        <ele>65</ele>
      </trkpt>
      <trkpt lat="43.225837" lon="-1.676822">
        <ele>65</ele>
      </trkpt>
      <trkpt lat="43.225896" lon="-1.676912">
        <ele>65</ele>
      </trkpt>
      <trkpt lat="43.225961" lon="-1.6769750000000001">
        <ele>65</ele>
      </trkpt>
      <trkpt lat="43.226014" lon="-1.677074">
        <ele>65</ele>
      </trkpt>
      <trkpt lat="43.226086" lon="-1.677235">
        <ele>64</ele>
      </trkpt>
      <trkpt lat="43.226426" lon="-1.6777569999999999">
        <ele>64</ele>
      </trkpt>
      <trkpt lat="43.226885" lon="-1.6783319999999999">
        <ele>63</ele>
      </trkpt>
      <trkpt lat="43.227284" lon="-1.6788350000000001">
        <ele>67</ele>
      </trkpt>
      <trkpt lat="43.227592" lon="-1.6790590000000001">
        <ele>68</ele>
      </trkpt>
      <trkpt lat="43.22782" lon="-1.6791940000000001">
        <ele>68</ele>
      </trkpt>
      <trkpt lat="43.227912" lon="-1.6792119999999999">
        <ele>66</ele>
      </trkpt>
      <trkpt lat="43.22822" lon="-1.6792210000000001">
        <ele>62</ele>
      </trkpt>
      <trkpt lat="43.228265" lon="-1.6792210000000001">
        <ele>62</ele>
      </trkpt>
      <trkpt lat="43.228325" lon="-1.6792210000000001">
        <ele>62</ele>
      </trkpt>
      <trkpt lat="43.228639" lon="-1.6790860000000001">
        <ele>59</ele>
      </trkpt>
      <trkpt lat="43.22913" lon="-1.678898">
        <ele>60</ele>
      </trkpt>
      <trkpt lat="43.229352" lon="-1.6788080000000001">
        <ele>61</ele>
      </trkpt>
      <trkpt lat="43.22964" lon="-1.6786909999999999">
        <ele>62</ele>
      </trkpt>
      <trkpt lat="43.229882" lon="-1.6786019999999999">
        <ele>64</ele>
      </trkpt>
      <trkpt lat="43.23019" lon="-1.6783490000000001">
        <ele>65</ele>
      </trkpt>
      <trkpt lat="43.230367" lon="-1.678107">
        <ele>64</ele>
      </trkpt>
      <trkpt lat="43.230543" lon="-1.6777029999999999">
        <ele>62</ele>
      </trkpt>
      <trkpt lat="43.230812" lon="-1.6769940000000001">
        <ele>63</ele>
      </trkpt>
      <trkpt lat="43.231015" lon="-1.676391">
        <ele>64</ele>
      </trkpt>
      <trkpt lat="43.231224" lon="-1.67587">
        <ele>65</ele>
      </trkpt>
      <trkpt lat="43.231394" lon="-1.675546">
        <ele>66</ele>
      </trkpt>
      <trkpt lat="43.231473" lon="-1.675376">
        <ele>65</ele>
      </trkpt>
      <trkpt lat="43.231656" lon="-1.6751069999999999">
        <ele>64</ele>
      </trkpt>
      <trkpt lat="43.231905" lon="-1.6749000000000001">
        <ele>63</ele>
      </trkpt>
      <trkpt lat="43.232232" lon="-1.6747909999999999">
        <ele>63</ele>
      </trkpt>
      <trkpt lat="43.232284" lon="-1.6747829999999999">
        <ele>63</ele>
      </trkpt>
      <trkpt lat="43.232337" lon="-1.6747829999999999">
        <ele>64</ele>
      </trkpt>
      <trkpt lat="43.232442" lon="-1.6747909999999999">
        <ele>64</ele>
      </trkpt>
      <trkpt lat="43.232546" lon="-1.6748099999999999">
        <ele>64</ele>
      </trkpt>
      <trkpt lat="43.23267" lon="-1.6748540000000001">
        <ele>64</ele>
      </trkpt>
      <trkpt lat="43.232874" lon="-1.6749810000000001">
        <ele>63</ele>
      </trkpt>
      <trkpt lat="43.233004" lon="-1.6751069999999999">
        <ele>62</ele>
      </trkpt>
      <trkpt lat="43.233109" lon="-1.675233">
        <ele>61</ele>
      </trkpt>
      <trkpt lat="43.233547" lon="-1.675789">
        <ele>65</ele>
      </trkpt>
      <trkpt lat="43.233979" lon="-1.676302">
        <ele>65</ele>
      </trkpt>
      <trkpt lat="43.234117" lon="-1.676544">
        <ele>65</ele>
      </trkpt>
      <trkpt lat="43.234418" lon="-1.676822">
        <ele>68</ele>
      </trkpt>
      <trkpt lat="43.234536" lon="-1.67702">
        <ele>71</ele>
      </trkpt>
      <trkpt lat="43.234896" lon="-1.677173">
        <ele>71</ele>
      </trkpt>
      <trkpt lat="43.235112" lon="-1.677217">
        <ele>70</ele>
      </trkpt>
      <trkpt lat="43.235393" lon="-1.677208">
        <ele>67</ele>
      </trkpt>
      <trkpt lat="43.235695" lon="-1.677128">
        <ele>61</ele>
      </trkpt>
      <trkpt lat="43.235949" lon="-1.677028">
        <ele>59</ele>
      </trkpt>
      <trkpt lat="43.23612" lon="-1.67693">
        <ele>60</ele>
      </trkpt>
      <trkpt lat="43.236401" lon="-1.676715">
        <ele>61</ele>
      </trkpt>
      <trkpt lat="43.236597" lon="-1.6765080000000001">
        <ele>58</ele>
      </trkpt>
      <trkpt lat="43.23682" lon="-1.676221">
        <ele>55</ele>
      </trkpt>
      <trkpt lat="43.237134" lon="-1.675789">
        <ele>54</ele>
      </trkpt>
      <trkpt lat="43.237592" lon="-1.6751959999999999">
        <ele>57</ele>
      </trkpt>
      <trkpt lat="43.237939" lon="-1.6747570000000001">
        <ele>57</ele>
      </trkpt>
      <trkpt lat="43.237998" lon="-1.6746479999999999">
        <ele>57</ele>
      </trkpt>
      <trkpt lat="43.239608" lon="-1.67516">
        <ele>70</ele>
      </trkpt>
      <trkpt lat="43.239831" lon="-1.675206">
        <ele>63</ele>
      </trkpt>
      <trkpt lat="43.239974" lon="-1.6752499999999999">
        <ele>60</ele>
      </trkpt>
      <trkpt lat="43.240105" lon="-1.675357">
        <ele>59</ele>
      </trkpt>
      <trkpt lat="43.24021" lon="-1.6754469999999999">
        <ele>60</ele>
      </trkpt>
      <trkpt lat="43.240374" lon="-1.675529">
        <ele>60</ele>
      </trkpt>
      <trkpt lat="43.240472" lon="-1.6755199999999999">
        <ele>58</ele>
      </trkpt>
      <trkpt lat="43.240668" lon="-1.6755199999999999">
        <ele>56</ele>
      </trkpt>
      <trkpt lat="43.240891" lon="-1.6754929999999999">
        <ele>55</ele>
      </trkpt>
      <trkpt lat="43.241316" lon="-1.675233">
        <ele>51</ele>
      </trkpt>
      <trkpt lat="43.241401" lon="-1.675143">
        <ele>52</ele>
      </trkpt>
      <trkpt lat="43.241826" lon="-1.6744049999999999">
        <ele>61</ele>
      </trkpt>
      <trkpt lat="43.242343" lon="-1.673489">
        <ele>56</ele>
      </trkpt>
      <trkpt lat="43.242782" lon="-1.6728700000000001">
        <ele>47</ele>
      </trkpt>
      <trkpt lat="43.243233" lon="-1.672204">
        <ele>51</ele>
      </trkpt>
      <trkpt lat="43.243397" lon="-1.6719900000000001">
        <ele>52</ele>
      </trkpt>
      <trkpt lat="43.243659" lon="-1.671575">
        <ele>51</ele>
      </trkpt>
      <trkpt lat="43.243999" lon="-1.6710989999999999">
        <ele>51</ele>
      </trkpt>
      <trkpt lat="43.244418" lon="-1.6704889999999999">
        <ele>51</ele>
      </trkpt>
      <trkpt lat="43.244705" lon="-1.67012">
        <ele>53</ele>
      </trkpt>
      <trkpt lat="43.244803" lon="-1.6700489999999999">
        <ele>54</ele>
      </trkpt>
      <trkpt lat="43.244895" lon="-1.669967">
        <ele>54</ele>
      </trkpt>
      <trkpt lat="43.245033" lon="-1.669896">
        <ele>54</ele>
      </trkpt>
      <trkpt lat="43.245177" lon="-1.669816">
        <ele>56</ele>
      </trkpt>
      <trkpt lat="43.245373" lon="-1.6697070000000001">
        <ele>60</ele>
      </trkpt>
      <trkpt lat="43.245464" lon="-1.669654">
        <ele>61</ele>
      </trkpt>
      <trkpt lat="43.245602" lon="-1.6696629999999999">
        <ele>60</ele>
      </trkpt>
      <trkpt lat="43.245981" lon="-1.6699059999999999">
        <ele>53</ele>
      </trkpt>
      <trkpt lat="43.246413" lon="-1.670229">
        <ele>50</ele>
      </trkpt>
      <trkpt lat="43.247225" lon="-1.670839">
        <ele>54</ele>
      </trkpt>
      <trkpt lat="43.247552" lon="-1.6710640000000001">
        <ele>57</ele>
      </trkpt>
      <trkpt lat="43.248095" lon="-1.671495">
        <ele>63</ele>
      </trkpt>
      <trkpt lat="43.2482" lon="-1.671575">
        <ele>63</ele>
      </trkpt>
      <trkpt lat="43.248304" lon="-1.6716569999999999">
        <ele>63</ele>
      </trkpt>
      <trkpt lat="43.24852" lon="-1.671845">
        <ele>63</ele>
      </trkpt>
      <trkpt lat="43.248697" lon="-1.672061">
        <ele>62</ele>
      </trkpt>
      <trkpt lat="43.249279" lon="-1.6726719999999999">
        <ele>56</ele>
      </trkpt>
      <trkpt lat="43.249547" lon="-1.6730320000000001">
        <ele>53</ele>
      </trkpt>
      <trkpt lat="43.250248" lon="-1.673929">
        <ele>48</ele>
      </trkpt>
      <trkpt lat="43.250241" lon="-1.6740550000000001">
        <ele>49</ele>
      </trkpt>
      <trkpt lat="43.250202" lon="-1.6744410000000001">
        <ele>53</ele>
      </trkpt>
      <trkpt lat="43.250398" lon="-1.675772">
        <ele>57</ele>
      </trkpt>
      <trkpt lat="43.250608" lon="-1.6769940000000001">
        <ele>58</ele>
      </trkpt>
      <trkpt lat="43.250693" lon="-1.6777029999999999">
        <ele>57</ele>
      </trkpt>
      <trkpt lat="43.250745" lon="-1.6783950000000001">
        <ele>62</ele>
      </trkpt>
      <trkpt lat="43.250948" lon="-1.6797329999999999">
        <ele>66</ele>
      </trkpt>
      <trkpt lat="43.251026" lon="-1.68011">
        <ele>67</ele>
      </trkpt>
      <trkpt lat="43.251131" lon="-1.680407">
        <ele>70</ele>
      </trkpt>
      <trkpt lat="43.251308" lon="-1.6807300000000001">
        <ele>70</ele>
      </trkpt>
      <trkpt lat="43.25151" lon="-1.680963">
        <ele>67</ele>
      </trkpt>
      <trkpt lat="43.251799" lon="-1.681152">
        <ele>65</ele>
      </trkpt>
      <trkpt lat="43.252368" lon="-1.681349">
        <ele>65</ele>
      </trkpt>
      <trkpt lat="43.252767" lon="-1.681449">
        <ele>59</ele>
      </trkpt>
      <trkpt lat="43.252995" lon="-1.6815119999999999">
        <ele>58</ele>
      </trkpt>
      <trkpt lat="43.253277" lon="-1.6815290000000001">
        <ele>57</ele>
      </trkpt>
      <trkpt lat="43.253571" lon="-1.6815389999999999">
        <ele>53</ele>
      </trkpt>
      <trkpt lat="43.253624" lon="-1.6815389999999999">
        <ele>51</ele>
      </trkpt>
      <trkpt lat="43.254003" lon="-1.681548">
        <ele>49</ele>
      </trkpt>
      <trkpt lat="43.254016" lon="-1.6815560000000001">
        <ele>49</ele>
      </trkpt>
      <trkpt lat="43.254101" lon="-1.6815560000000001">
        <ele>48</ele>
      </trkpt>
      <trkpt lat="43.254409" lon="-1.681575">
        <ele>48</ele>
      </trkpt>
      <trkpt lat="43.254573" lon="-1.681449">
        <ele>48</ele>
      </trkpt>
      <trkpt lat="43.254579" lon="-1.6814389999999999">
        <ele>48</ele>
      </trkpt>
      <trkpt lat="43.254625" lon="-1.681395">
        <ele>48</ele>
      </trkpt>
      <trkpt lat="43.254684" lon="-1.681332">
        <ele>48</ele>
      </trkpt>
      <trkpt lat="43.254867" lon="-1.6812149999999999">
        <ele>48</ele>
      </trkpt>
      <trkpt lat="43.255031" lon="-1.6812780000000001">
        <ele>48</ele>
      </trkpt>
      <trkpt lat="43.255299" lon="-1.6814750000000001">
        <ele>49</ele>
      </trkpt>
      <trkpt lat="43.255658" lon="-1.6815560000000001">
        <ele>50</ele>
      </trkpt>
      <trkpt lat="43.255796" lon="-1.6815119999999999">
        <ele>50</ele>
      </trkpt>
      <trkpt lat="43.256058" lon="-1.681422">
        <ele>50</ele>
      </trkpt>
      <trkpt lat="43.256241" lon="-1.6813130000000001">
        <ele>51</ele>
      </trkpt>
      <trkpt lat="43.256522" lon="-1.681162">
        <ele>53</ele>
      </trkpt>
      <trkpt lat="43.256706" lon="-1.6810719999999999">
        <ele>53</ele>
      </trkpt>
      <trkpt lat="43.25683" lon="-1.6810529999999999">
        <ele>53</ele>
      </trkpt>
      <trkpt lat="43.257124" lon="-1.6809989999999999">
        <ele>51</ele>
      </trkpt>
      <trkpt lat="43.257542" lon="-1.6808559999999999">
        <ele>51</ele>
      </trkpt>
      <trkpt lat="43.258059" lon="-1.680604">
        <ele>47</ele>
      </trkpt>
      <trkpt lat="43.258727" lon="-1.680218">
        <ele>45</ele>
      </trkpt>
      <trkpt lat="43.258989" lon="-1.6802090000000001">
        <ele>47</ele>
      </trkpt>
      <trkpt lat="43.259185" lon="-1.680191">
        <ele>47</ele>
      </trkpt>
      <trkpt lat="43.259381" lon="-1.6802710000000001">
        <ele>49</ele>
      </trkpt>
      <trkpt lat="43.259551" lon="-1.6804159999999999">
        <ele>53</ele>
      </trkpt>
      <trkpt lat="43.259898" lon="-1.680793">
        <ele>63</ele>
      </trkpt>
      <trkpt lat="43.260192" lon="-1.6812149999999999">
        <ele>71</ele>
      </trkpt>
      <trkpt lat="43.260252" lon="-1.681376">
        <ele>74</ele>
      </trkpt>
      <trkpt lat="43.26031" lon="-1.681575">
        <ele>75</ele>
      </trkpt>
      <trkpt lat="43.260186" lon="-1.682015">
        <ele>88</ele>
      </trkpt>
      <trkpt lat="43.26016" lon="-1.682391">
        <ele>90</ele>
      </trkpt>
      <trkpt lat="43.260192" lon="-1.682814">
        <ele>86</ele>
      </trkpt>
      <trkpt lat="43.260252" lon="-1.683263">
        <ele>82</ele>
      </trkpt>
      <trkpt lat="43.260362" lon="-1.683586">
        <ele>77</ele>
      </trkpt>
      <trkpt lat="43.260552" lon="-1.6839550000000001">
        <ele>70</ele>
      </trkpt>
      <trkpt lat="43.260807" lon="-1.6845650000000001">
        <ele>68</ele>
      </trkpt>
      <trkpt lat="43.260912" lon="-1.6848080000000001">
        <ele>69</ele>
      </trkpt>
      <trkpt lat="43.261017" lon="-1.6850510000000001">
        <ele>68</ele>
      </trkpt>
      <trkpt lat="43.261233" lon="-1.685481">
        <ele>66</ele>
      </trkpt>
      <trkpt lat="43.261487" lon="-1.6859310000000001">
        <ele>66</ele>
      </trkpt>
      <trkpt lat="43.26175" lon="-1.6862630000000001">
        <ele>61</ele>
      </trkpt>
      <trkpt lat="43.26203" lon="-1.686569">
        <ele>60</ele>
      </trkpt>
      <trkpt lat="43.26226" lon="-1.686812">
        <ele>57</ele>
      </trkpt>
      <trkpt lat="43.262528" lon="-1.6870719999999999">
        <ele>55</ele>
      </trkpt>
      <trkpt lat="43.262842" lon="-1.6872689999999999">
        <ele>56</ele>
      </trkpt>
      <trkpt lat="43.263182" lon="-1.6874579999999999">
        <ele>56</ele>
      </trkpt>
      <trkpt lat="43.263732" lon="-1.687602">
        <ele>51</ele>
      </trkpt>
      <trkpt lat="43.264039" lon="-1.687611">
        <ele>54</ele>
      </trkpt>
      <trkpt lat="43.264373" lon="-1.687521">
        <ele>54</ele>
      </trkpt>
      <trkpt lat="43.264746" lon="-1.6873149999999999">
        <ele>55</ele>
      </trkpt>
      <trkpt lat="43.265118" lon="-1.687036">
        <ele>54</ele>
      </trkpt>
      <trkpt lat="43.265897" lon="-1.6862630000000001">
        <ele>47</ele>
      </trkpt>
      <trkpt lat="43.266099" lon="-1.6860029999999999">
        <ele>46</ele>
      </trkpt>
      <trkpt lat="43.266453" lon="-1.6857070000000001">
        <ele>45</ele>
      </trkpt>
      <trkpt lat="43.266904" lon="-1.685365">
        <ele>44</ele>
      </trkpt>
      <trkpt lat="43.266976" lon="-1.685303">
        <ele>44</ele>
      </trkpt>
      <trkpt lat="43.267028" lon="-1.6852670000000001">
        <ele>44</ele>
      </trkpt>
      <trkpt lat="43.2678" lon="-1.6847449999999999">
        <ele>44</ele>
      </trkpt>
      <trkpt lat="43.267983" lon="-1.684647">
        <ele>43</ele>
      </trkpt>
      <trkpt lat="43.268284" lon="-1.6846190000000001">
        <ele>40</ele>
      </trkpt>
      <trkpt lat="43.268552" lon="-1.6846909999999999">
        <ele>38</ele>
      </trkpt>
      <trkpt lat="43.268723" lon="-1.6847810000000001">
        <ele>37</ele>
      </trkpt>
      <trkpt lat="43.268971" lon="-1.6850050000000001">
        <ele>42</ele>
      </trkpt>
      <trkpt lat="43.269069" lon="-1.6851769999999999">
        <ele>47</ele>
      </trkpt>
      <trkpt lat="43.269122" lon="-1.6852670000000001">
        <ele>50</ele>
      </trkpt>
      <trkpt lat="43.269239" lon="-1.6856070000000001">
        <ele>56</ele>
      </trkpt>
      <trkpt lat="43.269337" lon="-1.6860120000000001">
        <ele>55</ele>
      </trkpt>
      <trkpt lat="43.269449" lon="-1.6864790000000001">
        <ele>54</ele>
      </trkpt>
      <trkpt lat="43.269566" lon="-1.686928">
        <ele>56</ele>
      </trkpt>
      <trkpt lat="43.269664" lon="-1.687414">
        <ele>60</ele>
      </trkpt>
      <trkpt lat="43.269946" lon="-1.687961">
        <ele>55</ele>
      </trkpt>
      <trkpt lat="43.270103" lon="-1.688097">
        <ele>49</ele>
      </trkpt>
      <trkpt lat="43.270188" lon="-1.6881600000000001">
        <ele>46</ele>
      </trkpt>
      <trkpt lat="43.270214" lon="-1.688177">
        <ele>46</ele>
      </trkpt>
      <trkpt lat="43.270763" lon="-1.6885269999999999">
        <ele>36</ele>
      </trkpt>
      <trkpt lat="43.271012" lon="-1.6886890000000001">
        <ele>35</ele>
      </trkpt>
      <trkpt lat="43.271293" lon="-1.688833">
        <ele>35</ele>
      </trkpt>
      <trkpt lat="43.27147" lon="-1.689076">
        <ele>36</ele>
      </trkpt>
      <trkpt lat="43.271528" lon="-1.689147">
        <ele>36</ele>
      </trkpt>
      <trkpt lat="43.271686" lon="-1.689282">
        <ele>38</ele>
      </trkpt>
      <trkpt lat="43.27177" lon="-1.6893530000000001">
        <ele>38</ele>
      </trkpt>
      <trkpt lat="43.271895" lon="-1.689479">
        <ele>37</ele>
      </trkpt>
      <trkpt lat="43.272" lon="-1.689678">
        <ele>39</ele>
      </trkpt>
      <trkpt lat="43.272026" lon="-1.689705">
        <ele>39</ele>
      </trkpt>
      <trkpt lat="43.272052" lon="-1.6897219999999999">
        <ele>39</ele>
      </trkpt>
      <trkpt lat="43.272104" lon="-1.6897390000000001">
        <ele>38</ele>
      </trkpt>
      <trkpt lat="43.272143" lon="-1.6897390000000001">
        <ele>38</ele>
      </trkpt>
      <trkpt lat="43.272281" lon="-1.6897219999999999">
        <ele>36</ele>
      </trkpt>
      <trkpt lat="43.272281" lon="-1.689678">
        <ele>35</ele>
      </trkpt>
      <trkpt lat="43.272294" lon="-1.6896409999999999">
        <ele>35</ele>
      </trkpt>
      <trkpt lat="43.272313" lon="-1.689605">
        <ele>34</ele>
      </trkpt>
      <trkpt lat="43.272346" lon="-1.6895690000000001">
        <ele>34</ele>
      </trkpt>
      <trkpt lat="43.272379" lon="-1.6895519999999999">
        <ele>34</ele>
      </trkpt>
      <trkpt lat="43.272418" lon="-1.6895519999999999">
        <ele>34</ele>
      </trkpt>
      <trkpt lat="43.272451" lon="-1.6895610000000001">
        <ele>34</ele>
      </trkpt>
      <trkpt lat="43.272484" lon="-1.6895880000000001">
        <ele>34</ele>
      </trkpt>
      <trkpt lat="43.272503" lon="-1.6896230000000001">
        <ele>34</ele>
      </trkpt>
      <trkpt lat="43.272582" lon="-1.6897390000000001">
        <ele>35</ele>
      </trkpt>
      <trkpt lat="43.272634" lon="-1.689821">
        <ele>35</ele>
      </trkpt>
      <trkpt lat="43.272739" lon="-1.6899189999999999">
        <ele>36</ele>
      </trkpt>
      <trkpt lat="43.272889" lon="-1.6900280000000001">
        <ele>36</ele>
      </trkpt>
      <trkpt lat="43.273497" lon="-1.690504">
        <ele>39</ele>
      </trkpt>
      <trkpt lat="43.273655" lon="-1.69062">
        <ele>39</ele>
      </trkpt>
      <trkpt lat="43.273857" lon="-1.690674">
        <ele>38</ele>
      </trkpt>
      <trkpt lat="43.274138" lon="-1.6907099999999999">
        <ele>38</ele>
      </trkpt>
      <trkpt lat="43.274413" lon="-1.690701">
        <ele>38</ele>
      </trkpt>
      <trkpt lat="43.274857" lon="-1.69072">
        <ele>39</ele>
      </trkpt>
      <trkpt lat="43.275002" lon="-1.690674">
        <ele>39</ele>
      </trkpt>
      <trkpt lat="43.275159" lon="-1.69045">
        <ele>38</ele>
      </trkpt>
      <trkpt lat="43.275315" lon="-1.6905570000000001">
        <ele>38</ele>
      </trkpt>
      <trkpt lat="43.276296" lon="-1.690674">
        <ele>40</ele>
      </trkpt>
      <trkpt lat="43.27718" lon="-1.6907099999999999">
        <ele>37</ele>
      </trkpt>
      <trkpt lat="43.277304" lon="-1.6907369999999999">
        <ele>36</ele>
      </trkpt>
      <trkpt lat="43.277532" lon="-1.6907810000000001">
        <ele>36</ele>
      </trkpt>
      <trkpt lat="43.277657" lon="-1.6908179999999999">
        <ele>38</ele>
      </trkpt>
      <trkpt lat="43.277781" lon="-1.6908989999999999">
        <ele>40</ele>
      </trkpt>
      <trkpt lat="43.27801" lon="-1.691079">
        <ele>42</ele>
      </trkpt>
      <trkpt lat="43.278069" lon="-1.6911499999999999">
        <ele>42</ele>
      </trkpt>
      <trkpt lat="43.278161" lon="-1.6912590000000001">
        <ele>43</ele>
      </trkpt>
      <trkpt lat="43.27835" lon="-1.6915">
        <ele>43</ele>
      </trkpt>
      <trkpt lat="43.278363" lon="-1.691519">
        <ele>43</ele>
      </trkpt>
      <trkpt lat="43.278448" lon="-1.6918059999999999">
        <ele>43</ele>
      </trkpt>
      <trkpt lat="43.278527" lon="-1.6922550000000001">
        <ele>43</ele>
      </trkpt>
      <trkpt lat="43.278513" lon="-1.6927939999999999">
        <ele>45</ele>
      </trkpt>
      <trkpt lat="43.278377" lon="-1.693343">
        <ele>47</ele>
      </trkpt>
      <trkpt lat="43.27803" lon="-1.693881">
        <ele>44</ele>
      </trkpt>
      <trkpt lat="43.277716" lon="-1.694177">
        <ele>44</ele>
      </trkpt>
      <trkpt lat="43.277304" lon="-1.694456">
        <ele>50</ele>
      </trkpt>
      <trkpt lat="43.276231" lon="-1.6953180000000001">
        <ele>45</ele>
      </trkpt>
      <trkpt lat="43.276094" lon="-1.6954979999999999">
        <ele>45</ele>
      </trkpt>
      <trkpt lat="43.275924" lon="-1.6957500000000001">
        <ele>48</ele>
      </trkpt>
      <trkpt lat="43.275773" lon="-1.6959029999999999">
        <ele>51</ele>
      </trkpt>
      <trkpt lat="43.275643" lon="-1.6960729999999999">
        <ele>55</ele>
      </trkpt>
      <trkpt lat="43.275486" lon="-1.6963699999999999">
        <ele>58</ele>
      </trkpt>
      <trkpt lat="43.275256" lon="-1.6972050000000001">
        <ele>69</ele>
      </trkpt>
      <trkpt lat="43.275028" lon="-1.6980489999999999">
        <ele>82</ele>
      </trkpt>
      <trkpt lat="43.274969" lon="-1.6989209999999999">
        <ele>79</ele>
      </trkpt>
      <trkpt lat="43.274982" lon="-1.700305">
        <ele>71</ele>
      </trkpt>
      <trkpt lat="43.274838" lon="-1.7016869999999999">
        <ele>78</ele>
      </trkpt>
      <trkpt lat="43.274772" lon="-1.7024600000000001">
        <ele>64</ele>
      </trkpt>
      <trkpt lat="43.274727" lon="-1.702901">
        <ele>58</ele>
      </trkpt>
      <trkpt lat="43.274662" lon="-1.7034670000000001">
        <ele>61</ele>
      </trkpt>
      <trkpt lat="43.274511" lon="-1.7048129999999999">
        <ele>61</ele>
      </trkpt>
      <trkpt lat="43.274439" lon="-1.705308">
        <ele>54</ele>
      </trkpt>
      <trkpt lat="43.274321" lon="-1.705703">
        <ele>57</ele>
      </trkpt>
      <trkpt lat="43.274321" lon="-1.706242">
        <ele>57</ele>
      </trkpt>
      <trkpt lat="43.274308" lon="-1.706718">
        <ele>57</ele>
      </trkpt>
      <trkpt lat="43.27421" lon="-1.7077329999999999">
        <ele>54</ele>
      </trkpt>
      <trkpt lat="43.274204" lon="-1.707886">
        <ele>54</ele>
      </trkpt>
      <trkpt lat="43.274197" lon="-1.708029">
        <ele>54</ele>
      </trkpt>
      <trkpt lat="43.274158" lon="-1.7086490000000001">
        <ele>57</ele>
      </trkpt>
      <trkpt lat="43.274145" lon="-1.7089369999999999">
        <ele>59</ele>
      </trkpt>
      <trkpt lat="43.274145" lon="-1.7090810000000001">
        <ele>61</ele>
      </trkpt>
      <trkpt lat="43.274282" lon="-1.709754">
        <ele>58</ele>
      </trkpt>
      <trkpt lat="43.274544" lon="-1.710769">
        <ele>46</ele>
      </trkpt>
      <trkpt lat="43.274622" lon="-1.7110030000000001">
        <ele>45</ele>
      </trkpt>
      <trkpt lat="43.274701" lon="-1.7111209999999999">
        <ele>41</ele>
      </trkpt>
      <trkpt lat="43.274792" lon="-1.7113179999999999">
        <ele>40</ele>
      </trkpt>
      <trkpt lat="43.274904" lon="-1.711811">
        <ele>43</ele>
      </trkpt>
      <trkpt lat="43.274962" lon="-1.71201">
        <ele>42</ele>
      </trkpt>
      <trkpt lat="43.275021" lon="-1.712189">
        <ele>42</ele>
      </trkpt>
      <trkpt lat="43.275178" lon="-1.712431">
        <ele>40</ele>
      </trkpt>
      <trkpt lat="43.275197" lon="-1.7124760000000001">
        <ele>40</ele>
      </trkpt>
      <trkpt lat="43.275256" lon="-1.71262">
        <ele>39</ele>
      </trkpt>
      <trkpt lat="43.275342" lon="-1.712737">
        <ele>37</ele>
      </trkpt>
      <trkpt lat="43.275486" lon="-1.712907">
        <ele>36</ele>
      </trkpt>
      <trkpt lat="43.275734" lon="-1.71306">
        <ele>36</ele>
      </trkpt>
      <trkpt lat="43.276048" lon="-1.7131769999999999">
        <ele>36</ele>
      </trkpt>
      <trkpt lat="43.276388" lon="-1.713276">
        <ele>34</ele>
      </trkpt>
      <trkpt lat="43.277245" lon="-1.713519">
        <ele>34</ele>
      </trkpt>
      <trkpt lat="43.277742" lon="-1.7135990000000001">
        <ele>34</ele>
      </trkpt>
      <trkpt lat="43.279024" lon="-1.7138869999999999">
        <ele>35</ele>
      </trkpt>
      <trkpt lat="43.279488" lon="-1.714021">
        <ele>34</ele>
      </trkpt>
      <trkpt lat="43.280024" lon="-1.7141649999999999">
        <ele>31</ele>
      </trkpt>
      <trkpt lat="43.280397" lon="-1.7142550000000001">
        <ele>30</ele>
      </trkpt>
      <trkpt lat="43.280561" lon="-1.714264">
        <ele>30</ele>
      </trkpt>
      <trkpt lat="43.281045" lon="-1.7142999999999999">
        <ele>33</ele>
      </trkpt>
      <trkpt lat="43.28147" lon="-1.7142280000000001">
        <ele>33</ele>
      </trkpt>
      <trkpt lat="43.282052" lon="-1.7141839999999999">
        <ele>34</ele>
      </trkpt>
      <trkpt lat="43.282457" lon="-1.7141569999999999">
        <ele>35</ele>
      </trkpt>
      <trkpt lat="43.282915" lon="-1.714067">
        <ele>37</ele>
      </trkpt>
      <trkpt lat="43.283333" lon="-1.713851">
        <ele>33</ele>
      </trkpt>
      <trkpt lat="43.283739" lon="-1.713662">
        <ele>32</ele>
      </trkpt>
      <trkpt lat="43.28402" lon="-1.713519">
        <ele>32</ele>
      </trkpt>
      <trkpt lat="43.284314" lon="-1.7133480000000001">
        <ele>30</ele>
      </trkpt>
      <trkpt lat="43.284857" lon="-1.713087">
        <ele>27</ele>
      </trkpt>
      <trkpt lat="43.285269" lon="-1.7129430000000001">
        <ele>24</ele>
      </trkpt>
      <trkpt lat="43.285491" lon="-1.7129160000000001">
        <ele>23</ele>
      </trkpt>
      <trkpt lat="43.285936" lon="-1.7129529999999999">
        <ele>20</ele>
      </trkpt>
      <trkpt lat="43.286453" lon="-1.713025">
        <ele>23</ele>
      </trkpt>
      <trkpt lat="43.287146" lon="-1.7131590000000001">
        <ele>28</ele>
      </trkpt>
      <trkpt lat="43.287349" lon="-1.7131320000000001">
        <ele>29</ele>
      </trkpt>
      <trkpt lat="43.287538" lon="-1.713096">
        <ele>26</ele>
      </trkpt>
      <trkpt lat="43.287728" lon="-1.713006">
        <ele>23</ele>
      </trkpt>
      <trkpt lat="43.288068" lon="-1.712763">
        <ele>18</ele>
      </trkpt>
      <trkpt lat="43.288395" lon="-1.712629">
        <ele>18</ele>
      </trkpt>
      <trkpt lat="43.288833" lon="-1.7124760000000001">
        <ele>21</ele>
      </trkpt>
      <trkpt lat="43.289199" lon="-1.7125300000000001">
        <ele>27</ele>
      </trkpt>
      <trkpt lat="43.289539" lon="-1.71271">
        <ele>41</ele>
      </trkpt>
      <trkpt lat="43.289696" lon="-1.712826">
        <ele>50</ele>
      </trkpt>
      <trkpt lat="43.289899" lon="-1.7130160000000001">
        <ele>60</ele>
      </trkpt>
      <trkpt lat="43.290088" lon="-1.7132849999999999">
        <ele>70</ele>
      </trkpt>
      <trkpt lat="43.290232" lon="-1.713689">
        <ele>75</ele>
      </trkpt>
      <trkpt lat="43.290298" lon="-1.714094">
        <ele>74</ele>
      </trkpt>
      <trkpt lat="43.290507" lon="-1.71536">
        <ele>62</ele>
      </trkpt>
      <trkpt lat="43.290546" lon="-1.7154769999999999">
        <ele>59</ele>
      </trkpt>
      <trkpt lat="43.29054" lon="-1.7155659999999999">
        <ele>59</ele>
      </trkpt>
      <trkpt lat="43.290723" lon="-1.7165820000000001">
        <ele>54</ele>
      </trkpt>
      <trkpt lat="43.290742" lon="-1.716761">
        <ele>56</ele>
      </trkpt>
      <trkpt lat="43.290834" lon="-1.717327">
        <ele>57</ele>
      </trkpt>
      <trkpt lat="43.290951" lon="-1.7179390000000001">
        <ele>65</ele>
      </trkpt>
      <trkpt lat="43.291096" lon="-1.7191320000000001">
        <ele>61</ele>
      </trkpt>
      <trkpt lat="43.291122" lon="-1.719519">
        <ele>56</ele>
      </trkpt>
      <trkpt lat="43.291128" lon="-1.7201660000000001">
        <ele>44</ele>
      </trkpt>
      <trkpt lat="43.291108" lon="-1.7208490000000001">
        <ele>42</ele>
      </trkpt>
      <trkpt lat="43.291037" lon="-1.7223219999999999">
        <ele>46</ele>
      </trkpt>
      <trkpt lat="43.291089" lon="-1.723373">
        <ele>40</ele>
      </trkpt>
      <trkpt lat="43.291082" lon="-1.7242980000000001">
        <ele>42</ele>
      </trkpt>
      <trkpt lat="43.291075" lon="-1.72543">
        <ele>36</ele>
      </trkpt>
      <trkpt lat="43.291075" lon="-1.725843">
        <ele>43</ele>
      </trkpt>
      <trkpt lat="43.291075" lon="-1.7262660000000001">
        <ele>51</ele>
      </trkpt>
      <trkpt lat="43.291063" lon="-1.7270110000000001">
        <ele>53</ele>
      </trkpt>
      <trkpt lat="43.291056" lon="-1.7274419999999999">
        <ele>49</ele>
      </trkpt>
      <trkpt lat="43.291075" lon="-1.727757">
        <ele>44</ele>
      </trkpt>
      <trkpt lat="43.291148" lon="-1.728035">
        <ele>38</ele>
      </trkpt>
      <trkpt lat="43.291246" lon="-1.728251">
        <ele>32</ele>
      </trkpt>
      <trkpt lat="43.291409" lon="-1.728583">
        <ele>27</ele>
      </trkpt>
      <trkpt lat="43.29154" lon="-1.7288889999999999">
        <ele>24</ele>
      </trkpt>
      <trkpt lat="43.291677" lon="-1.729212">
        <ele>27</ele>
      </trkpt>
      <trkpt lat="43.291828" lon="-1.729428">
        <ele>30</ele>
      </trkpt>
      <trkpt lat="43.291978" lon="-1.729581">
        <ele>32</ele>
      </trkpt>
      <trkpt lat="43.292455" lon="-1.729868">
        <ele>23</ele>
      </trkpt>
      <trkpt lat="43.292625" lon="-1.7299119999999999">
        <ele>19</ele>
      </trkpt>
      <trkpt lat="43.292828" lon="-1.7299310000000001">
        <ele>15</ele>
      </trkpt>
      <trkpt lat="43.292913" lon="-1.7299310000000001">
        <ele>14</ele>
      </trkpt>
      <trkpt lat="43.29305" lon="-1.729895">
        <ele>13</ele>
      </trkpt>
      <trkpt lat="43.293299" lon="-1.729778">
        <ele>13</ele>
      </trkpt>
      <trkpt lat="43.293449" lon="-1.729732">
        <ele>13</ele>
      </trkpt>
      <trkpt lat="43.293561" lon="-1.729732">
        <ele>13</ele>
      </trkpt>
      <trkpt lat="43.293613" lon="-1.729724">
        <ele>14</ele>
      </trkpt>
      <trkpt lat="43.293737" lon="-1.7297149999999999">
        <ele>14</ele>
      </trkpt>
      <trkpt lat="43.293796" lon="-1.729706">
        <ele>14</ele>
      </trkpt>
      <trkpt lat="43.293946" lon="-1.729671">
        <ele>15</ele>
      </trkpt>
      <trkpt lat="43.294063" lon="-1.729643">
        <ele>15</ele>
      </trkpt>
      <trkpt lat="43.294136" lon="-1.729616">
        <ele>15</ele>
      </trkpt>
      <trkpt lat="43.294214" lon="-1.729616">
        <ele>15</ele>
      </trkpt>
      <trkpt lat="43.294306" lon="-1.729643">
        <ele>15</ele>
      </trkpt>
      <trkpt lat="43.294352" lon="-1.729635">
        <ele>15</ele>
      </trkpt>
      <trkpt lat="43.294424" lon="-1.729581">
        <ele>16</ele>
      </trkpt>
      <trkpt lat="43.294483" lon="-1.729562">
        <ele>18</ele>
      </trkpt>
      <trkpt lat="43.294561" lon="-1.729581">
        <ele>18</ele>
      </trkpt>
      <trkpt lat="43.294718" lon="-1.729643">
        <ele>19</ele>
      </trkpt>
      <trkpt lat="43.294888" lon="-1.729732">
        <ele>21</ele>
      </trkpt>
      <trkpt lat="43.29509" lon="-1.7299040000000001">
        <ele>22</ele>
      </trkpt>
      <trkpt lat="43.295411" lon="-1.730335">
        <ele>21</ele>
      </trkpt>
      <trkpt lat="43.295567" lon="-1.7305140000000001">
        <ele>24</ele>
      </trkpt>
      <trkpt lat="43.295672" lon="-1.730604">
        <ele>24</ele>
      </trkpt>
      <trkpt lat="43.29579" lon="-1.730685">
        <ele>24</ele>
      </trkpt>
      <trkpt lat="43.296241" lon="-1.73082">
        <ele>21</ele>
      </trkpt>
      <trkpt lat="43.29645" lon="-1.7309099999999999">
        <ele>22</ele>
      </trkpt>
      <trkpt lat="43.296575" lon="-1.73099">
        <ele>22</ele>
      </trkpt>
      <trkpt lat="43.296751" lon="-1.73109">
        <ele>24</ele>
      </trkpt>
      <trkpt lat="43.297176" lon="-1.731314">
        <ele>24</ele>
      </trkpt>
      <trkpt lat="43.29764" lon="-1.7315659999999999">
        <ele>23</ele>
      </trkpt>
      <trkpt lat="43.297836" lon="-1.7316370000000001">
        <ele>20</ele>
      </trkpt>
      <trkpt lat="43.297947" lon="-1.7316560000000001">
        <ele>19</ele>
      </trkpt>
      <trkpt lat="43.298071" lon="-1.731665">
        <ele>18</ele>
      </trkpt>
      <trkpt lat="43.29813" lon="-1.731673">
        <ele>18</ele>
      </trkpt>
      <trkpt lat="43.298301" lon="-1.731727">
        <ele>20</ele>
      </trkpt>
      <trkpt lat="43.298359" lon="-1.7317359999999999">
        <ele>21</ele>
      </trkpt>
      <trkpt lat="43.298634" lon="-1.7317720000000001">
        <ele>23</ele>
      </trkpt>
      <trkpt lat="43.298699" lon="-1.7317899999999999">
        <ele>22</ele>
      </trkpt>
      <trkpt lat="43.298954" lon="-1.7318800000000001">
        <ele>20</ele>
      </trkpt>
      <trkpt lat="43.299019" lon="-1.7319059999999999">
        <ele>19</ele>
      </trkpt>
      <trkpt lat="43.299216" lon="-1.7320150000000001">
        <ele>18</ele>
      </trkpt>
      <trkpt lat="43.299314" lon="-1.732078">
        <ele>19</ele>
      </trkpt>
      <trkpt lat="43.299758" lon="-1.732437">
        <ele>24</ele>
      </trkpt>
      <trkpt lat="43.300216" lon="-1.7328140000000001">
        <ele>22</ele>
      </trkpt>
      <trkpt lat="43.300288" lon="-1.732877">
        <ele>21</ele>
      </trkpt>
      <trkpt lat="43.300582" lon="-1.7330570000000001">
        <ele>24</ele>
      </trkpt>
      <trkpt lat="43.3007" lon="-1.733128">
        <ele>25</ele>
      </trkpt>
      <trkpt lat="43.301047" lon="-1.7333000000000001">
        <ele>27</ele>
      </trkpt>
      <trkpt lat="43.301282" lon="-1.7334160000000001">
        <ele>27</ele>
      </trkpt>
      <trkpt lat="43.301523" lon="-1.7335240000000001">
        <ele>30</ele>
      </trkpt>
      <trkpt lat="43.301654" lon="-1.733587">
        <ele>32</ele>
      </trkpt>
      <trkpt lat="43.301746" lon="-1.7336499999999999">
        <ele>34</ele>
      </trkpt>
      <trkpt lat="43.301844" lon="-1.7336940000000001">
        <ele>34</ele>
      </trkpt>
      <trkpt lat="43.30191" lon="-1.7337210000000001">
        <ele>34</ele>
      </trkpt>
      <trkpt lat="43.301994" lon="-1.73373">
        <ele>31</ele>
      </trkpt>
      <trkpt lat="43.302086" lon="-1.733749">
        <ele>30</ele>
      </trkpt>
      <trkpt lat="43.302393" lon="-1.7338659999999999">
        <ele>27</ele>
      </trkpt>
      <trkpt lat="43.302504" lon="-1.7338929999999999">
        <ele>25</ele>
      </trkpt>
      <trkpt lat="43.302766" lon="-1.7339560000000001">
        <ele>21</ele>
      </trkpt>
      <trkpt lat="43.302877" lon="-1.7339819999999999">
        <ele>20</ele>
      </trkpt>
      <trkpt lat="43.302988" lon="-1.7340450000000001">
        <ele>20</ele>
      </trkpt>
      <trkpt lat="43.30321" lon="-1.7341260000000001">
        <ele>21</ele>
      </trkpt>
      <trkpt lat="43.303472" lon="-1.734162">
        <ele>20</ele>
      </trkpt>
      <trkpt lat="43.303491" lon="-1.734162">
        <ele>20</ele>
      </trkpt>
      <trkpt lat="43.303687" lon="-1.734189">
        <ele>18</ele>
      </trkpt>
      <trkpt lat="43.3041" lon="-1.734243">
        <ele>15</ele>
      </trkpt>
      <trkpt lat="43.304472" lon="-1.7342789999999999">
        <ele>13</ele>
      </trkpt>
      <trkpt lat="43.304799" lon="-1.734332">
        <ele>13</ele>
      </trkpt>
      <trkpt lat="43.30523" lon="-1.7344489999999999">
        <ele>15</ele>
      </trkpt>
      <trkpt lat="43.305485" lon="-1.7345660000000001">
        <ele>14</ele>
      </trkpt>
      <trkpt lat="43.305714" lon="-1.7346919999999999">
        <ele>10</ele>
      </trkpt>
      <trkpt lat="43.305871" lon="-1.734772">
        <ele>10</ele>
      </trkpt>
      <trkpt lat="43.305956" lon="-1.734826">
        <ele>12</ele>
      </trkpt>
      <trkpt lat="43.30625" lon="-1.7350779999999999">
        <ele>17</ele>
      </trkpt>
      <trkpt lat="43.306754" lon="-1.7354909999999999">
        <ele>14</ele>
      </trkpt>
      <trkpt lat="43.306838" lon="-1.7355179999999999">
        <ele>14</ele>
      </trkpt>
      <trkpt lat="43.30725" lon="-1.735509">
        <ele>8</ele>
      </trkpt>
      <trkpt lat="43.307721" lon="-1.735527">
        <ele>8</ele>
      </trkpt>
      <trkpt lat="43.307845" lon="-1.735554">
        <ele>9</ele>
      </trkpt>
      <trkpt lat="43.307976" lon="-1.735644">
        <ele>9</ele>
      </trkpt>
      <trkpt lat="43.308224" lon="-1.735914">
        <ele>11</ele>
      </trkpt>
      <trkpt lat="43.308309" lon="-1.735967">
        <ele>11</ele>
      </trkpt>
      <trkpt lat="43.308891" lon="-1.7361470000000001">
        <ele>12</ele>
      </trkpt>
      <trkpt lat="43.309361" lon="-1.7362899999999999">
        <ele>16</ele>
      </trkpt>
      <trkpt lat="43.309689" lon="-1.736426">
        <ele>14</ele>
      </trkpt>
      <trkpt lat="43.309819" lon="-1.7365159999999999">
        <ele>13</ele>
      </trkpt>
      <trkpt lat="43.310015" lon="-1.7367300000000001">
        <ele>13</ele>
      </trkpt>
      <trkpt lat="43.310113" lon="-1.736937">
        <ele>15</ele>
      </trkpt>
      <trkpt lat="43.310211" lon="-1.737269">
        <ele>19</ele>
      </trkpt>
      <trkpt lat="43.310277" lon="-1.737719">
        <ele>25</ele>
      </trkpt>
      <trkpt lat="43.310316" lon="-1.7380249999999999">
        <ele>26</ele>
      </trkpt>
      <trkpt lat="43.310368" lon="-1.7385539999999999">
        <ele>26</ele>
      </trkpt>
      <trkpt lat="43.31042" lon="-1.7390399999999999">
        <ele>27</ele>
      </trkpt>
      <trkpt lat="43.310473" lon="-1.7394700000000001">
        <ele>28</ele>
      </trkpt>
      <trkpt lat="43.310617" lon="-1.7397670000000001">
        <ele>24</ele>
      </trkpt>
      <trkpt lat="43.310793" lon="-1.7400990000000001">
        <ele>21</ele>
      </trkpt>
      <trkpt lat="43.310983" lon="-1.740388">
        <ele>22</ele>
      </trkpt>
      <trkpt lat="43.311185" lon="-1.740675">
        <ele>20</ele>
      </trkpt>
      <trkpt lat="43.31125" lon="-1.740747">
        <ele>18</ele>
      </trkpt>
      <trkpt lat="43.311388" lon="-1.7408090000000001">
        <ele>14</ele>
      </trkpt>
      <trkpt lat="43.311506" lon="-1.7408090000000001">
        <ele>11</ele>
      </trkpt>
      <trkpt lat="43.311741" lon="-1.7407379999999999">
        <ele>8</ele>
      </trkpt>
      <trkpt lat="43.311793" lon="-1.7407109999999999">
        <ele>8</ele>
      </trkpt>
      <trkpt lat="43.311871" lon="-1.7406839999999999">
        <ele>8</ele>
      </trkpt>
      <trkpt lat="43.311976" lon="-1.7406379999999999">
        <ele>9</ele>
      </trkpt>
      <trkpt lat="43.312218" lon="-1.7405040000000001">
        <ele>9</ele>
      </trkpt>
      <trkpt lat="43.312414" lon="-1.740378">
        <ele>11</ele>
      </trkpt>
      <trkpt lat="43.312558" lon="-1.740208">
        <ele>12</ele>
      </trkpt>
      <trkpt lat="43.312728" lon="-1.7399020000000001">
        <ele>13</ele>
      </trkpt>
      <trkpt lat="43.312846" lon="-1.7396320000000001">
        <ele>12</ele>
      </trkpt>
      <trkpt lat="43.312931" lon="-1.7393989999999999">
        <ele>13</ele>
      </trkpt>
      <trkpt lat="43.313081" lon="-1.7391300000000001">
        <ele>12</ele>
      </trkpt>
      <trkpt lat="43.313238" lon="-1.7389319999999999">
        <ele>13</ele>
      </trkpt>
      <trkpt lat="43.31344" lon="-1.738761">
        <ele>12</ele>
      </trkpt>
      <trkpt lat="43.313597" lon="-1.7386630000000001">
        <ele>13</ele>
      </trkpt>
      <trkpt lat="43.313715" lon="-1.7386440000000001">
        <ele>13</ele>
      </trkpt>
      <trkpt lat="43.313904" lon="-1.73868">
        <ele>14</ele>
      </trkpt>
      <trkpt lat="43.314081" lon="-1.7387969999999999">
        <ele>16</ele>
      </trkpt>
      <trkpt lat="43.314218" lon="-1.738923">
        <ele>16</ele>
      </trkpt>
      <trkpt lat="43.314342" lon="-1.7390760000000001">
        <ele>17</ele>
      </trkpt>
      <trkpt lat="43.314519" lon="-1.739417">
        <ele>21</ele>
      </trkpt>
      <trkpt lat="43.314826" lon="-1.7401089999999999">
        <ele>20</ele>
      </trkpt>
      <trkpt lat="43.315054" lon="-1.7405040000000001">
        <ele>24</ele>
      </trkpt>
      <trkpt lat="43.315355" lon="-1.7409619999999999">
        <ele>31</ele>
      </trkpt>
      <trkpt lat="43.315695" lon="-1.741393">
        <ele>29</ele>
      </trkpt>
      <trkpt lat="43.3158" lon="-1.741501">
        <ele>27</ele>
      </trkpt>
      <trkpt lat="43.316094" lon="-1.74177">
        <ele>25</ele>
      </trkpt>
      <trkpt lat="43.316401" lon="-1.7420040000000001">
        <ele>23</ele>
      </trkpt>
      <trkpt lat="43.316479" lon="-1.74203">
        <ele>22</ele>
      </trkpt>
      <trkpt lat="43.316786" lon="-1.742059">
        <ele>15</ele>
      </trkpt>
      <trkpt lat="43.317061" lon="-1.742067">
        <ele>11</ele>
      </trkpt>
      <trkpt lat="43.317407" lon="-1.7420850000000001">
        <ele>11</ele>
      </trkpt>
      <trkpt lat="43.317564" lon="-1.7421120000000001">
        <ele>12</ele>
      </trkpt>
      <trkpt lat="43.317767" lon="-1.742219">
        <ele>14</ele>
      </trkpt>
      <trkpt lat="43.317989" lon="-1.742273">
        <ele>14</ele>
      </trkpt>
      <trkpt lat="43.318258" lon="-1.742292">
        <ele>13</ele>
      </trkpt>
      <trkpt lat="43.318558" lon="-1.742283">
        <ele>12</ele>
      </trkpt>
      <trkpt lat="43.318996" lon="-1.742237">
        <ele>9</ele>
      </trkpt>
      <trkpt lat="43.319427" lon="-1.742219">
        <ele>10</ele>
      </trkpt>
      <trkpt lat="43.31976" lon="-1.742183">
        <ele>11</ele>
      </trkpt>
      <trkpt lat="43.320198" lon="-1.7421199999999999">
        <ele>12</ele>
      </trkpt>
      <trkpt lat="43.320669" lon="-1.742067">
        <ele>13</ele>
      </trkpt>
      <trkpt lat="43.321009" lon="-1.742022">
        <ele>13</ele>
      </trkpt>
      <trkpt lat="43.321042" lon="-1.742013">
        <ele>12</ele>
      </trkpt>
      <trkpt lat="43.321231" lon="-1.7419960000000001">
        <ele>12</ele>
      </trkpt>
      <trkpt lat="43.321283" lon="-1.7419770000000001">
        <ele>12</ele>
      </trkpt>
      <trkpt lat="43.321342" lon="-1.741959">
        <ele>12</ele>
      </trkpt>
      <trkpt lat="43.321447" lon="-1.741906">
        <ele>12</ele>
      </trkpt>
      <trkpt lat="43.321571" lon="-1.741843">
        <ele>12</ele>
      </trkpt>
      <trkpt lat="43.321918" lon="-1.741636">
        <ele>11</ele>
      </trkpt>
      <trkpt lat="43.322166" lon="-1.741501">
        <ele>11</ele>
      </trkpt>
      <trkpt lat="43.322205" lon="-1.741474">
        <ele>11</ele>
      </trkpt>
      <trkpt lat="43.32244" lon="-1.7413209999999999">
        <ele>13</ele>
      </trkpt>
      <trkpt lat="43.322695" lon="-1.74116">
        <ele>13</ele>
      </trkpt>
      <trkpt lat="43.322949" lon="-1.740998">
        <ele>12</ele>
      </trkpt>
      <trkpt lat="43.323198" lon="-1.7408269999999999">
        <ele>10</ele>
      </trkpt>
      <trkpt lat="43.323512" lon="-1.740629">
        <ele>8</ele>
      </trkpt>
      <trkpt lat="43.323767" lon="-1.7404679999999999">
        <ele>8</ele>
      </trkpt>
      <trkpt lat="43.324028" lon="-1.7402789999999999">
        <ele>10</ele>
      </trkpt>
      <trkpt lat="43.324244" lon="-1.7400910000000001">
        <ele>10</ele>
      </trkpt>
      <trkpt lat="43.324492" lon="-1.7398659999999999">
        <ele>11</ele>
      </trkpt>
      <trkpt lat="43.324793" lon="-1.7396149999999999">
        <ele>11</ele>
      </trkpt>
      <trkpt lat="43.324989" lon="-1.7394529999999999">
        <ele>11</ele>
      </trkpt>
      <trkpt lat="43.325263" lon="-1.7393000000000001">
        <ele>11</ele>
      </trkpt>
      <trkpt lat="43.325453" lon="-1.7392190000000001">
        <ele>10</ele>
      </trkpt>
      <trkpt lat="43.325721" lon="-1.7391559999999999">
        <ele>8</ele>
      </trkpt>
      <trkpt lat="43.326126" lon="-1.7390570000000001">
        <ele>5</ele>
      </trkpt>
      <trkpt lat="43.326511" lon="-1.738977">
        <ele>8</ele>
      </trkpt>
      <trkpt lat="43.326864" lon="-1.7389140000000001">
        <ele>9</ele>
      </trkpt>
      <trkpt lat="43.327328" lon="-1.7388330000000001">
        <ele>9</ele>
      </trkpt>
      <trkpt lat="43.327812" lon="-1.738734">
        <ele>4</ele>
      </trkpt>
      <trkpt lat="43.328099" lon="-1.7386900000000001">
        <ele>6</ele>
      </trkpt>
      <trkpt lat="43.328263" lon="-1.73868">
        <ele>5</ele>
      </trkpt>
      <trkpt lat="43.328445" lon="-1.738707">
        <ele>5</ele>
      </trkpt>
      <trkpt lat="43.328616" lon="-1.738788">
        <ele>6</ele>
      </trkpt>
      <trkpt lat="43.328779" lon="-1.7389140000000001">
        <ele>8</ele>
      </trkpt>
      <trkpt lat="43.328929" lon="-1.7391030000000001">
        <ele>10</ele>
      </trkpt>
      <trkpt lat="43.329027" lon="-1.7392909999999999">
        <ele>11</ele>
      </trkpt>
      <trkpt lat="43.329216" lon="-1.7397590000000001">
        <ele>13</ele>
      </trkpt>
      <trkpt lat="43.329289" lon="-1.739965">
        <ele>12</ele>
      </trkpt>
      <trkpt lat="43.3294" lon="-1.740459">
        <ele>11</ele>
      </trkpt>
      <trkpt lat="43.329491" lon="-1.74089">
        <ele>15</ele>
      </trkpt>
      <trkpt lat="43.329563" lon="-1.7413130000000001">
        <ele>16</ele>
      </trkpt>
      <trkpt lat="43.329622" lon="-1.7417530000000001">
        <ele>19</ele>
      </trkpt>
      <trkpt lat="43.329668" lon="-1.742067">
        <ele>19</ele>
      </trkpt>
      <trkpt lat="43.329818" lon="-1.7427760000000001">
        <ele>16</ele>
      </trkpt>
      <trkpt lat="43.329935" lon="-1.7433970000000001">
        <ele>15</ele>
      </trkpt>
      <trkpt lat="43.330073" lon="-1.7440070000000001">
        <ele>10</ele>
      </trkpt>
      <trkpt lat="43.330177" lon="-1.7445999999999999">
        <ele>12</ele>
      </trkpt>
      <trkpt lat="43.330301" lon="-1.7451749999999999">
        <ele>14</ele>
      </trkpt>
      <trkpt lat="43.330387" lon="-1.7455620000000001">
        <ele>15</ele>
      </trkpt>
      <trkpt lat="43.330452" lon="-1.745965">
        <ele>15</ele>
      </trkpt>
      <trkpt lat="43.330484" lon="-1.7461450000000001">
        <ele>15</ele>
      </trkpt>
      <trkpt lat="43.330537" lon="-1.7462979999999999">
        <ele>13</ele>
      </trkpt>
      <trkpt lat="43.330622" lon="-1.7464679999999999">
        <ele>12</ele>
      </trkpt>
      <trkpt lat="43.330694" lon="-1.7466299999999999">
        <ele>10</ele>
      </trkpt>
      <trkpt lat="43.330733" lon="-1.7467200000000001">
        <ele>9</ele>
      </trkpt>
      <trkpt lat="43.330759" lon="-1.746837">
        <ele>8</ele>
      </trkpt>
      <trkpt lat="43.330759" lon="-1.7469539999999999">
        <ele>8</ele>
      </trkpt>
      <trkpt lat="43.330739" lon="-1.747053">
        <ele>8</ele>
      </trkpt>
      <trkpt lat="43.3307" lon="-1.747133">
        <ele>8</ele>
      </trkpt>
      <trkpt lat="43.330635" lon="-1.747196">
        <ele>8</ele>
      </trkpt>
      <trkpt lat="43.330589" lon="-1.74725">
        <ele>9</ele>
      </trkpt>
      <trkpt lat="43.330563" lon="-1.747304">
        <ele>9</ele>
      </trkpt>
      <trkpt lat="43.330563" lon="-1.747349">
        <ele>9</ele>
      </trkpt>
      <trkpt lat="43.330563" lon="-1.7475020000000001">
        <ele>9</ele>
      </trkpt>
      <trkpt lat="43.33057" lon="-1.747762">
        <ele>12</ele>
      </trkpt>
      <trkpt lat="43.330589" lon="-1.748022">
        <ele>15</ele>
      </trkpt>
      <trkpt lat="43.330674" lon="-1.7485250000000001">
        <ele>16</ele>
      </trkpt>
      <trkpt lat="43.330739" lon="-1.7489380000000001">
        <ele>13</ele>
      </trkpt>
      <trkpt lat="43.330778" lon="-1.7491099999999999">
        <ele>12</ele>
      </trkpt>
      <trkpt lat="43.33083" lon="-1.749271">
        <ele>10</ele>
      </trkpt>
      <trkpt lat="43.330975" lon="-1.7495769999999999">
        <ele>8</ele>
      </trkpt>
      <trkpt lat="43.331079" lon="-1.7498009999999999">
        <ele>7</ele>
      </trkpt>
      <trkpt lat="43.331249" lon="-1.7502420000000001">
        <ele>9</ele>
      </trkpt>
      <trkpt lat="43.331478" lon="-1.750745">
        <ele>11</ele>
      </trkpt>
      <trkpt lat="43.331628" lon="-1.7510319999999999">
        <ele>13</ele>
      </trkpt>
      <trkpt lat="43.331903" lon="-1.7514810000000001">
        <ele>18</ele>
      </trkpt>
      <trkpt lat="43.332137" lon="-1.7517780000000001">
        <ele>18</ele>
      </trkpt>
      <trkpt lat="43.332432" lon="-1.752173">
        <ele>18</ele>
      </trkpt>
      <trkpt lat="43.332699" lon="-1.7524960000000001">
        <ele>22</ele>
      </trkpt>
      <trkpt lat="43.332725" lon="-1.752559">
        <ele>23</ele>
      </trkpt>
      <trkpt lat="43.332739" lon="-1.7526040000000001">
        <ele>24</ele>
      </trkpt>
      <trkpt lat="43.332804" lon="-1.752685">
        <ele>25</ele>
      </trkpt>
      <trkpt lat="43.333006" lon="-1.75282">
        <ele>23</ele>
      </trkpt>
      <trkpt lat="43.333242" lon="-1.75299">
        <ele>21</ele>
      </trkpt>
      <trkpt lat="43.333477" lon="-1.7531429999999999">
        <ele>19</ele>
      </trkpt>
      <trkpt lat="43.333588" lon="-1.753196">
        <ele>18</ele>
      </trkpt>
      <trkpt lat="43.333713" lon="-1.753242">
        <ele>16</ele>
      </trkpt>
      <trkpt lat="43.333948" lon="-1.7533049999999999">
        <ele>15</ele>
      </trkpt>
      <trkpt lat="43.334366" lon="-1.753368">
        <ele>15</ele>
      </trkpt>
      <trkpt lat="43.334797" lon="-1.753368">
        <ele>15</ele>
      </trkpt>
      <trkpt lat="43.335078" lon="-1.7533049999999999">
        <ele>12</ele>
      </trkpt>
      <trkpt lat="43.335209" lon="-1.753225">
        <ele>10</ele>
      </trkpt>
      <trkpt lat="43.335339" lon="-1.7530889999999999">
        <ele>6</ele>
      </trkpt>
      <trkpt lat="43.335463" lon="-1.7528999999999999">
        <ele>5</ele>
      </trkpt>
      <trkpt lat="43.335568" lon="-1.752685">
        <ele>4</ele>
      </trkpt>
      <trkpt lat="43.335705" lon="-1.7524599999999999">
        <ele>4</ele>
      </trkpt>
      <trkpt lat="43.335816" lon="-1.7522990000000001">
        <ele>4</ele>
      </trkpt>
      <trkpt lat="43.335992" lon="-1.752173">
        <ele>4</ele>
      </trkpt>
      <trkpt lat="43.336175" lon="-1.7521199999999999">
        <ele>5</ele>
      </trkpt>
      <trkpt lat="43.336679" lon="-1.7521370000000001">
        <ele>6</ele>
      </trkpt>
      <trkpt lat="43.337201" lon="-1.7523169999999999">
        <ele>7</ele>
      </trkpt>
      <trkpt lat="43.337835" lon="-1.752685">
        <ele>5</ele>
      </trkpt>
      <trkpt lat="43.339312" lon="-1.75299">
        <ele>6</ele>
      </trkpt>
      <trkpt lat="43.339495" lon="-1.753026">
        <ele>5</ele>
      </trkpt>
      <trkpt lat="43.339945" lon="-1.7531159999999999">
        <ele>2</ele>
      </trkpt>
      <trkpt lat="43.340324" lon="-1.753242">
        <ele>0</ele>
      </trkpt>
      <trkpt lat="43.340678" lon="-1.753449">
        <ele>4</ele>
      </trkpt>
      <trkpt lat="43.341024" lon="-1.753646">
        <ele>11</ele>
      </trkpt>
      <trkpt lat="43.341605" lon="-1.754248">
        <ele>6</ele>
      </trkpt>
      <trkpt lat="43.342082" lon="-1.755101">
        <ele>5</ele>
      </trkpt>
      <trkpt lat="43.342676" lon="-1.756108">
        <ele>4</ele>
      </trkpt>
      <trkpt lat="43.343043" lon="-1.7566740000000001">
        <ele>4</ele>
      </trkpt>
      <trkpt lat="43.343382" lon="-1.7573110000000001">
        <ele>3</ele>
      </trkpt>
      <trkpt lat="43.343591" lon="-1.7578860000000001">
        <ele>4</ele>
      </trkpt>
      <trkpt lat="43.343735" lon="-1.758399">
        <ele>5</ele>
      </trkpt>
      <trkpt lat="43.343853" lon="-1.7591349999999999">
        <ele>9</ele>
      </trkpt>
      <trkpt lat="43.343865" lon="-1.7606090000000001">
        <ele>3</ele>
      </trkpt>
      <trkpt lat="43.343846" lon="-1.7606619999999999">
        <ele>3</ele>
      </trkpt>
      <trkpt lat="43.343813" lon="-1.7607250000000001">
        <ele>3</ele>
      </trkpt>
      <trkpt lat="43.343794" lon="-1.7607600000000001">
        <ele>3</ele>
      </trkpt>
      <trkpt lat="43.343761" lon="-1.760815">
        <ele>3</ele>
      </trkpt>
      <trkpt lat="43.343748" lon="-1.7608779999999999">
        <ele>3</ele>
      </trkpt>
      <trkpt lat="43.343767" lon="-1.7609680000000001">
        <ele>3</ele>
      </trkpt>
      <trkpt lat="43.343767" lon="-1.761085">
        <ele>3</ele>
      </trkpt>
      <trkpt lat="43.343846" lon="-1.7612909999999999">
        <ele>2</ele>
      </trkpt>
      <trkpt lat="43.343859" lon="-1.7613620000000001">
        <ele>2</ele>
      </trkpt>
      <trkpt lat="43.343859" lon="-1.761444">
        <ele>2</ele>
      </trkpt>
      <trkpt lat="43.343696" lon="-1.7621800000000001">
        <ele>4</ele>
      </trkpt>
      <trkpt lat="43.343532" lon="-1.762548">
        <ele>4</ele>
      </trkpt>
      <trkpt lat="43.343369" lon="-1.7628269999999999">
        <ele>4</ele>
      </trkpt>
      <trkpt lat="43.343167" lon="-1.7631060000000001">
        <ele>4</ele>
      </trkpt>
      <trkpt lat="43.343036" lon="-1.7632939999999999">
        <ele>3</ele>
      </trkpt>
      <trkpt lat="43.342898" lon="-1.7631060000000001">
        <ele>3</ele>
      </trkpt>
      <trkpt lat="43.342742" lon="-1.7628900000000001">
        <ele>3</ele>
      </trkpt>
      <trkpt lat="43.342637" lon="-1.7630330000000001">
        <ele>4</ele>
      </trkpt>
      <trkpt lat="43.342572" lon="-1.7634460000000001">
        <ele>4</ele>
      </trkpt>
      <trkpt lat="43.342507" lon="-1.763941">
        <ele>7</ele>
      </trkpt>
      <trkpt lat="43.342298" lon="-1.765234">
        <ele>9</ele>
      </trkpt>
      <trkpt lat="43.342023" lon="-1.7670939999999999">
        <ele>18</ele>
      </trkpt>
      <trkpt lat="43.34184" lon="-1.7686200000000001">
        <ele>18</ele>
      </trkpt>
      <trkpt lat="43.341722" lon="-1.770157">
        <ele>15</ele>
      </trkpt>
      <trkpt lat="43.341644" lon="-1.7712699999999999">
        <ele>9</ele>
      </trkpt>
      <trkpt lat="43.341631" lon="-1.771649">
        <ele>9</ele>
      </trkpt>
      <trkpt lat="43.341631" lon="-1.7716750000000001">
        <ele>9</ele>
      </trkpt>
      <trkpt lat="43.341612" lon="-1.7721519999999999">
        <ele>13</ele>
      </trkpt>
      <trkpt lat="43.341638" lon="-1.7728440000000001">
        <ele>20</ele>
      </trkpt>
      <trkpt lat="43.341677" lon="-1.774262">
        <ele>24</ele>
      </trkpt>
      <trkpt lat="43.341671" lon="-1.774335">
        <ele>24</ele>
      </trkpt>
      <trkpt lat="43.341644" lon="-1.7746390000000001">
        <ele>23</ele>
      </trkpt>
      <trkpt lat="43.341579" lon="-1.7750710000000001">
        <ele>21</ele>
      </trkpt>
      <trkpt lat="43.341488" lon="-1.7754570000000001">
        <ele>21</ele>
      </trkpt>
      <trkpt lat="43.341383" lon="-1.7757810000000001">
        <ele>21</ele>
      </trkpt>
      <trkpt lat="43.341213" lon="-1.7762389999999999">
        <ele>17</ele>
      </trkpt>
      <trkpt lat="43.341024" lon="-1.7767230000000001">
        <ele>16</ele>
      </trkpt>
      <trkpt lat="43.34088" lon="-1.777056">
        <ele>19</ele>
      </trkpt>
      <trkpt lat="43.340854" lon="-1.7774779999999999">
        <ele>15</ele>
      </trkpt>
      <trkpt lat="43.340802" lon="-1.7783230000000001">
        <ele>6</ele>
      </trkpt>
      <trkpt lat="43.340781" lon="-1.7785930000000001">
        <ele>5</ele>
      </trkpt>
      <trkpt lat="43.340775" lon="-1.778637">
        <ele>5</ele>
      </trkpt>
      <trkpt lat="43.340762" lon="-1.778907">
        <ele>3</ele>
      </trkpt>
      <trkpt lat="43.34071" lon="-1.779725">
        <ele>3</ele>
      </trkpt>
      <trkpt lat="43.340716" lon="-1.779895">
        <ele>3</ele>
      </trkpt>
      <trkpt lat="43.340775" lon="-1.7801549999999999">
        <ele>2</ele>
      </trkpt>
      <trkpt lat="43.340802" lon="-1.780281">
        <ele>2</ele>
      </trkpt>
      <trkpt lat="43.340854" lon="-1.780362">
        <ele>2</ele>
      </trkpt>
      <trkpt lat="43.340886" lon="-1.7804610000000001">
        <ele>2</ele>
      </trkpt>
      <trkpt lat="43.340899" lon="-1.7805679999999999">
        <ele>2</ele>
      </trkpt>
      <trkpt lat="43.340886" lon="-1.7806770000000001">
        <ele>2</ele>
      </trkpt>
      <trkpt lat="43.340919" lon="-1.7810360000000001">
        <ele>2</ele>
      </trkpt>
      <trkpt lat="43.340985" lon="-1.7813939999999999">
        <ele>2</ele>
      </trkpt>
      <trkpt lat="43.341076" lon="-1.781593">
        <ele>2</ele>
      </trkpt>
      <trkpt lat="43.341631" lon="-1.7827789999999999">
        <ele>4</ele>
      </trkpt>
      <trkpt lat="43.342957" lon="-1.785474">
        <ele>2</ele>
      </trkpt>
      <trkpt lat="43.343167" lon="-1.785941">
        <ele>2</ele>
      </trkpt>
      <trkpt lat="43.343375" lon="-1.7863709999999999">
        <ele>2</ele>
      </trkpt>
      <trkpt lat="43.343689" lon="-1.7871889999999999">
        <ele>3</ele>
      </trkpt>
      <trkpt lat="43.343879" lon="-1.7878890000000001">
        <ele>4</ele>
      </trkpt>
      <trkpt lat="43.344022" lon="-1.788977">
        <ele>4</ele>
      </trkpt>
      <trkpt lat="43.344048" lon="-1.78992">
        <ele>12</ele>
      </trkpt>
      <trkpt lat="43.344068" lon="-1.7904949999999999">
        <ele>15</ele>
      </trkpt>
      <trkpt lat="43.34412" lon="-1.791968">
        <ele>22</ele>
      </trkpt>
      <trkpt lat="43.344192" lon="-1.7922370000000001">
        <ele>23</ele>
      </trkpt>
      <trkpt lat="43.344323" lon="-1.792616">
        <ele>24</ele>
      </trkpt>
      <trkpt lat="43.344434" lon="-1.7928390000000001">
        <ele>22</ele>
      </trkpt>
      <trkpt lat="43.344545" lon="-1.792975">
        <ele>19</ele>
      </trkpt>
      <trkpt lat="43.344761" lon="-1.7932159999999999">
        <ele>14</ele>
      </trkpt>
      <trkpt lat="43.344865" lon="-1.793361">
        <ele>12</ele>
      </trkpt>
      <trkpt lat="43.344963" lon="-1.7934950000000001">
        <ele>10</ele>
      </trkpt>
      <trkpt lat="43.345041" lon="-1.7936479999999999">
        <ele>9</ele>
      </trkpt>
      <trkpt lat="43.34508" lon="-1.7937650000000001">
        <ele>9</ele>
      </trkpt>
      <trkpt lat="43.345113" lon="-1.7938719999999999">
        <ele>9</ele>
      </trkpt>
      <trkpt lat="43.345133" lon="-1.7940609999999999">
        <ele>8</ele>
      </trkpt>
      <trkpt lat="43.345139" lon="-1.794241">
        <ele>9</ele>
      </trkpt>
      <trkpt lat="43.345139" lon="-1.794376">
        <ele>9</ele>
      </trkpt>
      <trkpt lat="43.345139" lon="-1.79451">
        <ele>10</ele>
      </trkpt>
      <trkpt lat="43.345113" lon="-1.79487">
        <ele>12</ele>
      </trkpt>
      <trkpt lat="43.344976" lon="-1.795966">
        <ele>15</ele>
      </trkpt>
      <trkpt lat="43.344944" lon="-1.796271">
        <ele>13</ele>
      </trkpt>
      <trkpt lat="43.344923" lon="-1.796451">
        <ele>12</ele>
      </trkpt>
      <trkpt lat="43.344885" lon="-1.796694">
        <ele>11</ele>
      </trkpt>
      <trkpt lat="43.344865" lon="-1.7970079999999999">
        <ele>9</ele>
      </trkpt>
      <trkpt lat="43.344885" lon="-1.7972680000000001">
        <ele>8</ele>
      </trkpt>
      <trkpt lat="43.344904" lon="-1.7975369999999999">
        <ele>10</ele>
      </trkpt>
      <trkpt lat="43.344963" lon="-1.7978890000000001">
        <ele>11</ele>
      </trkpt>
      <trkpt lat="43.345041" lon="-1.798176">
        <ele>11</ele>
      </trkpt>
      <trkpt lat="43.345146" lon="-1.798481">
        <ele>10</ele>
      </trkpt>
      <trkpt lat="43.345368" lon="-1.7990649999999999">
        <ele>10</ele>
      </trkpt>
      <trkpt lat="43.345512" lon="-1.7994509999999999">
        <ele>12</ele>
      </trkpt>
      <trkpt lat="43.345668" lon="-1.79982">
        <ele>10</ele>
      </trkpt>
      <trkpt lat="43.345766" lon="-1.8000080000000001">
        <ele>8</ele>
      </trkpt>
      <trkpt lat="43.345786" lon="-1.800044">
        <ele>8</ele>
      </trkpt>
      <trkpt lat="43.345858" lon="-1.8001529999999999">
        <ele>7</ele>
      </trkpt>
      <trkpt lat="43.34589" lon="-1.800233">
        <ele>6</ele>
      </trkpt>
      <trkpt lat="43.345904" lon="-1.8002959999999999">
        <ele>6</ele>
      </trkpt>
      <trkpt lat="43.34589" lon="-1.8003670000000001">
        <ele>6</ele>
      </trkpt>
      <trkpt lat="43.345864" lon="-1.800449">
        <ele>6</ele>
      </trkpt>
      <trkpt lat="43.345819" lon="-1.8005389999999999">
        <ele>7</ele>
      </trkpt>
      <trkpt lat="43.345564" lon="-1.800889">
        <ele>8</ele>
      </trkpt>
      <trkpt lat="43.345492" lon="-1.801032">
        <ele>8</ele>
      </trkpt>
      <trkpt lat="43.345427" lon="-1.8011680000000001">
        <ele>8</ele>
      </trkpt>
      <trkpt lat="43.345433" lon="-1.801266">
        <ele>8</ele>
      </trkpt>
      <trkpt lat="43.34542" lon="-1.801355">
        <ele>7</ele>
      </trkpt>
      <trkpt lat="43.345571" lon="-1.8016160000000001">
        <ele>6</ele>
      </trkpt>
      <trkpt lat="43.345682" lon="-1.8016970000000001">
        <ele>6</ele>
      </trkpt>
      <trkpt lat="43.345812" lon="-1.801787">
        <ele>7</ele>
      </trkpt>
      <trkpt lat="43.345937" lon="-1.801858">
        <ele>7</ele>
      </trkpt>
      <trkpt lat="43.345949" lon="-1.801858">
        <ele>7</ele>
      </trkpt>
      <trkpt lat="43.345956" lon="-1.801858">
        <ele>7</ele>
      </trkpt>
      <trkpt lat="43.345969" lon="-1.801858">
        <ele>7</ele>
      </trkpt>
      <trkpt lat="43.346087" lon="-1.801885">
        <ele>7</ele>
      </trkpt>
      <trkpt lat="43.3461" lon="-1.801885">
        <ele>7</ele>
      </trkpt>
      <trkpt lat="43.346126" lon="-1.801877">
        <ele>6</ele>
      </trkpt>
      <trkpt lat="43.346165" lon="-1.801877">
        <ele>6</ele>
      </trkpt>
      <trkpt lat="43.346276" lon="-1.801858">
        <ele>6</ele>
      </trkpt>
      <trkpt lat="43.346381" lon="-1.8018050000000001">
        <ele>5</ele>
      </trkpt>
      <trkpt lat="43.346733" lon="-1.8015890000000001">
        <ele>4</ele>
      </trkpt>
      <trkpt lat="43.347158" lon="-1.8013380000000001">
        <ele>3</ele>
      </trkpt>
      <trkpt lat="43.347302" lon="-1.801256">
        <ele>2</ele>
      </trkpt>
      <trkpt lat="43.34755" lon="-1.801105">
        <ele>2</ele>
      </trkpt>
      <trkpt lat="43.347759" lon="-1.800969">
        <ele>2</ele>
      </trkpt>
      <trkpt lat="43.347779" lon="-1.8009599999999999">
        <ele>2</ele>
      </trkpt>
      <trkpt lat="43.348791" lon="-1.8003499999999999">
        <ele>3</ele>
      </trkpt>
      <trkpt lat="43.349006" lon="-1.800233">
        <ele>2</ele>
      </trkpt>
      <trkpt lat="43.349314" lon="-1.8000529999999999">
        <ele>2</ele>
      </trkpt>
      <trkpt lat="43.34981" lon="-1.799811">
        <ele>3</ele>
      </trkpt>
      <trkpt lat="43.349973" lon="-1.7994870000000001">
        <ele>3</ele>
      </trkpt>
      <trkpt lat="43.350293" lon="-1.7992980000000001">
        <ele>1</ele>
      </trkpt>
      <trkpt lat="43.350352" lon="-1.799245">
        <ele>0</ele>
      </trkpt>
      <trkpt lat="43.350418" lon="-1.7991820000000001">
        <ele>0</ele>
      </trkpt>
      <trkpt lat="43.350509" lon="-1.7990649999999999">
        <ele>-0</ele>
      </trkpt>
      <trkpt lat="43.350698" lon="-1.7988850000000001">
        <ele>-0</ele>
      </trkpt>
      <trkpt lat="43.350986" lon="-1.7985789999999999">
        <ele>1</ele>
      </trkpt>
      <trkpt lat="43.351064" lon="-1.7984990000000001">
        <ele>2</ele>
      </trkpt>
      <trkpt lat="43.351091" lon="-1.7985709999999999">
        <ele>2</ele>
      </trkpt>
      <trkpt lat="43.35115" lon="-1.7986880000000001">
        <ele>1</ele>
      </trkpt>
      <trkpt lat="43.351195" lon="-1.798732">
        <ele>1</ele>
      </trkpt>
      <trkpt lat="43.351195" lon="-1.7986960000000001">
        <ele>2</ele>
      </trkpt>
      <trkpt lat="43.351195" lon="-1.7986789999999999">
        <ele>2</ele>
      </trkpt>
      <trkpt lat="43.351215" lon="-1.7986519999999999">
        <ele>2</ele>
      </trkpt>
      <trkpt lat="43.351365" lon="-1.798481">
        <ele>2</ele>
      </trkpt>
      <trkpt lat="43.351404" lon="-1.7984359999999999">
        <ele>2</ele>
      </trkpt>
      <trkpt lat="43.351463" lon="-1.7983100000000001">
        <ele>1</ele>
      </trkpt>
      <trkpt lat="43.352051" lon="-1.7976190000000001">
        <ele>2</ele>
      </trkpt>
      <trkpt lat="43.352403" lon="-1.7971699999999999">
        <ele>3</ele>
      </trkpt>
      <trkpt lat="43.352436" lon="-1.797134">
        <ele>3</ele>
      </trkpt>
      <trkpt lat="43.352456" lon="-1.7971239999999999">
        <ele>3</ele>
      </trkpt>
      <trkpt lat="43.352482" lon="-1.7971239999999999">
        <ele>3</ele>
      </trkpt>
      <trkpt lat="43.352501" lon="-1.7971509999999999">
        <ele>3</ele>
      </trkpt>
      <trkpt lat="43.352606" lon="-1.797088">
        <ele>3</ele>
      </trkpt>
      <trkpt lat="43.352652" lon="-1.797061">
        <ele>3</ele>
      </trkpt>
      <trkpt lat="43.352652" lon="-1.7970170000000001">
        <ele>3</ele>
      </trkpt>
      <trkpt lat="43.352665" lon="-1.7969630000000001">
        <ele>3</ele>
      </trkpt>
      <trkpt lat="43.352684" lon="-1.7969269999999999">
        <ele>3</ele>
      </trkpt>
      <trkpt lat="43.352723" lon="-1.7968820000000001">
        <ele>3</ele>
      </trkpt>
      <trkpt lat="43.352913" lon="-1.7967470000000001">
        <ele>3</ele>
      </trkpt>
      <trkpt lat="43.352992" lon="-1.7966839999999999">
        <ele>3</ele>
      </trkpt>
      <trkpt lat="43.353383" lon="-1.7965409999999999">
        <ele>2</ele>
      </trkpt>
      <trkpt lat="43.353462" lon="-1.796505">
        <ele>2</ele>
      </trkpt>
      <trkpt lat="43.353586" lon="-1.7964420000000001">
        <ele>2</ele>
      </trkpt>
      <trkpt lat="43.353677" lon="-1.7963880000000001">
        <ele>2</ele>
      </trkpt>
      <trkpt lat="43.354115" lon="-1.796235">
        <ele>1</ele>
      </trkpt>
      <trkpt lat="43.355082" lon="-1.795885">
        <ele>-1</ele>
      </trkpt>
      <trkpt lat="43.355519" lon="-1.7957320000000001">
        <ele>-0</ele>
      </trkpt>
      <trkpt lat="43.355754" lon="-1.795633">
        <ele>-0</ele>
      </trkpt>
      <trkpt lat="43.355904" lon="-1.795553">
        <ele>-0</ele>
      </trkpt>
      <trkpt lat="43.356016" lon="-1.795472">
        <ele>0</ele>
      </trkpt>
      <trkpt lat="43.356133" lon="-1.7953730000000001">
        <ele>0</ele>
      </trkpt>
      <trkpt lat="43.356329" lon="-1.795166">
        <ele>0</ele>
      </trkpt>
      <trkpt lat="43.356767" lon="-1.7946899999999999">
        <ele>1</ele>
      </trkpt>
      <trkpt lat="43.357361" lon="-1.7940339999999999">
        <ele>2</ele>
      </trkpt>
      <trkpt lat="43.357557" lon="-1.7938179999999999">
        <ele>1</ele>
      </trkpt>
      <trkpt lat="43.357714" lon="-1.793639">
        <ele>0</ele>
      </trkpt>
      <trkpt lat="43.35823" lon="-1.7930820000000001">
        <ele>-1</ele>
      </trkpt>
      <trkpt lat="43.358654" lon="-1.7926059999999999">
        <ele>0</ele>
      </trkpt>
      <trkpt lat="43.358811" lon="-1.7924530000000001">
        <ele>0</ele>
      </trkpt>
      <trkpt lat="43.358883" lon="-1.7923819999999999">
        <ele>0</ele>
      </trkpt>
      <trkpt lat="43.358961" lon="-1.792327">
        <ele>0</ele>
      </trkpt>
      <trkpt lat="43.359033" lon="-1.792292">
        <ele>-0</ele>
      </trkpt>
      <trkpt lat="43.359105" lon="-1.7922560000000001">
        <ele>-0</ele>
      </trkpt>
      <trkpt lat="43.359183" lon="-1.7922290000000001">
        <ele>-0</ele>
      </trkpt>
      <trkpt lat="43.359242" lon="-1.7922199999999999">
        <ele>-1</ele>
      </trkpt>
      <trkpt lat="43.359307" lon="-1.7922199999999999">
        <ele>-1</ele>
      </trkpt>
      <trkpt lat="43.359367" lon="-1.7922370000000001">
        <ele>-1</ele>
      </trkpt>
      <trkpt lat="43.359444" lon="-1.7922830000000001">
        <ele>-0</ele>
      </trkpt>
      <trkpt lat="43.359477" lon="-1.792319">
        <ele>-0</ele>
      </trkpt>
      <trkpt lat="43.359517" lon="-1.792373">
        <ele>-0</ele>
      </trkpt>
      <trkpt lat="43.359569" lon="-1.7924800000000001">
        <ele>0</ele>
      </trkpt>
      <trkpt lat="43.359601" lon="-1.7924720000000001">
        <ele>0</ele>
      </trkpt>
      <trkpt lat="43.359693" lon="-1.7924530000000001">
        <ele>0</ele>
      </trkpt>
      <trkpt lat="43.359719" lon="-1.7924439999999999">
        <ele>-0</ele>
      </trkpt>
      <trkpt lat="43.359725" lon="-1.7922100000000001">
        <ele>-1</ele>
      </trkpt>
      <trkpt lat="43.359739" lon="-1.7921389999999999">
        <ele>-1</ele>
      </trkpt>
      <trkpt lat="43.359778" lon="-1.7920229999999999">
        <ele>-1</ele>
      </trkpt>
      <trkpt lat="43.359784" lon="-1.791941">
        <ele>-0</ele>
      </trkpt>
      <trkpt lat="43.359784" lon="-1.79186">
        <ele>-0</ele>
      </trkpt>
      <trkpt lat="43.359765" lon="-1.791771">
        <ele>0</ele>
      </trkpt>
      <trkpt lat="43.359817" lon="-1.7916080000000001">
        <ele>1</ele>
      </trkpt>
      <trkpt lat="43.359889" lon="-1.7914110000000001">
        <ele>2</ele>
      </trkpt>
      <trkpt lat="43.359993" lon="-1.7912140000000001">
        <ele>3</ele>
      </trkpt>
      <trkpt lat="43.36013" lon="-1.7910079999999999">
        <ele>2</ele>
      </trkpt>
      <trkpt lat="43.360418" lon="-1.790675">
        <ele>1</ele>
      </trkpt>
      <trkpt lat="43.360483" lon="-1.790621">
        <ele>2</ele>
      </trkpt>
      <trkpt lat="43.360464" lon="-1.7905759999999999">
        <ele>1</ele>
      </trkpt>
      <trkpt lat="43.360588" lon="-1.790486">
        <ele>1</ele>
      </trkpt>
      <trkpt lat="43.360712" lon="-1.7904230000000001">
        <ele>2</ele>
      </trkpt>
      <trkpt lat="43.360895" lon="-1.7902979999999999">
        <ele>3</ele>
      </trkpt>
      <trkpt lat="43.360914" lon="-1.790262">
        <ele>3</ele>
      </trkpt>
      <trkpt lat="43.360947" lon="-1.790235">
        <ele>3</ele>
      </trkpt>
      <trkpt lat="43.360979" lon="-1.790216">
        <ele>3</ele>
      </trkpt>
      <trkpt lat="43.361019" lon="-1.7902260000000001">
        <ele>3</ele>
      </trkpt>
      <trkpt lat="43.361058" lon="-1.790243">
        <ele>3</ele>
      </trkpt>
      <trkpt lat="43.361084" lon="-1.79027">
        <ele>4</ele>
      </trkpt>
      <trkpt lat="43.3613" lon="-1.7901800000000001">
        <ele>4</ele>
      </trkpt>
      <trkpt lat="43.361606" lon="-1.790046">
        <ele>3</ele>
      </trkpt>
      <trkpt lat="43.36175" lon="-1.79">
        <ele>3</ele>
      </trkpt>
      <trkpt lat="43.361842" lon="-1.7899830000000001">
        <ele>4</ele>
      </trkpt>
      <trkpt lat="43.362416" lon="-1.7899020000000001">
        <ele>5</ele>
      </trkpt>
      <trkpt lat="43.362886" lon="-1.78983">
        <ele>4</ele>
      </trkpt>
      <trkpt lat="43.362998" lon="-1.7898130000000001">
        <ele>4</ele>
      </trkpt>
      <trkpt lat="43.363115" lon="-1.7898130000000001">
        <ele>5</ele>
      </trkpt>
      <trkpt lat="43.363219" lon="-1.789822">
        <ele>6</ele>
      </trkpt>
      <trkpt lat="43.363337" lon="-1.789839">
        <ele>7</ele>
      </trkpt>
      <trkpt lat="43.363441" lon="-1.789884">
        <ele>8</ele>
      </trkpt>
      <trkpt lat="43.363598" lon="-1.789974">
        <ele>10</ele>
      </trkpt>
      <trkpt lat="43.363742" lon="-1.7901">
        <ele>10</ele>
      </trkpt>
      <trkpt lat="43.363866" lon="-1.790243">
        <ele>10</ele>
      </trkpt>
      <trkpt lat="43.363971" lon="-1.7903789999999999">
        <ele>10</ele>
      </trkpt>
      <trkpt lat="43.36401" lon="-1.790316">
        <ele>9</ele>
      </trkpt>
      <trkpt lat="43.364036" lon="-1.790279">
        <ele>9</ele>
      </trkpt>
      <trkpt lat="43.364154" lon="-1.79009">
        <ele>6</ele>
      </trkpt>
      <trkpt lat="43.364369" lon="-1.789723">
        <ele>3</ele>
      </trkpt>
      <trkpt lat="43.36429" lon="-1.789633">
        <ele>3</ele>
      </trkpt>
      <trkpt lat="43.36433" lon="-1.789579">
        <ele>3</ele>
      </trkpt>
      <trkpt lat="43.364369" lon="-1.7895239999999999">
        <ele>3</ele>
      </trkpt>
      <trkpt lat="43.364408" lon="-1.7895700000000001">
        <ele>3</ele>
      </trkpt>
      <trkpt lat="43.364473" lon="-1.78965">
        <ele>3</ele>
      </trkpt>
      <trkpt lat="43.364637" lon="-1.789822">
        <ele>3</ele>
      </trkpt>
      <trkpt lat="43.364813" lon="-1.789974">
        <ele>4</ele>
      </trkpt>
      <trkpt lat="43.365002" lon="-1.7901450000000001">
        <ele>4</ele>
      </trkpt>
      <trkpt lat="43.365179" lon="-1.790306">
        <ele>4</ele>
      </trkpt>
      <trkpt lat="43.365349" lon="-1.790459">
        <ele>4</ele>
      </trkpt>
      <trkpt lat="43.365584" lon="-1.790675">
        <ele>4</ele>
      </trkpt>
      <trkpt lat="43.365708" lon="-1.7907740000000001">
        <ele>5</ele>
      </trkpt>
      <trkpt lat="43.366002" lon="-1.7909889999999999">
        <ele>4</ele>
      </trkpt>
      <trkpt lat="43.365995" lon="-1.7910790000000001">
        <ele>5</ele>
      </trkpt>
      <trkpt lat="43.366041" lon="-1.791115">
        <ele>6</ele>
      </trkpt>
      <trkpt lat="43.36608" lon="-1.791142">
        <ele>6</ele>
      </trkpt>
      <trkpt lat="43.366113" lon="-1.791142">
        <ele>5</ele>
      </trkpt>
      <trkpt lat="43.366145" lon="-1.7911600000000001">
        <ele>6</ele>
      </trkpt>
      <trkpt lat="43.366191" lon="-1.7911870000000001">
        <ele>6</ele>
      </trkpt>
      <trkpt lat="43.366674" lon="-1.7914840000000001">
        <ele>7</ele>
      </trkpt>
      <trkpt lat="43.367275" lon="-1.79186">
        <ele>3</ele>
      </trkpt>
      <trkpt lat="43.367321" lon="-1.791914">
        <ele>3</ele>
      </trkpt>
      <trkpt lat="43.367341" lon="-1.7919769999999999">
        <ele>3</ele>
      </trkpt>
      <trkpt lat="43.367334" lon="-1.7920499999999999">
        <ele>4</ele>
      </trkpt>
      <trkpt lat="43.367229" lon="-1.7923629999999999">
        <ele>6</ele>
      </trkpt>
      <trkpt lat="43.367217" lon="-1.7924">
        <ele>6</ele>
      </trkpt>
      <trkpt lat="43.367132" lon="-1.7926500000000001">
        <ele>7</ele>
      </trkpt>
      <trkpt lat="43.367125" lon="-1.792705">
        <ele>8</ele>
      </trkpt>
      <trkpt lat="43.367118" lon="-1.7928219999999999">
        <ele>8</ele>
      </trkpt>
      <trkpt lat="43.367112" lon="-1.7928759999999999">
        <ele>8</ele>
      </trkpt>
      <trkpt lat="43.367125" lon="-1.792956">
        <ele>8</ele>
      </trkpt>
      <trkpt lat="43.367158" lon="-1.7930550000000001">
        <ele>8</ele>
      </trkpt>
      <trkpt lat="43.367197" lon="-1.793118">
        <ele>8</ele>
      </trkpt>
      <trkpt lat="43.367229" lon="-1.793145">
        <ele>8</ele>
      </trkpt>
      <trkpt lat="43.367268" lon="-1.7931630000000001">
        <ele>8</ele>
      </trkpt>
      <trkpt lat="43.367732" lon="-1.7932440000000001">
        <ele>4</ele>
      </trkpt>
      <trkpt lat="43.367837" lon="-1.7932619999999999">
        <ele>3</ele>
      </trkpt>
      <trkpt lat="43.367942" lon="-1.7932790000000001">
        <ele>3</ele>
      </trkpt>
      <trkpt lat="43.368255" lon="-1.793334">
        <ele>4</ele>
      </trkpt>
      <trkpt lat="43.36832" lon="-1.793342">
        <ele>4</ele>
      </trkpt>
      <trkpt lat="43.369169" lon="-1.7935410000000001">
        <ele>9</ele>
      </trkpt>
      <trkpt lat="43.369201" lon="-1.7935410000000001">
        <ele>9</ele>
      </trkpt>
      <trkpt lat="43.369228" lon="-1.793558">
        <ele>9</ele>
      </trkpt>
      <trkpt lat="43.369254" lon="-1.793585">
        <ele>9</ele>
      </trkpt>
      <trkpt lat="43.369287" lon="-1.7935950000000001">
        <ele>9</ele>
      </trkpt>
      <trkpt lat="43.369561" lon="-1.7937289999999999">
        <ele>9</ele>
      </trkpt>
      <trkpt lat="43.369861" lon="-1.7937209999999999">
        <ele>9</ele>
      </trkpt>
      <trkpt lat="43.370201" lon="-1.7936749999999999">
        <ele>10</ele>
      </trkpt>
      <trkpt lat="43.370625" lon="-1.793631">
        <ele>9</ele>
      </trkpt>
      <trkpt lat="43.371043" lon="-1.7935950000000001">
        <ele>5</ele>
      </trkpt>
      <trkpt lat="43.371233" lon="-1.793604">
        <ele>5</ele>
      </trkpt>
      <trkpt lat="43.371565" lon="-1.793658">
        <ele>4</ele>
      </trkpt>
      <trkpt lat="43.371677" lon="-1.7936749999999999">
        <ele>4</ele>
      </trkpt>
      <trkpt lat="43.371715" lon="-1.793639">
        <ele>3</ele>
      </trkpt>
      <trkpt lat="43.371984" lon="-1.7937110000000001">
        <ele>4</ele>
      </trkpt>
      <trkpt lat="43.372264" lon="-1.793747">
        <ele>4</ele>
      </trkpt>
      <trkpt lat="43.372258" lon="-1.7938369999999999">
        <ele>5</ele>
      </trkpt>
      <trkpt lat="43.372244" lon="-1.794052">
        <ele>5</ele>
      </trkpt>
      <trkpt lat="43.372264" lon="-1.794205">
        <ele>5</ele>
      </trkpt>
      <trkpt lat="43.372323" lon="-1.7943579999999999">
        <ele>5</ele>
      </trkpt>
      <trkpt lat="43.372688" lon="-1.7949059999999999">
        <ele>4</ele>
      </trkpt>
      <trkpt lat="43.373081" lon="-1.795526">
        <ele>5</ele>
      </trkpt>
      <trkpt lat="43.373237" lon="-1.795768">
        <ele>5</ele>
      </trkpt>
      <trkpt lat="43.373361" lon="-1.7959210000000001">
        <ele>5</ele>
      </trkpt>
      <trkpt lat="43.373492" lon="-1.796046">
        <ele>5</ele>
      </trkpt>
      <trkpt lat="43.373681" lon="-1.7961720000000001">
        <ele>5</ele>
      </trkpt>
      <trkpt lat="43.37389" lon="-1.796262">
        <ele>5</ele>
      </trkpt>
      <trkpt lat="43.374119" lon="-1.796298">
        <ele>5</ele>
      </trkpt>
      <trkpt lat="43.374341" lon="-1.7963340000000001">
        <ele>5</ele>
      </trkpt>
      <trkpt lat="43.374491" lon="-1.796405">
        <ele>4</ele>
      </trkpt>
      <trkpt lat="43.374648" lon="-1.796532">
        <ele>4</ele>
      </trkpt>
      <trkpt lat="43.374915" lon="-1.7967740000000001">
        <ele>6</ele>
      </trkpt>
      <trkpt lat="43.374987" lon="-1.7967649999999999">
        <ele>6</ele>
      </trkpt>
      <trkpt lat="43.375065" lon="-1.7967740000000001">
        <ele>6</ele>
      </trkpt>
      <trkpt lat="43.375137" lon="-1.7968010000000001">
        <ele>7</ele>
      </trkpt>
      <trkpt lat="43.375202" lon="-1.796864">
        <ele>7</ele>
      </trkpt>
      <trkpt lat="43.375249" lon="-1.7969630000000001">
        <ele>7</ele>
      </trkpt>
      <trkpt lat="43.375301" lon="-1.797107">
        <ele>7</ele>
      </trkpt>
      <trkpt lat="43.375359" lon="-1.7971699999999999">
        <ele>7</ele>
      </trkpt>
      <trkpt lat="43.375536" lon="-1.7972330000000001">
        <ele>7</ele>
      </trkpt>
      <trkpt lat="43.375568" lon="-1.7972410000000001">
        <ele>7</ele>
      </trkpt>
      <trkpt lat="43.375784" lon="-1.7972680000000001">
        <ele>7</ele>
      </trkpt>
      <trkpt lat="43.376084" lon="-1.7972330000000001">
        <ele>5</ele>
      </trkpt>
      <trkpt lat="43.376299" lon="-1.7972600000000001">
        <ele>5</ele>
      </trkpt>
      <trkpt lat="43.37643" lon="-1.797323">
        <ele>5</ele>
      </trkpt>
      <trkpt lat="43.376802" lon="-1.7975019999999999">
        <ele>6</ele>
      </trkpt>
      <trkpt lat="43.377174" lon="-1.797682">
        <ele>6</ele>
      </trkpt>
      <trkpt lat="43.377351" lon="-1.797744">
        <ele>6</ele>
      </trkpt>
      <trkpt lat="43.378062" lon="-1.797879">
        <ele>8</ele>
      </trkpt>
      <trkpt lat="43.378605" lon="-1.797979">
        <ele>9</ele>
      </trkpt>
      <trkpt lat="43.379016" lon="-1.7980499999999999">
        <ele>9</ele>
      </trkpt>
      <trkpt lat="43.379159" lon="-1.7978700000000001">
        <ele>8</ele>
      </trkpt>
      <trkpt lat="43.379271" lon="-1.7977259999999999">
        <ele>7</ele>
      </trkpt>
      <trkpt lat="43.379362" lon="-1.7976099999999999">
        <ele>6</ele>
      </trkpt>
      <trkpt lat="43.379401" lon="-1.7975559999999999">
        <ele>5</ele>
      </trkpt>
      <trkpt lat="43.37944" lon="-1.7975559999999999">
        <ele>5</ele>
      </trkpt>
      <trkpt lat="43.379806" lon="-1.798095">
        <ele>6</ele>
      </trkpt>
      <trkpt lat="43.379897" lon="-1.798176">
        <ele>6</ele>
      </trkpt>
      <trkpt lat="43.380008" lon="-1.7982290000000001">
        <ele>6</ele>
      </trkpt>
      <trkpt lat="43.380132" lon="-1.7982389999999999">
        <ele>5</ele>
      </trkpt>
      <trkpt lat="43.38038" lon="-1.7982389999999999">
        <ele>3</ele>
      </trkpt>
      <trkpt lat="43.380628" lon="-1.7982119999999999">
        <ele>1</ele>
      </trkpt>
      <trkpt lat="43.380883" lon="-1.7981579999999999">
        <ele>0</ele>
      </trkpt>
      <trkpt lat="43.381151" lon="-1.798068">
        <ele>1</ele>
      </trkpt>
      <trkpt lat="43.381366" lon="-1.7979689999999999">
        <ele>1</ele>
      </trkpt>
      <trkpt lat="43.381608" lon="-1.7978339999999999">
        <ele>0</ele>
      </trkpt>
      <trkpt lat="43.381941" lon="-1.7975920000000001">
        <ele>0</ele>
      </trkpt>
      <trkpt lat="43.382796" lon="-1.7967379999999999">
        <ele>1</ele>
      </trkpt>
      <trkpt lat="43.383455" lon="-1.7960739999999999">
        <ele>0</ele>
      </trkpt>
      <trkpt lat="43.384115" lon="-1.795418">
        <ele>0</ele>
      </trkpt>
      <trkpt lat="43.384977" lon="-1.7945279999999999">
        <ele>0</ele>
      </trkpt>
      <trkpt lat="43.385369" lon="-1.7940970000000001">
        <ele>1</ele>
      </trkpt>
      <trkpt lat="43.386367" lon="-1.7928930000000001">
        <ele>5</ele>
      </trkpt>
      <trkpt lat="43.387745" lon="-1.7912220000000001">
        <ele>0</ele>
      </trkpt>
      <trkpt lat="43.387843" lon="-1.7911779999999999">
        <ele>0</ele>
      </trkpt>
      <trkpt lat="43.388195" lon="-1.790918">
        <ele>1</ele>
      </trkpt>
      <trkpt lat="43.388404" lon="-1.7908280000000001">
        <ele>2</ele>
      </trkpt>
      <trkpt lat="43.388567" lon="-1.790729">
        <ele>2</ele>
      </trkpt>
      <trkpt lat="43.388731" lon="-1.790594">
        <ele>2</ele>
      </trkpt>
      <trkpt lat="43.388953" lon="-1.7903789999999999">
        <ele>2</ele>
      </trkpt>
      <trkpt lat="43.389383" lon="-1.789876">
        <ele>5</ele>
      </trkpt>
      <trkpt lat="43.389442" lon="-1.7898130000000001">
        <ele>6</ele>
      </trkpt>
      <trkpt lat="43.389474" lon="-1.789803">
        <ele>6</ele>
      </trkpt>
      <trkpt lat="43.389507" lon="-1.789803">
        <ele>7</ele>
      </trkpt>
      <trkpt lat="43.389533" lon="-1.78983">
        <ele>8</ele>
      </trkpt>
      <trkpt lat="43.38954" lon="-1.789876">
        <ele>8</ele>
      </trkpt>
      <trkpt lat="43.389553" lon="-1.789965">
        <ele>10</ele>
      </trkpt>
      <trkpt lat="43.389572" lon="-1.7900290000000001">
        <ele>11</ele>
      </trkpt>
      <trkpt lat="43.389618" lon="-1.790063">
        <ele>13</ele>
      </trkpt>
      <trkpt lat="43.389664" lon="-1.790082">
        <ele>14</ele>
      </trkpt>
      <trkpt lat="43.389781" lon="-1.790019">
        <ele>15</ele>
      </trkpt>
      <trkpt lat="43.389834" lon="-1.789974">
        <ele>15</ele>
      </trkpt>
      <trkpt lat="43.39001" lon="-1.78975">
        <ele>13</ele>
      </trkpt>
      <trkpt lat="43.390042" lon="-1.7897130000000001">
        <ele>12</ele>
      </trkpt>
      <trkpt lat="43.390082" lon="-1.7897130000000001">
        <ele>12</ele>
      </trkpt>
      <trkpt lat="43.390121" lon="-1.7897130000000001">
        <ele>12</ele>
      </trkpt>
      <trkpt lat="43.390154" lon="-1.78975">
        <ele>13</ele>
      </trkpt>
      <trkpt lat="43.39016" lon="-1.7898130000000001">
        <ele>15</ele>
      </trkpt>
      <trkpt lat="43.390147" lon="-1.789857">
        <ele>15</ele>
      </trkpt>
      <trkpt lat="43.390114" lon="-1.7899119999999999">
        <ele>17</ele>
      </trkpt>
      <trkpt lat="43.390062" lon="-1.789947">
        <ele>17</ele>
      </trkpt>
      <trkpt lat="43.389977" lon="-1.789992">
        <ele>18</ele>
      </trkpt>
      <trkpt lat="43.38982" lon="-1.7901260000000001">
        <ele>18</ele>
      </trkpt>
      <trkpt lat="43.389749" lon="-1.790216">
        <ele>17</ele>
      </trkpt>
      <trkpt lat="43.38969" lon="-1.790316">
        <ele>17</ele>
      </trkpt>
      <trkpt lat="43.389468" lon="-1.790891">
        <ele>24</ele>
      </trkpt>
      <trkpt lat="43.389344" lon="-1.7911779999999999">
        <ele>30</ele>
      </trkpt>
      <trkpt lat="43.389259" lon="-1.7912680000000001">
        <ele>31</ele>
      </trkpt>
      <trkpt lat="43.389122" lon="-1.791304">
        <ele>28</ele>
      </trkpt>
      <trkpt lat="43.389037" lon="-1.7913399999999999">
        <ele>27</ele>
      </trkpt>
      <trkpt lat="43.389011" lon="-1.7914209999999999">
        <ele>29</ele>
      </trkpt>
      <trkpt lat="43.389051" lon="-1.7914840000000001">
        <ele>32</ele>
      </trkpt>
      <trkpt lat="43.389116" lon="-1.79152">
        <ele>35</ele>
      </trkpt>
      <trkpt lat="43.389233" lon="-1.791501">
        <ele>37</ele>
      </trkpt>
      <trkpt lat="43.389325" lon="-1.7914570000000001">
        <ele>38</ele>
      </trkpt>
      <trkpt lat="43.389468" lon="-1.7913399999999999">
        <ele>38</ele>
      </trkpt>
      <trkpt lat="43.389566" lon="-1.7912220000000001">
        <ele>37</ele>
      </trkpt>
      <trkpt lat="43.389631" lon="-1.7911600000000001">
        <ele>36</ele>
      </trkpt>
      <trkpt lat="43.38969" lon="-1.791142">
        <ele>37</ele>
      </trkpt>
      <trkpt lat="43.389755" lon="-1.7912140000000001">
        <ele>39</ele>
      </trkpt>
      <trkpt lat="43.389781" lon="-1.7912680000000001">
        <ele>40</ele>
      </trkpt>
      <trkpt lat="43.390095" lon="-1.7914019999999999">
        <ele>44</ele>
      </trkpt>
      <trkpt lat="43.390408" lon="-1.7915369999999999">
        <ele>46</ele>
      </trkpt>
      <trkpt lat="43.390565" lon="-1.7917259999999999">
        <ele>49</ele>
      </trkpt>
      <trkpt lat="43.390728" lon="-1.791933">
        <ele>51</ele>
      </trkpt>
      <trkpt lat="43.390878" lon="-1.791987">
        <ele>49</ele>
      </trkpt>
      <trkpt lat="43.391028" lon="-1.7920039999999999">
        <ele>47</ele>
      </trkpt>
      <trkpt lat="43.391316" lon="-1.791968">
        <ele>41</ele>
      </trkpt>
      <trkpt lat="43.391414" lon="-1.7920229999999999">
        <ele>41</ele>
      </trkpt>
      <trkpt lat="43.391472" lon="-1.7921210000000001">
        <ele>43</ele>
      </trkpt>
      <trkpt lat="43.391485" lon="-1.7922199999999999">
        <ele>44</ele>
      </trkpt>
      <trkpt lat="43.391472" lon="-1.792319">
        <ele>46</ele>
      </trkpt>
      <trkpt lat="43.39142" lon="-1.792759">
        <ele>50</ele>
      </trkpt>
      <trkpt lat="43.391407" lon="-1.7930919999999999">
        <ele>49</ele>
      </trkpt>
      <trkpt lat="43.3914" lon="-1.793199">
        <ele>49</ele>
      </trkpt>
      <trkpt lat="43.391498" lon="-1.7933520000000001">
        <ele>47</ele>
      </trkpt>
      <trkpt lat="43.391505" lon="-1.7934950000000001">
        <ele>46</ele>
      </trkpt>
      <trkpt lat="43.391446" lon="-1.793585">
        <ele>47</ele>
      </trkpt>
      <trkpt lat="43.391342" lon="-1.794071">
        <ele>49</ele>
      </trkpt>
      <trkpt lat="43.391414" lon="-1.7943039999999999">
        <ele>46</ele>
      </trkpt>
      <trkpt lat="43.391498" lon="-1.7945469999999999">
        <ele>45</ele>
      </trkpt>
      <trkpt lat="43.391603" lon="-1.7946629999999999">
        <ele>43</ele>
      </trkpt>
      <trkpt lat="43.391714" lon="-1.7947630000000001">
        <ele>41</ele>
      </trkpt>
      <trkpt lat="43.391798" lon="-1.794807">
        <ele>40</ele>
      </trkpt>
      <trkpt lat="43.391903" lon="-1.794843">
        <ele>38</ele>
      </trkpt>
      <trkpt lat="43.391994" lon="-1.794843">
        <ele>37</ele>
      </trkpt>
      <trkpt lat="43.392118" lon="-1.794797">
        <ele>36</ele>
      </trkpt>
      <trkpt lat="43.392242" lon="-1.7946629999999999">
        <ele>36</ele>
      </trkpt>
      <trkpt lat="43.392275" lon="-1.7945279999999999">
        <ele>35</ele>
      </trkpt>
    </trkseg>
  </trk>
</gpx>