<?xml version="1.0" encoding="UTF-8" standalone="yes"?>
<gpx
 version="1.1"
 creator="Generated by MapOut iPhone App. See https://mapout.app"
 xmlns="http://www.topografix.com/GPX/1/1"
 xmlns:xsi="http://www.w3.org/2001/XMLSchema-instance"
 xmlns:gpxx="http://www.garmin.com/xmlschemas/GpxExtensions/v3"
 xmlns:mapout="https://mapout.app/xmlschemas/MapOutExtensions"
 xsi:schemaLocation="http://www.topografix.com/GPX/1/1 https://www.topografix.com/GPX/1/1/gpx.xsd http://www.garmin.com/xmlschemas/GpxExtensions/v3 https://www8.garmin.com/xmlschemas/GpxExtensionsv3.xsd https://mapout.app/xmlschemas/MapOutExtensions https://mapout.app/xmlschemas/MapOutExtensions.xsd">
  <metadata>
    <name><![CDATA[Etapa 3 (V) - Camping Oliden -> Camping Ariztigain]]></name>
    <desc>Oiartzun - Lesaka - Igantzi - Facería 87 - Sunbilla</desc>
    <time>2021-10-13T09:35:45Z</time>
    <bounds minlat="43.171379" minlon="-1.875116" maxlat="43.319911" maxlon="-1.6621619999999999"/>
  </metadata>
  <trk>
    <name><![CDATA[Etapa 3 (V) - Camping Oliden -> Camping Ariztigain]]></name>
    <desc>Oiartzun - Lesaka - Igantzi - Facería 87 - Sunbilla</desc>
    <trkseg>
      <trkpt lat="43.315401" lon="-1.8736790000000001">
        <ele>16</ele>
      </trkpt>
      <trkpt lat="43.315394" lon="-1.8743529999999999">
        <ele>13</ele>
      </trkpt>
      <trkpt lat="43.315368" lon="-1.8746860000000001">
        <ele>15</ele>
      </trkpt>
      <trkpt lat="43.315414" lon="-1.874776">
        <ele>16</ele>
      </trkpt>
      <trkpt lat="43.315434" lon="-1.8748100000000001">
        <ele>16</ele>
      </trkpt>
      <trkpt lat="43.316467" lon="-1.8742810000000001">
        <ele>19</ele>
      </trkpt>
      <trkpt lat="43.316486" lon="-1.874271">
        <ele>19</ele>
      </trkpt>
      <trkpt lat="43.316552" lon="-1.8742449999999999">
        <ele>19</ele>
      </trkpt>
      <trkpt lat="43.31676" lon="-1.87412">
        <ele>20</ele>
      </trkpt>
      <trkpt lat="43.316845" lon="-1.8740570000000001">
        <ele>21</ele>
      </trkpt>
      <trkpt lat="43.317009" lon="-1.8739129999999999">
        <ele>23</ele>
      </trkpt>
      <trkpt lat="43.317126" lon="-1.8737779999999999">
        <ele>24</ele>
      </trkpt>
      <trkpt lat="43.317238" lon="-1.8736250000000001">
        <ele>25</ele>
      </trkpt>
      <trkpt lat="43.317336" lon="-1.8734550000000001">
        <ele>26</ele>
      </trkpt>
      <trkpt lat="43.317421" lon="-1.873221">
        <ele>27</ele>
      </trkpt>
      <trkpt lat="43.317486" lon="-1.8729880000000001">
        <ele>27</ele>
      </trkpt>
      <trkpt lat="43.317839" lon="-1.8713070000000001">
        <ele>23</ele>
      </trkpt>
      <trkpt lat="43.318028" lon="-1.8705350000000001">
        <ele>25</ele>
      </trkpt>
      <trkpt lat="43.318107" lon="-1.8702650000000001">
        <ele>27</ele>
      </trkpt>
      <trkpt lat="43.318205" lon="-1.8700319999999999">
        <ele>29</ele>
      </trkpt>
      <trkpt lat="43.318506" lon="-1.8694390000000001">
        <ele>31</ele>
      </trkpt>
      <trkpt lat="43.318774" lon="-1.8690709999999999">
        <ele>28</ele>
      </trkpt>
      <trkpt lat="43.319153" lon="-1.8685499999999999">
        <ele>26</ele>
      </trkpt>
      <trkpt lat="43.319545" lon="-1.868028">
        <ele>27</ele>
      </trkpt>
      <trkpt lat="43.319905" lon="-1.867472">
        <ele>32</ele>
      </trkpt>
      <trkpt lat="43.319911" lon="-1.8673280000000001">
        <ele>33</ele>
      </trkpt>
      <trkpt lat="43.319878" lon="-1.8671390000000001">
        <ele>34</ele>
      </trkpt>
      <trkpt lat="43.319813" lon="-1.867005">
        <ele>36</ele>
      </trkpt>
      <trkpt lat="43.319695" lon="-1.86686">
        <ele>40</ele>
      </trkpt>
      <trkpt lat="43.319577" lon="-1.866708">
        <ele>46</ele>
      </trkpt>
      <trkpt lat="43.31931" lon="-1.866457">
        <ele>58</ele>
      </trkpt>
      <trkpt lat="43.318963" lon="-1.8661779999999999">
        <ele>60</ele>
      </trkpt>
      <trkpt lat="43.318649" lon="-1.865963">
        <ele>58</ele>
      </trkpt>
      <trkpt lat="43.318539" lon="-1.8659269999999999">
        <ele>57</ele>
      </trkpt>
      <trkpt lat="43.318466" lon="-1.8659269999999999">
        <ele>55</ele>
      </trkpt>
      <trkpt lat="43.318394" lon="-1.8659269999999999">
        <ele>52</ele>
      </trkpt>
      <trkpt lat="43.318329" lon="-1.865998">
        <ele>48</ele>
      </trkpt>
      <trkpt lat="43.318244" lon="-1.866034">
        <ele>45</ele>
      </trkpt>
      <trkpt lat="43.318127" lon="-1.8661239999999999">
        <ele>39</ele>
      </trkpt>
      <trkpt lat="43.318022" lon="-1.866277">
        <ele>34</ele>
      </trkpt>
      <trkpt lat="43.317499" lon="-1.86775">
        <ele>37</ele>
      </trkpt>
      <trkpt lat="43.316996" lon="-1.869197">
        <ele>39</ele>
      </trkpt>
      <trkpt lat="43.316878" lon="-1.869502">
        <ele>41</ele>
      </trkpt>
      <trkpt lat="43.316807" lon="-1.8696360000000001">
        <ele>42</ele>
      </trkpt>
      <trkpt lat="43.316741" lon="-1.8697630000000001">
        <ele>42</ele>
      </trkpt>
      <trkpt lat="43.31661" lon="-1.8699600000000001">
        <ele>42</ele>
      </trkpt>
      <trkpt lat="43.316486" lon="-1.8701030000000001">
        <ele>41</ele>
      </trkpt>
      <trkpt lat="43.316218" lon="-1.870328">
        <ele>39</ele>
      </trkpt>
      <trkpt lat="43.315754" lon="-1.870598">
        <ele>40</ele>
      </trkpt>
      <trkpt lat="43.315421" lon="-1.8708050000000001">
        <ele>47</ele>
      </trkpt>
      <trkpt lat="43.315264" lon="-1.870841">
        <ele>51</ele>
      </trkpt>
      <trkpt lat="43.315113" lon="-1.8708050000000001">
        <ele>55</ele>
      </trkpt>
      <trkpt lat="43.314977" lon="-1.870679">
        <ele>58</ele>
      </trkpt>
      <trkpt lat="43.314859" lon="-1.8704719999999999">
        <ele>60</ele>
      </trkpt>
      <trkpt lat="43.314813" lon="-1.8702650000000001">
        <ele>62</ele>
      </trkpt>
      <trkpt lat="43.314826" lon="-1.8700589999999999">
        <ele>63</ele>
      </trkpt>
      <trkpt lat="43.314878" lon="-1.869834">
        <ele>64</ele>
      </trkpt>
      <trkpt lat="43.314944" lon="-1.8696550000000001">
        <ele>64</ele>
      </trkpt>
      <trkpt lat="43.31495" lon="-1.8696269999999999">
        <ele>65</ele>
      </trkpt>
      <trkpt lat="43.315094" lon="-1.8692329999999999">
        <ele>65</ele>
      </trkpt>
      <trkpt lat="43.315127" lon="-1.8690709999999999">
        <ele>66</ele>
      </trkpt>
      <trkpt lat="43.315113" lon="-1.8689">
        <ele>67</ele>
      </trkpt>
      <trkpt lat="43.315068" lon="-1.8687210000000001">
        <ele>68</ele>
      </trkpt>
      <trkpt lat="43.315035" lon="-1.8686750000000001">
        <ele>70</ele>
      </trkpt>
      <trkpt lat="43.314977" lon="-1.8685769999999999">
        <ele>72</ele>
      </trkpt>
      <trkpt lat="43.314832" lon="-1.868468">
        <ele>75</ele>
      </trkpt>
      <trkpt lat="43.314538" lon="-1.8683879999999999">
        <ele>83</ele>
      </trkpt>
      <trkpt lat="43.31448" lon="-1.8683970000000001">
        <ele>84</ele>
      </trkpt>
      <trkpt lat="43.314447" lon="-1.8684050000000001">
        <ele>85</ele>
      </trkpt>
      <trkpt lat="43.314421" lon="-1.8684419999999999">
        <ele>85</ele>
      </trkpt>
      <trkpt lat="43.314342" lon="-1.8685849999999999">
        <ele>85</ele>
      </trkpt>
      <trkpt lat="43.314297" lon="-1.8687469999999999">
        <ele>84</ele>
      </trkpt>
      <trkpt lat="43.314244" lon="-1.868873">
        <ele>83</ele>
      </trkpt>
      <trkpt lat="43.314173" lon="-1.8690169999999999">
        <ele>82</ele>
      </trkpt>
      <trkpt lat="43.314107" lon="-1.869143">
        <ele>82</ele>
      </trkpt>
      <trkpt lat="43.313943" lon="-1.8693759999999999">
        <ele>80</ele>
      </trkpt>
      <trkpt lat="43.313852" lon="-1.8694759999999999">
        <ele>79</ele>
      </trkpt>
      <trkpt lat="43.313793" lon="-1.86951">
        <ele>79</ele>
      </trkpt>
      <trkpt lat="43.313728" lon="-1.86951">
        <ele>79</ele>
      </trkpt>
      <trkpt lat="43.313676" lon="-1.869502">
        <ele>79</ele>
      </trkpt>
      <trkpt lat="43.313617" lon="-1.8694569999999999">
        <ele>80</ele>
      </trkpt>
      <trkpt lat="43.313584" lon="-1.8694029999999999">
        <ele>80</ele>
      </trkpt>
      <trkpt lat="43.313552" lon="-1.8693230000000001">
        <ele>82</ele>
      </trkpt>
      <trkpt lat="43.313538" lon="-1.869151">
        <ele>85</ele>
      </trkpt>
      <trkpt lat="43.313558" lon="-1.868954">
        <ele>88</ele>
      </trkpt>
      <trkpt lat="43.313578" lon="-1.8686480000000001">
        <ele>93</ele>
      </trkpt>
      <trkpt lat="43.31361" lon="-1.8683879999999999">
        <ele>96</ele>
      </trkpt>
      <trkpt lat="43.313676" lon="-1.868082">
        <ele>101</ele>
      </trkpt>
      <trkpt lat="43.313747" lon="-1.8679209999999999">
        <ele>102</ele>
      </trkpt>
      <trkpt lat="43.313872" lon="-1.8677049999999999">
        <ele>104</ele>
      </trkpt>
      <trkpt lat="43.314048" lon="-1.8673999999999999">
        <ele>105</ele>
      </trkpt>
      <trkpt lat="43.314244" lon="-1.86704">
        <ele>104</ele>
      </trkpt>
      <trkpt lat="43.31433" lon="-1.86696">
        <ele>103</ele>
      </trkpt>
      <trkpt lat="43.314407" lon="-1.866897">
        <ele>103</ele>
      </trkpt>
      <trkpt lat="43.314454" lon="-1.866797">
        <ele>103</ele>
      </trkpt>
      <trkpt lat="43.314584" lon="-1.8662939999999999">
        <ele>105</ele>
      </trkpt>
      <trkpt lat="43.314669" lon="-1.865971">
        <ele>107</ele>
      </trkpt>
      <trkpt lat="43.314721" lon="-1.8657109999999999">
        <ele>109</ele>
      </trkpt>
      <trkpt lat="43.314747" lon="-1.8653420000000001">
        <ele>111</ele>
      </trkpt>
      <trkpt lat="43.314761" lon="-1.8650279999999999">
        <ele>113</ele>
      </trkpt>
      <trkpt lat="43.314682" lon="-1.8651180000000001">
        <ele>115</ele>
      </trkpt>
      <trkpt lat="43.314584" lon="-1.8652709999999999">
        <ele>116</ele>
      </trkpt>
      <trkpt lat="43.314466" lon="-1.865424">
        <ele>118</ele>
      </trkpt>
      <trkpt lat="43.314283" lon="-1.865648">
        <ele>121</ele>
      </trkpt>
      <trkpt lat="43.314107" lon="-1.865837">
        <ele>125</ele>
      </trkpt>
      <trkpt lat="43.313963" lon="-1.865998">
        <ele>126</ele>
      </trkpt>
      <trkpt lat="43.313819" lon="-1.8661509999999999">
        <ele>127</ele>
      </trkpt>
      <trkpt lat="43.313754" lon="-1.866277">
        <ele>126</ele>
      </trkpt>
      <trkpt lat="43.313676" lon="-1.866466">
        <ele>124</ele>
      </trkpt>
      <trkpt lat="43.313617" lon="-1.8666100000000001">
        <ele>124</ele>
      </trkpt>
      <trkpt lat="43.313505" lon="-1.8669960000000001">
        <ele>120</ele>
      </trkpt>
      <trkpt lat="43.313434" lon="-1.86713">
        <ele>118</ele>
      </trkpt>
      <trkpt lat="43.313375" lon="-1.8672390000000001">
        <ele>116</ele>
      </trkpt>
      <trkpt lat="43.31331" lon="-1.867292">
        <ele>116</ele>
      </trkpt>
      <trkpt lat="43.313172" lon="-1.8673360000000001">
        <ele>116</ele>
      </trkpt>
      <trkpt lat="43.313048" lon="-1.8673630000000001">
        <ele>118</ele>
      </trkpt>
      <trkpt lat="43.312996" lon="-1.8673999999999999">
        <ele>119</ele>
      </trkpt>
      <trkpt lat="43.312944" lon="-1.8674630000000001">
        <ele>119</ele>
      </trkpt>
      <trkpt lat="43.312865" lon="-1.8676330000000001">
        <ele>118</ele>
      </trkpt>
      <trkpt lat="43.3128" lon="-1.8677680000000001">
        <ele>117</ele>
      </trkpt>
      <trkpt lat="43.312741" lon="-1.867831">
        <ele>116</ele>
      </trkpt>
      <trkpt lat="43.312701" lon="-1.867858">
        <ele>116</ele>
      </trkpt>
      <trkpt lat="43.312525" lon="-1.8679209999999999">
        <ele>116</ele>
      </trkpt>
      <trkpt lat="43.312277" lon="-1.8679479999999999">
        <ele>115</ele>
      </trkpt>
      <trkpt lat="43.31212" lon="-1.8679479999999999">
        <ele>115</ele>
      </trkpt>
      <trkpt lat="43.311989" lon="-1.867929">
        <ele>114</ele>
      </trkpt>
      <trkpt lat="43.311937" lon="-1.867929">
        <ele>114</ele>
      </trkpt>
      <trkpt lat="43.311388" lon="-1.8678490000000001">
        <ele>103</ele>
      </trkpt>
      <trkpt lat="43.311179" lon="-1.8678220000000001">
        <ele>98</ele>
      </trkpt>
      <trkpt lat="43.310989" lon="-1.8678129999999999">
        <ele>95</ele>
      </trkpt>
      <trkpt lat="43.310819" lon="-1.867831">
        <ele>93</ele>
      </trkpt>
      <trkpt lat="43.310708" lon="-1.8678680000000001">
        <ele>91</ele>
      </trkpt>
      <trkpt lat="43.310591" lon="-1.867929">
        <ele>90</ele>
      </trkpt>
      <trkpt lat="43.310434" lon="-1.8680380000000001">
        <ele>89</ele>
      </trkpt>
      <trkpt lat="43.310322" lon="-1.868109">
        <ele>88</ele>
      </trkpt>
      <trkpt lat="43.310054" lon="-1.868352">
        <ele>87</ele>
      </trkpt>
      <trkpt lat="43.309943" lon="-1.86846">
        <ele>87</ele>
      </trkpt>
      <trkpt lat="43.309911" lon="-1.8685050000000001">
        <ele>87</ele>
      </trkpt>
      <trkpt lat="43.309898" lon="-1.868487">
        <ele>87</ele>
      </trkpt>
      <trkpt lat="43.309865" lon="-1.868495">
        <ele>87</ele>
      </trkpt>
      <trkpt lat="43.309721" lon="-1.868657">
        <ele>86</ele>
      </trkpt>
      <trkpt lat="43.309649" lon="-1.868711">
        <ele>86</ele>
      </trkpt>
      <trkpt lat="43.309532" lon="-1.8687739999999999">
        <ele>86</ele>
      </trkpt>
      <trkpt lat="43.309447" lon="-1.8688009999999999">
        <ele>85</ele>
      </trkpt>
      <trkpt lat="43.309407" lon="-1.8688199999999999">
        <ele>85</ele>
      </trkpt>
      <trkpt lat="43.309093" lon="-1.8688100000000001">
        <ele>83</ele>
      </trkpt>
      <trkpt lat="43.308956" lon="-1.8688009999999999">
        <ele>82</ele>
      </trkpt>
      <trkpt lat="43.308911" lon="-1.8688100000000001">
        <ele>82</ele>
      </trkpt>
      <trkpt lat="43.308885" lon="-1.8688199999999999">
        <ele>82</ele>
      </trkpt>
      <trkpt lat="43.308643" lon="-1.8690439999999999">
        <ele>84</ele>
      </trkpt>
      <trkpt lat="43.308329" lon="-1.8693310000000001">
        <ele>86</ele>
      </trkpt>
      <trkpt lat="43.308191" lon="-1.8694839999999999">
        <ele>87</ele>
      </trkpt>
      <trkpt lat="43.30812" lon="-1.86961">
        <ele>87</ele>
      </trkpt>
      <trkpt lat="43.308106" lon="-1.8696550000000001">
        <ele>88</ele>
      </trkpt>
      <trkpt lat="43.308106" lon="-1.8697090000000001">
        <ele>88</ele>
      </trkpt>
      <trkpt lat="43.308106" lon="-1.869753">
        <ele>89</ele>
      </trkpt>
      <trkpt lat="43.308132" lon="-1.869799">
        <ele>89</ele>
      </trkpt>
      <trkpt lat="43.308165" lon="-1.8698699999999999">
        <ele>90</ele>
      </trkpt>
      <trkpt lat="43.308198" lon="-1.8699600000000001">
        <ele>90</ele>
      </trkpt>
      <trkpt lat="43.308217" lon="-1.8701220000000001">
        <ele>90</ele>
      </trkpt>
      <trkpt lat="43.308217" lon="-1.870212">
        <ele>90</ele>
      </trkpt>
      <trkpt lat="43.308211" lon="-1.8702829999999999">
        <ele>90</ele>
      </trkpt>
      <trkpt lat="43.308185" lon="-1.870355">
        <ele>90</ele>
      </trkpt>
      <trkpt lat="43.308126" lon="-1.8704179999999999">
        <ele>89</ele>
      </trkpt>
      <trkpt lat="43.3081" lon="-1.8704449999999999">
        <ele>89</ele>
      </trkpt>
      <trkpt lat="43.308022" lon="-1.8704890000000001">
        <ele>89</ele>
      </trkpt>
      <trkpt lat="43.307917" lon="-1.8705350000000001">
        <ele>88</ele>
      </trkpt>
      <trkpt lat="43.307832" lon="-1.870571">
        <ele>86</ele>
      </trkpt>
      <trkpt lat="43.307767" lon="-1.8705890000000001">
        <ele>85</ele>
      </trkpt>
      <trkpt lat="43.307694" lon="-1.870625">
        <ele>84</ele>
      </trkpt>
      <trkpt lat="43.307616" lon="-1.870652">
        <ele>82</ele>
      </trkpt>
      <trkpt lat="43.30757" lon="-1.8706609999999999">
        <ele>81</ele>
      </trkpt>
      <trkpt lat="43.307531" lon="-1.8706609999999999">
        <ele>80</ele>
      </trkpt>
      <trkpt lat="43.307257" lon="-1.870552">
        <ele>73</ele>
      </trkpt>
      <trkpt lat="43.307204" lon="-1.8705080000000001">
        <ele>72</ele>
      </trkpt>
      <trkpt lat="43.307171" lon="-1.870463">
        <ele>71</ele>
      </trkpt>
      <trkpt lat="43.307139" lon="-1.8703730000000001">
        <ele>71</ele>
      </trkpt>
      <trkpt lat="43.307002" lon="-1.869942">
        <ele>69</ele>
      </trkpt>
      <trkpt lat="43.306963" lon="-1.8698699999999999">
        <ele>68</ele>
      </trkpt>
      <trkpt lat="43.306943" lon="-1.869834">
        <ele>68</ele>
      </trkpt>
      <trkpt lat="43.306923" lon="-1.869807">
        <ele>68</ele>
      </trkpt>
      <trkpt lat="43.30689" lon="-1.869799">
        <ele>68</ele>
      </trkpt>
      <trkpt lat="43.306871" lon="-1.869826">
        <ele>67</ele>
      </trkpt>
      <trkpt lat="43.306852" lon="-1.8698790000000001">
        <ele>66</ele>
      </trkpt>
      <trkpt lat="43.306812" lon="-1.869996">
        <ele>65</ele>
      </trkpt>
      <trkpt lat="43.306766" lon="-1.8700859999999999">
        <ele>64</ele>
      </trkpt>
      <trkpt lat="43.306707" lon="-1.870166">
        <ele>63</ele>
      </trkpt>
      <trkpt lat="43.306629" lon="-1.8702559999999999">
        <ele>62</ele>
      </trkpt>
      <trkpt lat="43.306485" lon="-1.870436">
        <ele>60</ele>
      </trkpt>
      <trkpt lat="43.306269" lon="-1.8707149999999999">
        <ele>59</ele>
      </trkpt>
      <trkpt lat="43.306184" lon="-1.870849">
        <ele>59</ele>
      </trkpt>
      <trkpt lat="43.306001" lon="-1.8711009999999999">
        <ele>60</ele>
      </trkpt>
      <trkpt lat="43.305943" lon="-1.871164">
        <ele>60</ele>
      </trkpt>
      <trkpt lat="43.305877" lon="-1.871235">
        <ele>60</ele>
      </trkpt>
      <trkpt lat="43.305753" lon="-1.8713169999999999">
        <ele>61</ele>
      </trkpt>
      <trkpt lat="43.305675" lon="-1.871353">
        <ele>61</ele>
      </trkpt>
      <trkpt lat="43.305596" lon="-1.8713610000000001">
        <ele>61</ele>
      </trkpt>
      <trkpt lat="43.305505" lon="-1.8713709999999999">
        <ele>61</ele>
      </trkpt>
      <trkpt lat="43.305113" lon="-1.8713340000000001">
        <ele>63</ele>
      </trkpt>
      <trkpt lat="43.30489" lon="-1.8713169999999999">
        <ele>66</ele>
      </trkpt>
      <trkpt lat="43.304838" lon="-1.8713249999999999">
        <ele>67</ele>
      </trkpt>
      <trkpt lat="43.304792" lon="-1.871353">
        <ele>67</ele>
      </trkpt>
      <trkpt lat="43.304543" lon="-1.87155">
        <ele>68</ele>
      </trkpt>
      <trkpt lat="43.304112" lon="-1.8719269999999999">
        <ele>68</ele>
      </trkpt>
      <trkpt lat="43.304079" lon="-1.8719539999999999">
        <ele>68</ele>
      </trkpt>
      <trkpt lat="43.303923" lon="-1.8720889999999999">
        <ele>69</ele>
      </trkpt>
      <trkpt lat="43.303903" lon="-1.872126">
        <ele>68</ele>
      </trkpt>
      <trkpt lat="43.303851" lon="-1.8721429999999999">
        <ele>68</ele>
      </trkpt>
      <trkpt lat="43.303393" lon="-1.8722859999999999">
        <ele>65</ele>
      </trkpt>
      <trkpt lat="43.303347" lon="-1.872323">
        <ele>64</ele>
      </trkpt>
      <trkpt lat="43.303321" lon="-1.87235">
        <ele>63</ele>
      </trkpt>
      <trkpt lat="43.303289" lon="-1.872395">
        <ele>62</ele>
      </trkpt>
      <trkpt lat="43.303269" lon="-1.87243">
        <ele>61</ele>
      </trkpt>
      <trkpt lat="43.303204" lon="-1.872692">
        <ele>56</ele>
      </trkpt>
      <trkpt lat="43.303132" lon="-1.872889">
        <ele>52</ele>
      </trkpt>
      <trkpt lat="43.303086" lon="-1.8729789999999999">
        <ele>50</ele>
      </trkpt>
      <trkpt lat="43.30304" lon="-1.8730500000000001">
        <ele>48</ele>
      </trkpt>
      <trkpt lat="43.303014" lon="-1.873086">
        <ele>47</ele>
      </trkpt>
      <trkpt lat="43.303119" lon="-1.8733550000000001">
        <ele>48</ele>
      </trkpt>
      <trkpt lat="43.303066" lon="-1.8733649999999999">
        <ele>47</ele>
      </trkpt>
      <trkpt lat="43.302903" lon="-1.8733740000000001">
        <ele>44</ele>
      </trkpt>
      <trkpt lat="43.302746" lon="-1.8733919999999999">
        <ele>42</ele>
      </trkpt>
      <trkpt lat="43.302681" lon="-1.8734010000000001">
        <ele>41</ele>
      </trkpt>
      <trkpt lat="43.302628" lon="-1.8733820000000001">
        <ele>41</ele>
      </trkpt>
      <trkpt lat="43.302583" lon="-1.8733919999999999">
        <ele>41</ele>
      </trkpt>
      <trkpt lat="43.30255" lon="-1.873437">
        <ele>40</ele>
      </trkpt>
      <trkpt lat="43.302517" lon="-1.873518">
        <ele>40</ele>
      </trkpt>
      <trkpt lat="43.302426" lon="-1.8737239999999999">
        <ele>38</ele>
      </trkpt>
      <trkpt lat="43.302347" lon="-1.87385">
        <ele>37</ele>
      </trkpt>
      <trkpt lat="43.302217" lon="-1.8740570000000001">
        <ele>35</ele>
      </trkpt>
      <trkpt lat="43.301994" lon="-1.8746309999999999">
        <ele>31</ele>
      </trkpt>
      <trkpt lat="43.301896" lon="-1.8750359999999999">
        <ele>30</ele>
      </trkpt>
      <trkpt lat="43.30187" lon="-1.875116">
        <ele>30</ele>
      </trkpt>
      <trkpt lat="43.301746" lon="-1.8750629999999999">
        <ele>29</ele>
      </trkpt>
      <trkpt lat="43.301615" lon="-1.8749819999999999">
        <ele>30</ele>
      </trkpt>
      <trkpt lat="43.301576" lon="-1.8749370000000001">
        <ele>30</ele>
      </trkpt>
      <trkpt lat="43.301543" lon="-1.874873">
        <ele>30</ele>
      </trkpt>
      <trkpt lat="43.301328" lon="-1.8746670000000001">
        <ele>36</ele>
      </trkpt>
      <trkpt lat="43.301183" lon="-1.8745689999999999">
        <ele>38</ele>
      </trkpt>
      <trkpt lat="43.301112" lon="-1.874541">
        <ele>39</ele>
      </trkpt>
      <trkpt lat="43.301085" lon="-1.8745769999999999">
        <ele>39</ele>
      </trkpt>
      <trkpt lat="43.301059" lon="-1.8746229999999999">
        <ele>39</ele>
      </trkpt>
      <trkpt lat="43.300981" lon="-1.874776">
        <ele>38</ele>
      </trkpt>
      <trkpt lat="43.300824" lon="-1.8750260000000001">
        <ele>37</ele>
      </trkpt>
      <trkpt lat="43.300759" lon="-1.8750800000000001">
        <ele>36</ele>
      </trkpt>
      <trkpt lat="43.300713" lon="-1.8751070000000001">
        <ele>36</ele>
      </trkpt>
      <trkpt lat="43.300667" lon="-1.8750990000000001">
        <ele>36</ele>
      </trkpt>
      <trkpt lat="43.300628" lon="-1.875089">
        <ele>36</ele>
      </trkpt>
      <trkpt lat="43.300569" lon="-1.8750629999999999">
        <ele>37</ele>
      </trkpt>
      <trkpt lat="43.30032" lon="-1.8749629999999999">
        <ele>35</ele>
      </trkpt>
      <trkpt lat="43.300255" lon="-1.874946">
        <ele>35</ele>
      </trkpt>
      <trkpt lat="43.300184" lon="-1.8749370000000001">
        <ele>34</ele>
      </trkpt>
      <trkpt lat="43.300079" lon="-1.874919">
        <ele>34</ele>
      </trkpt>
      <trkpt lat="43.29998" lon="-1.874892">
        <ele>33</ele>
      </trkpt>
      <trkpt lat="43.299902" lon="-1.8748469999999999">
        <ele>32</ele>
      </trkpt>
      <trkpt lat="43.299823" lon="-1.8748020000000001">
        <ele>32</ele>
      </trkpt>
      <trkpt lat="43.299667" lon="-1.8747469999999999">
        <ele>30</ele>
      </trkpt>
      <trkpt lat="43.299621" lon="-1.8747389999999999">
        <ele>30</ele>
      </trkpt>
      <trkpt lat="43.299549" lon="-1.8747389999999999">
        <ele>29</ele>
      </trkpt>
      <trkpt lat="43.2993" lon="-1.8747389999999999">
        <ele>26</ele>
      </trkpt>
      <trkpt lat="43.29919" lon="-1.874757">
        <ele>25</ele>
      </trkpt>
      <trkpt lat="43.299052" lon="-1.8748020000000001">
        <ele>24</ele>
      </trkpt>
      <trkpt lat="43.299039" lon="-1.8748100000000001">
        <ele>24</ele>
      </trkpt>
      <trkpt lat="43.298882" lon="-1.874892">
        <ele>22</ele>
      </trkpt>
      <trkpt lat="43.298777" lon="-1.8749629999999999">
        <ele>22</ele>
      </trkpt>
      <trkpt lat="43.298732" lon="-1.874973">
        <ele>22</ele>
      </trkpt>
      <trkpt lat="43.298693" lon="-1.874973">
        <ele>22</ele>
      </trkpt>
      <trkpt lat="43.298601" lon="-1.8749370000000001">
        <ele>22</ele>
      </trkpt>
      <trkpt lat="43.298477" lon="-1.8748100000000001">
        <ele>23</ele>
      </trkpt>
      <trkpt lat="43.298052" lon="-1.874263">
        <ele>22</ele>
      </trkpt>
      <trkpt lat="43.297666" lon="-1.873742">
        <ele>21</ele>
      </trkpt>
      <trkpt lat="43.297562" lon="-1.873607">
        <ele>22</ele>
      </trkpt>
      <trkpt lat="43.297412" lon="-1.873418">
        <ele>22</ele>
      </trkpt>
      <trkpt lat="43.297281" lon="-1.8732390000000001">
        <ele>23</ele>
      </trkpt>
      <trkpt lat="43.297182" lon="-1.873105">
        <ele>24</ele>
      </trkpt>
      <trkpt lat="43.297039" lon="-1.872898">
        <ele>23</ele>
      </trkpt>
      <trkpt lat="43.296986" lon="-1.872808">
        <ele>23</ele>
      </trkpt>
      <trkpt lat="43.29681" lon="-1.872457">
        <ele>21</ele>
      </trkpt>
      <trkpt lat="43.296685" lon="-1.8721969999999999">
        <ele>20</ele>
      </trkpt>
      <trkpt lat="43.296561" lon="-1.871793">
        <ele>21</ele>
      </trkpt>
      <trkpt lat="43.296489" lon="-1.871577">
        <ele>22</ele>
      </trkpt>
      <trkpt lat="43.296392" lon="-1.87138">
        <ele>23</ele>
      </trkpt>
      <trkpt lat="43.296241" lon="-1.871092">
        <ele>25</ele>
      </trkpt>
      <trkpt lat="43.295692" lon="-1.8695200000000001">
        <ele>24</ele>
      </trkpt>
      <trkpt lat="43.295398" lon="-1.868514">
        <ele>22</ele>
      </trkpt>
      <trkpt lat="43.295097" lon="-1.8675079999999999">
        <ele>22</ele>
      </trkpt>
      <trkpt lat="43.295077" lon="-1.8674360000000001">
        <ele>23</ele>
      </trkpt>
      <trkpt lat="43.295071" lon="-1.867319">
        <ele>23</ele>
      </trkpt>
      <trkpt lat="43.295051" lon="-1.866547">
        <ele>24</ele>
      </trkpt>
      <trkpt lat="43.294979" lon="-1.864776">
        <ele>26</ele>
      </trkpt>
      <trkpt lat="43.294959" lon="-1.8641300000000001">
        <ele>26</ele>
      </trkpt>
      <trkpt lat="43.294933" lon="-1.8635200000000001">
        <ele>27</ele>
      </trkpt>
      <trkpt lat="43.294907" lon="-1.863151">
        <ele>27</ele>
      </trkpt>
      <trkpt lat="43.294809" lon="-1.8624050000000001">
        <ele>30</ele>
      </trkpt>
      <trkpt lat="43.294809" lon="-1.861912">
        <ele>30</ele>
      </trkpt>
      <trkpt lat="43.294829" lon="-1.8617049999999999">
        <ele>29</ele>
      </trkpt>
      <trkpt lat="43.294861" lon="-1.861273">
        <ele>29</ele>
      </trkpt>
      <trkpt lat="43.294881" lon="-1.860905">
        <ele>29</ele>
      </trkpt>
      <trkpt lat="43.294835" lon="-1.86069">
        <ele>30</ele>
      </trkpt>
      <trkpt lat="43.294737" lon="-1.8603940000000001">
        <ele>32</ele>
      </trkpt>
      <trkpt lat="43.294587" lon="-1.860007">
        <ele>32</ele>
      </trkpt>
      <trkpt lat="43.294365" lon="-1.859369">
        <ele>30</ele>
      </trkpt>
      <trkpt lat="43.294155" lon="-1.858668">
        <ele>32</ele>
      </trkpt>
      <trkpt lat="43.294122" lon="-1.858444">
        <ele>31</ele>
      </trkpt>
      <trkpt lat="43.294116" lon="-1.8582730000000001">
        <ele>30</ele>
      </trkpt>
      <trkpt lat="43.294162" lon="-1.8578600000000001">
        <ele>29</ele>
      </trkpt>
      <trkpt lat="43.294227" lon="-1.8572390000000001">
        <ele>28</ele>
      </trkpt>
      <trkpt lat="43.294286" lon="-1.856916">
        <ele>28</ele>
      </trkpt>
      <trkpt lat="43.294332" lon="-1.856522">
        <ele>29</ele>
      </trkpt>
      <trkpt lat="43.294371" lon="-1.856063">
        <ele>30</ele>
      </trkpt>
      <trkpt lat="43.294384" lon="-1.8557490000000001">
        <ele>32</ele>
      </trkpt>
      <trkpt lat="43.294365" lon="-1.855515">
        <ele>32</ele>
      </trkpt>
      <trkpt lat="43.294279" lon="-1.855245">
        <ele>31</ele>
      </trkpt>
      <trkpt lat="43.29424" lon="-1.855021">
        <ele>31</ele>
      </trkpt>
      <trkpt lat="43.294214" lon="-1.8547880000000001">
        <ele>31</ele>
      </trkpt>
      <trkpt lat="43.294227" lon="-1.854625">
        <ele>31</ele>
      </trkpt>
      <trkpt lat="43.294312" lon="-1.854312">
        <ele>32</ele>
      </trkpt>
      <trkpt lat="43.29441" lon="-1.85406">
        <ele>33</ele>
      </trkpt>
      <trkpt lat="43.294548" lon="-1.853637">
        <ele>35</ele>
      </trkpt>
      <trkpt lat="43.294561" lon="-1.853539">
        <ele>35</ele>
      </trkpt>
      <trkpt lat="43.294561" lon="-1.853251">
        <ele>34</ele>
      </trkpt>
      <trkpt lat="43.29458" lon="-1.8527309999999999">
        <ele>34</ele>
      </trkpt>
      <trkpt lat="43.294593" lon="-1.852182">
        <ele>35</ele>
      </trkpt>
      <trkpt lat="43.29458" lon="-1.8513919999999999">
        <ele>38</ele>
      </trkpt>
      <trkpt lat="43.2946" lon="-1.8508800000000001">
        <ele>39</ele>
      </trkpt>
      <trkpt lat="43.294587" lon="-1.8507180000000001">
        <ele>39</ele>
      </trkpt>
      <trkpt lat="43.294535" lon="-1.8505659999999999">
        <ele>39</ele>
      </trkpt>
      <trkpt lat="43.294462" lon="-1.8503860000000001">
        <ele>39</ele>
      </trkpt>
      <trkpt lat="43.294352" lon="-1.850287">
        <ele>39</ele>
      </trkpt>
      <trkpt lat="43.294122" lon="-1.85009">
        <ele>38</ele>
      </trkpt>
      <trkpt lat="43.292998" lon="-1.8491820000000001">
        <ele>39</ele>
      </trkpt>
      <trkpt lat="43.292913" lon="-1.84911">
        <ele>39</ele>
      </trkpt>
      <trkpt lat="43.292848" lon="-1.849056">
        <ele>38</ele>
      </trkpt>
      <trkpt lat="43.292691" lon="-1.84893">
        <ele>38</ele>
      </trkpt>
      <trkpt lat="43.292527" lon="-1.848778">
        <ele>38</ele>
      </trkpt>
      <trkpt lat="43.292403" lon="-1.8485990000000001">
        <ele>39</ele>
      </trkpt>
      <trkpt lat="43.292325" lon="-1.848409">
        <ele>40</ele>
      </trkpt>
      <trkpt lat="43.292246" lon="-1.848122">
        <ele>40</ele>
      </trkpt>
      <trkpt lat="43.292161" lon="-1.847601">
        <ele>40</ele>
      </trkpt>
      <trkpt lat="43.292102" lon="-1.847178">
        <ele>41</ele>
      </trkpt>
      <trkpt lat="43.292095" lon="-1.846846">
        <ele>42</ele>
      </trkpt>
      <trkpt lat="43.292095" lon="-1.8461989999999999">
        <ele>42</ele>
      </trkpt>
      <trkpt lat="43.292115" lon="-1.84575">
        <ele>41</ele>
      </trkpt>
      <trkpt lat="43.29222" lon="-1.8448880000000001">
        <ele>43</ele>
      </trkpt>
      <trkpt lat="43.292187" lon="-1.8447800000000001">
        <ele>43</ele>
      </trkpt>
      <trkpt lat="43.292161" lon="-1.8446370000000001">
        <ele>43</ele>
      </trkpt>
      <trkpt lat="43.292187" lon="-1.8446100000000001">
        <ele>43</ele>
      </trkpt>
      <trkpt lat="43.292213" lon="-1.8445830000000001">
        <ele>44</ele>
      </trkpt>
      <trkpt lat="43.292168" lon="-1.8443670000000001">
        <ele>44</ele>
      </trkpt>
      <trkpt lat="43.292004" lon="-1.844106">
        <ele>45</ele>
      </trkpt>
      <trkpt lat="43.291841" lon="-1.843928">
        <ele>45</ele>
      </trkpt>
      <trkpt lat="43.291684" lon="-1.843801">
        <ele>45</ele>
      </trkpt>
      <trkpt lat="43.291592" lon="-1.84372">
        <ele>45</ele>
      </trkpt>
      <trkpt lat="43.291533" lon="-1.843612">
        <ele>45</ele>
      </trkpt>
      <trkpt lat="43.291488" lon="-1.8435859999999999">
        <ele>45</ele>
      </trkpt>
      <trkpt lat="43.29135" lon="-1.843388">
        <ele>45</ele>
      </trkpt>
      <trkpt lat="43.291232" lon="-1.8432090000000001">
        <ele>44</ele>
      </trkpt>
      <trkpt lat="43.291141" lon="-1.843037">
        <ele>44</ele>
      </trkpt>
      <trkpt lat="43.291056" lon="-1.842894">
        <ele>45</ele>
      </trkpt>
      <trkpt lat="43.29086" lon="-1.84232">
        <ele>47</ele>
      </trkpt>
      <trkpt lat="43.29084" lon="-1.84223">
        <ele>47</ele>
      </trkpt>
      <trkpt lat="43.290788" lon="-1.841915">
        <ele>47</ele>
      </trkpt>
      <trkpt lat="43.290735" lon="-1.841475">
        <ele>48</ele>
      </trkpt>
      <trkpt lat="43.290683" lon="-1.841205">
        <ele>48</ele>
      </trkpt>
      <trkpt lat="43.290579" lon="-1.8409800000000001">
        <ele>49</ele>
      </trkpt>
      <trkpt lat="43.290435" lon="-1.8407290000000001">
        <ele>49</ele>
      </trkpt>
      <trkpt lat="43.290317" lon="-1.840522">
        <ele>49</ele>
      </trkpt>
      <trkpt lat="43.290258" lon="-1.840387">
        <ele>49</ele>
      </trkpt>
      <trkpt lat="43.290101" lon="-1.8400460000000001">
        <ele>50</ele>
      </trkpt>
      <trkpt lat="43.289742" lon="-1.8391569999999999">
        <ele>50</ele>
      </trkpt>
      <trkpt lat="43.289703" lon="-1.839075">
        <ele>51</ele>
      </trkpt>
      <trkpt lat="43.289585" lon="-1.8388249999999999">
        <ele>51</ele>
      </trkpt>
      <trkpt lat="43.289336" lon="-1.8383119999999999">
        <ele>50</ele>
      </trkpt>
      <trkpt lat="43.289231" lon="-1.8379259999999999">
        <ele>50</ele>
      </trkpt>
      <trkpt lat="43.289205" lon="-1.837459">
        <ele>52</ele>
      </trkpt>
      <trkpt lat="43.289225" lon="-1.836848">
        <ele>54</ele>
      </trkpt>
      <trkpt lat="43.289205" lon="-1.8366769999999999">
        <ele>55</ele>
      </trkpt>
      <trkpt lat="43.289193" lon="-1.8365069999999999">
        <ele>55</ele>
      </trkpt>
      <trkpt lat="43.289134" lon="-1.836238">
        <ele>57</ele>
      </trkpt>
      <trkpt lat="43.28882" lon="-1.8354200000000001">
        <ele>60</ele>
      </trkpt>
      <trkpt lat="43.288283" lon="-1.8338570000000001">
        <ele>61</ele>
      </trkpt>
      <trkpt lat="43.288212" lon="-1.8336410000000001">
        <ele>62</ele>
      </trkpt>
      <trkpt lat="43.288179" lon="-1.833561">
        <ele>62</ele>
      </trkpt>
      <trkpt lat="43.287734" lon="-1.832284">
        <ele>64</ele>
      </trkpt>
      <trkpt lat="43.28744" lon="-1.831288">
        <ele>68</ele>
      </trkpt>
      <trkpt lat="43.287263" lon="-1.8307119999999999">
        <ele>69</ele>
      </trkpt>
      <trkpt lat="43.287094" lon="-1.8301829999999999">
        <ele>69</ele>
      </trkpt>
      <trkpt lat="43.28695" lon="-1.8298140000000001">
        <ele>69</ele>
      </trkpt>
      <trkpt lat="43.286838" lon="-1.829599">
        <ele>70</ele>
      </trkpt>
      <trkpt lat="43.286766" lon="-1.829393">
        <ele>72</ele>
      </trkpt>
      <trkpt lat="43.286649" lon="-1.8290770000000001">
        <ele>74</ele>
      </trkpt>
      <trkpt lat="43.286492" lon="-1.8287180000000001">
        <ele>77</ele>
      </trkpt>
      <trkpt lat="43.286407" lon="-1.8285210000000001">
        <ele>80</ele>
      </trkpt>
      <trkpt lat="43.286322" lon="-1.828179">
        <ele>83</ele>
      </trkpt>
      <trkpt lat="43.286184" lon="-1.8276589999999999">
        <ele>87</ele>
      </trkpt>
      <trkpt lat="43.286093" lon="-1.8271820000000001">
        <ele>87</ele>
      </trkpt>
      <trkpt lat="43.286099" lon="-1.826967">
        <ele>86</ele>
      </trkpt>
      <trkpt lat="43.286132" lon="-1.8265899999999999">
        <ele>85</ele>
      </trkpt>
      <trkpt lat="43.286113" lon="-1.8262480000000001">
        <ele>86</ele>
      </trkpt>
      <trkpt lat="43.286054" lon="-1.825871">
        <ele>86</ele>
      </trkpt>
      <trkpt lat="43.286028" lon="-1.8255479999999999">
        <ele>87</ele>
      </trkpt>
      <trkpt lat="43.28593" lon="-1.825053">
        <ele>89</ele>
      </trkpt>
      <trkpt lat="43.285851" lon="-1.824819">
        <ele>87</ele>
      </trkpt>
      <trkpt lat="43.285517" lon="-1.824003">
        <ele>91</ele>
      </trkpt>
      <trkpt lat="43.285472" lon="-1.823814">
        <ele>92</ele>
      </trkpt>
      <trkpt lat="43.28538" lon="-1.823221">
        <ele>98</ele>
      </trkpt>
      <trkpt lat="43.285295" lon="-1.8229610000000001">
        <ele>102</ele>
      </trkpt>
      <trkpt lat="43.285165" lon="-1.8227089999999999">
        <ele>105</ele>
      </trkpt>
      <trkpt lat="43.28506" lon="-1.8226009999999999">
        <ele>106</ele>
      </trkpt>
      <trkpt lat="43.284949" lon="-1.8225480000000001">
        <ele>106</ele>
      </trkpt>
      <trkpt lat="43.284792" lon="-1.822511">
        <ele>106</ele>
      </trkpt>
      <trkpt lat="43.284478" lon="-1.8224659999999999">
        <ele>104</ele>
      </trkpt>
      <trkpt lat="43.284334" lon="-1.8224389999999999">
        <ele>103</ele>
      </trkpt>
      <trkpt lat="43.284243" lon="-1.822368">
        <ele>103</ele>
      </trkpt>
      <trkpt lat="43.283974" lon="-1.8221689999999999">
        <ele>103</ele>
      </trkpt>
      <trkpt lat="43.28366" lon="-1.8219190000000001">
        <ele>98</ele>
      </trkpt>
      <trkpt lat="43.283438" lon="-1.821693">
        <ele>93</ele>
      </trkpt>
      <trkpt lat="43.283229" lon="-1.8213429999999999">
        <ele>92</ele>
      </trkpt>
      <trkpt lat="43.283176" lon="-1.821307">
        <ele>92</ele>
      </trkpt>
      <trkpt lat="43.28315" lon="-1.821253">
        <ele>91</ele>
      </trkpt>
      <trkpt lat="43.283117" lon="-1.8211729999999999">
        <ele>91</ele>
      </trkpt>
      <trkpt lat="43.283091" lon="-1.821064">
        <ele>93</ele>
      </trkpt>
      <trkpt lat="43.283052" lon="-1.8209109999999999">
        <ele>96</ele>
      </trkpt>
      <trkpt lat="43.283033" lon="-1.820678">
        <ele>99</ele>
      </trkpt>
      <trkpt lat="43.283019" lon="-1.820454">
        <ele>102</ele>
      </trkpt>
      <trkpt lat="43.283" lon="-1.8203910000000001">
        <ele>102</ele>
      </trkpt>
      <trkpt lat="43.282967" lon="-1.8203370000000001">
        <ele>101</ele>
      </trkpt>
      <trkpt lat="43.282902" lon="-1.820265">
        <ele>100</ele>
      </trkpt>
      <trkpt lat="43.282856" lon="-1.820238">
        <ele>99</ele>
      </trkpt>
      <trkpt lat="43.282771" lon="-1.8202210000000001">
        <ele>98</ele>
      </trkpt>
      <trkpt lat="43.282712" lon="-1.8202210000000001">
        <ele>97</ele>
      </trkpt>
      <trkpt lat="43.282712" lon="-1.820535">
        <ele>97</ele>
      </trkpt>
      <trkpt lat="43.282686" lon="-1.8207409999999999">
        <ele>99</ele>
      </trkpt>
      <trkpt lat="43.282627" lon="-1.8209299999999999">
        <ele>103</ele>
      </trkpt>
      <trkpt lat="43.282561" lon="-1.8210109999999999">
        <ele>106</ele>
      </trkpt>
      <trkpt lat="43.282568" lon="-1.820894">
        <ele>103</ele>
      </trkpt>
      <trkpt lat="43.282549" lon="-1.8207770000000001">
        <ele>101</ele>
      </trkpt>
      <trkpt lat="43.282509" lon="-1.820697">
        <ele>100</ele>
      </trkpt>
      <trkpt lat="43.282425" lon="-1.820624">
        <ele>99</ele>
      </trkpt>
      <trkpt lat="43.282235" lon="-1.8205439999999999">
        <ele>98</ele>
      </trkpt>
      <trkpt lat="43.281653" lon="-1.820292">
        <ele>106</ele>
      </trkpt>
      <trkpt lat="43.281561" lon="-1.820284">
        <ele>107</ele>
      </trkpt>
      <trkpt lat="43.28143" lon="-1.820292">
        <ele>110</ele>
      </trkpt>
      <trkpt lat="43.281202" lon="-1.820284">
        <ele>114</ele>
      </trkpt>
      <trkpt lat="43.280874" lon="-1.820284">
        <ele>113</ele>
      </trkpt>
      <trkpt lat="43.280489" lon="-1.820238">
        <ele>109</ele>
      </trkpt>
      <trkpt lat="43.280365" lon="-1.8202210000000001">
        <ele>108</ele>
      </trkpt>
      <trkpt lat="43.280273" lon="-1.8201750000000001">
        <ele>109</ele>
      </trkpt>
      <trkpt lat="43.280201" lon="-1.8201039999999999">
        <ele>110</ele>
      </trkpt>
      <trkpt lat="43.280037" lon="-1.819898">
        <ele>116</ele>
      </trkpt>
      <trkpt lat="43.279887" lon="-1.819672">
        <ele>122</ele>
      </trkpt>
      <trkpt lat="43.279822" lon="-1.8195920000000001">
        <ele>125</ele>
      </trkpt>
      <trkpt lat="43.279769" lon="-1.8195380000000001">
        <ele>127</ele>
      </trkpt>
      <trkpt lat="43.279717" lon="-1.819529">
        <ele>128</ele>
      </trkpt>
      <trkpt lat="43.279658" lon="-1.8195380000000001">
        <ele>128</ele>
      </trkpt>
      <trkpt lat="43.27952" lon="-1.8196000000000001">
        <ele>129</ele>
      </trkpt>
      <trkpt lat="43.279351" lon="-1.819663">
        <ele>129</ele>
      </trkpt>
      <trkpt lat="43.27924" lon="-1.819672">
        <ele>130</ele>
      </trkpt>
      <trkpt lat="43.279154" lon="-1.819663">
        <ele>130</ele>
      </trkpt>
      <trkpt lat="43.279004" lon="-1.8196190000000001">
        <ele>131</ele>
      </trkpt>
      <trkpt lat="43.278494" lon="-1.8193760000000001">
        <ele>140</ele>
      </trkpt>
      <trkpt lat="43.278298" lon="-1.8192950000000001">
        <ele>149</ele>
      </trkpt>
      <trkpt lat="43.278108" lon="-1.8193319999999999">
        <ele>158</ele>
      </trkpt>
      <trkpt lat="43.277853" lon="-1.8195190000000001">
        <ele>168</ele>
      </trkpt>
      <trkpt lat="43.277624" lon="-1.8197719999999999">
        <ele>172</ele>
      </trkpt>
      <trkpt lat="43.2775" lon="-1.8201039999999999">
        <ele>161</ele>
      </trkpt>
      <trkpt lat="43.277448" lon="-1.8201940000000001">
        <ele>159</ele>
      </trkpt>
      <trkpt lat="43.277343" lon="-1.8202210000000001">
        <ele>163</ele>
      </trkpt>
      <trkpt lat="43.27716" lon="-1.820211">
        <ele>170</ele>
      </trkpt>
      <trkpt lat="43.277023" lon="-1.8202560000000001">
        <ele>171</ele>
      </trkpt>
      <trkpt lat="43.276846" lon="-1.8203640000000001">
        <ele>167</ele>
      </trkpt>
      <trkpt lat="43.276689" lon="-1.820508">
        <ele>163</ele>
      </trkpt>
      <trkpt lat="43.27661" lon="-1.820535">
        <ele>163</ele>
      </trkpt>
      <trkpt lat="43.276565" lon="-1.8205169999999999">
        <ele>164</ele>
      </trkpt>
      <trkpt lat="43.276519" lon="-1.820508">
        <ele>165</ele>
      </trkpt>
      <trkpt lat="43.276277" lon="-1.820166">
        <ele>181</ele>
      </trkpt>
      <trkpt lat="43.276172" lon="-1.820122">
        <ele>186</ele>
      </trkpt>
      <trkpt lat="43.276081" lon="-1.820112">
        <ele>189</ele>
      </trkpt>
      <trkpt lat="43.275983" lon="-1.8202210000000001">
        <ele>190</ele>
      </trkpt>
      <trkpt lat="43.275904" lon="-1.820535">
        <ele>189</ele>
      </trkpt>
      <trkpt lat="43.275773" lon="-1.8210109999999999">
        <ele>190</ele>
      </trkpt>
      <trkpt lat="43.275747" lon="-1.8212079999999999">
        <ele>189</ele>
      </trkpt>
      <trkpt lat="43.275747" lon="-1.8212900000000001">
        <ele>188</ele>
      </trkpt>
      <trkpt lat="43.27576" lon="-1.821388">
        <ele>186</ele>
      </trkpt>
      <trkpt lat="43.2758" lon="-1.8215669999999999">
        <ele>181</ele>
      </trkpt>
      <trkpt lat="43.2758" lon="-1.8216760000000001">
        <ele>179</ele>
      </trkpt>
      <trkpt lat="43.275786" lon="-1.821766">
        <ele>178</ele>
      </trkpt>
      <trkpt lat="43.275701" lon="-1.821936">
        <ele>177</ele>
      </trkpt>
      <trkpt lat="43.275623" lon="-1.8220259999999999">
        <ele>175</ele>
      </trkpt>
      <trkpt lat="43.275577" lon="-1.8220529999999999">
        <ele>175</ele>
      </trkpt>
      <trkpt lat="43.275499" lon="-1.8220719999999999">
        <ele>174</ele>
      </trkpt>
      <trkpt lat="43.275413" lon="-1.8220620000000001">
        <ele>173</ele>
      </trkpt>
      <trkpt lat="43.275315" lon="-1.821982">
        <ele>175</ele>
      </trkpt>
      <trkpt lat="43.275067" lon="-1.8217300000000001">
        <ele>176</ele>
      </trkpt>
      <trkpt lat="43.274857" lon="-1.8214159999999999">
        <ele>180</ele>
      </trkpt>
      <trkpt lat="43.274707" lon="-1.8211459999999999">
        <ele>183</ele>
      </trkpt>
      <trkpt lat="43.274531" lon="-1.82067">
        <ele>192</ele>
      </trkpt>
      <trkpt lat="43.274432" lon="-1.820435">
        <ele>195</ele>
      </trkpt>
      <trkpt lat="43.274373" lon="-1.8203640000000001">
        <ele>195</ele>
      </trkpt>
      <trkpt lat="43.274282" lon="-1.820292">
        <ele>193</ele>
      </trkpt>
      <trkpt lat="43.274164" lon="-1.8202480000000001">
        <ele>190</ele>
      </trkpt>
      <trkpt lat="43.274092" lon="-1.8202290000000001">
        <ele>188</ele>
      </trkpt>
      <trkpt lat="43.27404" lon="-1.8201849999999999">
        <ele>186</ele>
      </trkpt>
      <trkpt lat="43.273988" lon="-1.820122">
        <ele>185</ele>
      </trkpt>
      <trkpt lat="43.273922" lon="-1.8199510000000001">
        <ele>183</ele>
      </trkpt>
      <trkpt lat="43.27385" lon="-1.819699">
        <ele>181</ele>
      </trkpt>
      <trkpt lat="43.273824" lon="-1.819529">
        <ele>180</ele>
      </trkpt>
      <trkpt lat="43.273824" lon="-1.81942">
        <ele>180</ele>
      </trkpt>
      <trkpt lat="43.273857" lon="-1.819259">
        <ele>183</ele>
      </trkpt>
      <trkpt lat="43.273935" lon="-1.819053">
        <ele>188</ele>
      </trkpt>
      <trkpt lat="43.273955" lon="-1.8188899999999999">
        <ele>192</ele>
      </trkpt>
      <trkpt lat="43.273962" lon="-1.8187469999999999">
        <ele>194</ele>
      </trkpt>
      <trkpt lat="43.273916" lon="-1.818514">
        <ele>194</ele>
      </trkpt>
      <trkpt lat="43.273817" lon="-1.818208">
        <ele>196</ele>
      </trkpt>
      <trkpt lat="43.273798" lon="-1.818001">
        <ele>200</ele>
      </trkpt>
      <trkpt lat="43.273831" lon="-1.8177410000000001">
        <ele>208</ele>
      </trkpt>
      <trkpt lat="43.273962" lon="-1.8172649999999999">
        <ele>218</ele>
      </trkpt>
      <trkpt lat="43.274001" lon="-1.8170489999999999">
        <ele>222</ele>
      </trkpt>
      <trkpt lat="43.273988" lon="-1.815971">
        <ele>233</ele>
      </trkpt>
      <trkpt lat="43.273948" lon="-1.8157829999999999">
        <ele>236</ele>
      </trkpt>
      <trkpt lat="43.27389" lon="-1.815666">
        <ele>238</ele>
      </trkpt>
      <trkpt lat="43.273746" lon="-1.8156209999999999">
        <ele>240</ele>
      </trkpt>
      <trkpt lat="43.273615" lon="-1.8156479999999999">
        <ele>241</ele>
      </trkpt>
      <trkpt lat="43.273484" lon="-1.8157639999999999">
        <ele>243</ele>
      </trkpt>
      <trkpt lat="43.273301" lon="-1.8164290000000001">
        <ele>246</ele>
      </trkpt>
      <trkpt lat="43.273098" lon="-1.816762">
        <ele>243</ele>
      </trkpt>
      <trkpt lat="43.273" lon="-1.8168519999999999">
        <ele>241</ele>
      </trkpt>
      <trkpt lat="43.272902" lon="-1.8168960000000001">
        <ele>239</ele>
      </trkpt>
      <trkpt lat="43.27283" lon="-1.8168880000000001">
        <ele>238</ele>
      </trkpt>
      <trkpt lat="43.272778" lon="-1.8168519999999999">
        <ele>238</ele>
      </trkpt>
      <trkpt lat="43.272667" lon="-1.8166990000000001">
        <ele>239</ele>
      </trkpt>
      <trkpt lat="43.272392" lon="-1.8161419999999999">
        <ele>241</ele>
      </trkpt>
      <trkpt lat="43.271829" lon="-1.815064">
        <ele>256</ele>
      </trkpt>
      <trkpt lat="43.271751" lon="-1.814902">
        <ele>257</ele>
      </trkpt>
      <trkpt lat="43.271712" lon="-1.8148040000000001">
        <ele>256</ele>
      </trkpt>
      <trkpt lat="43.271692" lon="-1.8147219999999999">
        <ele>256</ele>
      </trkpt>
      <trkpt lat="43.271672" lon="-1.814508">
        <ele>255</ele>
      </trkpt>
      <trkpt lat="43.271646" lon="-1.8140849999999999">
        <ele>253</ele>
      </trkpt>
      <trkpt lat="43.271639" lon="-1.8140130000000001">
        <ele>253</ele>
      </trkpt>
      <trkpt lat="43.271639" lon="-1.8139419999999999">
        <ele>253</ele>
      </trkpt>
      <trkpt lat="43.27158" lon="-1.812872">
        <ele>247</ele>
      </trkpt>
      <trkpt lat="43.271601" lon="-1.812737">
        <ele>246</ele>
      </trkpt>
      <trkpt lat="43.271672" lon="-1.812611">
        <ele>249</ele>
      </trkpt>
      <trkpt lat="43.271934" lon="-1.812271">
        <ele>261</ele>
      </trkpt>
      <trkpt lat="43.272052" lon="-1.8121080000000001">
        <ele>267</ele>
      </trkpt>
      <trkpt lat="43.272097" lon="-1.812019">
        <ele>270</ele>
      </trkpt>
      <trkpt lat="43.272117" lon="-1.811911">
        <ele>272</ele>
      </trkpt>
      <trkpt lat="43.272111" lon="-1.8118300000000001">
        <ele>273</ele>
      </trkpt>
      <trkpt lat="43.272097" lon="-1.8117220000000001">
        <ele>274</ele>
      </trkpt>
      <trkpt lat="43.272045" lon="-1.811596">
        <ele>273</ele>
      </trkpt>
      <trkpt lat="43.271947" lon="-1.811372">
        <ele>270</ele>
      </trkpt>
      <trkpt lat="43.271895" lon="-1.8112189999999999">
        <ele>267</ele>
      </trkpt>
      <trkpt lat="43.271869" lon="-1.8110660000000001">
        <ele>265</ele>
      </trkpt>
      <trkpt lat="43.271855" lon="-1.810932">
        <ele>264</ele>
      </trkpt>
      <trkpt lat="43.271855" lon="-1.8108329999999999">
        <ele>264</ele>
      </trkpt>
      <trkpt lat="43.271869" lon="-1.8107070000000001">
        <ele>265</ele>
      </trkpt>
      <trkpt lat="43.271895" lon="-1.810573">
        <ele>267</ele>
      </trkpt>
      <trkpt lat="43.272032" lon="-1.8102400000000001">
        <ele>277</ele>
      </trkpt>
      <trkpt lat="43.272117" lon="-1.8100609999999999">
        <ele>283</ele>
      </trkpt>
      <trkpt lat="43.272202" lon="-1.8098540000000001">
        <ele>290</ele>
      </trkpt>
      <trkpt lat="43.272222" lon="-1.8097639999999999">
        <ele>292</ele>
      </trkpt>
      <trkpt lat="43.272228" lon="-1.8096650000000001">
        <ele>295</ele>
      </trkpt>
      <trkpt lat="43.272209" lon="-1.8095479999999999">
        <ele>299</ele>
      </trkpt>
      <trkpt lat="43.272195" lon="-1.8094680000000001">
        <ele>301</ele>
      </trkpt>
      <trkpt lat="43.272163" lon="-1.8093509999999999">
        <ele>305</ele>
      </trkpt>
      <trkpt lat="43.272124" lon="-1.809288">
        <ele>306</ele>
      </trkpt>
      <trkpt lat="43.272065" lon="-1.809269">
        <ele>307</ele>
      </trkpt>
      <trkpt lat="43.271947" lon="-1.8092520000000001">
        <ele>306</ele>
      </trkpt>
      <trkpt lat="43.271607" lon="-1.809234">
        <ele>303</ele>
      </trkpt>
      <trkpt lat="43.271411" lon="-1.8091980000000001">
        <ele>302</ele>
      </trkpt>
      <trkpt lat="43.271247" lon="-1.809153">
        <ele>301</ele>
      </trkpt>
      <trkpt lat="43.27111" lon="-1.809099">
        <ele>299</ele>
      </trkpt>
      <trkpt lat="43.270789" lon="-1.8089820000000001">
        <ele>288</ele>
      </trkpt>
      <trkpt lat="43.27073" lon="-1.8089379999999999">
        <ele>285</ele>
      </trkpt>
      <trkpt lat="43.270665" lon="-1.8088660000000001">
        <ele>282</ele>
      </trkpt>
      <trkpt lat="43.270613" lon="-1.80874">
        <ele>280</ele>
      </trkpt>
      <trkpt lat="43.270587" lon="-1.8086420000000001">
        <ele>279</ele>
      </trkpt>
      <trkpt lat="43.270561" lon="-1.808497">
        <ele>278</ele>
      </trkpt>
      <trkpt lat="43.270541" lon="-1.808317">
        <ele>278</ele>
      </trkpt>
      <trkpt lat="43.270534" lon="-1.8081640000000001">
        <ele>278</ele>
      </trkpt>
      <trkpt lat="43.270547" lon="-1.8080210000000001">
        <ele>280</ele>
      </trkpt>
      <trkpt lat="43.270658" lon="-1.8076080000000001">
        <ele>288</ele>
      </trkpt>
      <trkpt lat="43.270704" lon="-1.8073920000000001">
        <ele>292</ele>
      </trkpt>
      <trkpt lat="43.270809" lon="-1.8070059999999999">
        <ele>297</ele>
      </trkpt>
      <trkpt lat="43.270848" lon="-1.806889">
        <ele>298</ele>
      </trkpt>
      <trkpt lat="43.270914" lon="-1.8067550000000001">
        <ele>298</ele>
      </trkpt>
      <trkpt lat="43.271064" lon="-1.806476">
        <ele>298</ele>
      </trkpt>
      <trkpt lat="43.271123" lon="-1.806386">
        <ele>298</ele>
      </trkpt>
      <trkpt lat="43.271175" lon="-1.8063419999999999">
        <ele>298</ele>
      </trkpt>
      <trkpt lat="43.271241" lon="-1.8063419999999999">
        <ele>299</ele>
      </trkpt>
      <trkpt lat="43.271293" lon="-1.8063689999999999">
        <ele>301</ele>
      </trkpt>
      <trkpt lat="43.271319" lon="-1.806405">
        <ele>302</ele>
      </trkpt>
      <trkpt lat="43.271345" lon="-1.8064579999999999">
        <ele>304</ele>
      </trkpt>
      <trkpt lat="43.271352" lon="-1.8065290000000001">
        <ele>305</ele>
      </trkpt>
      <trkpt lat="43.271339" lon="-1.806611">
        <ele>307</ele>
      </trkpt>
      <trkpt lat="43.271306" lon="-1.8066739999999999">
        <ele>307</ele>
      </trkpt>
      <trkpt lat="43.271175" lon="-1.8067820000000001">
        <ele>306</ele>
      </trkpt>
      <trkpt lat="43.271116" lon="-1.806845">
        <ele>305</ele>
      </trkpt>
      <trkpt lat="43.271064" lon="-1.8069249999999999">
        <ele>304</ele>
      </trkpt>
      <trkpt lat="43.271045" lon="-1.806988">
        <ele>304</ele>
      </trkpt>
      <trkpt lat="43.271031" lon="-1.807078">
        <ele>304</ele>
      </trkpt>
      <trkpt lat="43.271031" lon="-1.807185">
        <ele>305</ele>
      </trkpt>
      <trkpt lat="43.271051" lon="-1.8075540000000001">
        <ele>306</ele>
      </trkpt>
      <trkpt lat="43.271071" lon="-1.807787">
        <ele>308</ele>
      </trkpt>
      <trkpt lat="43.27109" lon="-1.807877">
        <ele>309</ele>
      </trkpt>
      <trkpt lat="43.271116" lon="-1.807931">
        <ele>310</ele>
      </trkpt>
      <trkpt lat="43.271155" lon="-1.8079860000000001">
        <ele>312</ele>
      </trkpt>
      <trkpt lat="43.271208" lon="-1.8080210000000001">
        <ele>314</ele>
      </trkpt>
      <trkpt lat="43.271273" lon="-1.8080400000000001">
        <ele>317</ele>
      </trkpt>
      <trkpt lat="43.271836" lon="-1.8081199999999999">
        <ele>331</ele>
      </trkpt>
      <trkpt lat="43.271947" lon="-1.8081290000000001">
        <ele>334</ele>
      </trkpt>
      <trkpt lat="43.272045" lon="-1.8081199999999999">
        <ele>336</ele>
      </trkpt>
      <trkpt lat="43.272117" lon="-1.808103">
        <ele>337</ele>
      </trkpt>
      <trkpt lat="43.27232" lon="-1.8080400000000001">
        <ele>341</ele>
      </trkpt>
      <trkpt lat="43.272451" lon="-1.8080400000000001">
        <ele>342</ele>
      </trkpt>
      <trkpt lat="43.272549" lon="-1.808057">
        <ele>343</ele>
      </trkpt>
      <trkpt lat="43.272594" lon="-1.808076">
        <ele>343</ele>
      </trkpt>
      <trkpt lat="43.27266" lon="-1.8081199999999999">
        <ele>342</ele>
      </trkpt>
      <trkpt lat="43.272693" lon="-1.8081560000000001">
        <ele>342</ele>
      </trkpt>
      <trkpt lat="43.272804" lon="-1.8083089999999999">
        <ele>339</ele>
      </trkpt>
      <trkpt lat="43.272889" lon="-1.8084260000000001">
        <ele>337</ele>
      </trkpt>
      <trkpt lat="43.273138" lon="-1.8087219999999999">
        <ele>336</ele>
      </trkpt>
      <trkpt lat="43.273229" lon="-1.808875">
        <ele>336</ele>
      </trkpt>
      <trkpt lat="43.273294" lon="-1.809045">
        <ele>335</ele>
      </trkpt>
      <trkpt lat="43.273314" lon="-1.8091619999999999">
        <ele>334</ele>
      </trkpt>
      <trkpt lat="43.27334" lon="-1.8094680000000001">
        <ele>332</ele>
      </trkpt>
      <trkpt lat="43.273373" lon="-1.8095749999999999">
        <ele>332</ele>
      </trkpt>
      <trkpt lat="43.273406" lon="-1.8096289999999999">
        <ele>333</ele>
      </trkpt>
      <trkpt lat="43.273451" lon="-1.809674">
        <ele>334</ele>
      </trkpt>
      <trkpt lat="43.273517" lon="-1.809674">
        <ele>336</ele>
      </trkpt>
      <trkpt lat="43.273556" lon="-1.8096559999999999">
        <ele>337</ele>
      </trkpt>
      <trkpt lat="43.273608" lon="-1.8096110000000001">
        <ele>340</ele>
      </trkpt>
      <trkpt lat="43.273628" lon="-1.809558">
        <ele>341</ele>
      </trkpt>
      <trkpt lat="43.273641" lon="-1.809504">
        <ele>342</ele>
      </trkpt>
      <trkpt lat="43.273634" lon="-1.8093859999999999">
        <ele>342</ele>
      </trkpt>
      <trkpt lat="43.273373" lon="-1.8085869999999999">
        <ele>344</ele>
      </trkpt>
      <trkpt lat="43.273301" lon="-1.8084070000000001">
        <ele>345</ele>
      </trkpt>
      <trkpt lat="43.273118" lon="-1.808084">
        <ele>348</ele>
      </trkpt>
      <trkpt lat="43.272981" lon="-1.8078240000000001">
        <ele>351</ele>
      </trkpt>
      <trkpt lat="43.272817" lon="-1.8073109999999999">
        <ele>354</ele>
      </trkpt>
      <trkpt lat="43.272791" lon="-1.8071680000000001">
        <ele>353</ele>
      </trkpt>
      <trkpt lat="43.272784" lon="-1.807051">
        <ele>352</ele>
      </trkpt>
      <trkpt lat="43.272791" lon="-1.806988">
        <ele>352</ele>
      </trkpt>
      <trkpt lat="43.27283" lon="-1.806908">
        <ele>351</ele>
      </trkpt>
      <trkpt lat="43.273111" lon="-1.8065389999999999">
        <ele>350</ele>
      </trkpt>
      <trkpt lat="43.273157" lon="-1.8064579999999999">
        <ele>350</ele>
      </trkpt>
      <trkpt lat="43.273216" lon="-1.8063229999999999">
        <ele>350</ele>
      </trkpt>
      <trkpt lat="43.273412" lon="-1.805722">
        <ele>354</ele>
      </trkpt>
      <trkpt lat="43.273432" lon="-1.8056319999999999">
        <ele>354</ele>
      </trkpt>
      <trkpt lat="43.273445" lon="-1.8055239999999999">
        <ele>355</ele>
      </trkpt>
      <trkpt lat="43.273439" lon="-1.805326">
        <ele>354</ele>
      </trkpt>
      <trkpt lat="43.273439" lon="-1.80521">
        <ele>355</ele>
      </trkpt>
      <trkpt lat="43.273458" lon="-1.8050839999999999">
        <ele>358</ele>
      </trkpt>
      <trkpt lat="43.273477" lon="-1.8049850000000001">
        <ele>360</ele>
      </trkpt>
      <trkpt lat="43.273477" lon="-1.804832">
        <ele>362</ele>
      </trkpt>
      <trkpt lat="43.273451" lon="-1.8046800000000001">
        <ele>363</ele>
      </trkpt>
      <trkpt lat="43.273406" lon="-1.804527">
        <ele>364</ele>
      </trkpt>
      <trkpt lat="43.273229" lon="-1.8040419999999999">
        <ele>363</ele>
      </trkpt>
      <trkpt lat="43.273183" lon="-1.8038449999999999">
        <ele>361</ele>
      </trkpt>
      <trkpt lat="43.273177" lon="-1.803736">
        <ele>359</ele>
      </trkpt>
      <trkpt lat="43.27317" lon="-1.8036460000000001">
        <ele>358</ele>
      </trkpt>
      <trkpt lat="43.27319" lon="-1.8035030000000001">
        <ele>358</ele>
      </trkpt>
      <trkpt lat="43.273229" lon="-1.803377">
        <ele>360</ele>
      </trkpt>
      <trkpt lat="43.273334" lon="-1.8031889999999999">
        <ele>366</ele>
      </trkpt>
      <trkpt lat="43.273418" lon="-1.8030090000000001">
        <ele>371</ele>
      </trkpt>
      <trkpt lat="43.273445" lon="-1.8028740000000001">
        <ele>372</ele>
      </trkpt>
      <trkpt lat="43.273445" lon="-1.8027660000000001">
        <ele>373</ele>
      </trkpt>
      <trkpt lat="43.273418" lon="-1.80264">
        <ele>373</ele>
      </trkpt>
      <trkpt lat="43.273223" lon="-1.802038">
        <ele>371</ele>
      </trkpt>
      <trkpt lat="43.273183" lon="-1.801904">
        <ele>370</ele>
      </trkpt>
      <trkpt lat="43.273164" lon="-1.8017780000000001">
        <ele>370</ele>
      </trkpt>
      <trkpt lat="43.273164" lon="-1.801661">
        <ele>370</ele>
      </trkpt>
      <trkpt lat="43.273177" lon="-1.8015350000000001">
        <ele>371</ele>
      </trkpt>
      <trkpt lat="43.273197" lon="-1.801455">
        <ele>372</ele>
      </trkpt>
      <trkpt lat="43.273209" lon="-1.801382">
        <ele>373</ele>
      </trkpt>
      <trkpt lat="43.273288" lon="-1.801086">
        <ele>380</ele>
      </trkpt>
      <trkpt lat="43.273314" lon="-1.800835">
        <ele>388</ele>
      </trkpt>
      <trkpt lat="43.273308" lon="-1.8005119999999999">
        <ele>401</ele>
      </trkpt>
      <trkpt lat="43.273294" lon="-1.80043">
        <ele>403</ele>
      </trkpt>
      <trkpt lat="43.273275" lon="-1.800359">
        <ele>406</ele>
      </trkpt>
      <trkpt lat="43.273235" lon="-1.8002959999999999">
        <ele>407</ele>
      </trkpt>
      <trkpt lat="43.273203" lon="-1.80026">
        <ele>407</ele>
      </trkpt>
      <trkpt lat="43.273052" lon="-1.800187">
        <ele>405</ele>
      </trkpt>
      <trkpt lat="43.272987" lon="-1.800143">
        <ele>402</ele>
      </trkpt>
      <trkpt lat="43.272922" lon="-1.8000799999999999">
        <ele>401</ele>
      </trkpt>
      <trkpt lat="43.27285" lon="-1.7999810000000001">
        <ele>400</ele>
      </trkpt>
      <trkpt lat="43.272771" lon="-1.7998559999999999">
        <ele>399</ele>
      </trkpt>
      <trkpt lat="43.272712" lon="-1.799747">
        <ele>396</ele>
      </trkpt>
      <trkpt lat="43.27268" lon="-1.7996669999999999">
        <ele>395</ele>
      </trkpt>
      <trkpt lat="43.27266" lon="-1.7995680000000001">
        <ele>395</ele>
      </trkpt>
      <trkpt lat="43.272634" lon="-1.7989310000000001">
        <ele>393</ele>
      </trkpt>
      <trkpt lat="43.272634" lon="-1.798759">
        <ele>394</ele>
      </trkpt>
      <trkpt lat="43.27266" lon="-1.7985260000000001">
        <ele>397</ele>
      </trkpt>
      <trkpt lat="43.272686" lon="-1.7983290000000001">
        <ele>399</ele>
      </trkpt>
      <trkpt lat="43.272706" lon="-1.7981130000000001">
        <ele>401</ele>
      </trkpt>
      <trkpt lat="43.272732" lon="-1.7978970000000001">
        <ele>402</ele>
      </trkpt>
      <trkpt lat="43.272771" lon="-1.7976540000000001">
        <ele>405</ele>
      </trkpt>
      <trkpt lat="43.272883" lon="-1.797161">
        <ele>412</ele>
      </trkpt>
      <trkpt lat="43.272909" lon="-1.797034">
        <ele>415</ele>
      </trkpt>
      <trkpt lat="43.272915" lon="-1.7969079999999999">
        <ele>416</ele>
      </trkpt>
      <trkpt lat="43.272922" lon="-1.7967839999999999">
        <ele>419</ele>
      </trkpt>
      <trkpt lat="43.272922" lon="-1.7966580000000001">
        <ele>421</ele>
      </trkpt>
      <trkpt lat="43.272909" lon="-1.7964869999999999">
        <ele>424</ele>
      </trkpt>
      <trkpt lat="43.272889" lon="-1.796298">
        <ele>426</ele>
      </trkpt>
      <trkpt lat="43.272869" lon="-1.796065">
        <ele>430</ele>
      </trkpt>
      <trkpt lat="43.272791" lon="-1.795266">
        <ele>457</ele>
      </trkpt>
      <trkpt lat="43.27266" lon="-1.7935220000000001">
        <ele>491</ele>
      </trkpt>
      <trkpt lat="43.272653" lon="-1.7934680000000001">
        <ele>490</ele>
      </trkpt>
      <trkpt lat="43.272562" lon="-1.7921929999999999">
        <ele>453</ele>
      </trkpt>
      <trkpt lat="43.272536" lon="-1.7920039999999999">
        <ele>447</ele>
      </trkpt>
      <trkpt lat="43.272477" lon="-1.7917879999999999">
        <ele>440</ele>
      </trkpt>
      <trkpt lat="43.272444" lon="-1.791671">
        <ele>437</ele>
      </trkpt>
      <trkpt lat="43.272379" lon="-1.791474">
        <ele>433</ele>
      </trkpt>
      <trkpt lat="43.272307" lon="-1.7912140000000001">
        <ele>424</ele>
      </trkpt>
      <trkpt lat="43.272287" lon="-1.7910790000000001">
        <ele>419</ele>
      </trkpt>
      <trkpt lat="43.272274" lon="-1.7909349999999999">
        <ele>415</ele>
      </trkpt>
      <trkpt lat="43.272274" lon="-1.7908090000000001">
        <ele>411</ele>
      </trkpt>
      <trkpt lat="43.272287" lon="-1.7907189999999999">
        <ele>408</ele>
      </trkpt>
      <trkpt lat="43.27234" lon="-1.7905310000000001">
        <ele>403</ele>
      </trkpt>
      <trkpt lat="43.272385" lon="-1.7904500000000001">
        <ele>402</ele>
      </trkpt>
      <trkpt lat="43.272523" lon="-1.790262">
        <ele>401</ele>
      </trkpt>
      <trkpt lat="43.272568" lon="-1.790189">
        <ele>400</ele>
      </trkpt>
      <trkpt lat="43.272601" lon="-1.7901260000000001">
        <ele>400</ele>
      </trkpt>
      <trkpt lat="43.272641" lon="-1.790019">
        <ele>400</ele>
      </trkpt>
      <trkpt lat="43.272693" lon="-1.789803">
        <ele>397</ele>
      </trkpt>
      <trkpt lat="43.27281" lon="-1.78931">
        <ele>393</ele>
      </trkpt>
      <trkpt lat="43.27285" lon="-1.789166">
        <ele>392</ele>
      </trkpt>
      <trkpt lat="43.272915" lon="-1.789013">
        <ele>392</ele>
      </trkpt>
      <trkpt lat="43.273" lon="-1.788878">
        <ele>392</ele>
      </trkpt>
      <trkpt lat="43.273092" lon="-1.788761">
        <ele>394</ele>
      </trkpt>
      <trkpt lat="43.273164" lon="-1.788708">
        <ele>397</ele>
      </trkpt>
      <trkpt lat="43.273223" lon="-1.788627">
        <ele>400</ele>
      </trkpt>
      <trkpt lat="43.273262" lon="-1.7885450000000001">
        <ele>402</ele>
      </trkpt>
      <trkpt lat="43.273268" lon="-1.7885009999999999">
        <ele>403</ele>
      </trkpt>
      <trkpt lat="43.273268" lon="-1.788429">
        <ele>403</ele>
      </trkpt>
      <trkpt lat="43.273242" lon="-1.7883389999999999">
        <ele>402</ele>
      </trkpt>
      <trkpt lat="43.27315" lon="-1.7881050000000001">
        <ele>396</ele>
      </trkpt>
      <trkpt lat="43.273085" lon="-1.7879350000000001">
        <ele>391</ele>
      </trkpt>
      <trkpt lat="43.273026" lon="-1.7877289999999999">
        <ele>387</ele>
      </trkpt>
      <trkpt lat="43.272981" lon="-1.787423">
        <ele>387</ele>
      </trkpt>
      <trkpt lat="43.272935" lon="-1.78691">
        <ele>386</ele>
      </trkpt>
      <trkpt lat="43.272909" lon="-1.7864610000000001">
        <ele>382</ele>
      </trkpt>
      <trkpt lat="43.272909" lon="-1.7862469999999999">
        <ele>380</ele>
      </trkpt>
      <trkpt lat="43.272961" lon="-1.7859499999999999">
        <ele>377</ele>
      </trkpt>
      <trkpt lat="43.27304" lon="-1.7855449999999999">
        <ele>372</ele>
      </trkpt>
      <trkpt lat="43.273288" lon="-1.7843960000000001">
        <ele>355</ele>
      </trkpt>
      <trkpt lat="43.273321" lon="-1.7843059999999999">
        <ele>354</ele>
      </trkpt>
      <trkpt lat="43.273347" lon="-1.78426">
        <ele>353</ele>
      </trkpt>
      <trkpt lat="43.27338" lon="-1.784224">
        <ele>354</ele>
      </trkpt>
      <trkpt lat="43.273412" lon="-1.784197">
        <ele>354</ele>
      </trkpt>
      <trkpt lat="43.273504" lon="-1.7841629999999999">
        <ele>357</ele>
      </trkpt>
      <trkpt lat="43.273661" lon="-1.784117">
        <ele>362</ele>
      </trkpt>
      <trkpt lat="43.273791" lon="-1.78409">
        <ele>366</ele>
      </trkpt>
      <trkpt lat="43.273929" lon="-1.784054">
        <ele>370</ele>
      </trkpt>
      <trkpt lat="43.273988" lon="-1.7840180000000001">
        <ele>371</ele>
      </trkpt>
      <trkpt lat="43.274021" lon="-1.7839830000000001">
        <ele>372</ele>
      </trkpt>
      <trkpt lat="43.274053" lon="-1.7839100000000001">
        <ele>374</ele>
      </trkpt>
      <trkpt lat="43.274066" lon="-1.783838">
        <ele>374</ele>
      </trkpt>
      <trkpt lat="43.274073" lon="-1.7837670000000001">
        <ele>374</ele>
      </trkpt>
      <trkpt lat="43.274073" lon="-1.783677">
        <ele>374</ele>
      </trkpt>
      <trkpt lat="43.274007" lon="-1.78348">
        <ele>375</ele>
      </trkpt>
      <trkpt lat="43.273929" lon="-1.783291">
        <ele>375</ele>
      </trkpt>
      <trkpt lat="43.273876" lon="-1.7831649999999999">
        <ele>374</ele>
      </trkpt>
      <trkpt lat="43.27372" lon="-1.782931">
        <ele>369</ele>
      </trkpt>
      <trkpt lat="43.273523" lon="-1.7826979999999999">
        <ele>359</ele>
      </trkpt>
      <trkpt lat="43.273399" lon="-1.782419">
        <ele>350</ele>
      </trkpt>
      <trkpt lat="43.273347" lon="-1.782195">
        <ele>347</ele>
      </trkpt>
      <trkpt lat="43.27334" lon="-1.781952">
        <ele>348</ele>
      </trkpt>
      <trkpt lat="43.273373" lon="-1.7817099999999999">
        <ele>349</ele>
      </trkpt>
      <trkpt lat="43.273412" lon="-1.781423">
        <ele>349</ele>
      </trkpt>
      <trkpt lat="43.273471" lon="-1.78118">
        <ele>349</ele>
      </trkpt>
      <trkpt lat="43.273608" lon="-1.7808470000000001">
        <ele>351</ele>
      </trkpt>
      <trkpt lat="43.273661" lon="-1.780767">
        <ele>352</ele>
      </trkpt>
      <trkpt lat="43.273674" lon="-1.7806580000000001">
        <ele>351</ele>
      </trkpt>
      <trkpt lat="43.273667" lon="-1.780578">
        <ele>350</ele>
      </trkpt>
      <trkpt lat="43.273615" lon="-1.7804880000000001">
        <ele>346</ele>
      </trkpt>
      <trkpt lat="43.273556" lon="-1.7804610000000001">
        <ele>344</ele>
      </trkpt>
      <trkpt lat="43.27353" lon="-1.7804610000000001">
        <ele>343</ele>
      </trkpt>
      <trkpt lat="43.273543" lon="-1.7803519999999999">
        <ele>341</ele>
      </trkpt>
      <trkpt lat="43.273523" lon="-1.7801549999999999">
        <ele>336</ele>
      </trkpt>
      <trkpt lat="43.273523" lon="-1.7800210000000001">
        <ele>333</ele>
      </trkpt>
      <trkpt lat="43.27353" lon="-1.7798590000000001">
        <ele>331</ele>
      </trkpt>
      <trkpt lat="43.273536" lon="-1.7798229999999999">
        <ele>331</ele>
      </trkpt>
      <trkpt lat="43.273504" lon="-1.7797860000000001">
        <ele>329</ele>
      </trkpt>
      <trkpt lat="43.273465" lon="-1.7797860000000001">
        <ele>327</ele>
      </trkpt>
      <trkpt lat="43.273425" lon="-1.7798050000000001">
        <ele>326</ele>
      </trkpt>
      <trkpt lat="43.273399" lon="-1.7798320000000001">
        <ele>325</ele>
      </trkpt>
      <trkpt lat="43.273366" lon="-1.7798499999999999">
        <ele>323</ele>
      </trkpt>
      <trkpt lat="43.273314" lon="-1.779841">
        <ele>321</ele>
      </trkpt>
      <trkpt lat="43.273268" lon="-1.7797959999999999">
        <ele>318</ele>
      </trkpt>
      <trkpt lat="43.273235" lon="-1.779725">
        <ele>315</ele>
      </trkpt>
      <trkpt lat="43.27319" lon="-1.7796259999999999">
        <ele>312</ele>
      </trkpt>
      <trkpt lat="43.273144" lon="-1.7795259999999999">
        <ele>309</ele>
      </trkpt>
      <trkpt lat="43.273033" lon="-1.779293">
        <ele>300</ele>
      </trkpt>
      <trkpt lat="43.273007" lon="-1.7792209999999999">
        <ele>297</ele>
      </trkpt>
      <trkpt lat="43.272967" lon="-1.7791589999999999">
        <ele>293</ele>
      </trkpt>
      <trkpt lat="43.272909" lon="-1.7790600000000001">
        <ele>287</ele>
      </trkpt>
      <trkpt lat="43.272876" lon="-1.7789969999999999">
        <ele>284</ele>
      </trkpt>
      <trkpt lat="43.27283" lon="-1.7789429999999999">
        <ele>280</ele>
      </trkpt>
      <trkpt lat="43.272798" lon="-1.7788889999999999">
        <ele>277</ele>
      </trkpt>
      <trkpt lat="43.272758" lon="-1.778799">
        <ele>275</ele>
      </trkpt>
      <trkpt lat="43.272732" lon="-1.7787269999999999">
        <ele>273</ele>
      </trkpt>
      <trkpt lat="43.272706" lon="-1.7785839999999999">
        <ele>271</ele>
      </trkpt>
      <trkpt lat="43.27268" lon="-1.778413">
        <ele>268</ele>
      </trkpt>
      <trkpt lat="43.27266" lon="-1.7783409999999999">
        <ele>266</ele>
      </trkpt>
      <trkpt lat="43.272614" lon="-1.778179">
        <ele>262</ele>
      </trkpt>
      <trkpt lat="43.272588" lon="-1.7781070000000001">
        <ele>259</ele>
      </trkpt>
      <trkpt lat="43.272568" lon="-1.778071">
        <ele>258</ele>
      </trkpt>
      <trkpt lat="43.272542" lon="-1.778062">
        <ele>257</ele>
      </trkpt>
      <trkpt lat="43.272516" lon="-1.778081">
        <ele>257</ele>
      </trkpt>
      <trkpt lat="43.272496" lon="-1.778125">
        <ele>257</ele>
      </trkpt>
      <trkpt lat="43.27247" lon="-1.778152">
        <ele>257</ele>
      </trkpt>
      <trkpt lat="43.272451" lon="-1.778152">
        <ele>256</ele>
      </trkpt>
      <trkpt lat="43.272458" lon="-1.778035">
        <ele>255</ele>
      </trkpt>
      <trkpt lat="43.272516" lon="-1.777765">
        <ele>255</ele>
      </trkpt>
      <trkpt lat="43.272594" lon="-1.7775240000000001">
        <ele>257</ele>
      </trkpt>
      <trkpt lat="43.272699" lon="-1.777272">
        <ele>260</ele>
      </trkpt>
      <trkpt lat="43.272778" lon="-1.7771459999999999">
        <ele>261</ele>
      </trkpt>
      <trkpt lat="43.272798" lon="-1.77711">
        <ele>261</ele>
      </trkpt>
      <trkpt lat="43.272961" lon="-1.77684">
        <ele>262</ele>
      </trkpt>
      <trkpt lat="43.273131" lon="-1.776634">
        <ele>263</ele>
      </trkpt>
      <trkpt lat="43.273418" lon="-1.7764">
        <ele>261</ele>
      </trkpt>
      <trkpt lat="43.273687" lon="-1.7762929999999999">
        <ele>259</ele>
      </trkpt>
      <trkpt lat="43.27389" lon="-1.776157">
        <ele>258</ele>
      </trkpt>
      <trkpt lat="43.274073" lon="-1.775943">
        <ele>257</ele>
      </trkpt>
      <trkpt lat="43.274223" lon="-1.775763">
        <ele>256</ele>
      </trkpt>
      <trkpt lat="43.274596" lon="-1.7752870000000001">
        <ele>250</ele>
      </trkpt>
      <trkpt lat="43.274629" lon="-1.7752600000000001">
        <ele>250</ele>
      </trkpt>
      <trkpt lat="43.274655" lon="-1.7752319999999999">
        <ele>250</ele>
      </trkpt>
      <trkpt lat="43.27472" lon="-1.775215">
        <ele>251</ele>
      </trkpt>
      <trkpt lat="43.274798" lon="-1.775215">
        <ele>252</ele>
      </trkpt>
      <trkpt lat="43.274864" lon="-1.7752410000000001">
        <ele>253</ele>
      </trkpt>
      <trkpt lat="43.274923" lon="-1.7752870000000001">
        <ele>254</ele>
      </trkpt>
      <trkpt lat="43.274982" lon="-1.7753680000000001">
        <ele>256</ele>
      </trkpt>
      <trkpt lat="43.275021" lon="-1.7754749999999999">
        <ele>258</ele>
      </trkpt>
      <trkpt lat="43.275035" lon="-1.7756179999999999">
        <ele>261</ele>
      </trkpt>
      <trkpt lat="43.275008" lon="-1.7764899999999999">
        <ele>278</ele>
      </trkpt>
      <trkpt lat="43.275021" lon="-1.776526">
        <ele>278</ele>
      </trkpt>
      <trkpt lat="43.275041" lon="-1.77658">
        <ele>278</ele>
      </trkpt>
      <trkpt lat="43.27508" lon="-1.7766519999999999">
        <ele>277</ele>
      </trkpt>
      <trkpt lat="43.275132" lon="-1.7767059999999999">
        <ele>275</ele>
      </trkpt>
      <trkpt lat="43.275191" lon="-1.776715">
        <ele>272</ele>
      </trkpt>
      <trkpt lat="43.275747" lon="-1.77667">
        <ele>259</ele>
      </trkpt>
      <trkpt lat="43.275865" lon="-1.776634">
        <ele>258</ele>
      </trkpt>
      <trkpt lat="43.275957" lon="-1.776526">
        <ele>256</ele>
      </trkpt>
      <trkpt lat="43.276002" lon="-1.776454">
        <ele>255</ele>
      </trkpt>
      <trkpt lat="43.276028" lon="-1.7763469999999999">
        <ele>254</ele>
      </trkpt>
      <trkpt lat="43.276152" lon="-1.7758069999999999">
        <ele>250</ele>
      </trkpt>
      <trkpt lat="43.276237" lon="-1.7754939999999999">
        <ele>248</ele>
      </trkpt>
      <trkpt lat="43.276296" lon="-1.775358">
        <ele>247</ele>
      </trkpt>
      <trkpt lat="43.276375" lon="-1.7752239999999999">
        <ele>246</ele>
      </trkpt>
      <trkpt lat="43.276434" lon="-1.775142">
        <ele>246</ele>
      </trkpt>
      <trkpt lat="43.276512" lon="-1.7750710000000001">
        <ele>247</ele>
      </trkpt>
      <trkpt lat="43.276643" lon="-1.774999">
        <ele>246</ele>
      </trkpt>
      <trkpt lat="43.276852" lon="-1.774945">
        <ele>246</ele>
      </trkpt>
      <trkpt lat="43.276938" lon="-1.774918">
        <ele>246</ele>
      </trkpt>
      <trkpt lat="43.276976" lon="-1.7748740000000001">
        <ele>246</ele>
      </trkpt>
      <trkpt lat="43.277016" lon="-1.7747839999999999">
        <ele>246</ele>
      </trkpt>
      <trkpt lat="43.277035" lon="-1.7746040000000001">
        <ele>246</ele>
      </trkpt>
      <trkpt lat="43.277225" lon="-1.7725470000000001">
        <ele>248</ele>
      </trkpt>
      <trkpt lat="43.277218" lon="-1.772421">
        <ele>251</ele>
      </trkpt>
      <trkpt lat="43.277192" lon="-1.7723310000000001">
        <ele>254</ele>
      </trkpt>
      <trkpt lat="43.277133" lon="-1.772251">
        <ele>256</ele>
      </trkpt>
      <trkpt lat="43.276859" lon="-1.772098">
        <ele>258</ele>
      </trkpt>
      <trkpt lat="43.276702" lon="-1.7720260000000001">
        <ele>258</ele>
      </trkpt>
      <trkpt lat="43.276617" lon="-1.771954">
        <ele>259</ele>
      </trkpt>
      <trkpt lat="43.276525" lon="-1.771846">
        <ele>259</ele>
      </trkpt>
      <trkpt lat="43.276434" lon="-1.771693">
        <ele>257</ele>
      </trkpt>
      <trkpt lat="43.276218" lon="-1.7711730000000001">
        <ele>252</ele>
      </trkpt>
      <trkpt lat="43.2761" lon="-1.77092">
        <ele>253</ele>
      </trkpt>
      <trkpt lat="43.275976" lon="-1.77067">
        <ele>253</ele>
      </trkpt>
      <trkpt lat="43.275767" lon="-1.770238">
        <ele>252</ele>
      </trkpt>
      <trkpt lat="43.275662" lon="-1.7699149999999999">
        <ele>252</ele>
      </trkpt>
      <trkpt lat="43.275603" lon="-1.769601">
        <ele>253</ele>
      </trkpt>
      <trkpt lat="43.275544" lon="-1.769358">
        <ele>255</ele>
      </trkpt>
      <trkpt lat="43.275486" lon="-1.769215">
        <ele>256</ele>
      </trkpt>
      <trkpt lat="43.275413" lon="-1.7690889999999999">
        <ele>258</ele>
      </trkpt>
      <trkpt lat="43.275329" lon="-1.7689889999999999">
        <ele>261</ele>
      </trkpt>
      <trkpt lat="43.27525" lon="-1.768918">
        <ele>262</ele>
      </trkpt>
      <trkpt lat="43.275171" lon="-1.7688630000000001">
        <ele>264</ele>
      </trkpt>
      <trkpt lat="43.275087" lon="-1.7688459999999999">
        <ele>264</ele>
      </trkpt>
      <trkpt lat="43.274962" lon="-1.7688360000000001">
        <ele>265</ele>
      </trkpt>
      <trkpt lat="43.274851" lon="-1.7688820000000001">
        <ele>264</ele>
      </trkpt>
      <trkpt lat="43.274733" lon="-1.768972">
        <ele>262</ele>
      </trkpt>
      <trkpt lat="43.274642" lon="-1.7690250000000001">
        <ele>260</ele>
      </trkpt>
      <trkpt lat="43.274563" lon="-1.7690520000000001">
        <ele>258</ele>
      </trkpt>
      <trkpt lat="43.274479" lon="-1.7690520000000001">
        <ele>258</ele>
      </trkpt>
      <trkpt lat="43.274387" lon="-1.7690250000000001">
        <ele>257</ele>
      </trkpt>
      <trkpt lat="43.274302" lon="-1.768953">
        <ele>257</ele>
      </trkpt>
      <trkpt lat="43.274249" lon="-1.7688729999999999">
        <ele>258</ele>
      </trkpt>
      <trkpt lat="43.27421" lon="-1.768783">
        <ele>260</ele>
      </trkpt>
      <trkpt lat="43.274171" lon="-1.768594">
        <ele>262</ele>
      </trkpt>
      <trkpt lat="43.274145" lon="-1.7683519999999999">
        <ele>266</ele>
      </trkpt>
      <trkpt lat="43.274216" lon="-1.7684420000000001">
        <ele>263</ele>
      </trkpt>
      <trkpt lat="43.274289" lon="-1.7686200000000001">
        <ele>260</ele>
      </trkpt>
      <trkpt lat="43.274393" lon="-1.7687649999999999">
        <ele>260</ele>
      </trkpt>
      <trkpt lat="43.274446" lon="-1.7688189999999999">
        <ele>259</ele>
      </trkpt>
      <trkpt lat="43.274511" lon="-1.7688459999999999">
        <ele>260</ele>
      </trkpt>
      <trkpt lat="43.274589" lon="-1.7687999999999999">
        <ele>261</ele>
      </trkpt>
      <trkpt lat="43.274674" lon="-1.7687200000000001">
        <ele>264</ele>
      </trkpt>
      <trkpt lat="43.274779" lon="-1.768513">
        <ele>267</ele>
      </trkpt>
      <trkpt lat="43.27493" lon="-1.7681990000000001">
        <ele>274</ele>
      </trkpt>
      <trkpt lat="43.275021" lon="-1.7680640000000001">
        <ele>279</ele>
      </trkpt>
      <trkpt lat="43.275126" lon="-1.7680009999999999">
        <ele>283</ele>
      </trkpt>
      <trkpt lat="43.275361" lon="-1.767965">
        <ele>287</ele>
      </trkpt>
      <trkpt lat="43.275374" lon="-1.767938">
        <ele>287</ele>
      </trkpt>
      <trkpt lat="43.275244" lon="-1.7677940000000001">
        <ele>290</ele>
      </trkpt>
      <trkpt lat="43.27508" lon="-1.767552">
        <ele>292</ele>
      </trkpt>
      <trkpt lat="43.274897" lon="-1.7672380000000001">
        <ele>293</ele>
      </trkpt>
      <trkpt lat="43.274851" lon="-1.7671300000000001">
        <ele>294</ele>
      </trkpt>
      <trkpt lat="43.274753" lon="-1.7667710000000001">
        <ele>299</ele>
      </trkpt>
      <trkpt lat="43.274707" lon="-1.7665649999999999">
        <ele>301</ele>
      </trkpt>
      <trkpt lat="43.274701" lon="-1.766429">
        <ele>302</ele>
      </trkpt>
      <trkpt lat="43.274707" lon="-1.766276">
        <ele>304</ele>
      </trkpt>
      <trkpt lat="43.274727" lon="-1.7659990000000001">
        <ele>309</ele>
      </trkpt>
      <trkpt lat="43.274727" lon="-1.765846">
        <ele>312</ele>
      </trkpt>
      <trkpt lat="43.274714" lon="-1.7657639999999999">
        <ele>314</ele>
      </trkpt>
      <trkpt lat="43.274688" lon="-1.765674">
        <ele>316</ele>
      </trkpt>
      <trkpt lat="43.274655" lon="-1.765612">
        <ele>316</ele>
      </trkpt>
      <trkpt lat="43.274615" lon="-1.7655670000000001">
        <ele>316</ele>
      </trkpt>
      <trkpt lat="43.274537" lon="-1.765477">
        <ele>316</ele>
      </trkpt>
      <trkpt lat="43.274491" lon="-1.765387">
        <ele>318</ele>
      </trkpt>
      <trkpt lat="43.274458" lon="-1.765253">
        <ele>321</ele>
      </trkpt>
      <trkpt lat="43.274426" lon="-1.7651539999999999">
        <ele>323</ele>
      </trkpt>
      <trkpt lat="43.274347" lon="-1.7649649999999999">
        <ele>325</ele>
      </trkpt>
      <trkpt lat="43.274315" lon="-1.764867">
        <ele>326</ele>
      </trkpt>
      <trkpt lat="43.274302" lon="-1.7647409999999999">
        <ele>329</ele>
      </trkpt>
      <trkpt lat="43.274302" lon="-1.764489">
        <ele>333</ele>
      </trkpt>
      <trkpt lat="43.274302" lon="-1.764211">
        <ele>336</ele>
      </trkpt>
      <trkpt lat="43.274282" lon="-1.763941">
        <ele>340</ele>
      </trkpt>
      <trkpt lat="43.274256" lon="-1.7636179999999999">
        <ele>346</ele>
      </trkpt>
      <trkpt lat="43.274223" lon="-1.7633570000000001">
        <ele>350</ele>
      </trkpt>
      <trkpt lat="43.274223" lon="-1.763223">
        <ele>352</ele>
      </trkpt>
      <trkpt lat="43.274243" lon="-1.762783">
        <ele>360</ele>
      </trkpt>
      <trkpt lat="43.274249" lon="-1.7624500000000001">
        <ele>367</ele>
      </trkpt>
      <trkpt lat="43.274269" lon="-1.762162">
        <ele>374</ele>
      </trkpt>
      <trkpt lat="43.274275" lon="-1.761911">
        <ele>379</ele>
      </trkpt>
      <trkpt lat="43.274269" lon="-1.7617670000000001">
        <ele>382</ele>
      </trkpt>
      <trkpt lat="43.274249" lon="-1.761444">
        <ele>389</ele>
      </trkpt>
      <trkpt lat="43.274249" lon="-1.761336">
        <ele>391</ele>
      </trkpt>
      <trkpt lat="43.274263" lon="-1.7611460000000001">
        <ele>394</ele>
      </trkpt>
      <trkpt lat="43.274243" lon="-1.7609950000000001">
        <ele>397</ele>
      </trkpt>
      <trkpt lat="43.27423" lon="-1.760823">
        <ele>400</ele>
      </trkpt>
      <trkpt lat="43.27421" lon="-1.76067">
        <ele>402</ele>
      </trkpt>
      <trkpt lat="43.274197" lon="-1.760527">
        <ele>404</ele>
      </trkpt>
      <trkpt lat="43.274197" lon="-1.7603930000000001">
        <ele>406</ele>
      </trkpt>
      <trkpt lat="43.274204" lon="-1.760257">
        <ele>408</ele>
      </trkpt>
      <trkpt lat="43.274249" lon="-1.759584">
        <ele>414</ele>
      </trkpt>
      <trkpt lat="43.274269" lon="-1.759441">
        <ele>415</ele>
      </trkpt>
      <trkpt lat="43.274295" lon="-1.7592970000000001">
        <ele>415</ele>
      </trkpt>
      <trkpt lat="43.274308" lon="-1.759171">
        <ele>416</ele>
      </trkpt>
      <trkpt lat="43.274315" lon="-1.759091">
        <ele>417</ele>
      </trkpt>
      <trkpt lat="43.274315" lon="-1.759009">
        <ele>417</ele>
      </trkpt>
      <trkpt lat="43.274295" lon="-1.7588649999999999">
        <ele>418</ele>
      </trkpt>
      <trkpt lat="43.274269" lon="-1.7587390000000001">
        <ele>419</ele>
      </trkpt>
      <trkpt lat="43.274249" lon="-1.758659">
        <ele>419</ele>
      </trkpt>
      <trkpt lat="43.27423" lon="-1.758596">
        <ele>419</ele>
      </trkpt>
      <trkpt lat="43.274216" lon="-1.758569">
        <ele>420</ele>
      </trkpt>
      <trkpt lat="43.274171" lon="-1.7585059999999999">
        <ele>420</ele>
      </trkpt>
      <trkpt lat="43.274125" lon="-1.758462">
        <ele>421</ele>
      </trkpt>
      <trkpt lat="43.27408" lon="-1.7584249999999999">
        <ele>422</ele>
      </trkpt>
      <trkpt lat="43.274047" lon="-1.7583800000000001">
        <ele>423</ele>
      </trkpt>
      <trkpt lat="43.274021" lon="-1.7583089999999999">
        <ele>423</ele>
      </trkpt>
      <trkpt lat="43.274014" lon="-1.7582279999999999">
        <ele>424</ele>
      </trkpt>
      <trkpt lat="43.274021" lon="-1.7580929999999999">
        <ele>423</ele>
      </trkpt>
      <trkpt lat="43.274007" lon="-1.7578959999999999">
        <ele>423</ele>
      </trkpt>
      <trkpt lat="43.273922" lon="-1.7577160000000001">
        <ele>425</ele>
      </trkpt>
      <trkpt lat="43.273838" lon="-1.7575540000000001">
        <ele>426</ele>
      </trkpt>
      <trkpt lat="43.273791" lon="-1.7573570000000001">
        <ele>427</ele>
      </trkpt>
      <trkpt lat="43.273765" lon="-1.757177">
        <ele>426</ele>
      </trkpt>
      <trkpt lat="43.273772" lon="-1.757104">
        <ele>425</ele>
      </trkpt>
      <trkpt lat="43.273791" lon="-1.7570410000000001">
        <ele>423</ele>
      </trkpt>
      <trkpt lat="43.273844" lon="-1.756907">
        <ele>420</ele>
      </trkpt>
      <trkpt lat="43.27385" lon="-1.7568440000000001">
        <ele>418</ele>
      </trkpt>
      <trkpt lat="43.273864" lon="-1.756718">
        <ele>416</ele>
      </trkpt>
      <trkpt lat="43.273857" lon="-1.7566109999999999">
        <ele>414</ele>
      </trkpt>
      <trkpt lat="43.273831" lon="-1.7564850000000001">
        <ele>413</ele>
      </trkpt>
      <trkpt lat="43.273739" lon="-1.7560359999999999">
        <ele>408</ele>
      </trkpt>
      <trkpt lat="43.273674" lon="-1.7558199999999999">
        <ele>404</ele>
      </trkpt>
      <trkpt lat="43.273608" lon="-1.755622">
        <ele>401</ele>
      </trkpt>
      <trkpt lat="43.273543" lon="-1.7554959999999999">
        <ele>399</ele>
      </trkpt>
      <trkpt lat="43.273477" lon="-1.7553620000000001">
        <ele>398</ele>
      </trkpt>
      <trkpt lat="43.273392" lon="-1.7552190000000001">
        <ele>396</ele>
      </trkpt>
      <trkpt lat="43.273294" lon="-1.755093">
        <ele>395</ele>
      </trkpt>
      <trkpt lat="43.273203" lon="-1.755012">
        <ele>395</ele>
      </trkpt>
      <trkpt lat="43.273098" lon="-1.7549220000000001">
        <ele>394</ele>
      </trkpt>
      <trkpt lat="43.272981" lon="-1.75485">
        <ele>395</ele>
      </trkpt>
      <trkpt lat="43.272857" lon="-1.7547429999999999">
        <ele>394</ele>
      </trkpt>
      <trkpt lat="43.272745" lon="-1.7545900000000001">
        <ele>393</ele>
      </trkpt>
      <trkpt lat="43.272627" lon="-1.754437">
        <ele>391</ele>
      </trkpt>
      <trkpt lat="43.272496" lon="-1.7542930000000001">
        <ele>392</ele>
      </trkpt>
      <trkpt lat="43.272366" lon="-1.75423">
        <ele>395</ele>
      </trkpt>
      <trkpt lat="43.2723" lon="-1.7541040000000001">
        <ele>398</ele>
      </trkpt>
      <trkpt lat="43.272307" lon="-1.753835">
        <ele>400</ele>
      </trkpt>
      <trkpt lat="43.272261" lon="-1.753565">
        <ele>407</ele>
      </trkpt>
      <trkpt lat="43.272216" lon="-1.7533049999999999">
        <ele>414</ele>
      </trkpt>
      <trkpt lat="43.272222" lon="-1.75282">
        <ele>418</ele>
      </trkpt>
      <trkpt lat="43.272183" lon="-1.7524869999999999">
        <ele>422</ele>
      </trkpt>
      <trkpt lat="43.272195" lon="-1.7523340000000001">
        <ele>424</ele>
      </trkpt>
      <trkpt lat="43.272399" lon="-1.752011">
        <ele>421</ele>
      </trkpt>
      <trkpt lat="43.272464" lon="-1.751814">
        <ele>421</ele>
      </trkpt>
      <trkpt lat="43.272523" lon="-1.751212">
        <ele>418</ele>
      </trkpt>
      <trkpt lat="43.272542" lon="-1.750988">
        <ele>417</ele>
      </trkpt>
      <trkpt lat="43.272431" lon="-1.7508159999999999">
        <ele>416</ele>
      </trkpt>
      <trkpt lat="43.272333" lon="-1.7506820000000001">
        <ele>414</ele>
      </trkpt>
      <trkpt lat="43.272228" lon="-1.750583">
        <ele>413</ele>
      </trkpt>
      <trkpt lat="43.272097" lon="-1.750529">
        <ele>413</ele>
      </trkpt>
      <trkpt lat="43.271901" lon="-1.7504850000000001">
        <ele>414</ele>
      </trkpt>
      <trkpt lat="43.271784" lon="-1.750475">
        <ele>416</ele>
      </trkpt>
      <trkpt lat="43.271666" lon="-1.7505120000000001">
        <ele>419</ele>
      </trkpt>
      <trkpt lat="43.271607" lon="-1.7505459999999999">
        <ele>421</ele>
      </trkpt>
      <trkpt lat="43.271411" lon="-1.750664">
        <ele>429</ele>
      </trkpt>
      <trkpt lat="43.271208" lon="-1.7507090000000001">
        <ele>437</ele>
      </trkpt>
      <trkpt lat="43.271071" lon="-1.750718">
        <ele>442</ele>
      </trkpt>
      <trkpt lat="43.271005" lon="-1.750691">
        <ele>444</ele>
      </trkpt>
      <trkpt lat="43.270933" lon="-1.7506360000000001">
        <ele>447</ele>
      </trkpt>
      <trkpt lat="43.270874" lon="-1.7505649999999999">
        <ele>449</ele>
      </trkpt>
      <trkpt lat="43.270803" lon="-1.7503759999999999">
        <ele>449</ele>
      </trkpt>
      <trkpt lat="43.270646" lon="-1.749703">
        <ele>451</ele>
      </trkpt>
      <trkpt lat="43.270561" lon="-1.7493700000000001">
        <ele>452</ele>
      </trkpt>
      <trkpt lat="43.269998" lon="-1.7475020000000001">
        <ele>461</ele>
      </trkpt>
      <trkpt lat="43.269808" lon="-1.747061">
        <ele>456</ele>
      </trkpt>
      <trkpt lat="43.269664" lon="-1.746837">
        <ele>453</ele>
      </trkpt>
      <trkpt lat="43.269521" lon="-1.7467200000000001">
        <ele>451</ele>
      </trkpt>
      <trkpt lat="43.269481" lon="-1.7467109999999999">
        <ele>451</ele>
      </trkpt>
      <trkpt lat="43.269357" lon="-1.746667">
        <ele>448</ele>
      </trkpt>
      <trkpt lat="43.269226" lon="-1.7467029999999999">
        <ele>445</ele>
      </trkpt>
      <trkpt lat="43.269154" lon="-1.74681">
        <ele>442</ele>
      </trkpt>
      <trkpt lat="43.269082" lon="-1.7471239999999999">
        <ele>439</ele>
      </trkpt>
      <trkpt lat="43.269128" lon="-1.746783">
        <ele>442</ele>
      </trkpt>
      <trkpt lat="43.269076" lon="-1.7461720000000001">
        <ele>445</ele>
      </trkpt>
      <trkpt lat="43.268997" lon="-1.7455080000000001">
        <ele>447</ele>
      </trkpt>
      <trkpt lat="43.268951" lon="-1.7453190000000001">
        <ele>447</ele>
      </trkpt>
      <trkpt lat="43.268723" lon="-1.744915">
        <ele>444</ele>
      </trkpt>
      <trkpt lat="43.268533" lon="-1.7443299999999999">
        <ele>438</ele>
      </trkpt>
      <trkpt lat="43.268507" lon="-1.744151">
        <ele>438</ele>
      </trkpt>
      <trkpt lat="43.2685" lon="-1.7436670000000001">
        <ele>436</ele>
      </trkpt>
      <trkpt lat="43.268487" lon="-1.743495">
        <ele>435</ele>
      </trkpt>
      <trkpt lat="43.268356" lon="-1.7429209999999999">
        <ele>432</ele>
      </trkpt>
      <trkpt lat="43.26831" lon="-1.7427049999999999">
        <ele>432</ele>
      </trkpt>
      <trkpt lat="43.268082" lon="-1.741932">
        <ele>434</ele>
      </trkpt>
      <trkpt lat="43.267983" lon="-1.741519">
        <ele>433</ele>
      </trkpt>
      <trkpt lat="43.267911" lon="-1.74133">
        <ele>431</ele>
      </trkpt>
      <trkpt lat="43.26778" lon="-1.740864">
        <ele>428</ele>
      </trkpt>
      <trkpt lat="43.267748" lon="-1.7404139999999999">
        <ele>433</ele>
      </trkpt>
      <trkpt lat="43.267735" lon="-1.7402880000000001">
        <ele>434</ele>
      </trkpt>
      <trkpt lat="43.267742" lon="-1.7400990000000001">
        <ele>438</ele>
      </trkpt>
      <trkpt lat="43.267636" lon="-1.7396149999999999">
        <ele>442</ele>
      </trkpt>
      <trkpt lat="43.267519" lon="-1.7392559999999999">
        <ele>440</ele>
      </trkpt>
      <trkpt lat="43.267322" lon="-1.7388509999999999">
        <ele>437</ele>
      </trkpt>
      <trkpt lat="43.267139" lon="-1.7385010000000001">
        <ele>437</ele>
      </trkpt>
      <trkpt lat="43.266956" lon="-1.7381869999999999">
        <ele>439</ele>
      </trkpt>
      <trkpt lat="43.266767" lon="-1.7379169999999999">
        <ele>439</ele>
      </trkpt>
      <trkpt lat="43.266512" lon="-1.7376480000000001">
        <ele>440</ele>
      </trkpt>
      <trkpt lat="43.266394" lon="-1.737495">
        <ele>443</ele>
      </trkpt>
      <trkpt lat="43.266309" lon="-1.7373320000000001">
        <ele>448</ele>
      </trkpt>
      <trkpt lat="43.266126" lon="-1.7372430000000001">
        <ele>448</ele>
      </trkpt>
      <trkpt lat="43.265661" lon="-1.73709">
        <ele>442</ele>
      </trkpt>
      <trkpt lat="43.265242" lon="-1.736785">
        <ele>439</ele>
      </trkpt>
      <trkpt lat="43.264798" lon="-1.7365330000000001">
        <ele>435</ele>
      </trkpt>
      <trkpt lat="43.26451" lon="-1.7363360000000001">
        <ele>431</ele>
      </trkpt>
      <trkpt lat="43.264281" lon="-1.736021">
        <ele>428</ele>
      </trkpt>
      <trkpt lat="43.264026" lon="-1.735374">
        <ele>416</ele>
      </trkpt>
      <trkpt lat="43.263882" lon="-1.734853">
        <ele>409</ele>
      </trkpt>
      <trkpt lat="43.26381" lon="-1.7344219999999999">
        <ele>411</ele>
      </trkpt>
      <trkpt lat="43.263659" lon="-1.7338560000000001">
        <ele>409</ele>
      </trkpt>
      <trkpt lat="43.263561" lon="-1.7334160000000001">
        <ele>405</ele>
      </trkpt>
      <trkpt lat="43.263528" lon="-1.7330570000000001">
        <ele>404</ele>
      </trkpt>
      <trkpt lat="43.263548" lon="-1.732931">
        <ele>402</ele>
      </trkpt>
      <trkpt lat="43.263627" lon="-1.7327969999999999">
        <ele>399</ele>
      </trkpt>
      <trkpt lat="43.263692" lon="-1.732742">
        <ele>398</ele>
      </trkpt>
      <trkpt lat="43.263862" lon="-1.732734">
        <ele>397</ele>
      </trkpt>
      <trkpt lat="43.264091" lon="-1.7326079999999999">
        <ele>394</ele>
      </trkpt>
      <trkpt lat="43.264359" lon="-1.7324459999999999">
        <ele>392</ele>
      </trkpt>
      <trkpt lat="43.264457" lon="-1.7323649999999999">
        <ele>390</ele>
      </trkpt>
      <trkpt lat="43.264549" lon="-1.732329">
        <ele>387</ele>
      </trkpt>
      <trkpt lat="43.264654" lon="-1.732329">
        <ele>385</ele>
      </trkpt>
      <trkpt lat="43.264772" lon="-1.7324010000000001">
        <ele>384</ele>
      </trkpt>
      <trkpt lat="43.264909" lon="-1.7326349999999999">
        <ele>389</ele>
      </trkpt>
      <trkpt lat="43.265197" lon="-1.732958">
        <ele>393</ele>
      </trkpt>
      <trkpt lat="43.265282" lon="-1.732958">
        <ele>392</ele>
      </trkpt>
      <trkpt lat="43.265366" lon="-1.7329140000000001">
        <ele>389</ele>
      </trkpt>
      <trkpt lat="43.265681" lon="-1.7325809999999999">
        <ele>374</ele>
      </trkpt>
      <trkpt lat="43.265838" lon="-1.7325980000000001">
        <ele>377</ele>
      </trkpt>
      <trkpt lat="43.265975" lon="-1.732545">
        <ele>377</ele>
      </trkpt>
      <trkpt lat="43.266054" lon="-1.732348">
        <ele>373</ele>
      </trkpt>
      <trkpt lat="43.266113" lon="-1.732051">
        <ele>365</ele>
      </trkpt>
      <trkpt lat="43.266139" lon="-1.731808">
        <ele>359</ele>
      </trkpt>
      <trkpt lat="43.266139" lon="-1.7316020000000001">
        <ele>355</ele>
      </trkpt>
      <trkpt lat="43.266047" lon="-1.7312510000000001">
        <ele>348</ele>
      </trkpt>
      <trkpt lat="43.266061" lon="-1.7305870000000001">
        <ele>343</ele>
      </trkpt>
      <trkpt lat="43.266034" lon="-1.7301470000000001">
        <ele>335</ele>
      </trkpt>
      <trkpt lat="43.265962" lon="-1.729948">
        <ele>331</ele>
      </trkpt>
      <trkpt lat="43.265975" lon="-1.7296879999999999">
        <ele>332</ele>
      </trkpt>
      <trkpt lat="43.265975" lon="-1.729338">
        <ele>333</ele>
      </trkpt>
      <trkpt lat="43.26589" lon="-1.72861">
        <ele>331</ele>
      </trkpt>
      <trkpt lat="43.265622" lon="-1.7280800000000001">
        <ele>321</ele>
      </trkpt>
      <trkpt lat="43.265432" lon="-1.7275769999999999">
        <ele>318</ele>
      </trkpt>
      <trkpt lat="43.265059" lon="-1.7269209999999999">
        <ele>312</ele>
      </trkpt>
      <trkpt lat="43.264725" lon="-1.7263649999999999">
        <ele>303</ele>
      </trkpt>
      <trkpt lat="43.264438" lon="-1.7257990000000001">
        <ele>296</ele>
      </trkpt>
      <trkpt lat="43.264137" lon="-1.7251069999999999">
        <ele>298</ele>
      </trkpt>
      <trkpt lat="43.263842" lon="-1.724585">
        <ele>296</ele>
      </trkpt>
      <trkpt lat="43.263738" lon="-1.7242710000000001">
        <ele>298</ele>
      </trkpt>
      <trkpt lat="43.263561" lon="-1.7239390000000001">
        <ele>303</ele>
      </trkpt>
      <trkpt lat="43.263431" lon="-1.723786">
        <ele>302</ele>
      </trkpt>
      <trkpt lat="43.263143" lon="-1.723759">
        <ele>294</ele>
      </trkpt>
      <trkpt lat="43.262796" lon="-1.7237499999999999">
        <ele>284</ele>
      </trkpt>
      <trkpt lat="43.262639" lon="-1.7237499999999999">
        <ele>280</ele>
      </trkpt>
      <trkpt lat="43.262436" lon="-1.723687">
        <ele>276</ele>
      </trkpt>
      <trkpt lat="43.261959" lon="-1.7233369999999999">
        <ele>254</ele>
      </trkpt>
      <trkpt lat="43.2619" lon="-1.7232559999999999">
        <ele>250</ele>
      </trkpt>
      <trkpt lat="43.26188" lon="-1.7231209999999999">
        <ele>248</ele>
      </trkpt>
      <trkpt lat="43.261933" lon="-1.7228969999999999">
        <ele>249</ele>
      </trkpt>
      <trkpt lat="43.26207" lon="-1.7225109999999999">
        <ele>256</ele>
      </trkpt>
      <trkpt lat="43.262155" lon="-1.7222409999999999">
        <ele>262</ele>
      </trkpt>
      <trkpt lat="43.262168" lon="-1.7221420000000001">
        <ele>265</ele>
      </trkpt>
      <trkpt lat="43.262181" lon="-1.7220439999999999">
        <ele>268</ele>
      </trkpt>
      <trkpt lat="43.262161" lon="-1.7218910000000001">
        <ele>271</ele>
      </trkpt>
      <trkpt lat="43.262076" lon="-1.7217560000000001">
        <ele>274</ele>
      </trkpt>
      <trkpt lat="43.261887" lon="-1.721684">
        <ele>272</ele>
      </trkpt>
      <trkpt lat="43.261527" lon="-1.7216480000000001">
        <ele>265</ele>
      </trkpt>
      <trkpt lat="43.261324" lon="-1.721603">
        <ele>262</ele>
      </trkpt>
      <trkpt lat="43.261219" lon="-1.721568">
        <ele>259</ele>
      </trkpt>
      <trkpt lat="43.261082" lon="-1.7214860000000001">
        <ele>257</ele>
      </trkpt>
      <trkpt lat="43.26086" lon="-1.721271">
        <ele>255</ele>
      </trkpt>
      <trkpt lat="43.260689" lon="-1.721136">
        <ele>250</ele>
      </trkpt>
      <trkpt lat="43.26048" lon="-1.7209030000000001">
        <ele>246</ele>
      </trkpt>
      <trkpt lat="43.260349" lon="-1.7205969999999999">
        <ele>245</ele>
      </trkpt>
      <trkpt lat="43.260284" lon="-1.7202109999999999">
        <ele>245</ele>
      </trkpt>
      <trkpt lat="43.260245" lon="-1.71987">
        <ele>245</ele>
      </trkpt>
      <trkpt lat="43.260186" lon="-1.7196979999999999">
        <ele>245</ele>
      </trkpt>
      <trkpt lat="43.260114" lon="-1.7195819999999999">
        <ele>244</ele>
      </trkpt>
      <trkpt lat="43.259977" lon="-1.7194480000000001">
        <ele>241</ele>
      </trkpt>
      <trkpt lat="43.259741" lon="-1.719258">
        <ele>236</ele>
      </trkpt>
      <trkpt lat="43.259466" lon="-1.719034">
        <ele>231</ele>
      </trkpt>
      <trkpt lat="43.259224" lon="-1.718836">
        <ele>228</ele>
      </trkpt>
      <trkpt lat="43.259106" lon="-1.7187460000000001">
        <ele>227</ele>
      </trkpt>
      <trkpt lat="43.258864" lon="-1.718621">
        <ele>225</ele>
      </trkpt>
      <trkpt lat="43.258662" lon="-1.718486">
        <ele>223</ele>
      </trkpt>
      <trkpt lat="43.258479" lon="-1.718369">
        <ele>219</ele>
      </trkpt>
      <trkpt lat="43.258302" lon="-1.718216">
        <ele>214</ele>
      </trkpt>
      <trkpt lat="43.258197" lon="-1.7181360000000001">
        <ele>211</ele>
      </trkpt>
      <trkpt lat="43.258118" lon="-1.7181">
        <ele>209</ele>
      </trkpt>
      <trkpt lat="43.258033" lon="-1.7181">
        <ele>208</ele>
      </trkpt>
      <trkpt lat="43.257968" lon="-1.7180899999999999">
        <ele>208</ele>
      </trkpt>
      <trkpt lat="43.257791" lon="-1.718172">
        <ele>210</ele>
      </trkpt>
      <trkpt lat="43.257634" lon="-1.7181900000000001">
        <ele>210</ele>
      </trkpt>
      <trkpt lat="43.257556" lon="-1.718145">
        <ele>210</ele>
      </trkpt>
      <trkpt lat="43.257418" lon="-1.718037">
        <ele>209</ele>
      </trkpt>
      <trkpt lat="43.257268" lon="-1.7179660000000001">
        <ele>211</ele>
      </trkpt>
      <trkpt lat="43.257143" lon="-1.717929">
        <ele>214</ele>
      </trkpt>
      <trkpt lat="43.257065" lon="-1.717857">
        <ele>215</ele>
      </trkpt>
      <trkpt lat="43.257019" lon="-1.71774">
        <ele>214</ele>
      </trkpt>
      <trkpt lat="43.257" lon="-1.7175339999999999">
        <ele>210</ele>
      </trkpt>
      <trkpt lat="43.25696" lon="-1.71739">
        <ele>209</ele>
      </trkpt>
      <trkpt lat="43.256901" lon="-1.717228">
        <ele>207</ele>
      </trkpt>
      <trkpt lat="43.256804" lon="-1.717031">
        <ele>204</ele>
      </trkpt>
      <trkpt lat="43.256633" lon="-1.7167520000000001">
        <ele>199</ele>
      </trkpt>
      <trkpt lat="43.256509" lon="-1.7165010000000001">
        <ele>191</ele>
      </trkpt>
      <trkpt lat="43.256398" lon="-1.7163310000000001">
        <ele>187</ele>
      </trkpt>
      <trkpt lat="43.256293" lon="-1.7162219999999999">
        <ele>185</ele>
      </trkpt>
      <trkpt lat="43.256175" lon="-1.716151">
        <ele>182</ele>
      </trkpt>
      <trkpt lat="43.255999" lon="-1.7160789999999999">
        <ele>179</ele>
      </trkpt>
      <trkpt lat="43.25592" lon="-1.715962">
        <ele>176</ele>
      </trkpt>
      <trkpt lat="43.255829" lon="-1.7158359999999999">
        <ele>173</ele>
      </trkpt>
      <trkpt lat="43.255691" lon="-1.7157100000000001">
        <ele>169</ele>
      </trkpt>
      <trkpt lat="43.255567" lon="-1.7156119999999999">
        <ele>166</ele>
      </trkpt>
      <trkpt lat="43.255495" lon="-1.715495">
        <ele>164</ele>
      </trkpt>
      <trkpt lat="43.255364" lon="-1.7153959999999999">
        <ele>161</ele>
      </trkpt>
      <trkpt lat="43.255187" lon="-1.7152069999999999">
        <ele>160</ele>
      </trkpt>
      <trkpt lat="43.255109" lon="-1.7151000000000001">
        <ele>159</ele>
      </trkpt>
      <trkpt lat="43.255057" lon="-1.714893">
        <ele>158</ele>
      </trkpt>
      <trkpt lat="43.254985" lon="-1.7147399999999999">
        <ele>158</ele>
      </trkpt>
      <trkpt lat="43.254926" lon="-1.7146680000000001">
        <ele>157</ele>
      </trkpt>
      <trkpt lat="43.254841" lon="-1.7145699999999999">
        <ele>156</ele>
      </trkpt>
      <trkpt lat="43.254671" lon="-1.714337">
        <ele>156</ele>
      </trkpt>
      <trkpt lat="43.254455" lon="-1.714075">
        <ele>155</ele>
      </trkpt>
      <trkpt lat="43.254369" lon="-1.7139580000000001">
        <ele>155</ele>
      </trkpt>
      <trkpt lat="43.254088" lon="-1.713689">
        <ele>155</ele>
      </trkpt>
      <trkpt lat="43.253958" lon="-1.713608">
        <ele>153</ele>
      </trkpt>
      <trkpt lat="43.253801" lon="-1.713519">
        <ele>151</ele>
      </trkpt>
      <trkpt lat="43.253709" lon="-1.713438">
        <ele>150</ele>
      </trkpt>
      <trkpt lat="43.253643" lon="-1.7133560000000001">
        <ele>150</ele>
      </trkpt>
      <trkpt lat="43.253558" lon="-1.713195">
        <ele>151</ele>
      </trkpt>
      <trkpt lat="43.25348" lon="-1.713096">
        <ele>151</ele>
      </trkpt>
      <trkpt lat="43.253362" lon="-1.713025">
        <ele>150</ele>
      </trkpt>
      <trkpt lat="43.253238" lon="-1.7129259999999999">
        <ele>152</ele>
      </trkpt>
      <trkpt lat="43.25312" lon="-1.7129430000000001">
        <ele>152</ele>
      </trkpt>
      <trkpt lat="43.252695" lon="-1.713033">
        <ele>148</ele>
      </trkpt>
      <trkpt lat="43.252642" lon="-1.713025">
        <ele>148</ele>
      </trkpt>
      <trkpt lat="43.252374" lon="-1.7129529999999999">
        <ele>143</ele>
      </trkpt>
      <trkpt lat="43.252041" lon="-1.712863">
        <ele>139</ele>
      </trkpt>
      <trkpt lat="43.251792" lon="-1.712666">
        <ele>137</ele>
      </trkpt>
      <trkpt lat="43.251694" lon="-1.7126030000000001">
        <ele>137</ele>
      </trkpt>
      <trkpt lat="43.251595" lon="-1.7125760000000001">
        <ele>136</ele>
      </trkpt>
      <trkpt lat="43.251432" lon="-1.712566">
        <ele>134</ele>
      </trkpt>
      <trkpt lat="43.251236" lon="-1.7125300000000001">
        <ele>134</ele>
      </trkpt>
      <trkpt lat="43.250987" lon="-1.712494">
        <ele>134</ele>
      </trkpt>
      <trkpt lat="43.250778" lon="-1.7125030000000001">
        <ele>131</ele>
      </trkpt>
      <trkpt lat="43.25051" lon="-1.712513">
        <ele>126</ele>
      </trkpt>
      <trkpt lat="43.25015" lon="-1.7125030000000001">
        <ele>117</ele>
      </trkpt>
      <trkpt lat="43.249999" lon="-1.7125030000000001">
        <ele>113</ele>
      </trkpt>
      <trkpt lat="43.24926" lon="-1.712486">
        <ele>91</ele>
      </trkpt>
      <trkpt lat="43.249109" lon="-1.712521">
        <ele>88</ele>
      </trkpt>
      <trkpt lat="43.248861" lon="-1.712647">
        <ele>83</ele>
      </trkpt>
      <trkpt lat="43.248645" lon="-1.712826">
        <ele>80</ele>
      </trkpt>
      <trkpt lat="43.248403" lon="-1.7129890000000001">
        <ele>80</ele>
      </trkpt>
      <trkpt lat="43.2482" lon="-1.713087">
        <ele>80</ele>
      </trkpt>
      <trkpt lat="43.247728" lon="-1.7131769999999999">
        <ele>82</ele>
      </trkpt>
      <trkpt lat="43.247931" lon="-1.7129620000000001">
        <ele>82</ele>
      </trkpt>
      <trkpt lat="43.248213" lon="-1.71271">
        <ele>81</ele>
      </trkpt>
      <trkpt lat="43.248776" lon="-1.7121980000000001">
        <ele>86</ele>
      </trkpt>
      <trkpt lat="43.249024" lon="-1.712">
        <ele>89</ele>
      </trkpt>
      <trkpt lat="43.24903" lon="-1.711983">
        <ele>89</ele>
      </trkpt>
      <trkpt lat="43.249044" lon="-1.711964">
        <ele>89</ele>
      </trkpt>
      <trkpt lat="43.249011" lon="-1.711632">
        <ele>89</ele>
      </trkpt>
      <trkpt lat="43.248992" lon="-1.7114879999999999">
        <ele>88</ele>
      </trkpt>
      <trkpt lat="43.248579" lon="-1.7106349999999999">
        <ele>79</ele>
      </trkpt>
      <trkpt lat="43.248632" lon="-1.7104459999999999">
        <ele>80</ele>
      </trkpt>
      <trkpt lat="43.248645" lon="-1.7102759999999999">
        <ele>80</ele>
      </trkpt>
      <trkpt lat="43.248632" lon="-1.7100690000000001">
        <ele>81</ele>
      </trkpt>
      <trkpt lat="43.248612" lon="-1.7097">
        <ele>81</ele>
      </trkpt>
      <trkpt lat="43.248691" lon="-1.709063">
        <ele>80</ele>
      </trkpt>
      <trkpt lat="43.248861" lon="-1.708029">
        <ele>79</ele>
      </trkpt>
      <trkpt lat="43.248992" lon="-1.7077420000000001">
        <ele>78</ele>
      </trkpt>
      <trkpt lat="43.249201" lon="-1.7073290000000001">
        <ele>78</ele>
      </trkpt>
      <trkpt lat="43.249253" lon="-1.7071229999999999">
        <ele>79</ele>
      </trkpt>
      <trkpt lat="43.249364" lon="-1.70661">
        <ele>81</ele>
      </trkpt>
      <trkpt lat="43.249502" lon="-1.7057389999999999">
        <ele>81</ele>
      </trkpt>
      <trkpt lat="43.249639" lon="-1.7049129999999999">
        <ele>77</ele>
      </trkpt>
      <trkpt lat="43.249725" lon="-1.7046969999999999">
        <ele>76</ele>
      </trkpt>
      <trkpt lat="43.249894" lon="-1.70431">
        <ele>76</ele>
      </trkpt>
      <trkpt lat="43.250032" lon="-1.7040230000000001">
        <ele>75</ele>
      </trkpt>
      <trkpt lat="43.250078" lon="-1.7038169999999999">
        <ele>74</ele>
      </trkpt>
      <trkpt lat="43.250117" lon="-1.7032149999999999">
        <ele>73</ele>
      </trkpt>
      <trkpt lat="43.250136" lon="-1.702658">
        <ele>73</ele>
      </trkpt>
      <trkpt lat="43.250136" lon="-1.702442">
        <ele>71</ele>
      </trkpt>
      <trkpt lat="43.250156" lon="-1.7019489999999999">
        <ele>69</ele>
      </trkpt>
      <trkpt lat="43.250209" lon="-1.7015439999999999">
        <ele>69</ele>
      </trkpt>
      <trkpt lat="43.250333" lon="-1.700861">
        <ele>67</ele>
      </trkpt>
      <trkpt lat="43.250503" lon="-1.7000710000000001">
        <ele>66</ele>
      </trkpt>
      <trkpt lat="43.250568" lon="-1.699756">
        <ele>65</ele>
      </trkpt>
      <trkpt lat="43.25066" lon="-1.6994769999999999">
        <ele>64</ele>
      </trkpt>
      <trkpt lat="43.250712" lon="-1.699352">
        <ele>64</ele>
      </trkpt>
      <trkpt lat="43.250778" lon="-1.6992">
        <ele>64</ele>
      </trkpt>
      <trkpt lat="43.251491" lon="-1.6978880000000001">
        <ele>61</ele>
      </trkpt>
      <trkpt lat="43.251595" lon="-1.6976359999999999">
        <ele>63</ele>
      </trkpt>
      <trkpt lat="43.251681" lon="-1.6973579999999999">
        <ele>65</ele>
      </trkpt>
      <trkpt lat="43.251746" lon="-1.6969000000000001">
        <ele>65</ele>
      </trkpt>
      <trkpt lat="43.251818" lon="-1.6961630000000001">
        <ele>62</ele>
      </trkpt>
      <trkpt lat="43.251837" lon="-1.696083">
        <ele>62</ele>
      </trkpt>
      <trkpt lat="43.251896" lon="-1.6957679999999999">
        <ele>62</ele>
      </trkpt>
      <trkpt lat="43.252001" lon="-1.6953910000000001">
        <ele>62</ele>
      </trkpt>
      <trkpt lat="43.252289" lon="-1.694563">
        <ele>61</ele>
      </trkpt>
      <trkpt lat="43.252354" lon="-1.694286">
        <ele>61</ele>
      </trkpt>
      <trkpt lat="43.252374" lon="-1.694142">
        <ele>61</ele>
      </trkpt>
      <trkpt lat="43.252381" lon="-1.6939360000000001">
        <ele>62</ele>
      </trkpt>
      <trkpt lat="43.252368" lon="-1.6936929999999999">
        <ele>62</ele>
      </trkpt>
      <trkpt lat="43.252309" lon="-1.693414">
        <ele>62</ele>
      </trkpt>
      <trkpt lat="43.252171" lon="-1.6928939999999999">
        <ele>66</ele>
      </trkpt>
      <trkpt lat="43.252138" lon="-1.6927680000000001">
        <ele>66</ele>
      </trkpt>
      <trkpt lat="43.252112" lon="-1.6926680000000001">
        <ele>67</ele>
      </trkpt>
      <trkpt lat="43.252014" lon="-1.692561">
        <ele>69</ele>
      </trkpt>
      <trkpt lat="43.251929" lon="-1.692507">
        <ele>70</ele>
      </trkpt>
      <trkpt lat="43.251896" lon="-1.6925250000000001">
        <ele>70</ele>
      </trkpt>
      <trkpt lat="43.251864" lon="-1.6925250000000001">
        <ele>71</ele>
      </trkpt>
      <trkpt lat="43.251818" lon="-1.692507">
        <ele>72</ele>
      </trkpt>
      <trkpt lat="43.251779" lon="-1.6924710000000001">
        <ele>74</ele>
      </trkpt>
      <trkpt lat="43.251746" lon="-1.692418">
        <ele>75</ele>
      </trkpt>
      <trkpt lat="43.251726" lon="-1.6923550000000001">
        <ele>76</ele>
      </trkpt>
      <trkpt lat="43.251726" lon="-1.6922820000000001">
        <ele>76</ele>
      </trkpt>
      <trkpt lat="43.251746" lon="-1.6922189999999999">
        <ele>76</ele>
      </trkpt>
      <trkpt lat="43.251772" lon="-1.692175">
        <ele>76</ele>
      </trkpt>
      <trkpt lat="43.251805" lon="-1.6921390000000001">
        <ele>75</ele>
      </trkpt>
      <trkpt lat="43.25191" lon="-1.6917519999999999">
        <ele>74</ele>
      </trkpt>
      <trkpt lat="43.251975" lon="-1.6913929999999999">
        <ele>74</ele>
      </trkpt>
      <trkpt lat="43.252034" lon="-1.6910700000000001">
        <ele>73</ele>
      </trkpt>
      <trkpt lat="43.252041" lon="-1.690917">
        <ele>75</ele>
      </trkpt>
      <trkpt lat="43.252145" lon="-1.690064">
        <ele>80</ele>
      </trkpt>
      <trkpt lat="43.25225" lon="-1.689506">
        <ele>82</ele>
      </trkpt>
      <trkpt lat="43.252433" lon="-1.689076">
        <ele>78</ele>
      </trkpt>
      <trkpt lat="43.252616" lon="-1.6887259999999999">
        <ele>78</ele>
      </trkpt>
      <trkpt lat="43.252852" lon="-1.6883570000000001">
        <ele>84</ele>
      </trkpt>
      <trkpt lat="43.253506" lon="-1.6879249999999999">
        <ele>84</ele>
      </trkpt>
      <trkpt lat="43.253604" lon="-1.687764">
        <ele>83</ele>
      </trkpt>
      <trkpt lat="43.25365" lon="-1.687557">
        <ele>81</ele>
      </trkpt>
      <trkpt lat="43.253637" lon="-1.687341">
        <ele>79</ele>
      </trkpt>
      <trkpt lat="43.253598" lon="-1.687171">
        <ele>78</ele>
      </trkpt>
      <trkpt lat="43.253565" lon="-1.687009">
        <ele>77</ele>
      </trkpt>
      <trkpt lat="43.253519" lon="-1.6867760000000001">
        <ele>75</ele>
      </trkpt>
      <trkpt lat="43.2535" lon="-1.6865330000000001">
        <ele>74</ele>
      </trkpt>
      <trkpt lat="43.253558" lon="-1.686326">
        <ele>71</ele>
      </trkpt>
      <trkpt lat="43.253683" lon="-1.6861649999999999">
        <ele>68</ele>
      </trkpt>
      <trkpt lat="43.253833" lon="-1.6860839999999999">
        <ele>68</ele>
      </trkpt>
      <trkpt lat="43.254174" lon="-1.68594">
        <ele>67</ele>
      </trkpt>
      <trkpt lat="43.254272" lon="-1.6858329999999999">
        <ele>66</ele>
      </trkpt>
      <trkpt lat="43.254343" lon="-1.6857070000000001">
        <ele>66</ele>
      </trkpt>
      <trkpt lat="43.25435" lon="-1.685284">
        <ele>69</ele>
      </trkpt>
      <trkpt lat="43.254324" lon="-1.6845749999999999">
        <ele>76</ele>
      </trkpt>
      <trkpt lat="43.254442" lon="-1.6841159999999999">
        <ele>71</ele>
      </trkpt>
      <trkpt lat="43.254658" lon="-1.683586">
        <ele>65</ele>
      </trkpt>
      <trkpt lat="43.254703" lon="-1.683039">
        <ele>64</ele>
      </trkpt>
      <trkpt lat="43.254585" lon="-1.682204">
        <ele>54</ele>
      </trkpt>
      <trkpt lat="43.254592" lon="-1.6818519999999999">
        <ele>50</ele>
      </trkpt>
      <trkpt lat="43.254625" lon="-1.681395">
        <ele>48</ele>
      </trkpt>
      <trkpt lat="43.254579" lon="-1.6814389999999999">
        <ele>48</ele>
      </trkpt>
      <trkpt lat="43.254573" lon="-1.681449">
        <ele>48</ele>
      </trkpt>
      <trkpt lat="43.254409" lon="-1.681575">
        <ele>48</ele>
      </trkpt>
      <trkpt lat="43.254101" lon="-1.6815560000000001">
        <ele>48</ele>
      </trkpt>
      <trkpt lat="43.254016" lon="-1.6815560000000001">
        <ele>49</ele>
      </trkpt>
      <trkpt lat="43.254003" lon="-1.681548">
        <ele>49</ele>
      </trkpt>
      <trkpt lat="43.253624" lon="-1.6815389999999999">
        <ele>51</ele>
      </trkpt>
      <trkpt lat="43.253571" lon="-1.6815389999999999">
        <ele>53</ele>
      </trkpt>
      <trkpt lat="43.253277" lon="-1.6815290000000001">
        <ele>57</ele>
      </trkpt>
      <trkpt lat="43.252995" lon="-1.6815119999999999">
        <ele>58</ele>
      </trkpt>
      <trkpt lat="43.252767" lon="-1.681449">
        <ele>59</ele>
      </trkpt>
      <trkpt lat="43.252368" lon="-1.681349">
        <ele>65</ele>
      </trkpt>
      <trkpt lat="43.251799" lon="-1.681152">
        <ele>65</ele>
      </trkpt>
      <trkpt lat="43.25151" lon="-1.680963">
        <ele>67</ele>
      </trkpt>
      <trkpt lat="43.251308" lon="-1.6807300000000001">
        <ele>70</ele>
      </trkpt>
      <trkpt lat="43.251131" lon="-1.680407">
        <ele>70</ele>
      </trkpt>
      <trkpt lat="43.251026" lon="-1.68011">
        <ele>67</ele>
      </trkpt>
      <trkpt lat="43.250948" lon="-1.6797329999999999">
        <ele>66</ele>
      </trkpt>
      <trkpt lat="43.250745" lon="-1.6783950000000001">
        <ele>62</ele>
      </trkpt>
      <trkpt lat="43.250693" lon="-1.6777029999999999">
        <ele>57</ele>
      </trkpt>
      <trkpt lat="43.250608" lon="-1.6769940000000001">
        <ele>58</ele>
      </trkpt>
      <trkpt lat="43.250398" lon="-1.675772">
        <ele>57</ele>
      </trkpt>
      <trkpt lat="43.250202" lon="-1.6744410000000001">
        <ele>53</ele>
      </trkpt>
      <trkpt lat="43.250241" lon="-1.6740550000000001">
        <ele>49</ele>
      </trkpt>
      <trkpt lat="43.250248" lon="-1.673929">
        <ele>48</ele>
      </trkpt>
      <trkpt lat="43.249547" lon="-1.6730320000000001">
        <ele>53</ele>
      </trkpt>
      <trkpt lat="43.249279" lon="-1.6726719999999999">
        <ele>56</ele>
      </trkpt>
      <trkpt lat="43.248697" lon="-1.672061">
        <ele>62</ele>
      </trkpt>
      <trkpt lat="43.24852" lon="-1.671845">
        <ele>63</ele>
      </trkpt>
      <trkpt lat="43.248304" lon="-1.6716569999999999">
        <ele>63</ele>
      </trkpt>
      <trkpt lat="43.2482" lon="-1.671575">
        <ele>63</ele>
      </trkpt>
      <trkpt lat="43.248095" lon="-1.671495">
        <ele>63</ele>
      </trkpt>
      <trkpt lat="43.247552" lon="-1.6710640000000001">
        <ele>57</ele>
      </trkpt>
      <trkpt lat="43.247225" lon="-1.670839">
        <ele>54</ele>
      </trkpt>
      <trkpt lat="43.246413" lon="-1.670229">
        <ele>50</ele>
      </trkpt>
      <trkpt lat="43.245981" lon="-1.6699059999999999">
        <ele>53</ele>
      </trkpt>
      <trkpt lat="43.245602" lon="-1.6696629999999999">
        <ele>60</ele>
      </trkpt>
      <trkpt lat="43.245464" lon="-1.669654">
        <ele>61</ele>
      </trkpt>
      <trkpt lat="43.245373" lon="-1.6697070000000001">
        <ele>60</ele>
      </trkpt>
      <trkpt lat="43.245177" lon="-1.669816">
        <ele>56</ele>
      </trkpt>
      <trkpt lat="43.245033" lon="-1.669896">
        <ele>54</ele>
      </trkpt>
      <trkpt lat="43.244895" lon="-1.669967">
        <ele>54</ele>
      </trkpt>
      <trkpt lat="43.244803" lon="-1.6700489999999999">
        <ele>54</ele>
      </trkpt>
      <trkpt lat="43.244705" lon="-1.67012">
        <ele>53</ele>
      </trkpt>
      <trkpt lat="43.244418" lon="-1.6704889999999999">
        <ele>51</ele>
      </trkpt>
      <trkpt lat="43.243999" lon="-1.6710989999999999">
        <ele>51</ele>
      </trkpt>
      <trkpt lat="43.243659" lon="-1.671575">
        <ele>51</ele>
      </trkpt>
      <trkpt lat="43.243397" lon="-1.6719900000000001">
        <ele>52</ele>
      </trkpt>
      <trkpt lat="43.243233" lon="-1.672204">
        <ele>51</ele>
      </trkpt>
      <trkpt lat="43.242782" lon="-1.6728700000000001">
        <ele>47</ele>
      </trkpt>
      <trkpt lat="43.242343" lon="-1.673489">
        <ele>56</ele>
      </trkpt>
      <trkpt lat="43.241826" lon="-1.6744049999999999">
        <ele>61</ele>
      </trkpt>
      <trkpt lat="43.241401" lon="-1.675143">
        <ele>52</ele>
      </trkpt>
      <trkpt lat="43.241316" lon="-1.675233">
        <ele>51</ele>
      </trkpt>
      <trkpt lat="43.240891" lon="-1.6754929999999999">
        <ele>55</ele>
      </trkpt>
      <trkpt lat="43.240668" lon="-1.6755199999999999">
        <ele>56</ele>
      </trkpt>
      <trkpt lat="43.240472" lon="-1.6755199999999999">
        <ele>58</ele>
      </trkpt>
      <trkpt lat="43.240374" lon="-1.675529">
        <ele>60</ele>
      </trkpt>
      <trkpt lat="43.24021" lon="-1.6754469999999999">
        <ele>60</ele>
      </trkpt>
      <trkpt lat="43.240105" lon="-1.675357">
        <ele>59</ele>
      </trkpt>
      <trkpt lat="43.239974" lon="-1.6752499999999999">
        <ele>60</ele>
      </trkpt>
      <trkpt lat="43.239831" lon="-1.675206">
        <ele>63</ele>
      </trkpt>
      <trkpt lat="43.239608" lon="-1.67516">
        <ele>70</ele>
      </trkpt>
      <trkpt lat="43.237998" lon="-1.6746479999999999">
        <ele>57</ele>
      </trkpt>
      <trkpt lat="43.237939" lon="-1.6747570000000001">
        <ele>57</ele>
      </trkpt>
      <trkpt lat="43.237592" lon="-1.6751959999999999">
        <ele>57</ele>
      </trkpt>
      <trkpt lat="43.237134" lon="-1.675789">
        <ele>54</ele>
      </trkpt>
      <trkpt lat="43.23682" lon="-1.676221">
        <ele>55</ele>
      </trkpt>
      <trkpt lat="43.236597" lon="-1.6765080000000001">
        <ele>58</ele>
      </trkpt>
      <trkpt lat="43.236401" lon="-1.676715">
        <ele>61</ele>
      </trkpt>
      <trkpt lat="43.23612" lon="-1.67693">
        <ele>60</ele>
      </trkpt>
      <trkpt lat="43.235949" lon="-1.677028">
        <ele>59</ele>
      </trkpt>
      <trkpt lat="43.235695" lon="-1.677128">
        <ele>61</ele>
      </trkpt>
      <trkpt lat="43.235393" lon="-1.677208">
        <ele>67</ele>
      </trkpt>
      <trkpt lat="43.235112" lon="-1.677217">
        <ele>70</ele>
      </trkpt>
      <trkpt lat="43.234896" lon="-1.677173">
        <ele>71</ele>
      </trkpt>
      <trkpt lat="43.234536" lon="-1.67702">
        <ele>71</ele>
      </trkpt>
      <trkpt lat="43.234418" lon="-1.676822">
        <ele>68</ele>
      </trkpt>
      <trkpt lat="43.234117" lon="-1.676544">
        <ele>65</ele>
      </trkpt>
      <trkpt lat="43.233979" lon="-1.676302">
        <ele>65</ele>
      </trkpt>
      <trkpt lat="43.233547" lon="-1.675789">
        <ele>65</ele>
      </trkpt>
      <trkpt lat="43.233109" lon="-1.675233">
        <ele>61</ele>
      </trkpt>
      <trkpt lat="43.233004" lon="-1.6751069999999999">
        <ele>62</ele>
      </trkpt>
      <trkpt lat="43.232874" lon="-1.6749810000000001">
        <ele>63</ele>
      </trkpt>
      <trkpt lat="43.23267" lon="-1.6748540000000001">
        <ele>64</ele>
      </trkpt>
      <trkpt lat="43.232546" lon="-1.6748099999999999">
        <ele>64</ele>
      </trkpt>
      <trkpt lat="43.232442" lon="-1.6747909999999999">
        <ele>64</ele>
      </trkpt>
      <trkpt lat="43.232337" lon="-1.6747829999999999">
        <ele>64</ele>
      </trkpt>
      <trkpt lat="43.232232" lon="-1.6747909999999999">
        <ele>63</ele>
      </trkpt>
      <trkpt lat="43.231905" lon="-1.6749000000000001">
        <ele>63</ele>
      </trkpt>
      <trkpt lat="43.231656" lon="-1.6751069999999999">
        <ele>64</ele>
      </trkpt>
      <trkpt lat="43.231473" lon="-1.675376">
        <ele>65</ele>
      </trkpt>
      <trkpt lat="43.231394" lon="-1.675546">
        <ele>66</ele>
      </trkpt>
      <trkpt lat="43.231224" lon="-1.67587">
        <ele>65</ele>
      </trkpt>
      <trkpt lat="43.231015" lon="-1.676391">
        <ele>64</ele>
      </trkpt>
      <trkpt lat="43.230812" lon="-1.6769940000000001">
        <ele>63</ele>
      </trkpt>
      <trkpt lat="43.230543" lon="-1.6777029999999999">
        <ele>62</ele>
      </trkpt>
      <trkpt lat="43.230367" lon="-1.678107">
        <ele>64</ele>
      </trkpt>
      <trkpt lat="43.23019" lon="-1.6783490000000001">
        <ele>65</ele>
      </trkpt>
      <trkpt lat="43.229882" lon="-1.6786019999999999">
        <ele>64</ele>
      </trkpt>
      <trkpt lat="43.22964" lon="-1.6786909999999999">
        <ele>62</ele>
      </trkpt>
      <trkpt lat="43.229352" lon="-1.6788080000000001">
        <ele>61</ele>
      </trkpt>
      <trkpt lat="43.22913" lon="-1.678898">
        <ele>60</ele>
      </trkpt>
      <trkpt lat="43.228639" lon="-1.6790860000000001">
        <ele>59</ele>
      </trkpt>
      <trkpt lat="43.228325" lon="-1.6792210000000001">
        <ele>62</ele>
      </trkpt>
      <trkpt lat="43.228265" lon="-1.6792210000000001">
        <ele>62</ele>
      </trkpt>
      <trkpt lat="43.22822" lon="-1.6792210000000001">
        <ele>62</ele>
      </trkpt>
      <trkpt lat="43.227912" lon="-1.6792119999999999">
        <ele>66</ele>
      </trkpt>
      <trkpt lat="43.22782" lon="-1.6791940000000001">
        <ele>68</ele>
      </trkpt>
      <trkpt lat="43.227592" lon="-1.6790590000000001">
        <ele>68</ele>
      </trkpt>
      <trkpt lat="43.227284" lon="-1.6788350000000001">
        <ele>67</ele>
      </trkpt>
      <trkpt lat="43.226885" lon="-1.6783319999999999">
        <ele>63</ele>
      </trkpt>
      <trkpt lat="43.226426" lon="-1.6777569999999999">
        <ele>64</ele>
      </trkpt>
      <trkpt lat="43.226086" lon="-1.677235">
        <ele>64</ele>
      </trkpt>
      <trkpt lat="43.226014" lon="-1.677074">
        <ele>65</ele>
      </trkpt>
      <trkpt lat="43.225961" lon="-1.6769750000000001">
        <ele>65</ele>
      </trkpt>
      <trkpt lat="43.225896" lon="-1.676912">
        <ele>65</ele>
      </trkpt>
      <trkpt lat="43.225837" lon="-1.676822">
        <ele>65</ele>
      </trkpt>
      <trkpt lat="43.225674" lon="-1.676661">
        <ele>65</ele>
      </trkpt>
      <trkpt lat="43.225484" lon="-1.6764889999999999">
        <ele>64</ele>
      </trkpt>
      <trkpt lat="43.22534" lon="-1.676391">
        <ele>63</ele>
      </trkpt>
      <trkpt lat="43.225176" lon="-1.676302">
        <ele>61</ele>
      </trkpt>
      <trkpt lat="43.224849" lon="-1.676193">
        <ele>60</ele>
      </trkpt>
      <trkpt lat="43.224587" lon="-1.6761029999999999">
        <ele>60</ele>
      </trkpt>
      <trkpt lat="43.224358" lon="-1.6760759999999999">
        <ele>60</ele>
      </trkpt>
      <trkpt lat="43.224115" lon="-1.676013">
        <ele>60</ele>
      </trkpt>
      <trkpt lat="43.223802" lon="-1.676005">
        <ele>61</ele>
      </trkpt>
      <trkpt lat="43.223507" lon="-1.6760409999999999">
        <ele>62</ele>
      </trkpt>
      <trkpt lat="43.222617" lon="-1.676248">
        <ele>61</ele>
      </trkpt>
      <trkpt lat="43.222302" lon="-1.676391">
        <ele>64</ele>
      </trkpt>
      <trkpt lat="43.222053" lon="-1.676579">
        <ele>67</ele>
      </trkpt>
      <trkpt lat="43.221831" lon="-1.676849">
        <ele>68</ele>
      </trkpt>
      <trkpt lat="43.221667" lon="-1.677173">
        <ele>68</ele>
      </trkpt>
      <trkpt lat="43.221582" lon="-1.6774070000000001">
        <ele>67</ele>
      </trkpt>
      <trkpt lat="43.221144" lon="-1.6792119999999999">
        <ele>66</ele>
      </trkpt>
      <trkpt lat="43.220993" lon="-1.6796340000000001">
        <ele>62</ele>
      </trkpt>
      <trkpt lat="43.220804" lon="-1.67994">
        <ele>62</ele>
      </trkpt>
      <trkpt lat="43.220574" lon="-1.6801550000000001">
        <ele>64</ele>
      </trkpt>
      <trkpt lat="43.220339" lon="-1.6802900000000001">
        <ele>67</ele>
      </trkpt>
      <trkpt lat="43.220077" lon="-1.68038">
        <ele>70</ele>
      </trkpt>
      <trkpt lat="43.219802" lon="-1.6803969999999999">
        <ele>71</ele>
      </trkpt>
      <trkpt lat="43.21954" lon="-1.680334">
        <ele>70</ele>
      </trkpt>
      <trkpt lat="43.218296" lon="-1.679948">
        <ele>83</ele>
      </trkpt>
      <trkpt lat="43.218093" lon="-1.6798409999999999">
        <ele>87</ele>
      </trkpt>
      <trkpt lat="43.21789" lon="-1.6796519999999999">
        <ele>91</ele>
      </trkpt>
      <trkpt lat="43.217726" lon="-1.6794450000000001">
        <ele>92</ele>
      </trkpt>
      <trkpt lat="43.217576" lon="-1.6791670000000001">
        <ele>92</ele>
      </trkpt>
      <trkpt lat="43.217458" lon="-1.6787449999999999">
        <ele>91</ele>
      </trkpt>
      <trkpt lat="43.217295" lon="-1.6781330000000001">
        <ele>88</ele>
      </trkpt>
      <trkpt lat="43.217223" lon="-1.6776310000000001">
        <ele>88</ele>
      </trkpt>
      <trkpt lat="43.217183" lon="-1.677208">
        <ele>89</ele>
      </trkpt>
      <trkpt lat="43.217138" lon="-1.676741">
        <ele>91</ele>
      </trkpt>
      <trkpt lat="43.217183" lon="-1.676185">
        <ele>93</ele>
      </trkpt>
      <trkpt lat="43.217255" lon="-1.6754830000000001">
        <ele>88</ele>
      </trkpt>
      <trkpt lat="43.217386" lon="-1.6748639999999999">
        <ele>87</ele>
      </trkpt>
      <trkpt lat="43.217661" lon="-1.6735979999999999">
        <ele>87</ele>
      </trkpt>
      <trkpt lat="43.217844" lon="-1.6726000000000001">
        <ele>74</ele>
      </trkpt>
      <trkpt lat="43.217844" lon="-1.6724110000000001">
        <ele>73</ele>
      </trkpt>
      <trkpt lat="43.217805" lon="-1.672223">
        <ele>72</ele>
      </trkpt>
      <trkpt lat="43.217726" lon="-1.672007">
        <ele>70</ele>
      </trkpt>
      <trkpt lat="43.217622" lon="-1.671837">
        <ele>69</ele>
      </trkpt>
      <trkpt lat="43.217373" lon="-1.6715040000000001">
        <ele>68</ele>
      </trkpt>
      <trkpt lat="43.217138" lon="-1.6713420000000001">
        <ele>70</ele>
      </trkpt>
      <trkpt lat="43.216895" lon="-1.671235">
        <ele>68</ele>
      </trkpt>
      <trkpt lat="43.216515" lon="-1.671235">
        <ele>68</ele>
      </trkpt>
      <trkpt lat="43.216044" lon="-1.671162">
        <ele>70</ele>
      </trkpt>
      <trkpt lat="43.215553" lon="-1.6711180000000001">
        <ele>69</ele>
      </trkpt>
      <trkpt lat="43.215331" lon="-1.671162">
        <ele>69</ele>
      </trkpt>
      <trkpt lat="43.215154" lon="-1.671217">
        <ele>69</ele>
      </trkpt>
      <trkpt lat="43.214637" lon="-1.671486">
        <ele>68</ele>
      </trkpt>
      <trkpt lat="43.214506" lon="-1.671567">
        <ele>67</ele>
      </trkpt>
      <trkpt lat="43.214375" lon="-1.671648">
        <ele>68</ele>
      </trkpt>
      <trkpt lat="43.214132" lon="-1.6718010000000001">
        <ele>68</ele>
      </trkpt>
      <trkpt lat="43.21408" lon="-1.671854">
        <ele>67</ele>
      </trkpt>
      <trkpt lat="43.21389" lon="-1.67208">
        <ele>67</ele>
      </trkpt>
      <trkpt lat="43.213766" lon="-1.672107">
        <ele>67</ele>
      </trkpt>
      <trkpt lat="43.213059" lon="-1.6725559999999999">
        <ele>71</ele>
      </trkpt>
      <trkpt lat="43.212797" lon="-1.6727069999999999">
        <ele>74</ele>
      </trkpt>
      <trkpt lat="43.21262" lon="-1.672744">
        <ele>78</ele>
      </trkpt>
      <trkpt lat="43.212371" lon="-1.6727529999999999">
        <ele>85</ele>
      </trkpt>
      <trkpt lat="43.212051" lon="-1.6726719999999999">
        <ele>89</ele>
      </trkpt>
      <trkpt lat="43.211789" lon="-1.672501">
        <ele>89</ele>
      </trkpt>
      <trkpt lat="43.211632" lon="-1.6723760000000001">
        <ele>90</ele>
      </trkpt>
      <trkpt lat="43.2115" lon="-1.6721699999999999">
        <ele>90</ele>
      </trkpt>
      <trkpt lat="43.211448" lon="-1.67208">
        <ele>91</ele>
      </trkpt>
      <trkpt lat="43.211121" lon="-1.6713880000000001">
        <ele>96</ele>
      </trkpt>
      <trkpt lat="43.210813" lon="-1.6707129999999999">
        <ele>94</ele>
      </trkpt>
      <trkpt lat="43.210472" lon="-1.669986">
        <ele>90</ele>
      </trkpt>
      <trkpt lat="43.210073" lon="-1.669141">
        <ele>94</ele>
      </trkpt>
      <trkpt lat="43.209929" lon="-1.6686749999999999">
        <ele>94</ele>
      </trkpt>
      <trkpt lat="43.209785" lon="-1.6680280000000001">
        <ele>95</ele>
      </trkpt>
      <trkpt lat="43.2097" lon="-1.6677489999999999">
        <ele>100</ele>
      </trkpt>
      <trkpt lat="43.209635" lon="-1.6672640000000001">
        <ele>102</ele>
      </trkpt>
      <trkpt lat="43.209569" lon="-1.6669670000000001">
        <ele>102</ele>
      </trkpt>
      <trkpt lat="43.209432" lon="-1.6662410000000001">
        <ele>95</ele>
      </trkpt>
      <trkpt lat="43.209288" lon="-1.665638">
        <ele>93</ele>
      </trkpt>
      <trkpt lat="43.208986" lon="-1.665">
        <ele>91</ele>
      </trkpt>
      <trkpt lat="43.208626" lon="-1.6643539999999999">
        <ele>88</ele>
      </trkpt>
      <trkpt lat="43.208286" lon="-1.663805">
        <ele>88</ele>
      </trkpt>
      <trkpt lat="43.207802" lon="-1.663149">
        <ele>81</ele>
      </trkpt>
      <trkpt lat="43.207435" lon="-1.6628529999999999">
        <ele>81</ele>
      </trkpt>
      <trkpt lat="43.206937" lon="-1.6626559999999999">
        <ele>81</ele>
      </trkpt>
      <trkpt lat="43.206629" lon="-1.662539">
        <ele>80</ele>
      </trkpt>
      <trkpt lat="43.206197" lon="-1.662404">
        <ele>82</ele>
      </trkpt>
      <trkpt lat="43.205752" lon="-1.6622159999999999">
        <ele>77</ele>
      </trkpt>
      <trkpt lat="43.205306" lon="-1.6621619999999999">
        <ele>75</ele>
      </trkpt>
      <trkpt lat="43.205005" lon="-1.6622790000000001">
        <ele>76</ele>
      </trkpt>
      <trkpt lat="43.204711" lon="-1.6625220000000001">
        <ele>77</ele>
      </trkpt>
      <trkpt lat="43.204435" lon="-1.6629430000000001">
        <ele>78</ele>
      </trkpt>
      <trkpt lat="43.204351" lon="-1.663141">
        <ele>79</ele>
      </trkpt>
      <trkpt lat="43.204272" lon="-1.663348">
        <ele>81</ele>
      </trkpt>
      <trkpt lat="43.204193" lon="-1.663554">
        <ele>83</ele>
      </trkpt>
      <trkpt lat="43.20399" lon="-1.664174">
        <ele>81</ele>
      </trkpt>
      <trkpt lat="43.203807" lon="-1.664803">
        <ele>80</ele>
      </trkpt>
      <trkpt lat="43.203637" lon="-1.665359">
        <ele>85</ele>
      </trkpt>
      <trkpt lat="43.203447" lon="-1.6664110000000001">
        <ele>77</ele>
      </trkpt>
      <trkpt lat="43.203283" lon="-1.6670670000000001">
        <ele>78</ele>
      </trkpt>
      <trkpt lat="43.203198" lon="-1.6678489999999999">
        <ele>80</ele>
      </trkpt>
      <trkpt lat="43.20312" lon="-1.668701">
        <ele>81</ele>
      </trkpt>
      <trkpt lat="43.203041" lon="-1.6693480000000001">
        <ele>84</ele>
      </trkpt>
      <trkpt lat="43.202962" lon="-1.670336">
        <ele>80</ele>
      </trkpt>
      <trkpt lat="43.202923" lon="-1.670885">
        <ele>82</ele>
      </trkpt>
      <trkpt lat="43.202838" lon="-1.6713690000000001">
        <ele>85</ele>
      </trkpt>
      <trkpt lat="43.202713" lon="-1.6717200000000001">
        <ele>82</ele>
      </trkpt>
      <trkpt lat="43.202471" lon="-1.6721410000000001">
        <ele>77</ele>
      </trkpt>
      <trkpt lat="43.202301" lon="-1.6724110000000001">
        <ele>78</ele>
      </trkpt>
      <trkpt lat="43.202137" lon="-1.672736">
        <ele>81</ele>
      </trkpt>
      <trkpt lat="43.201862" lon="-1.6731119999999999">
        <ele>80</ele>
      </trkpt>
      <trkpt lat="43.201574" lon="-1.673319">
        <ele>79</ele>
      </trkpt>
      <trkpt lat="43.201103" lon="-1.6736599999999999">
        <ele>80</ele>
      </trkpt>
      <trkpt lat="43.200736" lon="-1.6738310000000001">
        <ele>83</ele>
      </trkpt>
      <trkpt lat="43.200461" lon="-1.6738390000000001">
        <ele>87</ele>
      </trkpt>
      <trkpt lat="43.200147" lon="-1.6737489999999999">
        <ele>97</ele>
      </trkpt>
      <trkpt lat="43.199878" lon="-1.673535">
        <ele>105</ele>
      </trkpt>
      <trkpt lat="43.199708" lon="-1.673319">
        <ele>108</ele>
      </trkpt>
      <trkpt lat="43.199472" lon="-1.6729499999999999">
        <ele>113</ele>
      </trkpt>
      <trkpt lat="43.199151" lon="-1.6723129999999999">
        <ele>122</ele>
      </trkpt>
      <trkpt lat="43.19868" lon="-1.6719630000000001">
        <ele>109</ele>
      </trkpt>
      <trkpt lat="43.197985" lon="-1.671864">
        <ele>90</ele>
      </trkpt>
      <trkpt lat="43.197599" lon="-1.672007">
        <ele>86</ele>
      </trkpt>
      <trkpt lat="43.19699" lon="-1.6722410000000001">
        <ele>90</ele>
      </trkpt>
      <trkpt lat="43.196493" lon="-1.6722410000000001">
        <ele>101</ele>
      </trkpt>
      <trkpt lat="43.196126" lon="-1.6720250000000001">
        <ele>102</ele>
      </trkpt>
      <trkpt lat="43.195792" lon="-1.6717200000000001">
        <ele>104</ele>
      </trkpt>
      <trkpt lat="43.195523" lon="-1.671432">
        <ele>107</ele>
      </trkpt>
      <trkpt lat="43.195373" lon="-1.671189">
        <ele>111</ele>
      </trkpt>
      <trkpt lat="43.195137" lon="-1.6707860000000001">
        <ele>115</ele>
      </trkpt>
      <trkpt lat="43.194934" lon="-1.67039">
        <ele>116</ele>
      </trkpt>
      <trkpt lat="43.194757" lon="-1.669967">
        <ele>118</ele>
      </trkpt>
      <trkpt lat="43.194685" lon="-1.6692940000000001">
        <ele>110</ele>
      </trkpt>
      <trkpt lat="43.194705" lon="-1.668701">
        <ele>101</ele>
      </trkpt>
      <trkpt lat="43.194731" lon="-1.668396">
        <ele>98</ele>
      </trkpt>
      <trkpt lat="43.194744" lon="-1.6680820000000001">
        <ele>96</ele>
      </trkpt>
      <trkpt lat="43.194763" lon="-1.6674530000000001">
        <ele>98</ele>
      </trkpt>
      <trkpt lat="43.194763" lon="-1.6670130000000001">
        <ele>96</ele>
      </trkpt>
      <trkpt lat="43.194751" lon="-1.6667430000000001">
        <ele>95</ele>
      </trkpt>
      <trkpt lat="43.194711" lon="-1.666617">
        <ele>95</ele>
      </trkpt>
      <trkpt lat="43.194672" lon="-1.666501">
        <ele>95</ele>
      </trkpt>
      <trkpt lat="43.194554" lon="-1.6661950000000001">
        <ele>93</ele>
      </trkpt>
      <trkpt lat="43.194509" lon="-1.665862">
        <ele>89</ele>
      </trkpt>
      <trkpt lat="43.194429" lon="-1.6655850000000001">
        <ele>88</ele>
      </trkpt>
      <trkpt lat="43.19437" lon="-1.6654949999999999">
        <ele>88</ele>
      </trkpt>
      <trkpt lat="43.194181" lon="-1.6655489999999999">
        <ele>89</ele>
      </trkpt>
      <trkpt lat="43.193899" lon="-1.665602">
        <ele>90</ele>
      </trkpt>
      <trkpt lat="43.193552" lon="-1.665638">
        <ele>91</ele>
      </trkpt>
      <trkpt lat="43.193323" lon="-1.665692">
        <ele>91</ele>
      </trkpt>
      <trkpt lat="43.193035" lon="-1.6658539999999999">
        <ele>92</ele>
      </trkpt>
      <trkpt lat="43.192753" lon="-1.666007">
        <ele>94</ele>
      </trkpt>
      <trkpt lat="43.192465" lon="-1.666204">
        <ele>90</ele>
      </trkpt>
      <trkpt lat="43.19215" lon="-1.6663650000000001">
        <ele>88</ele>
      </trkpt>
      <trkpt lat="43.191614" lon="-1.6666000000000001">
        <ele>89</ele>
      </trkpt>
      <trkpt lat="43.191378" lon="-1.66669">
        <ele>92</ele>
      </trkpt>
      <trkpt lat="43.191103" lon="-1.6667339999999999">
        <ele>95</ele>
      </trkpt>
      <trkpt lat="43.190952" lon="-1.6667970000000001">
        <ele>96</ele>
      </trkpt>
      <trkpt lat="43.190834" lon="-1.6668700000000001">
        <ele>95</ele>
      </trkpt>
      <trkpt lat="43.190651" lon="-1.6670400000000001">
        <ele>94</ele>
      </trkpt>
      <trkpt lat="43.190493" lon="-1.6672640000000001">
        <ele>93</ele>
      </trkpt>
      <trkpt lat="43.190382" lon="-1.667462">
        <ele>93</ele>
      </trkpt>
      <trkpt lat="43.190317" lon="-1.667659">
        <ele>93</ele>
      </trkpt>
      <trkpt lat="43.190271" lon="-1.6680550000000001">
        <ele>90</ele>
      </trkpt>
      <trkpt lat="43.190265" lon="-1.6683779999999999">
        <ele>90</ele>
      </trkpt>
      <trkpt lat="43.19033" lon="-1.669816">
        <ele>93</ele>
      </trkpt>
      <trkpt lat="43.190369" lon="-1.6706780000000001">
        <ele>91</ele>
      </trkpt>
      <trkpt lat="43.190395" lon="-1.6711450000000001">
        <ele>91</ele>
      </trkpt>
      <trkpt lat="43.190402" lon="-1.6717649999999999">
        <ele>92</ele>
      </trkpt>
      <trkpt lat="43.190402" lon="-1.6723840000000001">
        <ele>99</ele>
      </trkpt>
      <trkpt lat="43.190382" lon="-1.6725829999999999">
        <ele>100</ele>
      </trkpt>
      <trkpt lat="43.190349" lon="-1.6727259999999999">
        <ele>100</ele>
      </trkpt>
      <trkpt lat="43.190067" lon="-1.6736880000000001">
        <ele>94</ele>
      </trkpt>
      <trkpt lat="43.189839" lon="-1.6746300000000001">
        <ele>93</ele>
      </trkpt>
      <trkpt lat="43.189728" lon="-1.674944">
        <ele>91</ele>
      </trkpt>
      <trkpt lat="43.189596" lon="-1.675206">
        <ele>91</ele>
      </trkpt>
      <trkpt lat="43.189478" lon="-1.675357">
        <ele>91</ele>
      </trkpt>
      <trkpt lat="43.189314" lon="-1.675529">
        <ele>91</ele>
      </trkpt>
      <trkpt lat="43.189118" lon="-1.6756899999999999">
        <ele>90</ele>
      </trkpt>
      <trkpt lat="43.188895" lon="-1.675799">
        <ele>92</ele>
      </trkpt>
      <trkpt lat="43.188738" lon="-1.675843">
        <ele>93</ele>
      </trkpt>
      <trkpt lat="43.188601" lon="-1.6758519999999999">
        <ele>95</ele>
      </trkpt>
      <trkpt lat="43.188411" lon="-1.67578">
        <ele>99</ele>
      </trkpt>
      <trkpt lat="43.188208" lon="-1.6756819999999999">
        <ele>104</ele>
      </trkpt>
      <trkpt lat="43.187998" lon="-1.675565">
        <ele>110</ele>
      </trkpt>
      <trkpt lat="43.187756" lon="-1.675357">
        <ele>115</ele>
      </trkpt>
      <trkpt lat="43.187625" lon="-1.675179">
        <ele>116</ele>
      </trkpt>
      <trkpt lat="43.18752" lon="-1.6748639999999999">
        <ele>110</ele>
      </trkpt>
      <trkpt lat="43.187055" lon="-1.6734720000000001">
        <ele>96</ele>
      </trkpt>
      <trkpt lat="43.186904" lon="-1.6729769999999999">
        <ele>94</ele>
      </trkpt>
      <trkpt lat="43.186747" lon="-1.6725909999999999">
        <ele>95</ele>
      </trkpt>
      <trkpt lat="43.186721" lon="-1.672493">
        <ele>94</ele>
      </trkpt>
      <trkpt lat="43.186544" lon="-1.6718729999999999">
        <ele>92</ele>
      </trkpt>
      <trkpt lat="43.186098" lon="-1.670741">
        <ele>95</ele>
      </trkpt>
      <trkpt lat="43.185987" lon="-1.6705429999999999">
        <ele>93</ele>
      </trkpt>
      <trkpt lat="43.185896" lon="-1.670409">
        <ele>92</ele>
      </trkpt>
      <trkpt lat="43.18585" lon="-1.6703460000000001">
        <ele>92</ele>
      </trkpt>
      <trkpt lat="43.185791" lon="-1.6702729999999999">
        <ele>91</ele>
      </trkpt>
      <trkpt lat="43.185549" lon="-1.670031">
        <ele>92</ele>
      </trkpt>
      <trkpt lat="43.185189" lon="-1.669851">
        <ele>95</ele>
      </trkpt>
      <trkpt lat="43.184939" lon="-1.669824">
        <ele>93</ele>
      </trkpt>
      <trkpt lat="43.184671" lon="-1.669851">
        <ele>91</ele>
      </trkpt>
      <trkpt lat="43.184238" lon="-1.669977">
        <ele>91</ele>
      </trkpt>
      <trkpt lat="43.183616" lon="-1.6701569999999999">
        <ele>93</ele>
      </trkpt>
      <trkpt lat="43.183315" lon="-1.670229">
        <ele>93</ele>
      </trkpt>
      <trkpt lat="43.183296" lon="-1.670166">
        <ele>93</ele>
      </trkpt>
      <trkpt lat="43.183131" lon="-1.669465">
        <ele>102</ele>
      </trkpt>
      <trkpt lat="43.183072" lon="-1.669367">
        <ele>104</ele>
      </trkpt>
      <trkpt lat="43.182981" lon="-1.6692849999999999">
        <ele>107</ele>
      </trkpt>
      <trkpt lat="43.182561" lon="-1.6690970000000001">
        <ele>115</ele>
      </trkpt>
      <trkpt lat="43.182424" lon="-1.6689879999999999">
        <ele>117</ele>
      </trkpt>
      <trkpt lat="43.182372" lon="-1.668954">
        <ele>118</ele>
      </trkpt>
      <trkpt lat="43.182248" lon="-1.668747">
        <ele>123</ele>
      </trkpt>
      <trkpt lat="43.182168" lon="-1.668504">
        <ele>128</ele>
      </trkpt>
      <trkpt lat="43.181946" lon="-1.6684950000000001">
        <ele>126</ele>
      </trkpt>
      <trkpt lat="43.180983" lon="-1.6684589999999999">
        <ele>119</ele>
      </trkpt>
      <trkpt lat="43.180354" lon="-1.668342">
        <ele>120</ele>
      </trkpt>
      <trkpt lat="43.180092" lon="-1.6682520000000001">
        <ele>116</ele>
      </trkpt>
      <trkpt lat="43.179922" lon="-1.668199">
        <ele>113</ele>
      </trkpt>
      <trkpt lat="43.179627" lon="-1.6680189999999999">
        <ele>111</ele>
      </trkpt>
      <trkpt lat="43.179057" lon="-1.6675519999999999">
        <ele>113</ele>
      </trkpt>
      <trkpt lat="43.178802" lon="-1.6673089999999999">
        <ele>116</ele>
      </trkpt>
      <trkpt lat="43.178586" lon="-1.6670210000000001">
        <ele>119</ele>
      </trkpt>
      <trkpt lat="43.178323" lon="-1.6665179999999999">
        <ele>121</ele>
      </trkpt>
      <trkpt lat="43.177924" lon="-1.665683">
        <ele>136</ele>
      </trkpt>
      <trkpt lat="43.177799" lon="-1.665486">
        <ele>142</ele>
      </trkpt>
      <trkpt lat="43.177668" lon="-1.665351">
        <ele>149</ele>
      </trkpt>
      <trkpt lat="43.17742" lon="-1.665233">
        <ele>159</ele>
      </trkpt>
      <trkpt lat="43.177105" lon="-1.6651800000000001">
        <ele>168</ele>
      </trkpt>
      <trkpt lat="43.175946" lon="-1.665351">
        <ele>170</ele>
      </trkpt>
      <trkpt lat="43.175683" lon="-1.6654409999999999">
        <ele>169</ele>
      </trkpt>
      <trkpt lat="43.175474" lon="-1.6655489999999999">
        <ele>171</ele>
      </trkpt>
      <trkpt lat="43.17527" lon="-1.6657379999999999">
        <ele>170</ele>
      </trkpt>
      <trkpt lat="43.175087" lon="-1.6659980000000001">
        <ele>164</ele>
      </trkpt>
      <trkpt lat="43.174871" lon="-1.6663380000000001">
        <ele>161</ele>
      </trkpt>
      <trkpt lat="43.174707" lon="-1.666671">
        <ele>159</ele>
      </trkpt>
      <trkpt lat="43.174615" lon="-1.667049">
        <ele>152</ele>
      </trkpt>
      <trkpt lat="43.174511" lon="-1.6680820000000001">
        <ele>142</ele>
      </trkpt>
      <trkpt lat="43.174478" lon="-1.668612">
        <ele>135</ele>
      </trkpt>
      <trkpt lat="43.174478" lon="-1.668971">
        <ele>131</ele>
      </trkpt>
      <trkpt lat="43.174472" lon="-1.6690149999999999">
        <ele>131</ele>
      </trkpt>
      <trkpt lat="43.174465" lon="-1.6690879999999999">
        <ele>130</ele>
      </trkpt>
      <trkpt lat="43.174511" lon="-1.66916">
        <ele>128</ele>
      </trkpt>
      <trkpt lat="43.174537" lon="-1.6692499999999999">
        <ele>126</ele>
      </trkpt>
      <trkpt lat="43.174557" lon="-1.66934">
        <ele>124</ele>
      </trkpt>
      <trkpt lat="43.174544" lon="-1.669457">
        <ele>123</ele>
      </trkpt>
      <trkpt lat="43.17453" lon="-1.669537">
        <ele>123</ele>
      </trkpt>
      <trkpt lat="43.174485" lon="-1.6696089999999999">
        <ele>123</ele>
      </trkpt>
      <trkpt lat="43.174393" lon="-1.669896">
        <ele>121</ele>
      </trkpt>
      <trkpt lat="43.174295" lon="-1.67021">
        <ele>116</ele>
      </trkpt>
      <trkpt lat="43.174248" lon="-1.6703460000000001">
        <ele>114</ele>
      </trkpt>
      <trkpt lat="43.174216" lon="-1.670426">
        <ele>112</ele>
      </trkpt>
      <trkpt lat="43.174033" lon="-1.671019">
        <ele>108</ele>
      </trkpt>
      <trkpt lat="43.174" lon="-1.671235">
        <ele>109</ele>
      </trkpt>
      <trkpt lat="43.174" lon="-1.671397">
        <ele>110</ele>
      </trkpt>
      <trkpt lat="43.174006" lon="-1.671478">
        <ele>110</ele>
      </trkpt>
      <trkpt lat="43.174124" lon="-1.6722939999999999">
        <ele>119</ele>
      </trkpt>
      <trkpt lat="43.174006" lon="-1.672223">
        <ele>122</ele>
      </trkpt>
      <trkpt lat="43.173915" lon="-1.6721600000000001">
        <ele>123</ele>
      </trkpt>
      <trkpt lat="43.173849" lon="-1.6721600000000001">
        <ele>124</ele>
      </trkpt>
      <trkpt lat="43.17379" lon="-1.672231">
        <ele>128</ele>
      </trkpt>
      <trkpt lat="43.173738" lon="-1.6723399999999999">
        <ele>131</ele>
      </trkpt>
      <trkpt lat="43.173718" lon="-1.6724300000000001">
        <ele>134</ele>
      </trkpt>
      <trkpt lat="43.173718" lon="-1.6725639999999999">
        <ele>136</ele>
      </trkpt>
      <trkpt lat="43.173738" lon="-1.6727529999999999">
        <ele>137</ele>
      </trkpt>
      <trkpt lat="43.173764" lon="-1.6729229999999999">
        <ele>136</ele>
      </trkpt>
      <trkpt lat="43.173784" lon="-1.673122">
        <ele>135</ele>
      </trkpt>
      <trkpt lat="43.173797" lon="-1.673373">
        <ele>135</ele>
      </trkpt>
      <trkpt lat="43.173777" lon="-1.673508">
        <ele>137</ele>
      </trkpt>
      <trkpt lat="43.173751" lon="-1.673678">
        <ele>139</ele>
      </trkpt>
      <trkpt lat="43.173666" lon="-1.673786">
        <ele>142</ele>
      </trkpt>
      <trkpt lat="43.173613" lon="-1.673867">
        <ele>143</ele>
      </trkpt>
      <trkpt lat="43.173502" lon="-1.673948">
        <ele>146</ele>
      </trkpt>
      <trkpt lat="43.173371" lon="-1.6740189999999999">
        <ele>147</ele>
      </trkpt>
      <trkpt lat="43.173259" lon="-1.6740189999999999">
        <ele>149</ele>
      </trkpt>
      <trkpt lat="43.173129" lon="-1.673894">
        <ele>154</ele>
      </trkpt>
      <trkpt lat="43.172958" lon="-1.6737150000000001">
        <ele>160</ele>
      </trkpt>
      <trkpt lat="43.17282" lon="-1.6736249999999999">
        <ele>163</ele>
      </trkpt>
      <trkpt lat="43.172748" lon="-1.673562">
        <ele>164</ele>
      </trkpt>
      <trkpt lat="43.172644" lon="-1.6733910000000001">
        <ele>167</ele>
      </trkpt>
      <trkpt lat="43.172519" lon="-1.6730670000000001">
        <ele>168</ele>
      </trkpt>
      <trkpt lat="43.172447" lon="-1.6729590000000001">
        <ele>169</ele>
      </trkpt>
      <trkpt lat="43.172349" lon="-1.6728069999999999">
        <ele>168</ele>
      </trkpt>
      <trkpt lat="43.172264" lon="-1.6726719999999999">
        <ele>168</ele>
      </trkpt>
      <trkpt lat="43.172028" lon="-1.6724110000000001">
        <ele>167</ele>
      </trkpt>
      <trkpt lat="43.171989" lon="-1.6723939999999999">
        <ele>167</ele>
      </trkpt>
      <trkpt lat="43.171812" lon="-1.6726540000000001">
        <ele>170</ele>
      </trkpt>
      <trkpt lat="43.17168" lon="-1.672493">
        <ele>169</ele>
      </trkpt>
      <trkpt lat="43.171615" lon="-1.6726000000000001">
        <ele>169</ele>
      </trkpt>
      <trkpt lat="43.171563" lon="-1.672636">
        <ele>169</ele>
      </trkpt>
      <trkpt lat="43.171504" lon="-1.672617">
        <ele>169</ele>
      </trkpt>
      <trkpt lat="43.171379" lon="-1.6725099999999999">
        <ele>168</ele>
      </trkpt>
    </trkseg>
  </trk>
</gpx>