<?xml version="1.0" encoding="UTF-8" standalone="yes"?>
<gpx
 version="1.1"
 creator="Generated by MapOut iPhone App. See https://mapout.app"
 xmlns="http://www.topografix.com/GPX/1/1"
 xmlns:xsi="http://www.w3.org/2001/XMLSchema-instance"
 xmlns:gpxx="http://www.garmin.com/xmlschemas/GpxExtensions/v3"
 xmlns:mapout="https://mapout.app/xmlschemas/MapOutExtensions"
 xsi:schemaLocation="http://www.topografix.com/GPX/1/1 https://www.topografix.com/GPX/1/1/gpx.xsd http://www.garmin.com/xmlschemas/GpxExtensions/v3 https://www8.garmin.com/xmlschemas/GpxExtensionsv3.xsd https://mapout.app/xmlschemas/MapOutExtensions https://mapout.app/xmlschemas/MapOutExtensions.xsd">
  <metadata>
    <name>Snowdonia Hiking</name>
    <author><name>iPad</name></author>
    <time>2022-04-10T19:36:20Z</time>
    <bounds minlat="53.06839045918485" minlon="-4.089033968643216" maxlat="53.25945355712378" maxlon="-3.8005477812181159"/>
  </metadata>
  <wpt lat="53.15001893135377" lon="-4.0009755206573328">
    <ele>0</ele>
    <name>Carnedd Dafydd</name>
    <sym>Camping</sym>
    <extensions>
      <mapout:extension>
        <mapout:color>05BB6E</mapout:color>
      </mapout:extension>
    </extensions>
  </wpt>
  <wpt lat="53.09535703029351" lon="-3.9408724049250967">
    <ele>0</ele>
    <name>Garth Farm</name>
    <sym>Camping</sym>
    <extensions>
      <mapout:extension>
        <mapout:color>FFA400</mapout:color>
      </mapout:extension>
    </extensions>
  </wpt>
  <wpt lat="53.25419319891588" lon="-3.9802682428182226">
    <ele>0</ele>
    <name><![CDATA[Platt's Farm]]></name>
    <sym>Camping</sym>
    <extensions>
      <mapout:extension>
        <mapout:color>FFA400</mapout:color>
      </mapout:extension>
    </extensions>
  </wpt>
  <wpt lat="53.06851431854724" lon="-4.0763359607879881">
    <ele>0</ele>
    <name>Yr Wyddfa</name>
    <sym>Triangle</sym>
    <extensions>
      <mapout:extension>
        <mapout:color>05BB6E</mapout:color>
      </mapout:extension>
    </extensions>
  </wpt>
  <wpt lat="53.25437038142475" lon="-3.9781876213917182">
    <ele>0</ele>
    <name>The Village Inn</name>
    <sym>Gas Station</sym>
    <extensions>
      <mapout:extension>
        <mapout:color>FF00D5</mapout:color>
      </mapout:extension>
    </extensions>
  </wpt>
  <wpt lat="53.17885030164789" lon="-3.9388138917978912">
    <ele>0</ele>
    <name>Cwm Dulyn Bothy</name>
    <sym>Building</sym>
    <extensions>
      <mapout:extension>
        <mapout:color>FFA400</mapout:color>
      </mapout:extension>
    </extensions>
  </wpt>
  <wpt lat="53.15986732634984" lon="-3.9701217835109244">
    <ele>0</ele>
    <name>Carnedd Llewelyn</name>
    <sym>Triangle</sym>
    <extensions>
      <mapout:extension>
        <mapout:color>05BB6E</mapout:color>
      </mapout:extension>
    </extensions>
  </wpt>
  <wpt lat="53.10824263304141" lon="-4.084838527754874">
    <ele>0</ele>
    <name>Fronwydyr</name>
    <sym>Building</sym>
    <extensions>
      <mapout:extension>
        <mapout:color>FFA400</mapout:color>
      </mapout:extension>
    </extensions>
  </wpt>
  <wpt lat="53.09339385875778" lon="-3.9430959940383028">
    <ele>0</ele>
    <name>Anabasis Hut</name>
    <sym>Building</sym>
    <extensions>
      <mapout:extension>
        <mapout:color>FFA400</mapout:color>
      </mapout:extension>
    </extensions>
  </wpt>
  <wpt lat="53.12383689201152" lon="-4.0212914884465691">
    <ele>0</ele>
    <name>YHA Idwal</name>
    <sym>Camping</sym>
    <extensions>
      <mapout:extension>
        <mapout:color>FFA400</mapout:color>
      </mapout:extension>
    </extensions>
  </wpt>
  <wpt lat="53.10503096526004" lon="-4.0815810318705115">
    <ele>0</ele>
    <name><![CDATA[Pritchard's Campsite]]></name>
    <sym>Camping</sym>
    <extensions>
      <mapout:extension>
        <mapout:color>FFA400</mapout:color>
      </mapout:extension>
    </extensions>
  </wpt>
  <wpt lat="53.12189287307455" lon="-3.9682801628136106">
    <ele>0</ele>
    <name>ULMC Caseg Fraith Hut</name>
    <sym>Building</sym>
    <extensions>
      <mapout:extension>
        <mapout:color>FFA400</mapout:color>
      </mapout:extension>
    </extensions>
  </wpt>
  <wpt lat="53.09810268979759" lon="-3.8771993096974495">
    <ele>0</ele>
    <name>Dolgam Campsite</name>
    <sym>Camping</sym>
    <extensions>
      <mapout:extension>
        <mapout:color>FFA400</mapout:color>
      </mapout:extension>
    </extensions>
  </wpt>
  <wpt lat="53.06839045918485" lon="-4.089033968643216">
    <ele>0</ele>
    <name>Cwm Clogwyn</name>
    <sym>Camping</sym>
    <extensions>
      <mapout:extension>
        <mapout:color>05BB6E</mapout:color>
      </mapout:extension>
    </extensions>
  </wpt>
  <wpt lat="53.09266616340529" lon="-3.8005477812181159">
    <ele>0</ele>
    <name>Betws-y-Coed</name>
    <sym>Exit</sym>
    <extensions>
      <mapout:extension>
        <mapout:color>00C7B6</mapout:color>
      </mapout:extension>
    </extensions>
  </wpt>
  <wpt lat="53.10187363323372" lon="-4.0290220451354015">
    <ele>0</ele>
    <name>Glyder Fawr</name>
    <sym>Triangle</sym>
    <extensions>
      <mapout:extension>
        <mapout:color>05BB6E</mapout:color>
      </mapout:extension>
    </extensions>
  </wpt>
  <wpt lat="53.25891540935589" lon="-3.9795053885012894">
    <ele>0</ele>
    <name>Min y Don Guest House</name>
    <sym>Lodging</sym>
    <extensions>
      <mapout:extension>
        <mapout:color>FFA400</mapout:color>
      </mapout:extension>
    </extensions>
  </wpt>
  <wpt lat="53.18309380885106" lon="-3.9445046796224918">
    <ele>0</ele>
    <name>Wild Camping</name>
    <sym>Camping</sym>
    <extensions>
      <mapout:extension>
        <mapout:color>01D101</mapout:color>
      </mapout:extension>
    </extensions>
  </wpt>
  <wpt lat="53.19479523030203" lon="-3.9501396569661522">
    <ele>0</ele>
    <name>Shelter</name>
    <sym>Tunnel</sym>
    <extensions>
      <mapout:extension>
        <mapout:color>FFA400</mapout:color>
      </mapout:extension>
    </extensions>
  </wpt>
  <wpt lat="53.10450805524651" lon="-4.0805891315673">
    <ele>0</ele>
    <name>Nant Peris</name>
    <sym>Circle</sym>
    <extensions>
      <mapout:extension>
        <mapout:color>0054FF</mapout:color>
      </mapout:extension>
    </extensions>
  </wpt>
  <wpt lat="53.12451759964825" lon="-3.985169048849611">
    <ele>0</ele>
    <name>Gwern gof Uchaf Campsite</name>
    <sym>Camping</sym>
    <extensions>
      <mapout:extension>
        <mapout:color>FFA400</mapout:color>
      </mapout:extension>
    </extensions>
  </wpt>
  <wpt lat="53.08053620104659" lon="-4.0208486959340712">
    <ele>0</ele>
    <name>Pen-y-Pass</name>
    <sym>Circle</sym>
    <extensions>
      <mapout:extension>
        <mapout:color>0054FF</mapout:color>
      </mapout:extension>
    </extensions>
  </wpt>
  <wpt lat="53.15597443464966" lon="-3.9250028380042457">
    <ele>0</ele>
    <name>Cwm Eigiau Cottage</name>
    <sym>Building</sym>
    <extensions>
      <mapout:extension>
        <mapout:color>FFA400</mapout:color>
      </mapout:extension>
    </extensions>
  </wpt>
  <wpt lat="53.15614560374838" lon="-3.9245381972875237">
    <ele>0</ele>
    <name>Cwm Eigiau</name>
    <sym>Camping</sym>
    <extensions>
      <mapout:extension>
        <mapout:color>05BB6E</mapout:color>
      </mapout:extension>
    </extensions>
  </wpt>
  <wpt lat="53.25697362850229" lon="-3.9831130675899602">
    <ele>0</ele>
    <name>Llanfairfechan</name>
    <sym>Exit</sym>
    <extensions>
      <mapout:extension>
        <mapout:color>00C7B6</mapout:color>
      </mapout:extension>
    </extensions>
  </wpt>
  <trk>
    <name>Day 3 - Snowdon</name>
    <extensions>
      <gpxx:TrackExtension>
        <gpxx:DisplayColor>Red</gpxx:DisplayColor>
      </gpxx:TrackExtension>
    </extensions>
    <trkseg>
      <trkpt lat="53.10446039234026" lon="-4.0839313845186123">
        <ele>0</ele>
      </trkpt>
      <trkpt lat="53.10432195308031" lon="-4.0840434865535036">
        <ele>0</ele>
      </trkpt>
      <trkpt lat="53.1042885752432" lon="-4.0840911691779551">
        <ele>0</ele>
      </trkpt>
      <trkpt lat="53.10409498378792" lon="-4.0844402059889413">
        <ele>0</ele>
      </trkpt>
      <trkpt lat="53.10385657066566" lon="-4.0849227541483915">
        <ele>0</ele>
      </trkpt>
      <trkpt lat="53.1037659736792" lon="-4.0852059889376342">
        <ele>0</ele>
      </trkpt>
      <trkpt lat="53.10370207896244" lon="-4.0854806408544757">
        <ele>0</ele>
      </trkpt>
      <trkpt lat="53.1036534426855" lon="-4.0855874499332474">
        <ele>0</ele>
      </trkpt>
      <trkpt lat="53.10361529658594" lon="-4.0861615487316456">
        <ele>0</ele>
      </trkpt>
      <trkpt lat="53.10353423612437" lon="-4.0863980545489254">
        <ele>0</ele>
      </trkpt>
      <trkpt lat="53.10337020789625" lon="-4.0867842838069839">
        <ele>0</ele>
      </trkpt>
      <trkpt lat="53.10327579629984" lon="-4.0869750143047909">
        <ele>0</ele>
      </trkpt>
      <trkpt lat="53.10327579629984" lon="-4.0869750143047909">
        <ele>0</ele>
      </trkpt>
      <trkpt lat="53.10323288193783" lon="-4.087072286858672">
        <ele>0</ele>
      </trkpt>
      <trkpt lat="53.10318996757583" lon="-4.0871695594125539">
        <ele>0</ele>
      </trkpt>
      <trkpt lat="53.10318996757583" lon="-4.0871695594125539">
        <ele>0</ele>
      </trkpt>
      <trkpt lat="53.10318233835591" lon="-4.0871895861148229">
        <ele>0</ele>
      </trkpt>
      <trkpt lat="53.10318424566089" lon="-4.0872134274270486">
        <ele>0</ele>
      </trkpt>
      <trkpt lat="53.10318424566089" lon="-4.0872134274270486">
        <ele>0</ele>
      </trkpt>
      <trkpt lat="53.1031661262636" lon="-4.0872048445546474">
        <ele>0</ele>
      </trkpt>
      <trkpt lat="53.10313465573147" lon="-4.0871619301926412">
        <ele>0</ele>
      </trkpt>
      <trkpt lat="53.10305836353234" lon="-4.0871218767881015">
        <ele>0</ele>
      </trkpt>
      <trkpt lat="53.10298207133322" lon="-4.0870808697310732">
        <ele>0</ele>
      </trkpt>
      <trkpt lat="53.10295632271602" lon="-4.0870579820713369">
        <ele>0</ele>
      </trkpt>
      <trkpt lat="53.10290959374405" lon="-4.0869902727446155">
        <ele>0</ele>
      </trkpt>
      <trkpt lat="53.10285809650964" lon="-4.086973106999813">
        <ele>0</ele>
      </trkpt>
      <trkpt lat="53.10282185771506" lon="-4.0869378218577186">
        <ele>0</ele>
      </trkpt>
      <trkpt lat="53.10278561892048" lon="-4.0869359145527406">
        <ele>0</ele>
      </trkpt>
      <trkpt lat="53.10273984360101" lon="-4.0869492656875872">
        <ele>0</ele>
      </trkpt>
      <trkpt lat="53.10270455845891" lon="-4.0869349609002512">
        <ele>0</ele>
      </trkpt>
      <trkpt lat="53.10264352469962" lon="-4.0868567613961506">
        <ele>0</ele>
      </trkpt>
      <trkpt lat="53.10259012016023" lon="-4.0868653442685519">
        <ele>0</ele>
      </trkpt>
      <trkpt lat="53.10250810604617" lon="-4.0868224299065457">
        <ele>0</ele>
      </trkpt>
      <trkpt lat="53.10246519168416" lon="-4.086748045012401">
        <ele>0</ele>
      </trkpt>
      <trkpt lat="53.10242323097464" lon="-4.0866727064657669">
        <ele>0</ele>
      </trkpt>
      <trkpt lat="53.10234121686059" lon="-4.0863799351516343">
        <ele>0</ele>
      </trkpt>
      <trkpt lat="53.10230307076103" lon="-4.0862702651153953">
        <ele>0</ele>
      </trkpt>
      <trkpt lat="53.10226492466147" lon="-4.0861605950791562">
        <ele>0</ele>
      </trkpt>
      <trkpt lat="53.10214953271029" lon="-4.0858973869921833">
        <ele>0</ele>
      </trkpt>
      <trkpt lat="53.10203127980165" lon="-4.0854815945069651">
        <ele>0</ele>
      </trkpt>
      <trkpt lat="53.10164028228115" lon="-4.0848378790768676">
        <ele>0</ele>
      </trkpt>
      <trkpt lat="53.10139042532902" lon="-4.0845699027274494">
        <ele>0</ele>
      </trkpt>
      <trkpt lat="53.10114438298685" lon="-4.0843333969101696">
        <ele>0</ele>
      </trkpt>
      <trkpt lat="53.10083158497045" lon="-4.0841378981499172">
        <ele>0</ele>
      </trkpt>
      <trkpt lat="53.10074575624644" lon="-4.0840186915887884">
        <ele>0</ele>
      </trkpt>
      <trkpt lat="53.10065992752242" lon="-4.0838994850276595">
        <ele>0</ele>
      </trkpt>
      <trkpt lat="53.10039671943545" lon="-4.0838432195308068">
        <ele>0</ele>
      </trkpt>
      <trkpt lat="53.10032519549878" lon="-4.0837278275796338">
        <ele>0</ele>
      </trkpt>
      <trkpt lat="53.10025367156209" lon="-4.08361243562846">
        <ele>0</ele>
      </trkpt>
      <trkpt lat="53.10013923326341" lon="-4.0835637993515199">
        <ele>0</ele>
      </trkpt>
      <trkpt lat="53.10006961663171" lon="-4.0834846461949299">
        <ele>0</ele>
      </trkpt>
      <trkpt lat="53.10000000000002" lon="-4.0834054930383399">
        <ele>0</ele>
      </trkpt>
      <trkpt lat="53.1" lon="-4.0834054930383399">
        <ele>0</ele>
      </trkpt>
      <trkpt lat="53.09991226397101" lon="-4.0833063131794809">
        <ele>0</ele>
      </trkpt>
      <trkpt lat="53.099826435247" lon="-4.0832719816898759">
        <ele>0</ele>
      </trkpt>
      <trkpt lat="53.09956322716003" lon="-4.0831880602708406">
        <ele>0</ele>
      </trkpt>
      <trkpt lat="53.09930955559794" lon="-4.0829658592408959">
        <ele>0</ele>
      </trkpt>
      <trkpt lat="53.09909403013542" lon="-4.0827655922181991">
        <ele>0</ele>
      </trkpt>
      <trkpt lat="53.09888136563037" lon="-4.0823574289528928">
        <ele>0</ele>
      </trkpt>
      <trkpt lat="53.0988003051688" lon="-4.0820350944115997">
        <ele>0</ele>
      </trkpt>
      <trkpt lat="53.09872592027465" lon="-4.0819073049780696">
        <ele>0</ele>
      </trkpt>
      <trkpt lat="53.09865630364295" lon="-4.0818567613961507">
        <ele>0</ele>
      </trkpt>
      <trkpt lat="53.09851611672707" lon="-4.0816316994087387">
        <ele>0</ele>
      </trkpt>
      <trkpt lat="53.09846461949266" lon="-4.0815201220675217">
        <ele>0</ele>
      </trkpt>
      <trkpt lat="53.09840644669083" lon="-4.081348464619496">
        <ele>0</ele>
      </trkpt>
      <trkpt lat="53.0982700743849" lon="-4.0811043295823035">
        <ele>0</ele>
      </trkpt>
      <trkpt lat="53.09819759679573" lon="-4.0808325386229294">
        <ele>0</ele>
      </trkpt>
      <trkpt lat="53.09816898722106" lon="-4.0806608811749037">
        <ele>0</ele>
      </trkpt>
      <trkpt lat="53.09815563608621" lon="-4.0803223345412967">
        <ele>0</ele>
      </trkpt>
      <trkpt lat="53.09811748998665" lon="-4.0800000000000036">
        <ele>0</ele>
      </trkpt>
      <trkpt lat="53.09811748998665" lon="-4.079999999999993">
        <ele>0</ele>
      </trkpt>
      <trkpt lat="53.09811748998665" lon="-4.0799389662406949">
        <ele>0</ele>
      </trkpt>
      <trkpt lat="53.09811748998665" lon="-4.0798769788289082">
        <ele>0</ele>
      </trkpt>
      <trkpt lat="53.09809937058936" lon="-4.0797577722677785">
        <ele>0</ele>
      </trkpt>
      <trkpt lat="53.09804024413504" lon="-4.0794659546061345">
        <ele>0</ele>
      </trkpt>
      <trkpt lat="53.09802593934771" lon="-4.0793486553499836">
        <ele>0</ele>
      </trkpt>
      <trkpt lat="53.09806503909976" lon="-4.0792456608811678">
        <ele>0</ele>
      </trkpt>
      <trkpt lat="53.09810413885181" lon="-4.0791426664123529">
        <ele>0</ele>
      </trkpt>
      <trkpt lat="53.09811653633416" lon="-4.0790358573335812">
        <ele>0</ele>
      </trkpt>
      <trkpt lat="53.09812893381652" lon="-4.0789280946023201">
        <ele>0</ele>
      </trkpt>
      <trkpt lat="53.09814991417128" lon="-4.0788527560556869">
        <ele>0</ele>
      </trkpt>
      <trkpt lat="53.09817089452604" lon="-4.0787764638565642">
        <ele>0</ele>
      </trkpt>
      <trkpt lat="53.09822048445547" lon="-4.0787268739271338">
        <ele>0</ele>
      </trkpt>
      <trkpt lat="53.09825290864009" lon="-4.0786524890329892">
        <ele>0</ele>
      </trkpt>
      <trkpt lat="53.09827198168988" lon="-4.0785580774365755">
        <ele>0</ele>
      </trkpt>
      <trkpt lat="53.09829105473965" lon="-4.078463665840161">
        <ele>0</ele>
      </trkpt>
      <trkpt lat="53.09827388899485" lon="-4.0783978638184175">
        <ele>0</ele>
      </trkpt>
      <trkpt lat="53.09825672325005" lon="-4.0783320617966741">
        <ele>0</ele>
      </trkpt>
      <trkpt lat="53.09820999427809" lon="-4.0782309746328371">
        <ele>0</ele>
      </trkpt>
      <trkpt lat="53.09816326530613" lon="-4.0781298874689993">
        <ele>0</ele>
      </trkpt>
      <trkpt lat="53.09805740987984" lon="-4.0780440587449869">
        <ele>0</ele>
      </trkpt>
      <trkpt lat="53.09795918367347" lon="-4.0780288003051623">
        <ele>0</ele>
      </trkpt>
      <trkpt lat="53.09789433530422" lon="-4.0780316612626288">
        <ele>0</ele>
      </trkpt>
      <trkpt lat="53.09782948693496" lon="-4.0780335685676068">
        <ele>0</ele>
      </trkpt>
      <trkpt lat="53.097782757963" lon="-4.0779391569711931">
        <ele>0</ele>
      </trkpt>
      <trkpt lat="53.09773602899104" lon="-4.0778437917222892">
        <ele>0</ele>
      </trkpt>
      <trkpt lat="53.09772267785619" lon="-4.0777551020408094">
        <ele>0</ele>
      </trkpt>
      <trkpt lat="53.09770932672134" lon="-4.0776654587068402">
        <ele>0</ele>
      </trkpt>
      <trkpt lat="53.09771504863628" lon="-4.0775576959755799">
        <ele>0</ele>
      </trkpt>
      <trkpt lat="53.0977217242037" lon="-4.0774499332443188">
        <ele>0</ele>
      </trkpt>
      <trkpt lat="53.09772935342362" lon="-4.0773793629601309">
        <ele>0</ele>
      </trkpt>
      <trkpt lat="53.09773793629602" lon="-4.0773078390234527">
        <ele>0</ele>
      </trkpt>
      <trkpt lat="53.09772077055121" lon="-4.0772677856189139">
        <ele>0</ele>
      </trkpt>
      <trkpt lat="53.09765115391951" lon="-4.0772410833492208">
        <ele>0</ele>
      </trkpt>
      <trkpt lat="53.0975824909403" lon="-4.0772134274270391">
        <ele>0</ele>
      </trkpt>
      <trkpt lat="53.09746042342171" lon="-4.0772191493419729">
        <ele>0</ele>
      </trkpt>
      <trkpt lat="53.09733835590311" lon="-4.0772248712569068">
        <ele>0</ele>
      </trkpt>
      <trkpt lat="53.0969921800496" lon="-4.0771295060080037">
        <ele>0</ele>
      </trkpt>
      <trkpt lat="53.09666889185581" lon="-4.0767032233454064">
        <ele>0</ele>
      </trkpt>
      <trkpt lat="53.0963742132367" lon="-4.0766545870684654">
        <ele>0</ele>
      </trkpt>
      <trkpt lat="53.09625405302308" lon="-4.0766021361815685">
        <ele>0</ele>
      </trkpt>
      <trkpt lat="53.09613389280946" lon="-4.0765496852946717">
        <ele>0</ele>
      </trkpt>
      <trkpt lat="53.09607095174519" lon="-4.0765144001525773">
        <ele>0</ele>
      </trkpt>
      <trkpt lat="53.09601373259584" lon="-4.0764047301163391">
        <ele>0</ele>
      </trkpt>
      <trkpt lat="53.09597272553881" lon="-4.0762950600801">
        <ele>0</ele>
      </trkpt>
      <trkpt lat="53.09591741369445" lon="-4.0762244897959112">
        <ele>0</ele>
      </trkpt>
      <trkpt lat="53.09586210185009" lon="-4.0761529658592339">
        <ele>0</ele>
      </trkpt>
      <trkpt lat="53.09584207514782" lon="-4.0758926187297284">
        <ele>0</ele>
      </trkpt>
      <trkpt lat="53.09579439252337" lon="-4.0755626549685227">
        <ele>0</ele>
      </trkpt>
      <trkpt lat="53.0957562464238" lon="-4.0754901773793559">
        <ele>0</ele>
      </trkpt>
      <trkpt lat="53.09571810032425" lon="-4.0754167461377007">
        <ele>0</ele>
      </trkpt>
      <trkpt lat="53.0956265496853" lon="-4.0753671562082712">
        <ele>0</ele>
      </trkpt>
      <trkpt lat="53.09555979401107" lon="-4.0753166126263523">
        <ele>0</ele>
      </trkpt>
      <trkpt lat="53.09549303833683" lon="-4.0752651153919439">
        <ele>0</ele>
      </trkpt>
      <trkpt lat="53.09543009727255" lon="-4.0751678428380629">
        <ele>0</ele>
      </trkpt>
      <trkpt lat="53.09536715620828" lon="-4.0750696166316924">
        <ele>0</ele>
      </trkpt>
      <trkpt lat="53.09515067709327" lon="-4.0744125500667492">
        <ele>0</ele>
      </trkpt>
      <trkpt lat="53.09515163074576" lon="-4.0743019263780207">
        <ele>0</ele>
      </trkpt>
      <trkpt lat="53.09518119397292" lon="-4.0740444402059826">
        <ele>0</ele>
      </trkpt>
      <trkpt lat="53.09517737936297" lon="-4.0739547968720133">
        <ele>0</ele>
      </trkpt>
      <trkpt lat="53.0951745184055" lon="-4.0738651535380441">
        <ele>0</ele>
      </trkpt>
      <trkpt lat="53.09512969673851" lon="-4.0737755102040749">
        <ele>0</ele>
      </trkpt>
      <trkpt lat="53.09508582872402" lon="-4.0736858668701057">
        <ele>0</ele>
      </trkpt>
      <trkpt lat="53.0950085828724" lon="-4.0736429525080995">
        <ele>0</ele>
      </trkpt>
      <trkpt lat="53.0949313370208" lon="-4.0736000381460924">
        <ele>0</ele>
      </trkpt>
      <trkpt lat="53.09484264733931" lon="-4.0735828724012899">
        <ele>0</ele>
      </trkpt>
      <trkpt lat="53.09475491131032" lon="-4.0735647530039989">
        <ele>0</ele>
      </trkpt>
      <trkpt lat="53.09464238031661" lon="-4.0735676139614654">
        <ele>0</ele>
      </trkpt>
      <trkpt lat="53.09452984932291" lon="-4.0735704749189328">
        <ele>0</ele>
      </trkpt>
      <trkpt lat="53.09447549113104" lon="-4.0735056265496787">
        <ele>0</ele>
      </trkpt>
      <trkpt lat="53.09444783520885" lon="-4.0733997711233956">
        <ele>0</ele>
      </trkpt>
      <trkpt lat="53.09442017928667" lon="-4.0732939156971133">
        <ele>0</ele>
      </trkpt>
      <trkpt lat="53.09430097272554" lon="-4.0729601373259516">
        <ele>0</ele>
      </trkpt>
      <trkpt lat="53.0942962044631" lon="-4.0724890329963692">
        <ele>0</ele>
      </trkpt>
      <trkpt lat="53.09428476063323" lon="-4.0724051115773348">
        <ele>0</ele>
      </trkpt>
      <trkpt lat="53.09427331680336" lon="-4.0723202365058109">
        <ele>0</ele>
      </trkpt>
      <trkpt lat="53.09427331680336" lon="-4.0723202365058109">
        <ele>0</ele>
      </trkpt>
      <trkpt lat="53.09427427045585" lon="-4.0722563417890454">
        <ele>0</ele>
      </trkpt>
      <trkpt lat="53.09427617776083" lon="-4.0721914934197914">
        <ele>0</ele>
      </trkpt>
      <trkpt lat="53.09427617776083" lon="-4.0721914934197914">
        <ele>0</ele>
      </trkpt>
      <trkpt lat="53.0942962044631" lon="-4.0720894526034641">
        <ele>0</ele>
      </trkpt>
      <trkpt lat="53.09424661453367" lon="-4.0718052641617328">
        <ele>0</ele>
      </trkpt>
      <trkpt lat="53.09423135609384" lon="-4.0715506389471612">
        <ele>0</ele>
      </trkpt>
      <trkpt lat="53.0942351707038" lon="-4.0713951935914485">
        <ele>0</ele>
      </trkpt>
      <trkpt lat="53.09419797825673" lon="-4.0712044630936415">
        <ele>0</ele>
      </trkpt>
      <trkpt lat="53.09421895861148" lon="-4.0709336257867568">
        <ele>0</ele>
      </trkpt>
      <trkpt lat="53.09418844173184" lon="-4.0705521647911436">
        <ele>0</ele>
      </trkpt>
      <trkpt lat="53.09426378027847" lon="-4.069957085637987">
        <ele>0</ele>
      </trkpt>
      <trkpt lat="53.09426568758345" lon="-4.0696671752813209">
        <ele>0</ele>
      </trkpt>
      <trkpt lat="53.09421228304407" lon="-4.069359145527363">
        <ele>0</ele>
      </trkpt>
      <trkpt lat="53.09421609765402" lon="-4.0691607858096441">
        <ele>0</ele>
      </trkpt>
      <trkpt lat="53.09417699790197" lon="-4.0688785046728908">
        <ele>0</ele>
      </trkpt>
      <trkpt lat="53.09423707800877" lon="-4.0685733358764002">
        <ele>0</ele>
      </trkpt>
      <trkpt lat="53.0943047873355" lon="-4.0683654396337907">
        <ele>0</ele>
      </trkpt>
      <trkpt lat="53.09428857524318" lon="-4.0682214381079467">
        <ele>0</ele>
      </trkpt>
      <trkpt lat="53.09428380698074" lon="-4.0680755292771247">
        <ele>0</ele>
      </trkpt>
      <trkpt lat="53.0941913026893" lon="-4.0675433911882442">
        <ele>0</ele>
      </trkpt>
      <trkpt lat="53.09415124928476" lon="-4.0672344077817977">
        <ele>0</ele>
      </trkpt>
      <trkpt lat="53.09400343314896" lon="-4.0670493991989254">
        <ele>0</ele>
      </trkpt>
      <trkpt lat="53.09375834445928" lon="-4.0667013160404277">
        <ele>0</ele>
      </trkpt>
      <trkpt lat="53.09355044821667" lon="-4.0665401487697812">
        <ele>0</ele>
      </trkpt>
      <trkpt lat="53.09334064466908" lon="-4.0663417890520623">
        <ele>0</ele>
      </trkpt>
      <trkpt lat="53.09329773030708" lon="-4.0661186343696292">
        <ele>0</ele>
      </trkpt>
      <trkpt lat="53.09323669654778" lon="-4.0656790005721843">
        <ele>0</ele>
      </trkpt>
      <trkpt lat="53.09281136753767" lon="-4.0649999999999933">
        <ele>0</ele>
      </trkpt>
      <trkpt lat="53.09275510204082" lon="-4.0649704367728328">
        <ele>0</ele>
      </trkpt>
      <trkpt lat="53.09255102040817" lon="-4.0649303833682939">
        <ele>0</ele>
      </trkpt>
      <trkpt lat="53.09238222391761" lon="-4.0646433339690953">
        <ele>0</ele>
      </trkpt>
      <trkpt lat="53.09223154682434" lon="-4.0642037001716504">
        <ele>0</ele>
      </trkpt>
      <trkpt lat="53.09220675185963" lon="-4.0639300019072984">
        <ele>0</ele>
      </trkpt>
      <trkpt lat="53.09209326721343" lon="-4.0637154300972655">
        <ele>0</ele>
      </trkpt>
      <trkpt lat="53.09192733168034" lon="-4.0634741560175405">
        <ele>0</ele>
      </trkpt>
      <trkpt lat="53.09182815182148" lon="-4.0631823383558965">
        <ele>0</ele>
      </trkpt>
      <trkpt lat="53.09178714476445" lon="-4.062972534808309">
        <ele>0</ele>
      </trkpt>
      <trkpt lat="53.09169368682053" lon="-4.0628247186725091">
        <ele>0</ele>
      </trkpt>
      <trkpt lat="53.09152489032996" lon="-4.0624184627121807">
        <ele>0</ele>
      </trkpt>
      <trkpt lat="53.09155540720962" lon="-4.062230593171841">
        <ele>0</ele>
      </trkpt>
      <trkpt lat="53.09162883845127" lon="-4.0618586687011184">
        <ele>0</ele>
      </trkpt>
      <trkpt lat="53.09162883845127" lon="-4.0618586687011184">
        <ele>0</ele>
      </trkpt>
      <trkpt lat="53.09170703795537" lon="-4.0617051306503837">
        <ele>0</ele>
      </trkpt>
      <trkpt lat="53.09177188632463" lon="-4.0616345603661959">
        <ele>0</ele>
      </trkpt>
      <trkpt lat="53.09181289338166" lon="-4.0614276177760757">
        <ele>0</ele>
      </trkpt>
      <trkpt lat="53.09182910547397" lon="-4.0612616822429839">
        <ele>0</ele>
      </trkpt>
      <trkpt lat="53.09182910547397" lon="-4.0611243562845631">
        <ele>0</ele>
      </trkpt>
      <trkpt lat="53.09181289338166" lon="-4.0607600610337524">
        <ele>0</ele>
      </trkpt>
      <trkpt lat="53.09181289338166" lon="-4.0605531184436323">
        <ele>0</ele>
      </trkpt>
      <trkpt lat="53.09183959565135" lon="-4.0601029944688092">
        <ele>0</ele>
      </trkpt>
      <trkpt lat="53.09185103948121" lon="-4.0599999999999934">
        <ele>0</ele>
      </trkpt>
      <trkpt lat="53.09185103948121" lon="-4.0599999999999827">
        <ele>0</ele>
      </trkpt>
      <trkpt lat="53.09188823192829" lon="-4.0596309364867276">
        <ele>0</ele>
      </trkpt>
      <trkpt lat="53.09188918558078" lon="-4.0595622735075167">
        <ele>0</ele>
      </trkpt>
      <trkpt lat="53.09189013923326" lon="-4.0594936105283068">
        <ele>0</ele>
      </trkpt>
      <trkpt lat="53.091870112531" lon="-4.0594259012015854">
        <ele>0</ele>
      </trkpt>
      <trkpt lat="53.09185103948121" lon="-4.0593572382223746">
        <ele>0</ele>
      </trkpt>
      <trkpt lat="53.09181670799161" lon="-4.0592799923707634">
        <ele>0</ele>
      </trkpt>
      <trkpt lat="53.091782376502" lon="-4.0592017928666619">
        <ele>0</ele>
      </trkpt>
      <trkpt lat="53.09174995231738" lon="-4.0590940301354017">
        <ele>0</ele>
      </trkpt>
      <trkpt lat="53.09173564753004" lon="-4.0590301354186362">
        <ele>0</ele>
      </trkpt>
      <trkpt lat="53.09172897196262" lon="-4.0589376311272005">
        <ele>0</ele>
      </trkpt>
      <trkpt lat="53.0917222963952" lon="-4.0588451268357639">
        <ele>0</ele>
      </trkpt>
      <trkpt lat="53.0916955941255" lon="-4.0587554835017947">
        <ele>0</ele>
      </trkpt>
      <trkpt lat="53.09166889185581" lon="-4.058664886515337">
        <ele>0</ele>
      </trkpt>
      <trkpt lat="53.09165744802594" lon="-4.0585885943162143">
        <ele>0</ele>
      </trkpt>
      <trkpt lat="53.0916612626359" lon="-4.0585294678618942">
        <ele>0</ele>
      </trkpt>
      <trkpt lat="53.09168319664315" lon="-4.0584455464428588">
        <ele>0</ele>
      </trkpt>
      <trkpt lat="53.09168319664315" lon="-4.0584455464428588">
        <ele>0</ele>
      </trkpt>
      <trkpt lat="53.09161644096891" lon="-4.0584178905206771">
        <ele>0</ele>
      </trkpt>
      <trkpt lat="53.09151630745757" lon="-4.0584026320808526">
        <ele>0</ele>
      </trkpt>
      <trkpt lat="53.09141617394621" lon="-4.0583864199885396">
        <ele>0</ele>
      </trkpt>
      <trkpt lat="53.09135132557697" lon="-4.0584331489605017">
        <ele>0</ele>
      </trkpt>
      <trkpt lat="53.0912874308602" lon="-4.0584798779324647">
        <ele>0</ele>
      </trkpt>
      <trkpt lat="53.09119683387374" lon="-4.0585657066564771">
        <ele>0</ele>
      </trkpt>
      <trkpt lat="53.09110719053977" lon="-4.0586515353804904">
        <ele>0</ele>
      </trkpt>
      <trkpt lat="53.0910089643334" lon="-4.0587192447072118">
        <ele>0</ele>
      </trkpt>
      <trkpt lat="53.09091073812703" lon="-4.0587860003814438">
        <ele>0</ele>
      </trkpt>
      <trkpt lat="53.09078962426092" lon="-4.0587907686438891">
        <ele>0</ele>
      </trkpt>
      <trkpt lat="53.0907304978066" lon="-4.0587802784665099">
        <ele>0</ele>
      </trkpt>
      <trkpt lat="53.0907047491894" lon="-4.058889948502749">
        <ele>0</ele>
      </trkpt>
      <trkpt lat="53.09067327865726" lon="-4.0589824527941847">
        <ele>0</ele>
      </trkpt>
      <trkpt lat="53.09064180812512" lon="-4.0590749570856213">
        <ele>0</ele>
      </trkpt>
      <trkpt lat="53.09057695975587" lon="-4.059086400915489">
        <ele>0</ele>
      </trkpt>
      <trkpt lat="53.09057219149342" lon="-4.059149341979766">
        <ele>0</ele>
      </trkpt>
      <trkpt lat="53.09056742323098" lon="-4.059212283044042">
        <ele>0</ele>
      </trkpt>
      <trkpt lat="53.0905397673088" lon="-4.0592628266259601">
        <ele>0</ele>
      </trkpt>
      <trkpt lat="53.09049017737937" lon="-4.0592714094983613">
        <ele>0</ele>
      </trkpt>
      <trkpt lat="53.0904787335495" lon="-4.059327674995215">
        <ele>0</ele>
      </trkpt>
      <trkpt lat="53.09045966049972" lon="-4.0593572382223746">
        <ele>0</ele>
      </trkpt>
      <trkpt lat="53.09046442876216" lon="-4.0594325767690087">
        <ele>0</ele>
      </trkpt>
      <trkpt lat="53.09044344840741" lon="-4.0594773984359929">
        <ele>0</ele>
      </trkpt>
      <trkpt lat="53.0904176997902" lon="-4.0594888422658615">
        <ele>0</ele>
      </trkpt>
      <trkpt lat="53.09042723631509" lon="-4.0595336639328456">
        <ele>0</ele>
      </trkpt>
      <trkpt lat="53.09038527560557" lon="-4.0595880221247205">
        <ele>0</ele>
      </trkpt>
      <trkpt lat="53.09039004386802" lon="-4.0596471485790406">
        <ele>0</ele>
      </trkpt>
      <trkpt lat="53.09032614915125" lon="-4.059668128933799">
        <ele>0</ele>
      </trkpt>
      <trkpt lat="53.0902174327675" lon="-4.059619492656859">
        <ele>0</ele>
      </trkpt>
      <trkpt lat="53.09019073049781" lon="-4.059601373259567">
        <ele>0</ele>
      </trkpt>
      <trkpt lat="53.09017261110052" lon="-4.059619492656859">
        <ele>0</ele>
      </trkpt>
      <trkpt lat="53.09017070379554" lon="-4.0596852946786024">
        <ele>0</ele>
      </trkpt>
      <trkpt lat="53.09016975014305" lon="-4.059751096700345">
        <ele>0</ele>
      </trkpt>
      <trkpt lat="53.09015830631319" lon="-4.0598054548922198">
        <ele>0</ele>
      </trkpt>
      <trkpt lat="53.09012778943353" lon="-4.0597968720198185">
        <ele>0</ele>
      </trkpt>
      <trkpt lat="53.09012683578104" lon="-4.0598617203890734">
        <ele>0</ele>
      </trkpt>
      <trkpt lat="53.09012588212855" lon="-4.059925615105838">
        <ele>0</ele>
      </trkpt>
      <trkpt lat="53.09010871638375" lon="-4.0599551783329986">
        <ele>0</ele>
      </trkpt>
      <trkpt lat="53.09010204081633" lon="-4.0599818806026917">
        <ele>0</ele>
      </trkpt>
      <trkpt lat="53.09008582872401" lon="-4.0599923707800709">
        <ele>0</ele>
      </trkpt>
      <trkpt lat="53.09008487507153" lon="-4.0599999999999827">
        <ele>0</ele>
      </trkpt>
      <trkpt lat="53.09008487507153" lon="-4.0599999999999934">
        <ele>0</ele>
      </trkpt>
      <trkpt lat="53.09007438489414" lon="-4.0600600801068021">
        <ele>0</ele>
      </trkpt>
      <trkpt lat="53.09004863627695" lon="-4.0600486362769335">
        <ele>0</ele>
      </trkpt>
      <trkpt lat="53.09003719244708" lon="-4.0600972725538744">
        <ele>0</ele>
      </trkpt>
      <trkpt lat="53.09003623879459" lon="-4.0601802403204204">
        <ele>0</ele>
      </trkpt>
      <trkpt lat="53.09" lon="-4.0602317375548278">
        <ele>0</ele>
      </trkpt>
      <trkpt lat="53.08998760251765" lon="-4.0602689300019001">
        <ele>0</ele>
      </trkpt>
      <trkpt lat="53.0899828342552" lon="-4.0603204272363085">
        <ele>0</ele>
      </trkpt>
      <trkpt lat="53.08993419797826" lon="-4.0604377264924594">
        <ele>0</ele>
      </trkpt>
      <trkpt lat="53.0898874690063" lon="-4.0604777798969991">
        <ele>0</ele>
      </trkpt>
      <trkpt lat="53.08986648865154" lon="-4.0605130650390926">
        <ele>0</ele>
      </trkpt>
      <trkpt lat="53.0898521838642" lon="-4.0605130650390926">
        <ele>0</ele>
      </trkpt>
      <trkpt lat="53.08983597177189" lon="-4.0605235552164727">
        <ele>0</ele>
      </trkpt>
      <trkpt lat="53.08983311081442" lon="-4.0605721914934128">
        <ele>0</ele>
      </trkpt>
      <trkpt lat="53.08979115010491" lon="-4.060593171848172">
        <ele>0</ele>
      </trkpt>
      <trkpt lat="53.0897654014877" lon="-4.0606389471676456">
        <ele>0</ele>
      </trkpt>
      <trkpt lat="53.08975586496281" lon="-4.060692351707031">
        <ele>0</ele>
      </trkpt>
      <trkpt lat="53.08976158687774" lon="-4.0607514781613512">
        <ele>0</ele>
      </trkpt>
      <trkpt lat="53.0897568186153" lon="-4.0608296776654518">
        <ele>0</ele>
      </trkpt>
      <trkpt lat="53.08974728209041" lon="-4.0609116917795083">
        <ele>0</ele>
      </trkpt>
      <trkpt lat="53.08973774556552" lon="-4.0609927522410763">
        <ele>0</ele>
      </trkpt>
      <trkpt lat="53.08972534808316" lon="-4.0610566469578417">
        <ele>0</ele>
      </trkpt>
      <trkpt lat="53.08971390425329" lon="-4.0611195880221178">
        <ele>0</ele>
      </trkpt>
      <trkpt lat="53.08969959946596" lon="-4.0611062368872712">
        <ele>0</ele>
      </trkpt>
      <trkpt lat="53.08967957276369" lon="-4.0611081441922492">
        <ele>0</ele>
      </trkpt>
      <trkpt lat="53.08962807552928" lon="-4.0610280373831706">
        <ele>0</ele>
      </trkpt>
      <trkpt lat="53.08960709517452" lon="-4.0610785809650896">
        <ele>0</ele>
      </trkpt>
      <trkpt lat="53.08954606141523" lon="-4.0611834827388833">
        <ele>0</ele>
      </trkpt>
      <trkpt lat="53.08949742513828" lon="-4.0611672706465693">
        <ele>0</ele>
      </trkpt>
      <trkpt lat="53.08943639137898" lon="-4.0612426091932035">
        <ele>0</ele>
      </trkpt>
      <trkpt lat="53.08941064276178" lon="-4.0612368872782687">
        <ele>0</ele>
      </trkpt>
      <trkpt lat="53.08939919893191" lon="-4.0612693114628957">
        <ele>0</ele>
      </trkpt>
      <trkpt lat="53.08937249666222" lon="-4.0612750333778305">
        <ele>0</ele>
      </trkpt>
      <trkpt lat="53.08934770169751" lon="-4.0612645432004513">
        <ele>0</ele>
      </trkpt>
      <trkpt lat="53.08932862864773" lon="-4.0612750333778305">
        <ele>0</ele>
      </trkpt>
      <trkpt lat="53.08930383368301" lon="-4.0613045966049901">
        <ele>0</ele>
      </trkpt>
      <trkpt lat="53.08930383368301" lon="-4.0613045966049901">
        <ele>0</ele>
      </trkpt>
      <trkpt lat="53.0892265878314" lon="-4.0613436963570404">
        <ele>0</ele>
      </trkpt>
      <trkpt lat="53.08917890520694" lon="-4.0613074575624575">
        <ele>0</ele>
      </trkpt>
      <trkpt lat="53.08912740797254" lon="-4.0613541865344196">
        <ele>0</ele>
      </trkpt>
      <trkpt lat="53.08904730116346" lon="-4.0614514590883015">
        <ele>0</ele>
      </trkpt>
      <trkpt lat="53.08896814800687" lon="-4.061547777989694">
        <ele>0</ele>
      </trkpt>
      <trkpt lat="53.08887182910548" lon="-4.0616316994087285">
        <ele>0</ele>
      </trkpt>
      <trkpt lat="53.08880507343125" lon="-4.061648865153531">
        <ele>0</ele>
      </trkpt>
      <trkpt lat="53.08875548350181" lon="-4.0616517261109983">
        <ele>0</ele>
      </trkpt>
      <trkpt lat="53.0886868205226" lon="-4.061695594125494">
        <ele>0</ele>
      </trkpt>
      <trkpt lat="53.08861815754339" lon="-4.0617394621399896">
        <ele>0</ele>
      </trkpt>
      <trkpt lat="53.08856093839405" lon="-4.0618043105092436">
        <ele>0</ele>
      </trkpt>
      <trkpt lat="53.08853423612436" lon="-4.0618710661834756">
        <ele>0</ele>
      </trkpt>
      <trkpt lat="53.08850753385467" lon="-4.0619378218577085">
        <ele>0</ele>
      </trkpt>
      <trkpt lat="53.08849132176235" lon="-4.0620122067518531">
        <ele>0</ele>
      </trkpt>
      <trkpt lat="53.08847606332253" lon="-4.0620856379935084">
        <ele>0</ele>
      </trkpt>
      <trkpt lat="53.08800781995041" lon="-4.0630154491703152">
        <ele>0</ele>
      </trkpt>
      <trkpt lat="53.08801831012779" lon="-4.0631012778943285">
        <ele>0</ele>
      </trkpt>
      <trkpt lat="53.08802880030517" lon="-4.0631871066183418">
        <ele>0</ele>
      </trkpt>
      <trkpt lat="53.08799256151059" lon="-4.0635075338546569">
        <ele>0</ele>
      </trkpt>
      <trkpt lat="53.08761205416747" lon="-4.0640816326530542">
        <ele>0</ele>
      </trkpt>
      <trkpt lat="53.08729067327866" lon="-4.0644249475491065">
        <ele>0</ele>
      </trkpt>
      <trkpt lat="53.08723440778181" lon="-4.0644888422658711">
        <ele>0</ele>
      </trkpt>
      <trkpt lat="53.08717814228496" lon="-4.0645527369826366">
        <ele>0</ele>
      </trkpt>
      <trkpt lat="53.08712950600801" lon="-4.0646175853518907">
        <ele>0</ele>
      </trkpt>
      <trkpt lat="53.08708182338356" lon="-4.0646824337211456">
        <ele>0</ele>
      </trkpt>
      <trkpt lat="53.08706751859623" lon="-4.0647434674804437">
        <ele>0</ele>
      </trkpt>
      <trkpt lat="53.08705321380889" lon="-4.0648045012397418">
        <ele>0</ele>
      </trkpt>
      <trkpt lat="53.08701316040435" lon="-4.0648664886515284">
        <ele>0</ele>
      </trkpt>
      <trkpt lat="53.0869740606523" lon="-4.064928476063316">
        <ele>0</ele>
      </trkpt>
      <trkpt lat="53.08687964905589" lon="-4.0649809269502128">
        <ele>0</ele>
      </trkpt>
      <trkpt lat="53.08681480068663" lon="-4.065092504291429">
        <ele>0</ele>
      </trkpt>
      <trkpt lat="53.08675090596986" lon="-4.065204081632646">
        <ele>0</ele>
      </trkpt>
      <trkpt lat="53.08675090596986" lon="-4.065204081632646">
        <ele>0</ele>
      </trkpt>
      <trkpt lat="53.08665172611101" lon="-4.0652145718100252">
        <ele>0</ele>
      </trkpt>
      <trkpt lat="53.08610528323479" lon="-4.0651773793629538">
        <ele>0</ele>
      </trkpt>
      <trkpt lat="53.08530612244898" lon="-4.0648989128361555">
        <ele>0</ele>
      </trkpt>
      <trkpt lat="53.0850085828724" lon="-4.0646137707419348">
        <ele>0</ele>
      </trkpt>
      <trkpt lat="53.08481022315468" lon="-4.0644373450314637">
        <ele>0</ele>
      </trkpt>
      <trkpt lat="53.08450219340073" lon="-4.0640482548159387">
        <ele>0</ele>
      </trkpt>
      <trkpt lat="53.08400438680145" lon="-4.0633749761586806">
        <ele>0</ele>
      </trkpt>
      <trkpt lat="53.08395956513447" lon="-4.0627846652679693">
        <ele>0</ele>
      </trkpt>
      <trkpt lat="53.08384989509823" lon="-4.0620551211138594">
        <ele>0</ele>
      </trkpt>
      <trkpt lat="53.0836696547778" lon="-4.0615649437344965">
        <ele>0</ele>
      </trkpt>
      <trkpt lat="53.08355998474156" lon="-4.0614762540530158">
        <ele>0</ele>
      </trkpt>
      <trkpt lat="53.08341121495327" lon="-4.0609345794392455">
        <ele>0</ele>
      </trkpt>
      <trkpt lat="53.08339023459852" lon="-4.0606074766355071">
        <ele>0</ele>
      </trkpt>
      <trkpt lat="53.08340167842839" lon="-4.0602422277322079">
        <ele>0</ele>
      </trkpt>
      <trkpt lat="53.08336162502385" lon="-4.0601344650009468">
        <ele>0</ele>
      </trkpt>
      <trkpt lat="53.08324432576769" lon="-4.0600200267022633">
        <ele>0</ele>
      </trkpt>
      <trkpt lat="53.08319092122831" lon="-4.0599999999999934">
        <ele>0</ele>
      </trkpt>
      <trkpt lat="53.08319092122831" lon="-4.0599999999999827">
        <ele>0</ele>
      </trkpt>
      <trkpt lat="53.08309937058936" lon="-4.0599656685103778">
        <ele>0</ele>
      </trkpt>
      <trkpt lat="53.08302689300019" lon="-4.059893190921211">
        <ele>0</ele>
      </trkpt>
      <trkpt lat="53.08295441541103" lon="-4.0598207133320443">
        <ele>0</ele>
      </trkpt>
      <trkpt lat="53.08284569902728" lon="-4.0597806599275055">
        <ele>0</ele>
      </trkpt>
      <trkpt lat="53.08273698264353" lon="-4.0597406065229658">
        <ele>0</ele>
      </trkpt>
      <trkpt lat="53.08266164409689" lon="-4.0597444211329217">
        <ele>0</ele>
      </trkpt>
      <trkpt lat="53.08258630555026" lon="-4.0597482357428785">
        <ele>0</ele>
      </trkpt>
      <trkpt lat="53.08248521838642" lon="-4.0596309364867276">
        <ele>0</ele>
      </trkpt>
      <trkpt lat="53.08245756246424" lon="-4.0595622735075167">
        <ele>0</ele>
      </trkpt>
      <trkpt lat="53.08243086019455" lon="-4.0594936105283068">
        <ele>0</ele>
      </trkpt>
      <trkpt lat="53.08236219721534" lon="-4.0594402059889205">
        <ele>0</ele>
      </trkpt>
      <trkpt lat="53.08229448788862" lon="-4.0593858477970457">
        <ele>0</ele>
      </trkpt>
      <trkpt lat="53.08200648483693" lon="-4.0589652870493822">
        <ele>0</ele>
      </trkpt>
      <trkpt lat="53.08177951554454" lon="-4.0584741560175299">
        <ele>0</ele>
      </trkpt>
      <trkpt lat="53.08175567423231" lon="-4.0581851993133533">
        <ele>0</ele>
      </trkpt>
      <trkpt lat="53.08162311653633" lon="-4.0575252717909427">
        <ele>0</ele>
      </trkpt>
      <trkpt lat="53.0815744802594" lon="-4.0574299065420387">
        <ele>0</ele>
      </trkpt>
      <trkpt lat="53.08152679763494" lon="-4.0573345412931356">
        <ele>0</ele>
      </trkpt>
      <trkpt lat="53.08145145908831" lon="-4.0572935342361074">
        <ele>0</ele>
      </trkpt>
      <trkpt lat="53.08137707419417" lon="-4.0572515735265897">
        <ele>0</ele>
      </trkpt>
      <trkpt lat="53.08133320617967" lon="-4.0571829105473798">
        <ele>0</ele>
      </trkpt>
      <trkpt lat="53.08128933816518" lon="-4.057114247568169">
        <ele>0</ele>
      </trkpt>
      <trkpt lat="53.08120255578867" lon="-4.0570999427808339">
        <ele>0</ele>
      </trkpt>
      <trkpt lat="53.08111577341217" lon="-4.0570856379934979">
        <ele>0</ele>
      </trkpt>
      <trkpt lat="53.08103566660309" lon="-4.0570074384893973">
        <ele>0</ele>
      </trkpt>
      <trkpt lat="53.08094030135419" lon="-4.0569454510776106">
        <ele>0</ele>
      </trkpt>
      <trkpt lat="53.08085351897769" lon="-4.0569454510776106">
        <ele>0</ele>
      </trkpt>
      <trkpt lat="53.08079534617585" lon="-4.0569702460423249">
        <ele>0</ele>
      </trkpt>
      <trkpt lat="53.08069521266451" lon="-4.0569912263970842">
        <ele>0</ele>
      </trkpt>
      <trkpt lat="53.08061129124548" lon="-4.0569998092694854">
        <ele>0</ele>
      </trkpt>
      <trkpt lat="53.08055884035858" lon="-4.0570827770360314">
        <ele>0</ele>
      </trkpt>
      <trkpt lat="53.08050638947168" lon="-4.0571657448025773">
        <ele>0</ele>
      </trkpt>
      <trkpt lat="53.08045012397483" lon="-4.0571819568948904">
        <ele>0</ele>
      </trkpt>
      <trkpt lat="53.08037573908068" lon="-4.0571438107953295">
        <ele>0</ele>
      </trkpt>
      <trkpt lat="53.08037097081824" lon="-4.0568977684531582">
        <ele>0</ele>
      </trkpt>
      <trkpt lat="53.08039576578295" lon="-4.0565887850467117">
        <ele>0</ele>
      </trkpt>
      <trkpt lat="53.08040244135037" lon="-4.0563103185199143">
        <ele>0</ele>
      </trkpt>
      <trkpt lat="53.08042914362007" lon="-4.0562464238031488">
        <ele>0</ele>
      </trkpt>
      <trkpt lat="53.08045584588976" lon="-4.0561825290863842">
        <ele>0</ele>
      </trkpt>
      <trkpt lat="53.08046824337212" lon="-4.0560995613198383">
        <ele>0</ele>
      </trkpt>
      <trkpt lat="53.08045679954225" lon="-4.0560013351134678">
        <ele>0</ele>
      </trkpt>
      <trkpt lat="53.08043677283998" lon="-4.0559231356093672">
        <ele>0</ele>
      </trkpt>
      <trkpt lat="53.08039004386801" lon="-4.0558268167079747">
        <ele>0</ele>
      </trkpt>
      <trkpt lat="53.08042246805265" lon="-4.0557276368491149">
        <ele>0</ele>
      </trkpt>
      <trkpt lat="53.08036429525082" lon="-4.0556332252527012">
        <ele>0</ele>
      </trkpt>
      <trkpt lat="53.08039290482549" lon="-4.0555922181956721">
        <ele>0</ele>
      </trkpt>
      <trkpt lat="53.0803738317757" lon="-4.0555626549685124">
        <ele>0</ele>
      </trkpt>
      <trkpt lat="53.08034522220103" lon="-4.0554510776272954">
        <ele>0</ele>
      </trkpt>
      <trkpt lat="53.08035857333588" lon="-4.0553576196833703">
        <ele>0</ele>
      </trkpt>
      <trkpt lat="53.08029277131413" lon="-4.0552365058172635">
        <ele>0</ele>
      </trkpt>
      <trkpt lat="53.08029563227161" lon="-4.0551268357810244">
        <ele>0</ele>
      </trkpt>
      <trkpt lat="53.080261300782" lon="-4.0550839214190182">
        <ele>0</ele>
      </trkpt>
      <trkpt lat="53.08018786954035" lon="-4.0550495899294123">
        <ele>0</ele>
      </trkpt>
      <trkpt lat="53.08011539195117" lon="-4.0550152584398074">
        <ele>0</ele>
      </trkpt>
      <trkpt lat="53.08010204081633" lon="-4.054945641808108">
        <ele>0</ele>
      </trkpt>
      <trkpt lat="53.08008964333397" lon="-4.0548750715239192">
        <ele>0</ele>
      </trkpt>
      <trkpt lat="53.08015163074576" lon="-4.0546204463093476">
        <ele>0</ele>
      </trkpt>
      <trkpt lat="53.08007533854664" lon="-4.0545718100324075">
        <ele>0</ele>
      </trkpt>
      <trkpt lat="53.08000000000001" lon="-4.0545222201029771">
        <ele>0</ele>
      </trkpt>
      <trkpt lat="53.07999999999999" lon="-4.0545222201029771">
        <ele>0</ele>
      </trkpt>
      <trkpt lat="53.07982357428952" lon="-4.0543791722296225">
        <ele>0</ele>
      </trkpt>
      <trkpt lat="53.0797034140759" lon="-4.0543019263780105">
        <ele>0</ele>
      </trkpt>
      <trkpt lat="53.07943925233644" lon="-4.0540225061987245">
        <ele>0</ele>
      </trkpt>
      <trkpt lat="53.07894526034713" lon="-4.0535170703795362">
        <ele>0</ele>
      </trkpt>
      <trkpt lat="53.07870303261491" lon="-4.0533215716192847">
        <ele>0</ele>
      </trkpt>
      <trkpt lat="53.07839786381842" lon="-4.0530307076101302">
        <ele>0</ele>
      </trkpt>
      <trkpt lat="53.07830917413694" lon="-4.0529982834255023">
        <ele>0</ele>
      </trkpt>
      <trkpt lat="53.07804787335494" lon="-4.0529362960137156">
        <ele>0</ele>
      </trkpt>
      <trkpt lat="53.07784760633225" lon="-4.0529258058363364">
        <ele>0</ele>
      </trkpt>
      <trkpt lat="53.07754148388327" lon="-4.0528876597367747">
        <ele>0</ele>
      </trkpt>
      <trkpt lat="53.07737650200266" lon="-4.0529849322906566">
        <ele>0</ele>
      </trkpt>
      <trkpt lat="53.07708277703604" lon="-4.0531298874689892">
        <ele>0</ele>
      </trkpt>
      <trkpt lat="53.0769645241274" lon="-4.0532786572572785">
        <ele>0</ele>
      </trkpt>
      <trkpt lat="53.07685676139614" lon="-4.05347415601753">
        <ele>0</ele>
      </trkpt>
      <trkpt lat="53.07685676139614" lon="-4.05347415601753">
        <ele>0</ele>
      </trkpt>
      <trkpt lat="53.07676330345222" lon="-4.0535666603089666">
        <ele>0</ele>
      </trkpt>
      <trkpt lat="53.07667842838069" lon="-4.0538107953461591">
        <ele>0</ele>
      </trkpt>
      <trkpt lat="53.07626835781041" lon="-4.0548235742895118">
        <ele>0</ele>
      </trkpt>
      <trkpt lat="53.07615391951173" lon="-4.0551754720579654">
        <ele>0</ele>
      </trkpt>
      <trkpt lat="53.07593267213426" lon="-4.0557848559984571">
        <ele>0</ele>
      </trkpt>
      <trkpt lat="53.07587354567995" lon="-4.0559641426663955">
        <ele>0</ele>
      </trkpt>
      <trkpt lat="53.07581060461567" lon="-4.0560862101849917">
        <ele>0</ele>
      </trkpt>
      <trkpt lat="53.07578485599847" lon="-4.0563169940873376">
        <ele>0</ele>
      </trkpt>
      <trkpt lat="53.07572668319663" lon="-4.0566259774937841">
        <ele>0</ele>
      </trkpt>
      <trkpt lat="53.07572000762922" lon="-4.0569855044821495">
        <ele>0</ele>
      </trkpt>
      <trkpt lat="53.07568186152965" lon="-4.057256341789035">
        <ele>0</ele>
      </trkpt>
      <trkpt lat="53.07550829677665" lon="-4.0577169559412383">
        <ele>0</ele>
      </trkpt>
      <trkpt lat="53.07547205798206" lon="-4.0580698073621804">
        <ele>0</ele>
      </trkpt>
      <trkpt lat="53.07538336830059" lon="-4.0582529086400747">
        <ele>0</ele>
      </trkpt>
      <trkpt lat="53.07538622925805" lon="-4.0583282471867079">
        <ele>0</ele>
      </trkpt>
      <trkpt lat="53.07541960709517" lon="-4.0584550829677495">
        <ele>0</ele>
      </trkpt>
      <trkpt lat="53.07547396528705" lon="-4.0583997711233852">
        <ele>0</ele>
      </trkpt>
      <trkpt lat="53.07549017737936" lon="-4.0585065802021569">
        <ele>0</ele>
      </trkpt>
      <trkpt lat="53.07544344840739" lon="-4.0585809650963016">
        <ele>0</ele>
      </trkpt>
      <trkpt lat="53.07542437535761" lon="-4.0587364104520143">
        <ele>0</ele>
      </trkpt>
      <trkpt lat="53.07544058744993" lon="-4.0588861338927922">
        <ele>0</ele>
      </trkpt>
      <trkpt lat="53.07544058744993" lon="-4.0588861338927922">
        <ele>0</ele>
      </trkpt>
      <trkpt lat="53.07546156780469" lon="-4.0589757772267614">
        <ele>0</ele>
      </trkpt>
      <trkpt lat="53.07548254815944" lon="-4.0590644669082412">
        <ele>0</ele>
      </trkpt>
      <trkpt lat="53.07548064085447" lon="-4.0591340835399414">
        <ele>0</ele>
      </trkpt>
      <trkpt lat="53.07547873354949" lon="-4.0592027465191514">
        <ele>0</ele>
      </trkpt>
      <trkpt lat="53.07549113103185" lon="-4.0593190921228137">
        <ele>0</ele>
      </trkpt>
      <trkpt lat="53.07551497234407" lon="-4.0594239938966066">
        <ele>0</ele>
      </trkpt>
      <trkpt lat="53.07551878695403" lon="-4.0595432004577363">
        <ele>0</ele>
      </trkpt>
      <trkpt lat="53.07550162120923" lon="-4.0595861148197425">
        <ele>0</ele>
      </trkpt>
      <trkpt lat="53.07550066755674" lon="-4.0596538241464639">
        <ele>0</ele>
      </trkpt>
      <trkpt lat="53.07548350181193" lon="-4.0597282090406086">
        <ele>0</ele>
      </trkpt>
      <trkpt lat="53.07550543581918" lon="-4.0598111768071545">
        <ele>0</ele>
      </trkpt>
      <trkpt lat="53.07552832347892" lon="-4.059893190921211">
        <ele>0</ele>
      </trkpt>
      <trkpt lat="53.07551687964905" lon="-4.0599999999999827">
        <ele>0</ele>
      </trkpt>
      <trkpt lat="53.07551687964905" lon="-4.0599999999999934">
        <ele>0</ele>
      </trkpt>
      <trkpt lat="53.0755121113866" lon="-4.060043868014489">
        <ele>0</ele>
      </trkpt>
      <trkpt lat="53.07551115773411" lon="-4.0603890902155184">
        <ele>0</ele>
      </trkpt>
      <trkpt lat="53.07552450886896" lon="-4.0606837688346298">
        <ele>0</ele>
      </trkpt>
      <trkpt lat="53.07547873354949" lon="-4.0608554262826555">
        <ele>0</ele>
      </trkpt>
      <trkpt lat="53.07546347510966" lon="-4.0610537860003744">
        <ele>0</ele>
      </trkpt>
      <trkpt lat="53.07547587259202" lon="-4.061277894335297">
        <ele>0</ele>
      </trkpt>
      <trkpt lat="53.07549685294678" lon="-4.0614247568186084">
        <ele>0</ele>
      </trkpt>
      <trkpt lat="53.07550448216669" lon="-4.0615258439824462">
        <ele>0</ele>
      </trkpt>
      <trkpt lat="53.07550543581918" lon="-4.0616707991607788">
        <ele>0</ele>
      </trkpt>
      <trkpt lat="53.07553690635132" lon="-4.0617995422467983">
        <ele>0</ele>
      </trkpt>
      <trkpt lat="53.07560652298302" lon="-4.062180049589923">
        <ele>0</ele>
      </trkpt>
      <trkpt lat="53.07562464238031" lon="-4.0623488460804813">
        <ele>0</ele>
      </trkpt>
      <trkpt lat="53.07559603280564" lon="-4.0626349418271914">
        <ele>0</ele>
      </trkpt>
      <trkpt lat="53.07563036429524" lon="-4.062792294487882">
        <ele>0</ele>
      </trkpt>
      <trkpt lat="53.07580106809078" lon="-4.0639986648865083">
        <ele>0</ele>
      </trkpt>
      <trkpt lat="53.07592027465191" lon="-4.0645784855998404">
        <ele>0</ele>
      </trkpt>
      <trkpt lat="53.07595269883654" lon="-4.0648359717718794">
        <ele>0</ele>
      </trkpt>
      <trkpt lat="53.07599465954605" lon="-4.0652546252145649">
        <ele>0</ele>
      </trkpt>
      <trkpt lat="53.07605283234788" lon="-4.0655168796490493">
        <ele>0</ele>
      </trkpt>
      <trkpt lat="53.07611100514972" lon="-4.0657104711043228">
        <ele>0</ele>
      </trkpt>
      <trkpt lat="53.07612054167461" lon="-4.0659250429143547">
        <ele>0</ele>
      </trkpt>
      <trkpt lat="53.07608144192255" lon="-4.0662731260728524">
        <ele>0</ele>
      </trkpt>
      <trkpt lat="53.07608334922754" lon="-4.0667909593743969">
        <ele>0</ele>
      </trkpt>
      <trkpt lat="53.07610909784474" lon="-4.0669311462902851">
        <ele>0</ele>
      </trkpt>
      <trkpt lat="53.07610909784474" lon="-4.0671886324623241">
        <ele>0</ele>
      </trkpt>
      <trkpt lat="53.07613770741941" lon="-4.0672906732786505">
        <ele>0</ele>
      </trkpt>
      <trkpt lat="53.07610623688727" lon="-4.0674060652298234">
        <ele>0</ele>
      </trkpt>
      <trkpt lat="53.07613770741941" lon="-4.0675138279610845">
        <ele>0</ele>
      </trkpt>
      <trkpt lat="53.07611577341216" lon="-4.0675748617203826">
        <ele>0</ele>
      </trkpt>
      <trkpt lat="53.07610909784474" lon="-4.0678418844173114">
        <ele>0</ele>
      </trkpt>
      <trkpt lat="53.07614438298683" lon="-4.0679887469006228">
        <ele>0</ele>
      </trkpt>
      <trkpt lat="53.07621113866107" lon="-4.0681003242418399">
        <ele>0</ele>
      </trkpt>
      <trkpt lat="53.07625882128551" lon="-4.0685361434293279">
        <ele>0</ele>
      </trkpt>
      <trkpt lat="53.0762426091932" lon="-4.0687907686438995">
        <ele>0</ele>
      </trkpt>
      <trkpt lat="53.07625214571809" lon="-4.0689824527941951">
        <ele>0</ele>
      </trkpt>
      <trkpt lat="53.07625214571809" lon="-4.0689824527941951">
        <ele>0</ele>
      </trkpt>
      <trkpt lat="53.07625882128551" lon="-4.0691092885752367">
        <ele>0</ele>
      </trkpt>
      <trkpt lat="53.07615105855426" lon="-4.0696671752813209">
        <ele>0</ele>
      </trkpt>
      <trkpt lat="53.07603948121304" lon="-4.0699151249284693">
        <ele>0</ele>
      </trkpt>
      <trkpt lat="53.07596223536143" lon="-4.0701954987602447">
        <ele>0</ele>
      </trkpt>
      <trkpt lat="53.07594030135418" lon="-4.0704386801449486">
        <ele>0</ele>
      </trkpt>
      <trkpt lat="53.07595937440396" lon="-4.0706656494373386">
        <ele>0</ele>
      </trkpt>
      <trkpt lat="53.07591741369444" lon="-4.0709259965668441">
        <ele>0</ele>
      </trkpt>
      <trkpt lat="53.07587163837497" lon="-4.071055693305353">
        <ele>0</ele>
      </trkpt>
      <trkpt lat="53.07589643333969" lon="-4.0712473774556486">
        <ele>0</ele>
      </trkpt>
      <trkpt lat="53.07587545298492" lon="-4.0713551401869088">
        <ele>0</ele>
      </trkpt>
      <trkpt lat="53.07587449933244" lon="-4.071459088308214">
        <ele>0</ele>
      </trkpt>
      <trkpt lat="53.07583158497043" lon="-4.0715468243372044">
        <ele>0</ele>
      </trkpt>
      <trkpt lat="53.07578962426091" lon="-4.0720360480640787">
        <ele>0</ele>
      </trkpt>
      <trkpt lat="53.07576673660117" lon="-4.0721686057600541">
        <ele>0</ele>
      </trkpt>
      <trkpt lat="53.07576673660117" lon="-4.0723793629601301">
        <ele>0</ele>
      </trkpt>
      <trkpt lat="53.0758077436582" lon="-4.0724651916841434">
        <ele>0</ele>
      </trkpt>
      <trkpt lat="53.07579248521838" lon="-4.0725967957276303">
        <ele>0</ele>
      </trkpt>
      <trkpt lat="53.07580965096318" lon="-4.0727465191684082">
        <ele>0</ele>
      </trkpt>
      <trkpt lat="53.07581060461567" lon="-4.0729410642761712">
        <ele>0</ele>
      </trkpt>
      <trkpt lat="53.07583158497043" lon="-4.0731556360862031">
        <ele>0</ele>
      </trkpt>
      <trkpt lat="53.0758077436582" lon="-4.0731995041006988">
        <ele>0</ele>
      </trkpt>
      <trkpt lat="53.07579248521838" lon="-4.0735609383940421">
        <ele>0</ele>
      </trkpt>
      <trkpt lat="53.07587354567995" lon="-4.0737154300972653">
        <ele>0</ele>
      </trkpt>
      <trkpt lat="53.0758344459279" lon="-4.0739643333969031">
        <ele>0</ele>
      </trkpt>
      <trkpt lat="53.07583253862292" lon="-4.0742017928666723">
        <ele>0</ele>
      </trkpt>
      <trkpt lat="53.07574670989891" lon="-4.0746337974442044">
        <ele>0</ele>
      </trkpt>
      <trkpt lat="53.07574670989891" lon="-4.0746337974442044">
        <ele>0</ele>
      </trkpt>
      <trkpt lat="53.07559889376311" lon="-4.0750371924470654">
        <ele>0</ele>
      </trkpt>
      <trkpt lat="53.07555311844363" lon="-4.0752059889376246">
        <ele>0</ele>
      </trkpt>
      <trkpt lat="53.07536238794582" lon="-4.0755588403585667">
        <ele>0</ele>
      </trkpt>
      <trkpt lat="53.07525081060461" lon="-4.0758153728781163">
        <ele>0</ele>
      </trkpt>
      <trkpt lat="53.07516784283806" lon="-4.0760537860003749">
        <ele>0</ele>
      </trkpt>
      <trkpt lat="53.07518596223535" lon="-4.0760757200076227">
        <ele>0</ele>
      </trkpt>
      <trkpt lat="53.07514972344077" lon="-4.076134846461942">
        <ele>0</ele>
      </trkpt>
      <trkpt lat="53.07510680907877" lon="-4.076329391569705">
        <ele>0</ele>
      </trkpt>
      <trkpt lat="53.07497711234026" lon="-4.0767337402250554">
        <ele>0</ele>
      </trkpt>
      <trkpt lat="53.0749294297158" lon="-4.0769044440205917">
        <ele>0</ele>
      </trkpt>
      <trkpt lat="53.07491131031851" lon="-4.0770589357238158">
        <ele>0</ele>
      </trkpt>
      <trkpt lat="53.07480259393476" lon="-4.0772115201220611">
        <ele>0</ele>
      </trkpt>
      <trkpt lat="53.07471962616822" lon="-4.0773602899103496">
        <ele>0</ele>
      </trkpt>
      <trkpt lat="53.07467194354376" lon="-4.077555788670602">
        <ele>0</ele>
      </trkpt>
      <trkpt lat="53.07454606141521" lon="-4.0776597367919063">
        <ele>0</ele>
      </trkpt>
      <trkpt lat="53.07441827198168" lon="-4.0778952889566975">
        <ele>0</ele>
      </trkpt>
      <trkpt lat="53.07418748807934" lon="-4.0781728018310064">
        <ele>0</ele>
      </trkpt>
      <trkpt lat="53.07415887850467" lon="-4.0781995041006986">
        <ele>0</ele>
      </trkpt>
      <trkpt lat="53.07413694449742" lon="-4.0782004577531881">
        <ele>0</ele>
      </trkpt>
      <trkpt lat="53.07409403013541" lon="-4.0783711615487253">
        <ele>0</ele>
      </trkpt>
      <trkpt lat="53.07409403013541" lon="-4.0783711615487253">
        <ele>0</ele>
      </trkpt>
      <trkpt lat="53.07393763112721" lon="-4.0786687011253031">
        <ele>0</ele>
      </trkpt>
      <trkpt lat="53.07379649055883" lon="-4.0788985313751605">
        <ele>0</ele>
      </trkpt>
      <trkpt lat="53.07368968148006" lon="-4.0790186915887778">
        <ele>0</ele>
      </trkpt>
      <trkpt lat="53.07355807743657" lon="-4.0790816326530548">
        <ele>0</ele>
      </trkpt>
      <trkpt lat="53.07350944115964" lon="-4.0791741369444905">
        <ele>0</ele>
      </trkpt>
      <trkpt lat="53.0732948693496" lon="-4.0792923898531308">
        <ele>0</ele>
      </trkpt>
      <trkpt lat="53.07268262445164" lon="-4.0796442876215835">
        <ele>0</ele>
      </trkpt>
      <trkpt lat="53.07268262445164" lon="-4.0796442876215835">
        <ele>0</ele>
      </trkpt>
      <trkpt lat="53.07259012016021" lon="-4.0796719435437661">
        <ele>0</ele>
      </trkpt>
      <trkpt lat="53.07249761586877" lon="-4.0796986458134583">
        <ele>0</ele>
      </trkpt>
      <trkpt lat="53.07242799923707" lon="-4.0797034140759036">
        <ele>0</ele>
      </trkpt>
      <trkpt lat="53.07235933625786" lon="-4.079708182338349">
        <ele>0</ele>
      </trkpt>
      <trkpt lat="53.07228781232119" lon="-4.0796948312035024">
        <ele>0</ele>
      </trkpt>
      <trkpt lat="53.0722162883845" lon="-4.0796814800686558">
        <ele>0</ele>
      </trkpt>
      <trkpt lat="53.07216193019263" lon="-4.0797005531184372">
        <ele>0</ele>
      </trkpt>
      <trkpt lat="53.07211806217813" lon="-4.0797072286858604">
        <ele>0</ele>
      </trkpt>
      <trkpt lat="53.07204081632652" lon="-4.0796776654586999">
        <ele>0</ele>
      </trkpt>
      <trkpt lat="53.07196357047491" lon="-4.0796481022315403">
        <ele>0</ele>
      </trkpt>
      <trkpt lat="53.07188706654117" lon="-4.0796306539659506">
        <ele>0</ele>
      </trkpt>
      <trkpt lat="53.07188706654117" lon="-4.0796306539659506">
        <ele>0</ele>
      </trkpt>
      <trkpt lat="53.07185485409116" lon="-4.0796233072668251">
        <ele>0</ele>
      </trkpt>
      <trkpt lat="53.07179382033186" lon="-4.0795899294297087">
        <ele>0</ele>
      </trkpt>
      <trkpt lat="53.07175853518977" lon="-4.079562273507527">
        <ele>0</ele>
      </trkpt>
      <trkpt lat="53.07171943543772" lon="-4.0795041007056962">
        <ele>0</ele>
      </trkpt>
      <trkpt lat="53.07168128933816" lon="-4.0794659546061345">
        <ele>0</ele>
      </trkpt>
      <trkpt lat="53.0716164409689" lon="-4.07945069616631">
        <ele>0</ele>
      </trkpt>
      <trkpt lat="53.07155254625214" lon="-4.0794106427617711">
        <ele>0</ele>
      </trkpt>
      <trkpt lat="53.07152393667747" lon="-4.0793705893572314">
        <ele>0</ele>
      </trkpt>
      <trkpt lat="53.07145622735074" lon="-4.079337211520115">
        <ele>0</ele>
      </trkpt>
      <trkpt lat="53.07140568376883" lon="-4.0793038336829994">
        <ele>0</ele>
      </trkpt>
      <trkpt lat="53.07135704749189" lon="-4.0792513827961026">
        <ele>0</ele>
      </trkpt>
      <trkpt lat="53.07127026511539" lon="-4.0792170513064967">
        <ele>0</ele>
      </trkpt>
      <trkpt lat="53.0711815754339" lon="-4.0791684150295566">
        <ele>0</ele>
      </trkpt>
      <trkpt lat="53.0711033759298" lon="-4.0791159641426598">
        <ele>0</ele>
      </trkpt>
      <trkpt lat="53.07102517642571" lon="-4.0790625596032735">
        <ele>0</ele>
      </trkpt>
      <trkpt lat="53.0709212283044" lon="-4.078976730879261">
        <ele>0</ele>
      </trkpt>
      <trkpt lat="53.07086496280755" lon="-4.0788756437154232">
        <ele>0</ele>
      </trkpt>
      <trkpt lat="53.07085065802021" lon="-4.0788069807362133">
        <ele>0</ele>
      </trkpt>
      <trkpt lat="53.07083635323288" lon="-4.0787373641045139">
        <ele>0</ele>
      </trkpt>
      <trkpt lat="53.07080774365821" lon="-4.0786763303452158">
        <ele>0</ele>
      </trkpt>
      <trkpt lat="53.07076482929619" lon="-4.0786181575433842">
        <ele>0</ele>
      </trkpt>
      <trkpt lat="53.07068567613961" lon="-4.0785771504863559">
        <ele>0</ele>
      </trkpt>
      <trkpt lat="53.07063227160022" lon="-4.0785094411596345">
        <ele>0</ele>
      </trkpt>
      <trkpt lat="53.07057886706084" lon="-4.0784417318329131">
        <ele>0</ele>
      </trkpt>
      <trkpt lat="53.07057600610337" lon="-4.0783539958039219">
        <ele>0</ele>
      </trkpt>
      <trkpt lat="53.07059221819569" lon="-4.0782805645622666">
        <ele>0</ele>
      </trkpt>
      <trkpt lat="53.07056551592599" lon="-4.0782214381079465">
        <ele>0</ele>
      </trkpt>
      <trkpt lat="53.0704510776273" lon="-4.078236696547771">
        <ele>0</ele>
      </trkpt>
      <trkpt lat="53.07019263780278" lon="-4.0780144955178264">
        <ele>0</ele>
      </trkpt>
      <trkpt lat="53.07012492847606" lon="-4.077977303070754">
        <ele>0</ele>
      </trkpt>
      <trkpt lat="53.07005817280182" lon="-4.0779391569711931">
        <ele>0</ele>
      </trkpt>
      <trkpt lat="53.0699561319855" lon="-4.0778628647720705">
        <ele>0</ele>
      </trkpt>
      <trkpt lat="53.06985409116917" lon="-4.0777865725729479">
        <ele>0</ele>
      </trkpt>
      <trkpt lat="53.06979782567232" lon="-4.077719816898715">
        <ele>0</ele>
      </trkpt>
      <trkpt lat="53.06974156017547" lon="-4.0776521075719936">
        <ele>0</ele>
      </trkpt>
      <trkpt lat="53.06954793421839" lon="-4.0775748947670252">
        <ele>0</ele>
      </trkpt>
      <trkpt lat="53.06954793421839" lon="-4.0775748947670252">
        <ele>0</ele>
      </trkpt>
      <trkpt lat="53.06943066946404" lon="-4.0775281327484194">
        <ele>0</ele>
      </trkpt>
      <trkpt lat="53.06936677474727" lon="-4.0774976158687704">
        <ele>0</ele>
      </trkpt>
      <trkpt lat="53.06930288003051" lon="-4.0774661453366328">
        <ele>0</ele>
      </trkpt>
      <trkpt lat="53.06921228304405" lon="-4.0773555216479043">
        <ele>0</ele>
      </trkpt>
      <trkpt lat="53.06881651726111" lon="-4.0769416364676641">
        <ele>0</ele>
      </trkpt>
      <trkpt lat="53.06880091357044" lon="-4.0769304909743331">
        <ele>0</ele>
      </trkpt>
      <trkpt lat="53.06880091357044" lon="-4.0769304909743331">
        <ele>0</ele>
      </trkpt>
      <trkpt lat="53.06874308601945" lon="-4.0768891855807672">
        <ele>0</ele>
      </trkpt>
      <trkpt lat="53.06871419136473" lon="-4.0768678947825547">
        <ele>0</ele>
      </trkpt>
      <trkpt lat="53.06871419136473" lon="-4.0768678947825547">
        <ele>0</ele>
      </trkpt>
      <trkpt lat="53.06874308601945" lon="-4.0768891855807672">
        <ele>0</ele>
      </trkpt>
      <trkpt lat="53.0688150617682" lon="-4.0769405968298758">
        <ele>0</ele>
      </trkpt>
      <trkpt lat="53.0688150617682" lon="-4.0769405968298758">
        <ele>0</ele>
      </trkpt>
      <trkpt lat="53.06881651726111" lon="-4.0769416364676641">
        <ele>0</ele>
      </trkpt>
      <trkpt lat="53.06921228304405" lon="-4.0773555216479043">
        <ele>0</ele>
      </trkpt>
      <trkpt lat="53.06930288003051" lon="-4.0774661453366328">
        <ele>0</ele>
      </trkpt>
      <trkpt lat="53.06936677474727" lon="-4.0774976158687704">
        <ele>0</ele>
      </trkpt>
      <trkpt lat="53.06943066946404" lon="-4.0775281327484194">
        <ele>0</ele>
      </trkpt>
      <trkpt lat="53.06974156017547" lon="-4.0776521075719936">
        <ele>0</ele>
      </trkpt>
      <trkpt lat="53.06979782567232" lon="-4.077719816898715">
        <ele>0</ele>
      </trkpt>
      <trkpt lat="53.06985409116917" lon="-4.0777865725729479">
        <ele>0</ele>
      </trkpt>
      <trkpt lat="53.0699561319855" lon="-4.0778628647720705">
        <ele>0</ele>
      </trkpt>
      <trkpt lat="53.0699987339796" lon="-4.0778947167302801">
        <ele>0</ele>
      </trkpt>
      <trkpt lat="53.0699987339796" lon="-4.0778947167302801">
        <ele>0</ele>
      </trkpt>
      <trkpt lat="53.07005817280182" lon="-4.0779391569711931">
        <ele>0</ele>
      </trkpt>
      <trkpt lat="53.07012492847606" lon="-4.077977303070754">
        <ele>0</ele>
      </trkpt>
      <trkpt lat="53.07019263780278" lon="-4.0780144955178264">
        <ele>0</ele>
      </trkpt>
      <trkpt lat="53.0704510776273" lon="-4.078236696547771">
        <ele>0</ele>
      </trkpt>
      <trkpt lat="53.07056551592599" lon="-4.0782214381079465">
        <ele>0</ele>
      </trkpt>
      <trkpt lat="53.07059221819569" lon="-4.0782805645622666">
        <ele>0</ele>
      </trkpt>
      <trkpt lat="53.07057600610337" lon="-4.0783539958039219">
        <ele>0</ele>
      </trkpt>
      <trkpt lat="53.07057886706084" lon="-4.0784417318329131">
        <ele>0</ele>
      </trkpt>
      <trkpt lat="53.07063227160022" lon="-4.0785094411596345">
        <ele>0</ele>
      </trkpt>
      <trkpt lat="53.07068567613961" lon="-4.0785771504863559">
        <ele>0</ele>
      </trkpt>
      <trkpt lat="53.07076482929619" lon="-4.0786181575433842">
        <ele>0</ele>
      </trkpt>
      <trkpt lat="53.07080774365821" lon="-4.0786763303452158">
        <ele>0</ele>
      </trkpt>
      <trkpt lat="53.07083635323288" lon="-4.0787373641045139">
        <ele>0</ele>
      </trkpt>
      <trkpt lat="53.07085065802021" lon="-4.0788069807362133">
        <ele>0</ele>
      </trkpt>
      <trkpt lat="53.07086496280755" lon="-4.0788756437154232">
        <ele>0</ele>
      </trkpt>
      <trkpt lat="53.0709212283044" lon="-4.078976730879261">
        <ele>0</ele>
      </trkpt>
      <trkpt lat="53.07102517642571" lon="-4.0790625596032735">
        <ele>0</ele>
      </trkpt>
      <trkpt lat="53.0711033759298" lon="-4.0791159641426598">
        <ele>0</ele>
      </trkpt>
      <trkpt lat="53.0711815754339" lon="-4.0791684150295566">
        <ele>0</ele>
      </trkpt>
      <trkpt lat="53.07127026511539" lon="-4.0792170513064967">
        <ele>0</ele>
      </trkpt>
      <trkpt lat="53.07135704749189" lon="-4.0792513827961026">
        <ele>0</ele>
      </trkpt>
      <trkpt lat="53.07140568376883" lon="-4.0793038336829994">
        <ele>0</ele>
      </trkpt>
      <trkpt lat="53.07145622735074" lon="-4.079337211520115">
        <ele>0</ele>
      </trkpt>
      <trkpt lat="53.07152393667747" lon="-4.0793705893572314">
        <ele>0</ele>
      </trkpt>
      <trkpt lat="53.07155254625214" lon="-4.0794106427617711">
        <ele>0</ele>
      </trkpt>
      <trkpt lat="53.0716164409689" lon="-4.07945069616631">
        <ele>0</ele>
      </trkpt>
      <trkpt lat="53.07168128933816" lon="-4.0794659546061345">
        <ele>0</ele>
      </trkpt>
      <trkpt lat="53.07171943543772" lon="-4.0795041007056962">
        <ele>0</ele>
      </trkpt>
      <trkpt lat="53.07175853518977" lon="-4.079562273507527">
        <ele>0</ele>
      </trkpt>
      <trkpt lat="53.07179382033186" lon="-4.0795899294297087">
        <ele>0</ele>
      </trkpt>
      <trkpt lat="53.07185485409116" lon="-4.0796233072668251">
        <ele>0</ele>
      </trkpt>
      <trkpt lat="53.07190225981174" lon="-4.0796341190978334">
        <ele>0</ele>
      </trkpt>
      <trkpt lat="53.07190225981174" lon="-4.0796341190978334">
        <ele>0</ele>
      </trkpt>
      <trkpt lat="53.07196357047491" lon="-4.0796481022315403">
        <ele>0</ele>
      </trkpt>
      <trkpt lat="53.07204081632652" lon="-4.0796776654586999">
        <ele>0</ele>
      </trkpt>
      <trkpt lat="53.07211806217813" lon="-4.0797072286858604">
        <ele>0</ele>
      </trkpt>
      <trkpt lat="53.07216193019263" lon="-4.0797005531184372">
        <ele>0</ele>
      </trkpt>
      <trkpt lat="53.0722162883845" lon="-4.0796814800686558">
        <ele>0</ele>
      </trkpt>
      <trkpt lat="53.07228781232119" lon="-4.0796948312035024">
        <ele>0</ele>
      </trkpt>
      <trkpt lat="53.07235933625786" lon="-4.079708182338349">
        <ele>0</ele>
      </trkpt>
      <trkpt lat="53.07242799923707" lon="-4.0797034140759036">
        <ele>0</ele>
      </trkpt>
      <trkpt lat="53.07249761586877" lon="-4.0796986458134583">
        <ele>0</ele>
      </trkpt>
      <trkpt lat="53.07259012016021" lon="-4.0796719435437661">
        <ele>0</ele>
      </trkpt>
      <trkpt lat="53.07268262445164" lon="-4.0796442876215835">
        <ele>0</ele>
      </trkpt>
      <trkpt lat="53.07268262445164" lon="-4.0796442876215835">
        <ele>0</ele>
      </trkpt>
      <trkpt lat="53.07268693684212" lon="-4.07961218427024">
        <ele>0</ele>
      </trkpt>
      <trkpt lat="53.07268693684212" lon="-4.07961218427024">
        <ele>0</ele>
      </trkpt>
      <trkpt lat="53.07270837306885" lon="-4.0794526034712879">
        <ele>0</ele>
      </trkpt>
      <trkpt lat="53.07277131413312" lon="-4.0792876215906855">
        <ele>0</ele>
      </trkpt>
      <trkpt lat="53.07308601945451" lon="-4.078818424566081">
        <ele>0</ele>
      </trkpt>
      <trkpt lat="53.07323860385275" lon="-4.0785237459469705">
        <ele>0</ele>
      </trkpt>
      <trkpt lat="53.07336639328628" lon="-4.078137516688912">
        <ele>0</ele>
      </trkpt>
      <trkpt lat="53.07345508296776" lon="-4.0776721342742634">
        <ele>0</ele>
      </trkpt>
      <trkpt lat="53.07350944115964" lon="-4.0773497997329704">
        <ele>0</ele>
      </trkpt>
      <trkpt lat="53.07350944115964" lon="-4.0773497997329704">
        <ele>0</ele>
      </trkpt>
      <trkpt lat="53.07350562654968" lon="-4.0772248712569068">
        <ele>0</ele>
      </trkpt>
      <trkpt lat="53.07341502956322" lon="-4.0768167079916013">
        <ele>0</ele>
      </trkpt>
      <trkpt lat="53.07341598321571" lon="-4.0766078580965024">
        <ele>0</ele>
      </trkpt>
      <trkpt lat="53.07337497615868" lon="-4.0764047301163391">
        <ele>0</ele>
      </trkpt>
      <trkpt lat="53.07335971771886" lon="-4.0763837497615798">
        <ele>0</ele>
      </trkpt>
      <trkpt lat="53.07334159832156" lon="-4.0763799351516239">
        <ele>0</ele>
      </trkpt>
      <trkpt lat="53.07328247186724" lon="-4.0766555407209548">
        <ele>0</ele>
      </trkpt>
      <trkpt lat="53.07319187488078" lon="-4.0770160213618087">
        <ele>0</ele>
      </trkpt>
      <trkpt lat="53.07313560938393" lon="-4.0770999427808441">
        <ele>0</ele>
      </trkpt>
      <trkpt lat="53.07302593934769" lon="-4.0772000762921925">
        <ele>0</ele>
      </trkpt>
      <trkpt lat="53.07290291817661" lon="-4.0772506198741114">
        <ele>0</ele>
      </trkpt>
      <trkpt lat="53.07289147434674" lon="-4.0771352279229385">
        <ele>0</ele>
      </trkpt>
      <trkpt lat="53.07285428189967" lon="-4.076891092885746">
        <ele>0</ele>
      </trkpt>
      <trkpt lat="53.07284188441731" lon="-4.0766164409689045">
        <ele>0</ele>
      </trkpt>
      <trkpt lat="53.07282185771504" lon="-4.0764905588403515">
        <ele>0</ele>
      </trkpt>
      <trkpt lat="53.07272077055121" lon="-4.0760747663551333">
        <ele>0</ele>
      </trkpt>
      <trkpt lat="53.07267022696929" lon="-4.0759679572763616">
        <ele>0</ele>
      </trkpt>
      <trkpt lat="53.07264924661452" lon="-4.0758830822048377">
        <ele>0</ele>
      </trkpt>
      <trkpt lat="53.07261110051497" lon="-4.0758544726301666">
        <ele>0</ele>
      </trkpt>
      <trkpt lat="53.07257390806789" lon="-4.0759116917795088">
        <ele>0</ele>
      </trkpt>
      <trkpt lat="53.0725386229258" lon="-4.0759155063894648">
        <ele>0</ele>
      </trkpt>
      <trkpt lat="53.07251859622353" lon="-4.0758563799351446">
        <ele>0</ele>
      </trkpt>
      <trkpt lat="53.07252717909593" lon="-4.0757467098989064">
        <ele>0</ele>
      </trkpt>
      <trkpt lat="53.07250047682624" lon="-4.0754491703223277">
        <ele>0</ele>
      </trkpt>
      <trkpt lat="53.07252622544344" lon="-4.0751811939729095">
        <ele>0</ele>
      </trkpt>
      <trkpt lat="53.07253099370589" lon="-4.075050543581912">
        <ele>0</ele>
      </trkpt>
      <trkpt lat="53.07249856952126" lon="-4.074793057409873">
        <ele>0</ele>
      </trkpt>
      <trkpt lat="53.07249380125882" lon="-4.0743038336829995">
        <ele>0</ele>
      </trkpt>
      <trkpt lat="53.0725119206561" lon="-4.0741779515544465">
        <ele>0</ele>
      </trkpt>
      <trkpt lat="53.07259012016021" lon="-4.0738813656303572">
        <ele>0</ele>
      </trkpt>
      <trkpt lat="53.07257486172038" lon="-4.073771695594119">
        <ele>0</ele>
      </trkpt>
      <trkpt lat="53.0725472057982" lon="-4.0736915887850396">
        <ele>0</ele>
      </trkpt>
      <trkpt lat="53.07257962998283" lon="-4.0735828724012899">
        <ele>0</ele>
      </trkpt>
      <trkpt lat="53.07257962998283" lon="-4.0735828724012899">
        <ele>0</ele>
      </trkpt>
      <trkpt lat="53.07235838260537" lon="-4.0734274270455781">
        <ele>0</ele>
      </trkpt>
      <trkpt lat="53.07222487125691" lon="-4.0731041388517957">
        <ele>0</ele>
      </trkpt>
      <trkpt lat="53.07230974632843" lon="-4.0730192637802718">
        <ele>0</ele>
      </trkpt>
      <trkpt lat="53.07224203700171" lon="-4.0724575624642316">
        <ele>0</ele>
      </trkpt>
      <trkpt lat="53.0720951745184" lon="-4.0719988556170064">
        <ele>0</ele>
      </trkpt>
      <trkpt lat="53.07214094983787" lon="-4.0717079916078509">
        <ele>0</ele>
      </trkpt>
      <trkpt lat="53.07227541483883" lon="-4.0713713522792228">
        <ele>0</ele>
      </trkpt>
      <trkpt lat="53.07250619874117" lon="-4.0708373068853643">
        <ele>0</ele>
      </trkpt>
      <trkpt lat="53.07255102040816" lon="-4.0707066564943668">
        <ele>0</ele>
      </trkpt>
      <trkpt lat="53.07253480831584" lon="-4.0705750524508799">
        <ele>0</ele>
      </trkpt>
      <trkpt lat="53.0726864390616" lon="-4.0703280564562201">
        <ele>0</ele>
      </trkpt>
      <trkpt lat="53.0726864390616" lon="-4.0703280564562201">
        <ele>0</ele>
      </trkpt>
      <trkpt lat="53.0727036048064" lon="-4.0702126645050472">
        <ele>0</ele>
      </trkpt>
      <trkpt lat="53.07280755292771" lon="-4.0698130841121429">
        <ele>0</ele>
      </trkpt>
      <trkpt lat="53.07281804310509" lon="-4.0697167652107504">
        <ele>0</ele>
      </trkpt>
      <trkpt lat="53.07282853328247" lon="-4.0696204463093579">
        <ele>0</ele>
      </trkpt>
      <trkpt lat="53.07286381842456" lon="-4.0695212664504989">
        <ele>0</ele>
      </trkpt>
      <trkpt lat="53.07290005721914" lon="-4.0694211329391505">
        <ele>0</ele>
      </trkpt>
      <trkpt lat="53.07283330154491" lon="-4.0694497425138207">
        <ele>0</ele>
      </trkpt>
      <trkpt lat="53.07276749952317" lon="-4.0694783520884918">
        <ele>0</ele>
      </trkpt>
      <trkpt lat="53.07271886324622" lon="-4.0694411596414195">
        <ele>0</ele>
      </trkpt>
      <trkpt lat="53.07268453175662" lon="-4.069342933435049">
        <ele>0</ele>
      </trkpt>
      <trkpt lat="53.07265020026701" lon="-4.0692447072286795">
        <ele>0</ele>
      </trkpt>
      <trkpt lat="53.07263780278466" lon="-4.0691798588594246">
        <ele>0</ele>
      </trkpt>
      <trkpt lat="53.07262635895479" lon="-4.0691140568376811">
        <ele>0</ele>
      </trkpt>
      <trkpt lat="53.07263208086972" lon="-4.0690215525462454">
        <ele>0</ele>
      </trkpt>
      <trkpt lat="53.07263875643715" lon="-4.0689290482548088">
        <ele>0</ele>
      </trkpt>
      <trkpt lat="53.07263589547968" lon="-4.0688556170131536">
        <ele>0</ele>
      </trkpt>
      <trkpt lat="53.0726339881747" lon="-4.0687812321190089">
        <ele>0</ele>
      </trkpt>
      <trkpt lat="53.07261205416746" lon="-4.06866202555788">
        <ele>0</ele>
      </trkpt>
      <trkpt lat="53.07259012016021" lon="-4.0685428189967512">
        <ele>0</ele>
      </trkpt>
      <trkpt lat="53.07258344459278" lon="-4.0684484074003366">
        <ele>0</ele>
      </trkpt>
      <trkpt lat="53.07259202746518" lon="-4.0683768834636593">
        <ele>0</ele>
      </trkpt>
      <trkpt lat="53.07258535189776" lon="-4.0683082204844485">
        <ele>0</ele>
      </trkpt>
      <trkpt lat="53.07257962998283" lon="-4.0682395575052386">
        <ele>0</ele>
      </trkpt>
      <trkpt lat="53.07254815945069" lon="-4.0681604043486486">
        <ele>0</ele>
      </trkpt>
      <trkpt lat="53.07254148388326" lon="-4.068082204844548">
        <ele>0</ele>
      </trkpt>
      <trkpt lat="53.07253480831584" lon="-4.0680030516879579">
        <ele>0</ele>
      </trkpt>
      <trkpt lat="53.0725119206561" lon="-4.0679439252336378">
        <ele>0</ele>
      </trkpt>
      <trkpt lat="53.07247091359908" lon="-4.0678857524318071">
        <ele>0</ele>
      </trkpt>
      <trkpt lat="53.07243276749951" lon="-4.067788479877926">
        <ele>0</ele>
      </trkpt>
      <trkpt lat="53.07242132366965" lon="-4.067711234026314">
        <ele>0</ele>
      </trkpt>
      <trkpt lat="53.0724346748045" lon="-4.0676063322525202">
        <ele>0</ele>
      </trkpt>
      <trkpt lat="53.07247091359908" lon="-4.0674871256913914">
        <ele>0</ele>
      </trkpt>
      <trkpt lat="53.07258344459278" lon="-4.0674203700171585">
        <ele>0</ele>
      </trkpt>
      <trkpt lat="53.07259298111767" lon="-4.0673173755483436">
        <ele>0</ele>
      </trkpt>
      <trkpt lat="53.07257676902536" lon="-4.0672353614342862">
        <ele>0</ele>
      </trkpt>
      <trkpt lat="53.07253480831584" lon="-4.0671514400152518">
        <ele>0</ele>
      </trkpt>
      <trkpt lat="53.07248331108143" lon="-4.0671104329582235">
        <ele>0</ele>
      </trkpt>
      <trkpt lat="53.072433721152" lon="-4.0670551211138593">
        <ele>0</ele>
      </trkpt>
      <trkpt lat="53.07237650200266" lon="-4.0670236505817208">
        <ele>0</ele>
      </trkpt>
      <trkpt lat="53.07231832920083" lon="-4.0669187488079279">
        <ele>0</ele>
      </trkpt>
      <trkpt lat="53.072260156399" lon="-4.0668128933816448">
        <ele>0</ele>
      </trkpt>
      <trkpt lat="53.07223917604424" lon="-4.0667127598702963">
        <ele>0</ele>
      </trkpt>
      <trkpt lat="53.07223917604424" lon="-4.0666221628838386">
        <ele>0</ele>
      </trkpt>
      <trkpt lat="53.0722687392714" lon="-4.0665105855426216">
        <ele>0</ele>
      </trkpt>
      <trkpt lat="53.07229830249856" lon="-4.0663980545489151">
        <ele>0</ele>
      </trkpt>
      <trkpt lat="53.07227350753385" lon="-4.0663808888041126">
        <ele>0</ele>
      </trkpt>
      <trkpt lat="53.07227827579629" lon="-4.0663055502574794">
        <ele>0</ele>
      </trkpt>
      <trkpt lat="53.07230879267594" lon="-4.0662883845126769">
        <ele>0</ele>
      </trkpt>
      <trkpt lat="53.07222773221437" lon="-4.0662511920656046">
        <ele>0</ele>
      </trkpt>
      <trkpt lat="53.07225920274652" lon="-4.0661548731642121">
        <ele>0</ele>
      </trkpt>
      <trkpt lat="53.07229067327865" lon="-4.0660576006103311">
        <ele>0</ele>
      </trkpt>
      <trkpt lat="53.072260156399" lon="-4.0659736791912957">
        <ele>0</ele>
      </trkpt>
      <trkpt lat="53.07225920274652" lon="-4.0658926187297277">
        <ele>0</ele>
      </trkpt>
      <trkpt lat="53.07225824909402" lon="-4.0658106046156712">
        <ele>0</ele>
      </trkpt>
      <trkpt lat="53.07226683196642" lon="-4.0657285905016147">
        <ele>0</ele>
      </trkpt>
      <trkpt lat="53.07227541483883" lon="-4.0656465763875573">
        <ele>0</ele>
      </trkpt>
      <trkpt lat="53.07224585161167" lon="-4.0655245088689611">
        <ele>0</ele>
      </trkpt>
      <trkpt lat="53.07212759870303" lon="-4.065250810604609">
        <ele>0</ele>
      </trkpt>
      <trkpt lat="53.07213236696547" lon="-4.0651811939729097">
        <ele>0</ele>
      </trkpt>
      <trkpt lat="53.07213808888041" lon="-4.0651115773412103">
        <ele>0</ele>
      </trkpt>
      <trkpt lat="53.07216002288765" lon="-4.0650104901773725">
        <ele>0</ele>
      </trkpt>
      <trkpt lat="53.07218291054739" lon="-4.0649094030135347">
        <ele>0</ele>
      </trkpt>
      <trkpt lat="53.07218577150486" lon="-4.0648178523745875">
        <ele>0</ele>
      </trkpt>
      <trkpt lat="53.07218958611481" lon="-4.0647263017356403">
        <ele>0</ele>
      </trkpt>
      <trkpt lat="53.07218767880983" lon="-4.0646337974442046">
        <ele>0</ele>
      </trkpt>
      <trkpt lat="53.07218672515734" lon="-4.0645403395002795">
        <ele>0</ele>
      </trkpt>
      <trkpt lat="53.07219149341979" lon="-4.0644716765210687">
        <ele>0</ele>
      </trkpt>
      <trkpt lat="53.07219721533473" lon="-4.0644020598893693">
        <ele>0</ele>
      </trkpt>
      <trkpt lat="53.07218767880983" lon="-4.0643229067327802">
        <ele>0</ele>
      </trkpt>
      <trkpt lat="53.07215811558267" lon="-4.0642571047110367">
        <ele>0</ele>
      </trkpt>
      <trkpt lat="53.072129506008" lon="-4.0641903490368039">
        <ele>0</ele>
      </trkpt>
      <trkpt lat="53.07204081632652" lon="-4.0640978447453682">
        <ele>0</ele>
      </trkpt>
      <trkpt lat="53.07197501430478" lon="-4.064073049780653">
        <ele>0</ele>
      </trkpt>
      <trkpt lat="53.07191016593553" lon="-4.0640473011634493">
        <ele>0</ele>
      </trkpt>
      <trkpt lat="53.07180621781422" lon="-4.0640778180430983">
        <ele>0</ele>
      </trkpt>
      <trkpt lat="53.07172420370016" lon="-4.0641131031851927">
        <ele>0</ele>
      </trkpt>
      <trkpt lat="53.07162311653633" lon="-4.064186534426848">
        <ele>0</ele>
      </trkpt>
      <trkpt lat="53.07155540720961" lon="-4.0642075147816064">
        <ele>0</ele>
      </trkpt>
      <trkpt lat="53.07148769788289" lon="-4.0642275414838762">
        <ele>0</ele>
      </trkpt>
      <trkpt lat="53.07140377646385" lon="-4.064233263398811">
        <ele>0</ele>
      </trkpt>
      <trkpt lat="53.07134465000953" lon="-4.0641789052069361">
        <ele>0</ele>
      </trkpt>
      <trkpt lat="53.07116727064657" lon="-4.0636200648483625">
        <ele>0</ele>
      </trkpt>
      <trkpt lat="53.07083730688537" lon="-4.0628762159069165">
        <ele>0</ele>
      </trkpt>
      <trkpt lat="53.07080488270073" lon="-4.0627741750905901">
        <ele>0</ele>
      </trkpt>
      <trkpt lat="53.07076959755864" lon="-4.062504291436194">
        <ele>0</ele>
      </trkpt>
      <trkpt lat="53.07075147816135" lon="-4.062421323669648">
        <ele>0</ele>
      </trkpt>
      <trkpt lat="53.07073335876406" lon="-4.0623374022506127">
        <ele>0</ele>
      </trkpt>
      <trkpt lat="53.07070474918939" lon="-4.0622687392714028">
        <ele>0</ele>
      </trkpt>
      <trkpt lat="53.07067613961472" lon="-4.0621991226397034">
        <ele>0</ele>
      </trkpt>
      <trkpt lat="53.07064085447262" lon="-4.0621304596604926">
        <ele>0</ele>
      </trkpt>
      <trkpt lat="53.07060652298302" lon="-4.0620617966812826">
        <ele>0</ele>
      </trkpt>
      <trkpt lat="53.07057982071333" lon="-4.0619759679572693">
        <ele>0</ele>
      </trkpt>
      <trkpt lat="53.07056170131603" lon="-4.0618643906160523">
        <ele>0</ele>
      </trkpt>
      <trkpt lat="53.07056742323097" lon="-4.0617814228495064">
        <ele>0</ele>
      </trkpt>
      <trkpt lat="53.0705731451459" lon="-4.0616975014304719">
        <ele>0</ele>
      </trkpt>
      <trkpt lat="53.07065039099751" lon="-4.0613484646194857">
        <ele>0</ele>
      </trkpt>
      <trkpt lat="53.07065611291245" lon="-4.0612464238031594">
        <ele>0</ele>
      </trkpt>
      <trkpt lat="53.07066183482738" lon="-4.061144382986833">
        <ele>0</ele>
      </trkpt>
      <trkpt lat="53.07061987411787" lon="-4.0608344459278971">
        <ele>0</ele>
      </trkpt>
      <trkpt lat="53.07066946404729" lon="-4.0603862292580519">
        <ele>0</ele>
      </trkpt>
      <trkpt lat="53.07075910738126" lon="-4.0599999999999934">
        <ele>0</ele>
      </trkpt>
      <trkpt lat="53.07075910738126" lon="-4.0599999999999827">
        <ele>0</ele>
      </trkpt>
      <trkpt lat="53.07083539958039" lon="-4.0596738508487338">
        <ele>0</ele>
      </trkpt>
      <trkpt lat="53.07131413312988" lon="-4.0581604043486381">
        <ele>0</ele>
      </trkpt>
      <trkpt lat="53.07131413312988" lon="-4.0581604043486381">
        <ele>0</ele>
      </trkpt>
      <trkpt lat="53.0713208086973" lon="-4.0580659927522245">
        <ele>0</ele>
      </trkpt>
      <trkpt lat="53.0713208086973" lon="-4.0580659927522245">
        <ele>0</ele>
      </trkpt>
      <trkpt lat="53.07129029181765" lon="-4.0579544154110074">
        <ele>0</ele>
      </trkpt>
      <trkpt lat="53.07093553309173" lon="-4.0570608430287836">
        <ele>0</ele>
      </trkpt>
      <trkpt lat="53.07070761014685" lon="-4.0565411024222602">
        <ele>0</ele>
      </trkpt>
      <trkpt lat="53.07026225443447" lon="-4.0559183673469219">
        <ele>0</ele>
      </trkpt>
      <trkpt lat="53.07008868968148" lon="-4.0556904444020425">
        <ele>0</ele>
      </trkpt>
      <trkpt lat="53.06993419797825" lon="-4.0555884035857162">
        <ele>0</ele>
      </trkpt>
      <trkpt lat="53.06983883272935" lon="-4.0556484836925257">
        <ele>0</ele>
      </trkpt>
      <trkpt lat="53.0697558649628" lon="-4.0555941255006509">
        <ele>0</ele>
      </trkpt>
      <trkpt lat="53.06969197024603" lon="-4.0554272363150696">
        <ele>0</ele>
      </trkpt>
      <trkpt lat="53.06941350371924" lon="-4.0548369254243584">
        <ele>0</ele>
      </trkpt>
      <trkpt lat="53.06927236315086" lon="-4.0542561510585369">
        <ele>0</ele>
      </trkpt>
      <trkpt lat="53.06913980545489" lon="-4.053847034140742">
        <ele>0</ele>
      </trkpt>
      <trkpt lat="53.06907877169559" lon="-4.0533711615487142">
        <ele>0</ele>
      </trkpt>
      <trkpt lat="53.06900629410642" lon="-4.0530183101277721">
        <ele>0</ele>
      </trkpt>
      <trkpt lat="53.06900152584397" lon="-4.0524518405492866">
        <ele>0</ele>
      </trkpt>
      <trkpt lat="53.06903204272363" lon="-4.0514037764638395">
        <ele>0</ele>
      </trkpt>
      <trkpt lat="53.0691035666603" lon="-4.0510051497234238">
        <ele>0</ele>
      </trkpt>
      <trkpt lat="53.06908258630554" lon="-4.0506522983024817">
        <ele>0</ele>
      </trkpt>
      <trkpt lat="53.06911024222772" lon="-4.0503175662788307">
        <ele>0</ele>
      </trkpt>
      <trkpt lat="53.06906828151821" lon="-4.0491016593553137">
        <ele>0</ele>
      </trkpt>
      <trkpt lat="53.06908258630554" lon="-4.0489500286095579">
        <ele>0</ele>
      </trkpt>
      <trkpt lat="53.06914075910738" lon="-4.0488270074384722">
        <ele>0</ele>
      </trkpt>
      <trkpt lat="53.06922944878885" lon="-4.0487783711615313">
        <ele>0</ele>
      </trkpt>
      <trkpt lat="53.06932862864772" lon="-4.0486791913026723">
        <ele>0</ele>
      </trkpt>
      <trkpt lat="53.06938584779706" lon="-4.0485790577913239">
        <ele>0</ele>
      </trkpt>
      <trkpt lat="53.06945546442876" lon="-4.0484197978256553">
        <ele>0</ele>
      </trkpt>
      <trkpt lat="53.06951840549303" lon="-4.0483101277894162">
        <ele>0</ele>
      </trkpt>
      <trkpt lat="53.06973106999808" lon="-4.0481451459088138">
        <ele>0</ele>
      </trkpt>
      <trkpt lat="53.06989319092122" lon="-4.0479629982834089">
        <ele>0</ele>
      </trkpt>
      <trkpt lat="53.07003337783711" lon="-4.0477913408353823">
        <ele>0</ele>
      </trkpt>
      <trkpt lat="53.07014972344077" lon="-4.0477274461186177">
        <ele>0</ele>
      </trkpt>
      <trkpt lat="53.07027846652679" lon="-4.0476902536715453">
        <ele>0</ele>
      </trkpt>
      <trkpt lat="53.07049876025176" lon="-4.0476101468624659">
        <ele>0</ele>
      </trkpt>
      <trkpt lat="53.07060175472057" lon="-4.0475233644859641">
        <ele>0</ele>
      </trkpt>
      <trkpt lat="53.07073526606904" lon="-4.0472735075338377">
        <ele>0</ele>
      </trkpt>
      <trkpt lat="53.07080679000571" lon="-4.0471066183482565">
        <ele>0</ele>
      </trkpt>
      <trkpt lat="53.07094411596414" lon="-4.0468176616440799">
        <ele>0</ele>
      </trkpt>
      <trkpt lat="53.07106809078771" lon="-4.0466069044440038">
        <ele>0</ele>
      </trkpt>
      <trkpt lat="53.07110051497234" lon="-4.0465306122448812">
        <ele>0</ele>
      </trkpt>
      <trkpt lat="53.07112530993705" lon="-4.0463713522792126">
        <ele>0</ele>
      </trkpt>
      <trkpt lat="53.07113675376692" lon="-4.045794392523347">
        <ele>0</ele>
      </trkpt>
      <trkpt lat="53.07123211901582" lon="-4.0449065420560579">
        <ele>0</ele>
      </trkpt>
      <trkpt lat="53.07128838451268" lon="-4.0445775319473416">
        <ele>0</ele>
      </trkpt>
      <trkpt lat="53.07131413312988" lon="-4.0443524699599296">
        <ele>0</ele>
      </trkpt>
      <trkpt lat="53.07131604043486" lon="-4.0441693686820352">
        <ele>0</ele>
      </trkpt>
      <trkpt lat="53.07129982834255" lon="-4.0440196452412573">
        <ele>0</ele>
      </trkpt>
      <trkpt lat="53.07127407972534" lon="-4.043887087545281">
        <ele>0</ele>
      </trkpt>
      <trkpt lat="53.07128170894525" lon="-4.0437602517642404">
        <ele>0</ele>
      </trkpt>
      <trkpt lat="53.0713036429525" lon="-4.0436009917985718">
        <ele>0</ele>
      </trkpt>
      <trkpt lat="53.07135323288193" lon="-4.0434102613007648">
        <ele>0</ele>
      </trkpt>
      <trkpt lat="53.07155254625214" lon="-4.0429391569711823">
        <ele>0</ele>
      </trkpt>
      <trkpt lat="53.07161167270646" lon="-4.0429305740987811">
        <ele>0</ele>
      </trkpt>
      <trkpt lat="53.07166316994087" lon="-4.043029753957641">
        <ele>0</ele>
      </trkpt>
      <trkpt lat="53.07168796490558" lon="-4.0432014114056667">
        <ele>0</ele>
      </trkpt>
      <trkpt lat="53.07174041579248" lon="-4.0434226587831228">
        <ele>0</ele>
      </trkpt>
      <trkpt lat="53.07185485409116" lon="-4.0437125691397888">
        <ele>0</ele>
      </trkpt>
      <trkpt lat="53.07190444402059" lon="-4.0437955369063339">
        <ele>0</ele>
      </trkpt>
      <trkpt lat="53.0719912263971" lon="-4.0438632462330553">
        <ele>0</ele>
      </trkpt>
      <trkpt lat="53.07209231356093" lon="-4.0438746900629239">
        <ele>0</ele>
      </trkpt>
      <trkpt lat="53.07230211710852" lon="-4.0438394049208295">
        <ele>0</ele>
      </trkpt>
      <trkpt lat="53.0723822239176" lon="-4.0438422658782969">
        <ele>0</ele>
      </trkpt>
      <trkpt lat="53.0724518405493" lon="-4.04386896814799">
        <ele>0</ele>
      </trkpt>
      <trkpt lat="53.07260251764257" lon="-4.0438699218004786">
        <ele>0</ele>
      </trkpt>
      <trkpt lat="53.07266355140186" lon="-4.0438527560556761">
        <ele>0</ele>
      </trkpt>
      <trkpt lat="53.07270932672134" lon="-4.0438155636086037">
        <ele>0</ele>
      </trkpt>
      <trkpt lat="53.0728342551974" lon="-4.0436744230402271">
        <ele>0</ele>
      </trkpt>
      <trkpt lat="53.07306599275223" lon="-4.043433148960502">
        <ele>0</ele>
      </trkpt>
      <trkpt lat="53.07320713332061" lon="-4.0432977303070592">
        <ele>0</ele>
      </trkpt>
      <trkpt lat="53.07329391569711" lon="-4.0431327484264568">
        <ele>0</ele>
      </trkpt>
      <trkpt lat="53.0733473202365" lon="-4.0429181766164239">
        <ele>0</ele>
      </trkpt>
      <trkpt lat="53.07336257867632" lon="-4.0426578294869175">
        <ele>0</ele>
      </trkpt>
      <trkpt lat="53.07344363913789" lon="-4.0425262254434315">
        <ele>0</ele>
      </trkpt>
      <trkpt lat="53.07352660690444" lon="-4.0424203700171484">
        <ele>0</ele>
      </trkpt>
      <trkpt lat="53.07357715048636" lon="-4.0422763684913043">
        <ele>0</ele>
      </trkpt>
      <trkpt lat="53.07356189204653" lon="-4.0420379553690466">
        <ele>0</ele>
      </trkpt>
      <trkpt lat="53.07352374594697" lon="-4.0418214762540359">
        <ele>0</ele>
      </trkpt>
      <trkpt lat="53.07349132176234" lon="-4.041734693877534">
        <ele>0</ele>
      </trkpt>
      <trkpt lat="53.07349132176234" lon="-4.041734693877534">
        <ele>0</ele>
      </trkpt>
      <trkpt lat="53.07344745374785" lon="-4.0416612626358788">
        <ele>0</ele>
      </trkpt>
      <trkpt lat="53.07310127789433" lon="-4.0413217623497824">
        <ele>0</ele>
      </trkpt>
      <trkpt lat="53.07282471867251" lon="-4.0410633225252548">
        <ele>0</ele>
      </trkpt>
      <trkpt lat="53.07282471867251" lon="-4.0410633225252548">
        <ele>0</ele>
      </trkpt>
      <trkpt lat="53.07277703604806" lon="-4.0410118252908473">
        <ele>0</ele>
      </trkpt>
      <trkpt lat="53.07273507533854" lon="-4.0409240892618561">
        <ele>0</ele>
      </trkpt>
      <trkpt lat="53.07269216097653" lon="-4.0407362197215164">
        <ele>0</ele>
      </trkpt>
      <trkpt lat="53.07263494182719" lon="-4.0405473965286882">
        <ele>0</ele>
      </trkpt>
      <trkpt lat="53.07216288384512" lon="-4.0399999999999832">
        <ele>0</ele>
      </trkpt>
      <trkpt lat="53.07216288384512" lon="-4.0400000000000009">
        <ele>0</ele>
      </trkpt>
      <trkpt lat="53.07209994278085" lon="-4.0399265687583457">
        <ele>0</ele>
      </trkpt>
      <trkpt lat="53.07168796490558" lon="-4.0395231737554846">
        <ele>0</ele>
      </trkpt>
      <trkpt lat="53.0714428762159" lon="-4.0394230402441362">
        <ele>0</ele>
      </trkpt>
      <trkpt lat="53.07131699408735" lon="-4.0394659546061424">
        <ele>0</ele>
      </trkpt>
      <trkpt lat="53.07114819759679" lon="-4.0394430669464061">
        <ele>0</ele>
      </trkpt>
      <trkpt lat="53.07089738699217" lon="-4.0394354377264934">
        <ele>0</ele>
      </trkpt>
      <trkpt lat="53.07081537287812" lon="-4.0393839404920859">
        <ele>0</ele>
      </trkpt>
      <trkpt lat="53.07071810032424" lon="-4.0392485218386431">
        <ele>0</ele>
      </trkpt>
      <trkpt lat="53.07066755674231" lon="-4.039120732405113">
        <ele>0</ele>
      </trkpt>
      <trkpt lat="53.0706427617776" lon="-4.0388966240701896">
        <ele>0</ele>
      </trkpt>
      <trkpt lat="53.07067137135227" lon="-4.0385466336067148">
        <ele>0</ele>
      </trkpt>
      <trkpt lat="53.07065420560747" lon="-4.0382109479305752">
        <ele>0</ele>
      </trkpt>
      <trkpt lat="53.07065229830249" lon="-4.0380249856952135">
        <ele>0</ele>
      </trkpt>
      <trkpt lat="53.07059794011062" lon="-4.037653061224491">
        <ele>0</ele>
      </trkpt>
      <trkpt lat="53.07059794011062" lon="-4.037653061224491">
        <ele>0</ele>
      </trkpt>
      <trkpt lat="53.07055311844363" lon="-4.0371056646957859">
        <ele>0</ele>
      </trkpt>
      <trkpt lat="53.07051211138661" lon="-4.0368262445164991">
        <ele>0</ele>
      </trkpt>
      <trkpt lat="53.07050734312416" lon="-4.0367242037001727">
        <ele>0</ele>
      </trkpt>
      <trkpt lat="53.0705035285142" lon="-4.0366221628838463">
        <ele>0</ele>
      </trkpt>
      <trkpt lat="53.07051211138661" lon="-4.0363789814991424">
        <ele>0</ele>
      </trkpt>
      <trkpt lat="53.07052260156399" lon="-4.0362845699027288">
        <ele>0</ele>
      </trkpt>
      <trkpt lat="53.0705817280183" lon="-4.0359059698645821">
        <ele>0</ele>
      </trkpt>
      <trkpt lat="53.07060461567804" lon="-4.0358287240129709">
        <ele>0</ele>
      </trkpt>
      <trkpt lat="53.07062750333778" lon="-4.0357505245088703">
        <ele>0</ele>
      </trkpt>
      <trkpt lat="53.07067041769978" lon="-4.0356532519549884">
        <ele>0</ele>
      </trkpt>
      <trkpt lat="53.07071428571428" lon="-4.0355559794011073">
        <ele>0</ele>
      </trkpt>
      <trkpt lat="53.07079725348083" lon="-4.035439633797445">
        <ele>0</ele>
      </trkpt>
      <trkpt lat="53.07088117489986" lon="-4.0353232881937835">
        <ele>0</ele>
      </trkpt>
      <trkpt lat="53.07095937440396" lon="-4.035228876597369">
        <ele>0</ele>
      </trkpt>
      <trkpt lat="53.07110814419225" lon="-4.0348998664886526">
        <ele>0</ele>
      </trkpt>
      <trkpt lat="53.0711472439443" lon="-4.0348340644669092">
        <ele>0</ele>
      </trkpt>
      <trkpt lat="53.07122830440587" lon="-4.0347339309555608">
        <ele>0</ele>
      </trkpt>
      <trkpt lat="53.07127407972534" lon="-4.0346938775510219">
        <ele>0</ele>
      </trkpt>
      <trkpt lat="53.07130841121494" lon="-4.0346709898912847">
        <ele>0</ele>
      </trkpt>
      <trkpt lat="53.07137421323669" lon="-4.0346566851039496">
        <ele>0</ele>
      </trkpt>
      <trkpt lat="53.07147720770551" lon="-4.0346681289338173">
        <ele>0</ele>
      </trkpt>
      <trkpt lat="53.07157161930192" lon="-4.0346919702460431">
        <ele>0</ele>
      </trkpt>
      <trkpt lat="53.07167556742323" lon="-4.0347024604234232">
        <ele>0</ele>
      </trkpt>
      <trkpt lat="53.07174327674995" lon="-4.0346872019835986">
        <ele>0</ele>
      </trkpt>
      <trkpt lat="53.07181098607667" lon="-4.0346709898912847">
        <ele>0</ele>
      </trkpt>
      <trkpt lat="53.07186439061605" lon="-4.0346528704939928">
        <ele>0</ele>
      </trkpt>
      <trkpt lat="53.07192351707037" lon="-4.0346185390043878">
        <ele>0</ele>
      </trkpt>
      <trkpt lat="53.07195498760251" lon="-4.0345861148197608">
        <ele>0</ele>
      </trkpt>
      <trkpt lat="53.07203127980164" lon="-4.0344659546061425">
        <ele>0</ele>
      </trkpt>
      <trkpt lat="53.07206084302879" lon="-4.0343963379744432">
        <ele>0</ele>
      </trkpt>
      <trkpt lat="53.07207705512111" lon="-4.0343267213427438">
        <ele>0</ele>
      </trkpt>
      <trkpt lat="53.07209326721342" lon="-4.0342561510585551">
        <ele>0</ele>
      </trkpt>
      <trkpt lat="53.07212569139805" lon="-4.0339919893190936">
        <ele>0</ele>
      </trkpt>
      <trkpt lat="53.0721466717528" lon="-4.0338870875452999">
        <ele>0</ele>
      </trkpt>
      <trkpt lat="53.07216765210757" lon="-4.0337821857715062">
        <ele>0</ele>
      </trkpt>
      <trkpt lat="53.07221056646957" lon="-4.0336801449551798">
        <ele>0</ele>
      </trkpt>
      <trkpt lat="53.07224966622162" lon="-4.0336143429334363">
        <ele>0</ele>
      </trkpt>
      <trkpt lat="53.07228876597367" lon="-4.0335475872592035">
        <ele>0</ele>
      </trkpt>
      <trkpt lat="53.07232309746328" lon="-4.0334722487125703">
        <ele>0</ele>
      </trkpt>
      <trkpt lat="53.0723469387755" lon="-4.0334102613007827">
        <ele>0</ele>
      </trkpt>
      <trkpt lat="53.07243658210948" lon="-4.0330812511920664">
        <ele>0</ele>
      </trkpt>
      <trkpt lat="53.07257486172038" lon="-4.0327903871829118">
        <ele>0</ele>
      </trkpt>
      <trkpt lat="53.07260156399008" lon="-4.0327160022887671">
        <ele>0</ele>
      </trkpt>
      <trkpt lat="53.072695021934" lon="-4.032399389662408">
        <ele>0</ele>
      </trkpt>
      <trkpt lat="53.0727388899485" lon="-4.0323087926759502">
        <ele>0</ele>
      </trkpt>
      <trkpt lat="53.07278275796299" lon="-4.0322181956894916">
        <ele>0</ele>
      </trkpt>
      <trkpt lat="53.07292771314133" lon="-4.0317957276368501">
        <ele>0</ele>
      </trkpt>
      <trkpt lat="53.07296395193591" lon="-4.0317060843028809">
        <ele>0</ele>
      </trkpt>
      <trkpt lat="53.07309269502193" lon="-4.0314362006484847">
        <ele>0</ele>
      </trkpt>
      <trkpt lat="53.07313370207896" lon="-4.0313274842647351">
        <ele>0</ele>
      </trkpt>
      <trkpt lat="53.07317566278847" lon="-4.031217814228496">
        <ele>0</ele>
      </trkpt>
      <trkpt lat="53.07321094793057" lon="-4.0311501049017746">
        <ele>0</ele>
      </trkpt>
      <trkpt lat="53.07324718672515" lon="-4.0310823955750532">
        <ele>0</ele>
      </trkpt>
      <trkpt lat="53.07337783711615" lon="-4.0307285905016226">
        <ele>0</ele>
      </trkpt>
      <trkpt lat="53.07342075147815" lon="-4.0306275033377847">
        <ele>0</ele>
      </trkpt>
      <trkpt lat="53.07344554644287" lon="-4.0305559794011074">
        <ele>0</ele>
      </trkpt>
      <trkpt lat="53.07347129506007" lon="-4.0304844554644301">
        <ele>0</ele>
      </trkpt>
      <trkpt lat="53.07361815754339" lon="-4.0300028609574685">
        <ele>0</ele>
      </trkpt>
      <trkpt lat="53.07368586687011" lon="-4.0296442876215917">
        <ele>0</ele>
      </trkpt>
      <trkpt lat="53.07371066183482" lon="-4.0295393858477979">
        <ele>0</ele>
      </trkpt>
      <trkpt lat="53.07380888804119" lon="-4.0292180049589943">
        <ele>0</ele>
      </trkpt>
      <trkpt lat="53.07381747091359" lon="-4.0291293152775136">
        <ele>0</ele>
      </trkpt>
      <trkpt lat="53.07380888804119" lon="-4.0290625596032816">
        <ele>0</ele>
      </trkpt>
      <trkpt lat="53.07380030516879" lon="-4.0289948502765602">
        <ele>0</ele>
      </trkpt>
      <trkpt lat="53.07369063513255" lon="-4.0284798779324822">
        <ele>0</ele>
      </trkpt>
      <trkpt lat="53.07365248903299" lon="-4.0283730688537105">
        <ele>0</ele>
      </trkpt>
      <trkpt lat="53.07361529658592" lon="-4.0282653061224503">
        <ele>0</ele>
      </trkpt>
      <trkpt lat="53.07358096509631" lon="-4.0281890139233276">
        <ele>0</ele>
      </trkpt>
      <trkpt lat="53.07354281899675" lon="-4.0281232119015842">
        <ele>0</ele>
      </trkpt>
      <trkpt lat="53.07349227541483" lon="-4.0280526416173954">
        <ele>0</ele>
      </trkpt>
      <trkpt lat="53.07341312225824" lon="-4.0279620446309377">
        <ele>0</ele>
      </trkpt>
      <trkpt lat="53.07334064466907" lon="-4.027855235552166">
        <ele>0</ele>
      </trkpt>
      <trkpt lat="53.07330249856951" lon="-4.0277713141331306">
        <ele>0</ele>
      </trkpt>
      <trkpt lat="53.07326435246996" lon="-4.0276864390616067">
        <ele>0</ele>
      </trkpt>
      <trkpt lat="53.07323288193781" lon="-4.0276082395575061">
        <ele>0</ele>
      </trkpt>
      <trkpt lat="53.07320236505817" lon="-4.0275300400534055">
        <ele>0</ele>
      </trkpt>
      <trkpt lat="53.07317947739843" lon="-4.0274585161167282">
        <ele>0</ele>
      </trkpt>
      <trkpt lat="53.07315754339118" lon="-4.0273869921800509">
        <ele>0</ele>
      </trkpt>
      <trkpt lat="53.07313751668891" lon="-4.0273087926759503">
        <ele>0</ele>
      </trkpt>
      <trkpt lat="53.0731213045966" lon="-4.0272105664695799">
        <ele>0</ele>
      </trkpt>
      <trkpt lat="53.07310509250429" lon="-4.02711138661072">
        <ele>0</ele>
      </trkpt>
      <trkpt lat="53.07307934388708" lon="-4.0270093457943936">
        <ele>0</ele>
      </trkpt>
      <trkpt lat="53.07305359526988" lon="-4.0269063513255778">
        <ele>0</ele>
      </trkpt>
      <trkpt lat="53.07304024413503" lon="-4.0268376883463679">
        <ele>0</ele>
      </trkpt>
      <trkpt lat="53.07302689300018" lon="-4.0267680717146686">
        <ele>0</ele>
      </trkpt>
      <trkpt lat="53.07298397863818" lon="-4.0264657638756445">
        <ele>0</ele>
      </trkpt>
      <trkpt lat="53.07295918367346" lon="-4.0262168605760076">
        <ele>0</ele>
      </trkpt>
      <trkpt lat="53.07295536906351" lon="-4.0261205416746151">
        <ele>0</ele>
      </trkpt>
      <trkpt lat="53.07295918367346" lon="-4.0260242227732226">
        <ele>0</ele>
      </trkpt>
      <trkpt lat="53.07296299828342" lon="-4.0259269502193415">
        <ele>0</ele>
      </trkpt>
      <trkpt lat="53.07303261491512" lon="-4.0255998474156032">
        <ele>0</ele>
      </trkpt>
      <trkpt lat="53.07306217814228" lon="-4.0255130650391004">
        <ele>0</ele>
      </trkpt>
      <trkpt lat="53.07309269502193" lon="-4.0254262826625986">
        <ele>0</ele>
      </trkpt>
      <trkpt lat="53.07313560938393" lon="-4.0253337783711629">
        <ele>0</ele>
      </trkpt>
      <trkpt lat="53.07317947739843" lon="-4.0252403204272378">
        <ele>0</ele>
      </trkpt>
      <trkpt lat="53.07321476254052" lon="-4.0251478161358012">
        <ele>0</ele>
      </trkpt>
      <trkpt lat="53.07338069807361" lon="-4.0245918367346949">
        <ele>0</ele>
      </trkpt>
      <trkpt lat="53.07339309555597" lon="-4.0245269883654409">
        <ele>0</ele>
      </trkpt>
      <trkpt lat="53.07340644669082" lon="-4.0244621399961868">
        <ele>0</ele>
      </trkpt>
      <trkpt lat="53.07341884417318" lon="-4.0243915697119981">
        <ele>0</ele>
      </trkpt>
      <trkpt lat="53.07342647339309" lon="-4.0243019263780289">
        <ele>0</ele>
      </trkpt>
      <trkpt lat="53.073434102613" lon="-4.0242113293915711">
        <ele>0</ele>
      </trkpt>
      <trkpt lat="53.07344173183292" lon="-4.0239328628647728">
        <ele>0</ele>
      </trkpt>
      <trkpt lat="53.07343887087545" lon="-4.0238565706656502">
        <ele>0</ele>
      </trkpt>
      <trkpt lat="53.07342361243562" lon="-4.0237402250619887">
        <ele>0</ele>
      </trkpt>
      <trkpt lat="53.0734083539958" lon="-4.0236238794583263">
        <ele>0</ele>
      </trkpt>
      <trkpt lat="53.0734083539958" lon="-4.0236238794583263">
        <ele>0</ele>
      </trkpt>
      <trkpt lat="53.07339500286095" lon="-4.0235294678619127">
        <ele>0</ele>
      </trkpt>
      <trkpt lat="53.07340072477589" lon="-4.023035475872593">
        <ele>0</ele>
      </trkpt>
      <trkpt lat="53.07343505626549" lon="-4.0226053786000389">
        <ele>0</ele>
      </trkpt>
      <trkpt lat="53.07348273888994" lon="-4.0223650581728032">
        <ele>0</ele>
      </trkpt>
      <trkpt lat="53.07358096509631" lon="-4.0221380888804132">
        <ele>0</ele>
      </trkpt>
      <trkpt lat="53.07370875452984" lon="-4.0218157543391202">
        <ele>0</ele>
      </trkpt>
      <trkpt lat="53.07385275605569" lon="-4.0216479115010504">
        <ele>0</ele>
      </trkpt>
      <trkpt lat="53.07442304024413" lon="-4.0214466908258641">
        <ele>0</ele>
      </trkpt>
      <trkpt lat="53.0748865153538" lon="-4.0212292580583648">
        <ele>0</ele>
      </trkpt>
      <trkpt lat="53.07511443829868" lon="-4.0210757200076301">
        <ele>0</ele>
      </trkpt>
      <trkpt lat="53.07517833301544" lon="-4.0208983406446706">
        <ele>0</ele>
      </trkpt>
      <trkpt lat="53.07533187106618" lon="-4.0207858096509641">
        <ele>0</ele>
      </trkpt>
      <trkpt lat="53.07537001716574" lon="-4.0207858096509641">
        <ele>0</ele>
      </trkpt>
      <trkpt lat="53.07556074766354" lon="-4.0208134655731467">
        <ele>0</ele>
      </trkpt>
      <trkpt lat="53.07569330535952" lon="-4.0209650963189025">
        <ele>0</ele>
      </trkpt>
      <trkpt lat="53.07590406255959" lon="-4.0210118252908655">
        <ele>0</ele>
      </trkpt>
      <trkpt lat="53.07611768071714" lon="-4.0210013351134855">
        <ele>0</ele>
      </trkpt>
      <trkpt lat="53.07624642380316" lon="-4.0210757200076301">
        <ele>0</ele>
      </trkpt>
      <trkpt lat="53.07638851802403" lon="-4.021290291817663">
        <ele>0</ele>
      </trkpt>
      <trkpt lat="53.0764600419607" lon="-4.0214533663932874">
        <ele>0</ele>
      </trkpt>
      <trkpt lat="53.07663837497615" lon="-4.0216011825290874">
        <ele>0</ele>
      </trkpt>
      <trkpt lat="53.07691016593552" lon="-4.0217642571047119">
        <ele>0</ele>
      </trkpt>
      <trkpt lat="53.07704463093648" lon="-4.0218300591264553">
        <ele>0</ele>
      </trkpt>
      <trkpt lat="53.07718291054739" lon="-4.0217366011825302">
        <ele>0</ele>
      </trkpt>
      <trkpt lat="53.0774165554072" lon="-4.0214829296204471">
        <ele>0</ele>
      </trkpt>
      <trkpt lat="53.07761205416745" lon="-4.021130078199505">
        <ele>0</ele>
      </trkpt>
      <trkpt lat="53.07782471867251" lon="-4.0209488842265886">
        <ele>0</ele>
      </trkpt>
      <trkpt lat="53.07807457562463" lon="-4.0208668701125321">
        <ele>0</ele>
      </trkpt>
      <trkpt lat="53.07831966431431" lon="-4.0208306313179492">
        <ele>0</ele>
      </trkpt>
      <trkpt lat="53.07858096509631" lon="-4.020884989509824">
        <ele>0</ele>
      </trkpt>
      <trkpt lat="53.07947358382604" lon="-4.021093839404922">
        <ele>0</ele>
      </trkpt>
      <trkpt lat="53.07999999999999" lon="-4.0209679572763699">
        <ele>0</ele>
      </trkpt>
      <trkpt lat="53.08000000000001" lon="-4.0209679572763699">
        <ele>0</ele>
      </trkpt>
      <trkpt lat="53.08009059698646" lon="-4.0209422086591653">
        <ele>0</ele>
      </trkpt>
      <trkpt lat="53.08009059698646" lon="-4.0209422086591653">
        <ele>0</ele>
      </trkpt>
      <trkpt lat="53.08011920656114" lon="-4.0209317184817861">
        <ele>0</ele>
      </trkpt>
      <trkpt lat="53.08013827961091" lon="-4.020915506389473">
        <ele>0</ele>
      </trkpt>
      <trkpt lat="53.08021934007248" lon="-4.020805836353234">
        <ele>0</ele>
      </trkpt>
      <trkpt lat="53.08026511539195" lon="-4.020706656494375">
        <ele>0</ele>
      </trkpt>
      <trkpt lat="53.08030898340645" lon="-4.0206265496852955">
        <ele>0</ele>
      </trkpt>
      <trkpt lat="53.08035285142095" lon="-4.0205454892237285">
        <ele>0</ele>
      </trkpt>
      <trkpt lat="53.08038885761679" lon="-4.0205150943830832">
        <ele>0</ele>
      </trkpt>
      <trkpt lat="53.08038885761679" lon="-4.0205150943830832">
        <ele>0</ele>
      </trkpt>
      <trkpt lat="53.0804262826626" lon="-4.0204835018119409">
        <ele>0</ele>
      </trkpt>
      <trkpt lat="53.08050066755675" lon="-4.0204215144001534">
        <ele>0</ele>
      </trkpt>
      <trkpt lat="53.08050066755675" lon="-4.0204215144001534">
        <ele>0</ele>
      </trkpt>
      <trkpt lat="53.0805044821667" lon="-4.0203566660308994">
        <ele>0</ele>
      </trkpt>
      <trkpt lat="53.08050925042915" lon="-4.0202918176616453">
        <ele>0</ele>
      </trkpt>
      <trkpt lat="53.08052355521648" lon="-4.0202660690444416">
        <ele>0</ele>
      </trkpt>
      <trkpt lat="53.08053499904635" lon="-4.020222201029946">
        <ele>0</ele>
      </trkpt>
      <trkpt lat="53.08051878695404" lon="-4.0201821476254063">
        <ele>0</ele>
      </trkpt>
      <trkpt lat="53.08049017737937" lon="-4.0201687964905597">
        <ele>0</ele>
      </trkpt>
      <trkpt lat="53.08042532901011" lon="-4.0201583063131805">
        <ele>0</ele>
      </trkpt>
      <trkpt lat="53.08040816326531" lon="-4.0201487697882907">
        <ele>0</ele>
      </trkpt>
      <trkpt lat="53.08037478542819" lon="-4.020074384894146">
        <ele>0</ele>
      </trkpt>
      <trkpt lat="53.08034236124357" lon="-4.0200000000000014">
        <ele>0</ele>
      </trkpt>
      <trkpt lat="53.08034236124357" lon="-4.0199999999999907">
        <ele>0</ele>
      </trkpt>
      <trkpt lat="53.08028037383178" lon="-4.0198464619492569">
        <ele>0</ele>
      </trkpt>
      <trkpt lat="53.08018977684532" lon="-4.0197835208849808">
        <ele>0</ele>
      </trkpt>
      <trkpt lat="53.08008868968148" lon="-4.0195164981880511">
        <ele>0</ele>
      </trkpt>
      <trkpt lat="53.08000000000001" lon="-4.0193953843219443">
        <ele>0</ele>
      </trkpt>
      <trkpt lat="53.07999999999999" lon="-4.0193953843219443">
        <ele>0</ele>
      </trkpt>
      <trkpt lat="53.07997520503528" lon="-4.0193610528323385">
        <ele>0</ele>
      </trkpt>
      <trkpt lat="53.07993515163074" lon="-4.0192752241083261">
        <ele>0</ele>
      </trkpt>
      <trkpt lat="53.07989605187869" lon="-4.0191884417318242">
        <ele>0</ele>
      </trkpt>
      <trkpt lat="53.07955845889757" lon="-4.0186591646004102">
        <ele>0</ele>
      </trkpt>
      <trkpt lat="53.07949361052832" lon="-4.0185981308411121">
        <ele>0</ele>
      </trkpt>
      <trkpt lat="53.0794688155636" lon="-4.0185523555216385">
        <ele>0</ele>
      </trkpt>
      <trkpt lat="53.07945832538622" lon="-4.0184922754148298">
        <ele>0</ele>
      </trkpt>
      <trkpt lat="53.07938966240701" lon="-4.018421705130641">
        <ele>0</ele>
      </trkpt>
      <trkpt lat="53.07911977875261" lon="-4.0180249856952033">
        <ele>0</ele>
      </trkpt>
      <trkpt lat="53.07888136563036" lon="-4.0171943543772555">
        <ele>0</ele>
      </trkpt>
      <trkpt lat="53.0787211520122" lon="-4.01693400724775">
        <ele>0</ele>
      </trkpt>
      <trkpt lat="53.07849895098226" lon="-4.0164609956131896">
        <ele>0</ele>
      </trkpt>
      <trkpt lat="53.0783473202365" lon="-4.0159889376311178">
        <ele>0</ele>
      </trkpt>
      <trkpt lat="53.07822143810795" lon="-4.015493038336821">
        <ele>0</ele>
      </trkpt>
      <trkpt lat="53.07815372878122" lon="-4.015397673087918">
        <ele>0</ele>
      </trkpt>
      <trkpt lat="53.0780860194545" lon="-4.0153013541865255">
        <ele>0</ele>
      </trkpt>
      <trkpt lat="53.07803452222009" lon="-4.0151897768453084">
        <ele>0</ele>
      </trkpt>
      <trkpt lat="53.07798302498569" lon="-4.0150781995040914">
        <ele>0</ele>
      </trkpt>
      <trkpt lat="53.0779649055884" lon="-4.0150009536524802">
        <ele>0</ele>
      </trkpt>
      <trkpt lat="53.07794678619111" lon="-4.0149237078008682">
        <ele>0</ele>
      </trkpt>
      <trkpt lat="53.07793629601372" lon="-4.0148455082967676">
        <ele>0</ele>
      </trkpt>
      <trkpt lat="53.07792580583634" lon="-4.0147663551401775">
        <ele>0</ele>
      </trkpt>
      <trkpt lat="53.07788193782185" lon="-4.0146471485790487">
        <ele>0</ele>
      </trkpt>
      <trkpt lat="53.07783806980736" lon="-4.0145279420179198">
        <ele>0</ele>
      </trkpt>
      <trkpt lat="53.07775510204081" lon="-4.0140844936105191">
        <ele>0</ele>
      </trkpt>
      <trkpt lat="53.07769788289147" lon="-4.0137106618348186">
        <ele>0</ele>
      </trkpt>
      <trkpt lat="53.07769120732404" lon="-4.0136028991035575">
        <ele>0</ele>
      </trkpt>
      <trkpt lat="53.07768453175662" lon="-4.0134941827198078">
        <ele>0</ele>
      </trkpt>
      <trkpt lat="53.07763780278466" lon="-4.0134112149532619">
        <ele>0</ele>
      </trkpt>
      <trkpt lat="53.07752813274842" lon="-4.0131232119015738">
        <ele>0</ele>
      </trkpt>
      <trkpt lat="53.07749761586877" lon="-4.0130288003051593">
        <ele>0</ele>
      </trkpt>
      <trkpt lat="53.0774861720389" lon="-4.0129515544535481">
        <ele>0</ele>
      </trkpt>
      <trkpt lat="53.07747472820903" lon="-4.0128733549494475">
        <ele>0</ele>
      </trkpt>
      <trkpt lat="53.07744135037192" lon="-4.0127951554453469">
        <ele>0</ele>
      </trkpt>
      <trkpt lat="53.07744135037192" lon="-4.0126740415792392">
        <ele>0</ele>
      </trkpt>
      <trkpt lat="53.07738603852756" lon="-4.0125634178905116">
        <ele>0</ele>
      </trkpt>
      <trkpt lat="53.07733168033568" lon="-4.0124518405492946">
        <ele>0</ele>
      </trkpt>
      <trkpt lat="53.07730783902345" lon="-4.012373641045194">
        <ele>0</ele>
      </trkpt>
      <trkpt lat="53.07730593171848" lon="-4.012274461186335">
        <ele>0</ele>
      </trkpt>
      <trkpt lat="53.07730497806599" lon="-4.0121743276749857">
        <ele>0</ele>
      </trkpt>
      <trkpt lat="53.07728495136372" lon="-4.0120608430287916">
        <ele>0</ele>
      </trkpt>
      <trkpt lat="53.07726492466145" lon="-4.0119473583825966">
        <ele>0</ele>
      </trkpt>
      <trkpt lat="53.07722487125691" lon="-4.0118691588784952">
        <ele>0</ele>
      </trkpt>
      <trkpt lat="53.07715525462521" lon="-4.0117804691970154">
        <ele>0</ele>
      </trkpt>
      <trkpt lat="53.07711520122067" lon="-4.0116975014304694">
        <ele>0</ele>
      </trkpt>
      <trkpt lat="53.07710185008582" lon="-4.0116364676711713">
        <ele>0</ele>
      </trkpt>
      <trkpt lat="53.07711138661071" lon="-4.0115477779896915">
        <ele>0</ele>
      </trkpt>
      <trkpt lat="53.07709803547586" lon="-4.011453366393277">
        <ele>0</ele>
      </trkpt>
      <trkpt lat="53.07706465763875" lon="-4.0113818424565997">
        <ele>0</ele>
      </trkpt>
      <trkpt lat="53.07702174327675" lon="-4.0113150867823677">
        <ele>0</ele>
      </trkpt>
      <trkpt lat="53.07701125309936" lon="-4.011242609193201">
        <ele>0</ele>
      </trkpt>
      <trkpt lat="53.07689776845317" lon="-4.0108601945450983">
        <ele>0</ele>
      </trkpt>
      <trkpt lat="53.07685485409116" lon="-4.0107715048636186">
        <ele>0</ele>
      </trkpt>
      <trkpt lat="53.07683196643143" lon="-4.0106828151821388">
        <ele>0</ele>
      </trkpt>
      <trkpt lat="53.07682815182147" lon="-4.0105855426282568">
        <ele>0</ele>
      </trkpt>
      <trkpt lat="53.076825290864" lon="-4.0104882700743758">
        <ele>0</ele>
      </trkpt>
      <trkpt lat="53.07681289338164" lon="-4.0104224680526324">
        <ele>0</ele>
      </trkpt>
      <trkpt lat="53.07680144955177" lon="-4.0103557123784004">
        <ele>0</ele>
      </trkpt>
      <trkpt lat="53.07679858859431" lon="-4.0102889567041675">
        <ele>0</ele>
      </trkpt>
      <trkpt lat="53.07678142284951" lon="-4.0102498569521172">
        <ele>0</ele>
      </trkpt>
      <trkpt lat="53.07675472057981" lon="-4.0102832347892337">
        <ele>0</ele>
      </trkpt>
      <trkpt lat="53.07673469387755" lon="-4.010322334541284">
        <ele>0</ele>
      </trkpt>
      <trkpt lat="53.07672229639519" lon="-4.0103080297539488">
        <ele>0</ele>
      </trkpt>
      <trkpt lat="53.07672038909021" lon="-4.0102784665267883">
        <ele>0</ele>
      </trkpt>
      <trkpt lat="53.07673374022505" lon="-4.0101888231928191">
        <ele>0</ele>
      </trkpt>
      <trkpt lat="53.07680907877169" lon="-4.009817852374586">
        <ele>0</ele>
      </trkpt>
      <trkpt lat="53.07686820522601" lon="-4.0097615868777323">
        <ele>0</ele>
      </trkpt>
      <trkpt lat="53.07703890902155" lon="-4.0094030135418564">
        <ele>0</ele>
      </trkpt>
      <trkpt lat="53.07705607476635" lon="-4.0093257676902443">
        <ele>0</ele>
      </trkpt>
      <trkpt lat="53.07707514781613" lon="-4.0092637802784576">
        <ele>0</ele>
      </trkpt>
      <trkpt lat="53.07709422086591" lon="-4.0092008392141816">
        <ele>0</ele>
      </trkpt>
      <trkpt lat="53.07712473774556" lon="-4.0091207324051021">
        <ele>0</ele>
      </trkpt>
      <trkpt lat="53.07717432767499" lon="-4.0090301354186444">
        <ele>0</ele>
      </trkpt>
      <trkpt lat="53.07726111005149" lon="-4.0089557505244997">
        <ele>0</ele>
      </trkpt>
      <trkpt lat="53.07734693877551" lon="-4.0089080679000482">
        <ele>0</ele>
      </trkpt>
      <trkpt lat="53.07738508487506" lon="-4.0088537097081733">
        <ele>0</ele>
      </trkpt>
      <trkpt lat="53.07745279420178" lon="-4.0087983978638091">
        <ele>0</ele>
      </trkpt>
      <trkpt lat="53.077521457181" lon="-4.0087421323669563">
        <ele>0</ele>
      </trkpt>
      <trkpt lat="53.07757581537287" lon="-4.0087449933244237">
        <ele>0</ele>
      </trkpt>
      <trkpt lat="53.07760347129506" lon="-4.00871924470722">
        <ele>0</ele>
      </trkpt>
      <trkpt lat="53.07768548540911" lon="-4.0086172038908927">
        <ele>0</ele>
      </trkpt>
      <trkpt lat="53.07771504863627" lon="-4.0085456799542154">
        <ele>0</ele>
      </trkpt>
      <trkpt lat="53.07777131413312" lon="-4.0084951363722965">
        <ele>0</ele>
      </trkpt>
      <trkpt lat="53.07779992370779" lon="-4.0084407781804217">
        <ele>0</ele>
      </trkpt>
      <trkpt lat="53.07784665267976" lon="-4.0084350562654878">
        <ele>0</ele>
      </trkpt>
      <trkpt lat="53.07789624260919" lon="-4.0083921419034816">
        <ele>0</ele>
      </trkpt>
      <trkpt lat="53.07793343505626" lon="-4.0083692542437444">
        <ele>0</ele>
      </trkpt>
      <trkpt lat="53.07800686629791" lon="-4.0083435056265406">
        <ele>0</ele>
      </trkpt>
      <trkpt lat="53.07809269502193" lon="-4.0082567232500388">
        <ele>0</ele>
      </trkpt>
      <trkpt lat="53.07817947739843" lon="-4.008169940873537">
        <ele>0</ele>
      </trkpt>
      <trkpt lat="53.07821571619301" lon="-4.0081165363341507">
        <ele>0</ele>
      </trkpt>
      <trkpt lat="53.07823288193782" lon="-4.0080307076101374">
        <ele>0</ele>
      </trkpt>
      <trkpt lat="53.07828724012969" lon="-4.0079258058363445">
        <ele>0</ele>
      </trkpt>
      <trkpt lat="53.07831203509441" lon="-4.0078399771123312">
        <ele>0</ele>
      </trkpt>
      <trkpt lat="53.07836639328628" lon="-4.0077655922181865">
        <ele>0</ele>
      </trkpt>
      <trkpt lat="53.07841121495326" lon="-4.0076778561891953">
        <ele>0</ele>
      </trkpt>
      <trkpt lat="53.07843124165554" lon="-4.0075977493801167">
        <ele>0</ele>
      </trkpt>
      <trkpt lat="53.07847606332252" lon="-4.0075243181384614">
        <ele>0</ele>
      </trkpt>
      <trkpt lat="53.07852374594697" lon="-4.0074642380316519">
        <ele>0</ele>
      </trkpt>
      <trkpt lat="53.07856666030898" lon="-4.007424184627113">
        <ele>0</ele>
      </trkpt>
      <trkpt lat="53.07860194545107" lon="-4.0073278657257205">
        <ele>0</ele>
      </trkpt>
      <trkpt lat="53.07862674041579" lon="-4.0072277322143721">
        <ele>0</ele>
      </trkpt>
      <trkpt lat="53.07871733740225" lon="-4.007119969483111">
        <ele>0</ele>
      </trkpt>
      <trkpt lat="53.0787564371543" lon="-4.0070627503337697">
        <ele>0</ele>
      </trkpt>
      <trkpt lat="53.07881079534617" lon="-4.0070312798016312">
        <ele>0</ele>
      </trkpt>
      <trkpt lat="53.07888422658782" lon="-4.0069406828151735">
        <ele>0</ele>
      </trkpt>
      <trkpt lat="53.07894907495708" lon="-4.0068415029563136">
        <ele>0</ele>
      </trkpt>
      <trkpt lat="53.07901487697882" lon="-4.0067413694449652">
        <ele>0</ele>
      </trkpt>
      <trkpt lat="53.0790606522983" lon="-4.0066383749761494">
        <ele>0</ele>
      </trkpt>
      <trkpt lat="53.07907400343314" lon="-4.0065868777417419">
        <ele>0</ele>
      </trkpt>
      <trkpt lat="53.07913122258248" lon="-4.0065163074575532">
        <ele>0</ele>
      </trkpt>
      <trkpt lat="53.0791646004196" lon="-4.0064505054358097">
        <ele>0</ele>
      </trkpt>
      <trkpt lat="53.07922468052641" lon="-4.0063818424565998">
        <ele>0</ele>
      </trkpt>
      <trkpt lat="53.07928952889566" lon="-4.0062683578104048">
        <ele>0</ele>
      </trkpt>
      <trkpt lat="53.07932767499523" lon="-4.0061501049017645">
        <ele>0</ele>
      </trkpt>
      <trkpt lat="53.07936677474728" lon="-4.0060318519931242">
        <ele>0</ele>
      </trkpt>
      <trkpt lat="53.07937726492465" lon="-4.0059622353614248">
        <ele>0</ele>
      </trkpt>
      <trkpt lat="53.07938775510203" lon="-4.0058926187297255">
        <ele>0</ele>
      </trkpt>
      <trkpt lat="53.07950696166316" lon="-4.0053948121304508">
        <ele>0</ele>
      </trkpt>
      <trkpt lat="53.07951935914552" lon="-4.005308029753949">
        <ele>0</ele>
      </trkpt>
      <trkpt lat="53.07953271028037" lon="-4.0052212473774462">
        <ele>0</ele>
      </trkpt>
      <trkpt lat="53.07954606141521" lon="-4.0049561319854954">
        <ele>0</ele>
      </trkpt>
      <trkpt lat="53.07956513446499" lon="-4.0049017737936206">
        <ele>0</ele>
      </trkpt>
      <trkpt lat="53.07958230020979" lon="-4.0047825672324917">
        <ele>0</ele>
      </trkpt>
      <trkpt lat="53.07961853900438" lon="-4.0047034140759017">
        <ele>0</ele>
      </trkpt>
      <trkpt lat="53.07965573145145" lon="-4.0046233072668231">
        <ele>0</ele>
      </trkpt>
      <trkpt lat="53.07967098989128" lon="-4.0045403395002772">
        <ele>0</ele>
      </trkpt>
      <trkpt lat="53.07967098989128" lon="-4.0044859813084024">
        <ele>0</ele>
      </trkpt>
      <trkpt lat="53.0796862483311" lon="-4.0043982452794111">
        <ele>0</ele>
      </trkpt>
      <trkpt lat="53.07970246042341" lon="-4.0043095555979313">
        <ele>0</ele>
      </trkpt>
      <trkpt lat="53.07973583826053" lon="-4.0040568376883376">
        <ele>0</ele>
      </trkpt>
      <trkpt lat="53.07973488460804" lon="-4.0039586114819672">
        <ele>0</ele>
      </trkpt>
      <trkpt lat="53.07973488460804" lon="-4.0038594316231073">
        <ele>0</ele>
      </trkpt>
      <trkpt lat="53.07970246042341" lon="-4.0035180240320338">
        <ele>0</ele>
      </trkpt>
      <trkpt lat="53.07969197024604" lon="-4.0034455464428671">
        <ele>0</ele>
      </trkpt>
      <trkpt lat="53.07968148006866" lon="-4.0033730688537004">
        <ele>0</ele>
      </trkpt>
      <trkpt lat="53.07966145336638" lon="-4.0033005912645345">
        <ele>0</ele>
      </trkpt>
      <trkpt lat="53.07966145336638" lon="-4.0033005912645345">
        <ele>0</ele>
      </trkpt>
      <trkpt lat="53.07964142666412" lon="-4.0031995041006967">
        <ele>0</ele>
      </trkpt>
      <trkpt lat="53.07964142666412" lon="-4.0031995041006967">
        <ele>0</ele>
      </trkpt>
      <trkpt lat="53.07964047301163" lon="-4.0031279801640194">
        <ele>0</ele>
      </trkpt>
      <trkpt lat="53.07969387755102" lon="-4.0030774365821005">
        <ele>0</ele>
      </trkpt>
      <trkpt lat="53.07969387755102" lon="-4.0030774365821005">
        <ele>0</ele>
      </trkpt>
      <trkpt lat="53.07967289719625" lon="-4.0030392904825387">
        <ele>0</ele>
      </trkpt>
      <trkpt lat="53.07967288345229" lon="-4.0030392652464579">
        <ele>0</ele>
      </trkpt>
      <trkpt lat="53.07969387755102" lon="-4.0030011443829778">
        <ele>0</ele>
      </trkpt>
      <trkpt lat="53.07970627503337" lon="-4.0029134083539866">
        <ele>0</ele>
      </trkpt>
      <trkpt lat="53.07971962616822" lon="-4.0028247186725068">
        <ele>0</ele>
      </trkpt>
      <trkpt lat="53.07971964305828" lon="-4.0028246064138715">
        <ele>0</ele>
      </trkpt>
      <trkpt lat="53.07971963975371" lon="-4.0028246062965493">
        <ele>0</ele>
      </trkpt>
      <trkpt lat="53.07971963975213" lon="-4.0028246062964952">
        <ele>0</ele>
      </trkpt>
      <trkpt lat="53.07974060652298" lon="-4.0026511539195022">
        <ele>0</ele>
      </trkpt>
      <trkpt lat="53.07978256723249" lon="-4.0024728209040532">
        <ele>0</ele>
      </trkpt>
      <trkpt lat="53.07999999999999" lon="-4.0020427236314999">
        <ele>0</ele>
      </trkpt>
      <trkpt lat="53.08000000000001" lon="-4.0020427236314999">
        <ele>0</ele>
      </trkpt>
      <trkpt lat="53.08008582872402" lon="-4.001927331680327">
        <ele>0</ele>
      </trkpt>
      <trkpt lat="53.08015353805074" lon="-4.00186439061605">
        <ele>0</ele>
      </trkpt>
      <trkpt lat="53.08028132748426" lon="-4.0018453175662696">
        <ele>0</ele>
      </trkpt>
      <trkpt lat="53.08047110432958" lon="-4.0018033568567519">
        <ele>0</ele>
      </trkpt>
      <trkpt lat="53.08062082777036" lon="-4.0018033568567519">
        <ele>0</ele>
      </trkpt>
      <trkpt lat="53.08087354567996" lon="-4.0017699790196364">
        <ele>0</ele>
      </trkpt>
      <trkpt lat="53.08124070188823" lon="-4.0016641235933532">
        <ele>0</ele>
      </trkpt>
      <trkpt lat="53.08156685103948" lon="-4.0015582681670709">
        <ele>0</ele>
      </trkpt>
      <trkpt lat="53.08169940873546" lon="-4.001572572954406">
        <ele>0</ele>
      </trkpt>
      <trkpt lat="53.08195212664506" lon="-4.0016660308983312">
        <ele>0</ele>
      </trkpt>
      <trkpt lat="53.08206465763876" lon="-4.0017280183101187">
        <ele>0</ele>
      </trkpt>
      <trkpt lat="53.08219435437727" lon="-4.0018367346938684">
        <ele>0</ele>
      </trkpt>
      <trkpt lat="53.08224299065421" lon="-4.001913026892991">
        <ele>0</ele>
      </trkpt>
      <trkpt lat="53.08240320427237" lon="-4.001783330154483">
        <ele>0</ele>
      </trkpt>
      <trkpt lat="53.0824175090597" lon="-4.0018357810413798">
        <ele>0</ele>
      </trkpt>
      <trkpt lat="53.08241756116164" lon="-4.0018359716943905">
        <ele>0</ele>
      </trkpt>
      <trkpt lat="53.08275796299829" lon="-4.001523936677466">
        <ele>0</ele>
      </trkpt>
      <trkpt lat="53.08328628647721" lon="-4.0009546061415131">
        <ele>0</ele>
      </trkpt>
      <trkpt lat="53.08354186534427" lon="-4.000603662025549">
        <ele>0</ele>
      </trkpt>
      <trkpt lat="53.08362006484838" lon="-4.0004701506770841">
        <ele>0</ele>
      </trkpt>
      <trkpt lat="53.08375357619683" lon="-4.0002193400724684">
        <ele>0</ele>
      </trkpt>
      <trkpt lat="53.08382414648103" lon="-3.9999999999999911">
        <ele>0</ele>
      </trkpt>
      <trkpt lat="53.08382414648103" lon="-4.0000000000000089">
        <ele>0</ele>
      </trkpt>
      <trkpt lat="53.08383893714115" lon="-3.9999488834786452">
        <ele>0</ele>
      </trkpt>
      <trkpt lat="53.08383893711659" lon="-3.9999488835514034">
        <ele>0</ele>
      </trkpt>
      <trkpt lat="53.08382128552356" lon="-3.9998912836162592">
        <ele>0</ele>
      </trkpt>
      <trkpt lat="53.08386610719054" lon="-3.9995269883654485">
        <ele>0</ele>
      </trkpt>
      <trkpt lat="53.08397768453176" lon="-3.999041579248531">
        <ele>0</ele>
      </trkpt>
      <trkpt lat="53.08400438680145" lon="-3.9989872210566562">
        <ele>0</ele>
      </trkpt>
      <trkpt lat="53.08403395002861" lon="-3.998959565134474">
        <ele>0</ele>
      </trkpt>
      <trkpt lat="53.08403493659996" lon="-3.9989586421971919">
        <ele>0</ele>
      </trkpt>
      <trkpt lat="53.08404634751097" lon="-3.9988127026511631">
        <ele>0</ele>
      </trkpt>
      <trkpt lat="53.08407209612817" lon="-3.9969731069998184">
        <ele>0</ele>
      </trkpt>
      <trkpt lat="53.08407209612817" lon="-3.9969731069998184">
        <ele>0</ele>
      </trkpt>
      <trkpt lat="53.0840701888232" lon="-3.9968682052260247">
        <ele>0</ele>
      </trkpt>
      <trkpt lat="53.08406923517071" lon="-3.996762349799742">
        <ele>0</ele>
      </trkpt>
      <trkpt lat="53.08406923517071" lon="-3.996762349799742">
        <ele>0</ele>
      </trkpt>
      <trkpt lat="53.08406351325577" lon="-3.9955912645432097">
        <ele>0</ele>
      </trkpt>
      <trkpt lat="53.08406351325577" lon="-3.9955912645432097">
        <ele>0</ele>
      </trkpt>
      <trkpt lat="53.08413312988747" lon="-3.9956227350753477">
        <ele>0</ele>
      </trkpt>
      <trkpt lat="53.08423135609385" lon="-3.9959650963189106">
        <ele>0</ele>
      </trkpt>
      <trkpt lat="53.08431241655541" lon="-3.996324623307276">
        <ele>0</ele>
      </trkpt>
      <trkpt lat="53.08433435056266" lon="-3.9963951935914643">
        <ele>0</ele>
      </trkpt>
      <trkpt lat="53.08439919893191" lon="-3.9965000953652581">
        <ele>0</ele>
      </trkpt>
      <trkpt lat="53.08447549113104" lon="-3.9965458706847317">
        <ele>0</ele>
      </trkpt>
      <trkpt lat="53.08453747854282" lon="-3.9965592218195782">
        <ele>0</ele>
      </trkpt>
      <trkpt lat="53.08459946595461" lon="-3.996584016784293">
        <ele>0</ele>
      </trkpt>
      <trkpt lat="53.08469006294107" lon="-3.9965887850467379">
        <ele>0</ele>
      </trkpt>
      <trkpt lat="53.08472725538814" lon="-3.9966002288766065">
        <ele>0</ele>
      </trkpt>
      <trkpt lat="53.08472725538814" lon="-3.9966002288766065">
        <ele>0</ele>
      </trkpt>
      <trkpt lat="53.08475014304788" lon="-3.9966345603662115">
        <ele>0</ele>
      </trkpt>
      <trkpt lat="53.08475014304788" lon="-3.9966345603662115">
        <ele>0</ele>
      </trkpt>
      <trkpt lat="53.08481499141713" lon="-3.996729925615115">
        <ele>0</ele>
      </trkpt>
      <trkpt lat="53.08503719244707" lon="-3.9968157543391278">
        <ele>0</ele>
      </trkpt>
      <trkpt lat="53.08526606904444" lon="-3.996987411787154">
        <ele>0</ele>
      </trkpt>
      <trkpt lat="53.08543677283998" lon="-3.997165744802603">
        <ele>0</ele>
      </trkpt>
      <trkpt lat="53.08572286858669" lon="-3.9975653251955077">
        <ele>0</ele>
      </trkpt>
      <trkpt lat="53.08600991798589" lon="-3.9977684531756719">
        <ele>0</ele>
      </trkpt>
      <trkpt lat="53.08616345603662" lon="-3.997941064276187">
        <ele>0</ele>
      </trkpt>
      <trkpt lat="53.08634178905207" lon="-3.9980211710852656">
        <ele>0</ele>
      </trkpt>
      <trkpt lat="53.08645813465574" lon="-3.9980631317947832">
        <ele>0</ele>
      </trkpt>
      <trkpt lat="53.08653347320237" lon="-3.9981613580011537">
        <ele>0</ele>
      </trkpt>
      <trkpt lat="53.08684722487126" lon="-3.9986906351325668">
        <ele>0</ele>
      </trkpt>
      <trkpt lat="53.08692115804791" lon="-3.9987638837427713">
        <ele>0</ele>
      </trkpt>
      <trkpt lat="53.0869216097654" lon="-3.9987631127217331">
        <ele>0</ele>
      </trkpt>
      <trkpt lat="53.08708086973107" lon="-3.998491321762359">
        <ele>0</ele>
      </trkpt>
      <trkpt lat="53.08721819568949" lon="-3.9983148960518879">
        <ele>0</ele>
      </trkpt>
      <trkpt lat="53.08744135037193" lon="-3.9982080869731162">
        <ele>0</ele>
      </trkpt>
      <trkpt lat="53.08771981689873" lon="-3.9975147816135892">
        <ele>0</ele>
      </trkpt>
      <trkpt lat="53.08792485218387" lon="-3.9970656112912546">
        <ele>0</ele>
      </trkpt>
      <trkpt lat="53.08817852374595" lon="-3.9965658973870011">
        <ele>0</ele>
      </trkpt>
      <trkpt lat="53.08833015449171" lon="-3.996322716002298">
        <ele>0</ele>
      </trkpt>
      <trkpt lat="53.08844554644288" lon="-3.9961501049017829">
        <ele>0</ele>
      </trkpt>
      <trkpt lat="53.08858096509632" lon="-3.9957066564943826">
        <ele>0</ele>
      </trkpt>
      <trkpt lat="53.08863436963571" lon="-3.9954625214571902">
        <ele>0</ele>
      </trkpt>
      <trkpt lat="53.08865725729544" lon="-3.9952965859240983">
        <ele>0</ele>
      </trkpt>
      <trkpt lat="53.08874976158688" lon="-3.9947768453175754">
        <ele>0</ele>
      </trkpt>
      <trkpt lat="53.08882414648102" lon="-3.9940892618729826">
        <ele>0</ele>
      </trkpt>
      <trkpt lat="53.08887755102041" lon="-3.9937335494945732">
        <ele>0</ele>
      </trkpt>
      <trkpt lat="53.08890329963761" lon="-3.9934064466908348">
        <ele>0</ele>
      </trkpt>
      <trkpt lat="53.08894430669464" lon="-3.9931604043486644">
        <ele>0</ele>
      </trkpt>
      <trkpt lat="53.0889652870494" lon="-3.9928504672897289">
        <ele>0</ele>
      </trkpt>
      <trkpt lat="53.08896147243944" lon="-3.9926158687774267">
        <ele>0</ele>
      </trkpt>
      <trkpt lat="53.08899294297159" lon="-3.9923402632080962">
        <ele>0</ele>
      </trkpt>
      <trkpt lat="53.08900343314897" lon="-3.9921399961853989">
        <ele>0</ele>
      </trkpt>
      <trkpt lat="53.08907591073813" lon="-3.9916059507915405">
        <ele>0</ele>
      </trkpt>
      <trkpt lat="53.0890787716956" lon="-3.9913084112149622">
        <ele>0</ele>
      </trkpt>
      <trkpt lat="53.08919416364677" lon="-3.9903900438680235">
        <ele>0</ele>
      </trkpt>
      <trkpt lat="53.08925615105856" lon="-3.9894497425138371">
        <ele>0</ele>
      </trkpt>
      <trkpt lat="53.08925805836353" lon="-3.9892199122639802">
        <ele>0</ele>
      </trkpt>
      <trkpt lat="53.08931146290292" lon="-3.9887726492466236">
        <ele>0</ele>
      </trkpt>
      <trkpt lat="53.08934770169751" lon="-3.9883692542437625">
        <ele>0</ele>
      </trkpt>
      <trkpt lat="53.08933339691017" lon="-3.9881365630364387">
        <ele>0</ele>
      </trkpt>
      <trkpt lat="53.08926282662598" lon="-3.9879362960137419">
        <ele>0</ele>
      </trkpt>
      <trkpt lat="53.08926664123594" lon="-3.9878323478924371">
        <ele>0</ele>
      </trkpt>
      <trkpt lat="53.08929715811558" lon="-3.9876120541674704">
        <ele>0</ele>
      </trkpt>
      <trkpt lat="53.08928857524319" lon="-3.9873192828533375">
        <ele>0</ele>
      </trkpt>
      <trkpt lat="53.08932004577532" lon="-3.987107572000772">
        <ele>0</ele>
      </trkpt>
      <trkpt lat="53.08929715811558" lon="-3.9870331871066274">
        <ele>0</ele>
      </trkpt>
      <trkpt lat="53.08927713141332" lon="-3.986753766927341">
        <ele>0</ele>
      </trkpt>
      <trkpt lat="53.08928857524319" lon="-3.9864962807553019">
        <ele>0</ele>
      </trkpt>
      <trkpt lat="53.08924184627122" lon="-3.9857619683387466">
        <ele>0</ele>
      </trkpt>
      <trkpt lat="53.08938012588213" lon="-3.9851516307457655">
        <ele>0</ele>
      </trkpt>
      <trkpt lat="53.08948502765593" lon="-3.9844201792866771">
        <ele>0</ele>
      </trkpt>
      <trkpt lat="53.08955273698265" lon="-3.9838222391760532">
        <ele>0</ele>
      </trkpt>
      <trkpt lat="53.08957371733741" lon="-3.9834417318329294">
        <ele>0</ele>
      </trkpt>
      <trkpt lat="53.08962998283426" lon="-3.9831956894907585">
        <ele>0</ele>
      </trkpt>
      <trkpt lat="53.08967289719627" lon="-3.9828733549494655">
        <ele>0</ele>
      </trkpt>
      <trkpt lat="53.08971295060081" lon="-3.9822839977112432">
        <ele>0</ele>
      </trkpt>
      <trkpt lat="53.08979401106237" lon="-3.9815868777417598">
        <ele>0</ele>
      </trkpt>
      <trkpt lat="53.0897482357429" lon="-3.9808878504672989">
        <ele>0</ele>
      </trkpt>
      <trkpt lat="53.08955941255007" lon="-3.980608430288012">
        <ele>0</ele>
      </trkpt>
      <trkpt lat="53.08937058935724" lon="-3.9800000000000093">
        <ele>0</ele>
      </trkpt>
      <trkpt lat="53.08937058935724" lon="-3.9799999999999986">
        <ele>0</ele>
      </trkpt>
      <trkpt lat="53.08931813847035" lon="-3.9798331108144183">
        <ele>0</ele>
      </trkpt>
      <trkpt lat="53.08927427045585" lon="-3.9794602326912063">
        <ele>0</ele>
      </trkpt>
      <trkpt lat="53.08910642761778" lon="-3.9785132557695966">
        <ele>0</ele>
      </trkpt>
      <trkpt lat="53.08923326339882" lon="-3.9777932481403764">
        <ele>0</ele>
      </trkpt>
      <trkpt lat="53.08942017928667" lon="-3.9775319473583814">
        <ele>0</ele>
      </trkpt>
      <trkpt lat="53.08963189013924" lon="-3.9770389090215512">
        <ele>0</ele>
      </trkpt>
      <trkpt lat="53.08972725538814" lon="-3.9765401487697871">
        <ele>0</ele>
      </trkpt>
      <trkpt lat="53.08990272744612" lon="-3.9764609956131975">
        <ele>0</ele>
      </trkpt>
      <trkpt lat="53.09006866297921" lon="-3.9765067709326711">
        <ele>0</ele>
      </trkpt>
      <trkpt lat="53.09011729925616" lon="-3.9764342933435044">
        <ele>0</ele>
      </trkpt>
      <trkpt lat="53.09017737936296" lon="-3.9761043295822991">
        <ele>0</ele>
      </trkpt>
      <trkpt lat="53.09021457181004" lon="-3.9757476635514006">
        <ele>0</ele>
      </trkpt>
      <trkpt lat="53.09020408163266" lon="-3.9753051687964893">
        <ele>0</ele>
      </trkpt>
      <trkpt lat="53.09013351134847" lon="-3.9750648483692532">
        <ele>0</ele>
      </trkpt>
      <trkpt lat="53.09004672897196" lon="-3.9748712569139792">
        <ele>0</ele>
      </trkpt>
      <trkpt lat="53.09006484836926" lon="-3.9745908830822039">
        <ele>0</ele>
      </trkpt>
      <trkpt lat="53.09011062368873" lon="-3.9741131031851982">
        <ele>0</ele>
      </trkpt>
      <trkpt lat="53.09016307457563" lon="-3.974103566660308">
        <ele>0</ele>
      </trkpt>
      <trkpt lat="53.09017165744803" lon="-3.9738909021552535">
        <ele>0</ele>
      </trkpt>
      <trkpt lat="53.09012302117109" lon="-3.9737364104520303">
        <ele>0</ele>
      </trkpt>
      <trkpt lat="53.09017737936296" lon="-3.9734903681098594">
        <ele>0</ele>
      </trkpt>
      <trkpt lat="53.09019549876025" lon="-3.9726215906923508">
        <ele>0</ele>
      </trkpt>
      <trkpt lat="53.09030230783902" lon="-3.9726749952317366">
        <ele>0</ele>
      </trkpt>
      <trkpt lat="53.09043581918749" lon="-3.9726597367919121">
        <ele>0</ele>
      </trkpt>
      <trkpt lat="53.09050257486172" lon="-3.9725052450886884">
        <ele>0</ele>
      </trkpt>
      <trkpt lat="53.09060652298303" lon="-3.9719311462902906">
        <ele>0</ele>
      </trkpt>
      <trkpt lat="53.09064180812512" lon="-3.9715735266069032">
        <ele>0</ele>
      </trkpt>
      <trkpt lat="53.09067518596224" lon="-3.9711348464619483">
        <ele>0</ele>
      </trkpt>
      <trkpt lat="53.09076769025368" lon="-3.9708430288003038">
        <ele>0</ele>
      </trkpt>
      <trkpt lat="53.09086877741751" lon="-3.9705969864581334">
        <ele>0</ele>
      </trkpt>
      <trkpt lat="53.09102613007821" lon="-3.9702431813847023">
        <ele>0</ele>
      </trkpt>
      <trkpt lat="53.09115105855427" lon="-3.9699971390425319">
        <ele>0</ele>
      </trkpt>
      <trkpt lat="53.09133129887469" lon="-3.9695279420179275">
        <ele>0</ele>
      </trkpt>
      <trkpt lat="53.0914695784856" lon="-3.9691274079725338">
        <ele>0</ele>
      </trkpt>
      <trkpt lat="53.09156685103949" lon="-3.9687278275796287">
        <ele>0</ele>
      </trkpt>
      <trkpt lat="53.09164981880603" lon="-3.9681356093839395">
        <ele>0</ele>
      </trkpt>
      <trkpt lat="53.09175567423231" lon="-3.9676502002670215">
        <ele>0</ele>
      </trkpt>
      <trkpt lat="53.09181098607668" lon="-3.9669816898722092">
        <ele>0</ele>
      </trkpt>
      <trkpt lat="53.09189872210567" lon="-3.9662502384131213">
        <ele>0</ele>
      </trkpt>
      <trkpt lat="53.09196357047492" lon="-3.9655740987983967">
        <ele>0</ele>
      </trkpt>
      <trkpt lat="53.09196357047492" lon="-3.9650457753194726">
        <ele>0</ele>
      </trkpt>
      <trkpt lat="53.09212283044059" lon="-3.9642037001716561">
        <ele>0</ele>
      </trkpt>
      <trkpt lat="53.09224394430669" lon="-3.9638794583253851">
        <ele>0</ele>
      </trkpt>
      <trkpt lat="53.09242990654206" lon="-3.9633177570093445">
        <ele>0</ele>
      </trkpt>
      <trkpt lat="53.09255960328057" lon="-3.9629944688155625">
        <ele>0</ele>
      </trkpt>
      <trkpt lat="53.09277131413313" lon="-3.9619940873545669">
        <ele>0</ele>
      </trkpt>
      <trkpt lat="53.09285809650964" lon="-3.9614686248331097">
        <ele>0</ele>
      </trkpt>
      <trkpt lat="53.09294869349609" lon="-3.9611300781995031">
        <ele>0</ele>
      </trkpt>
      <trkpt lat="53.09302689300019" lon="-3.9607419416364666">
        <ele>0</ele>
      </trkpt>
      <trkpt lat="53.09330345222202" lon="-3.9599999999999991">
        <ele>0</ele>
      </trkpt>
      <trkpt lat="53.09330345222202" lon="-3.9599999999999884">
        <ele>0</ele>
      </trkpt>
      <trkpt lat="53.09345508296777" lon="-3.9595937440396605">
        <ele>0</ele>
      </trkpt>
      <trkpt lat="53.09365344268549" lon="-3.95914075910737">
        <ele>0</ele>
      </trkpt>
      <trkpt lat="53.09385657066565" lon="-3.95876597367918">
        <ele>0</ele>
      </trkpt>
      <trkpt lat="53.09398626740416" lon="-3.9583339691016479">
        <ele>0</ele>
      </trkpt>
      <trkpt lat="53.09404634751097" lon="-3.9579019645241162">
        <ele>0</ele>
      </trkpt>
      <trkpt lat="53.09412073240512" lon="-3.9576435246995882">
        <ele>0</ele>
      </trkpt>
      <trkpt lat="53.09423707800877" lon="-3.9571390425328898">
        <ele>0</ele>
      </trkpt>
      <trkpt lat="53.09440110623689" lon="-3.9568806027083618">
        <ele>0</ele>
      </trkpt>
      <trkpt lat="53.09458230020981" lon="-3.9567079916078467">
        <ele>0</ele>
      </trkpt>
      <trkpt lat="53.09482071333206" lon="-3.9563398817470801">
        <ele>0</ele>
      </trkpt>
      <trkpt lat="53.09489891283616" lon="-3.9558868968147891">
        <ele>0</ele>
      </trkpt>
      <trkpt lat="53.09521743276751" lon="-3.9554062559603165">
        <ele>0</ele>
      </trkpt>
      <trkpt lat="53.09536524890331" lon="-3.954807362197204">
        <ele>0</ele>
      </trkpt>
      <trkpt lat="53.0956522983025" lon="-3.9543562845698914">
        <ele>0</ele>
      </trkpt>
      <trkpt lat="53.09605378600038" lon="-3.953998664886504">
        <ele>0</ele>
      </trkpt>
      <trkpt lat="53.09629792103757" lon="-3.953740225061976">
        <ele>0</ele>
      </trkpt>
      <trkpt lat="53.09643333969102" lon="-3.9536229258058251">
        <ele>0</ele>
      </trkpt>
      <trkpt lat="53.09646194926569" lon="-3.9532242990654094">
        <ele>0</ele>
      </trkpt>
      <trkpt lat="53.09647720770552" lon="-3.9528113675376577">
        <ele>0</ele>
      </trkpt>
      <trkpt lat="53.09650772458517" lon="-3.9527388899484914">
        <ele>0</ele>
      </trkpt>
      <trkpt lat="53.09662979210376" lon="-3.952557695975575">
        <ele>0</ele>
      </trkpt>
      <trkpt lat="53.09669750143048" lon="-3.9524318138470229">
        <ele>0</ele>
      </trkpt>
      <trkpt lat="53.09675948884227" lon="-3.9521876788098305">
        <ele>0</ele>
      </trkpt>
      <trkpt lat="53.09675185962236" lon="-3.9521018500858172">
        <ele>0</ele>
      </trkpt>
      <trkpt lat="53.09677283997711" lon="-3.951975014304776">
        <ele>0</ele>
      </trkpt>
      <trkpt lat="53.09679477398436" lon="-3.951767118062167">
        <ele>0</ele>
      </trkpt>
      <trkpt lat="53.09690921228304" lon="-3.9514648102231433">
        <ele>0</ele>
      </trkpt>
      <trkpt lat="53.097174327675" lon="-3.9510175472057867">
        <ele>0</ele>
      </trkpt>
      <trkpt lat="53.09730593171849" lon="-3.9506065229830134">
        <ele>0</ele>
      </trkpt>
      <trkpt lat="53.09742990654206" lon="-3.9501907304977952">
        <ele>0</ele>
      </trkpt>
      <trkpt lat="53.09750905969865" lon="-3.9492742704558346">
        <ele>0</ele>
      </trkpt>
      <trkpt lat="53.09766641235934" lon="-3.9487535761968227">
        <ele>0</ele>
      </trkpt>
      <trkpt lat="53.0978523745947" lon="-3.9483683005912531">
        <ele>0</ele>
      </trkpt>
      <trkpt lat="53.09798874690063" lon="-3.9480202174327563">
        <ele>0</ele>
      </trkpt>
      <trkpt lat="53.09804978065993" lon="-3.9478409307648179">
        <ele>0</ele>
      </trkpt>
      <trkpt lat="53.0981823383559" lon="-3.9476854854091057">
        <ele>0</ele>
      </trkpt>
      <trkpt lat="53.09818424566088" lon="-3.9474804501239635">
        <ele>0</ele>
      </trkpt>
      <trkpt lat="53.09829677665459" lon="-3.9472639710089528">
        <ele>0</ele>
      </trkpt>
      <trkpt lat="53.09837211520122" lon="-3.9471342742704443">
        <ele>0</ele>
      </trkpt>
      <trkpt lat="53.09844650009537" lon="-3.9470560747663437">
        <ele>0</ele>
      </trkpt>
      <trkpt lat="53.09851134846463" lon="-3.9464867442303913">
        <ele>0</ele>
      </trkpt>
      <trkpt lat="53.09862578676331" lon="-3.9460232691207211">
        <ele>0</ele>
      </trkpt>
      <trkpt lat="53.09888422658783" lon="-3.9455712378409196">
        <ele>0</ele>
      </trkpt>
      <trkpt lat="53.099087354568" lon="-3.944861720389079">
        <ele>0</ele>
      </trkpt>
      <trkpt lat="53.09935914552737" lon="-3.9437707419416252">
        <ele>0</ele>
      </trkpt>
      <trkpt lat="53.09917127598703" lon="-3.9429992370779976">
        <ele>0</ele>
      </trkpt>
      <trkpt lat="53.09890711424757" lon="-3.9428619111195768">
        <ele>0</ele>
      </trkpt>
      <trkpt lat="53.09876978828915" lon="-3.9426711806217702">
        <ele>0</ele>
      </trkpt>
      <trkpt lat="53.09870112530994" lon="-3.9425147816135686">
        <ele>0</ele>
      </trkpt>
      <trkpt lat="53.09854663360672" lon="-3.941806217814217">
        <ele>0</ele>
      </trkpt>
      <trkpt lat="53.09846175853519" lon="-3.9412769406828039">
        <ele>0</ele>
      </trkpt>
      <trkpt lat="53.09844268548541" lon="-3.9405397673087812">
        <ele>0</ele>
      </trkpt>
      <trkpt lat="53.09849848437123" lon="-3.9402443193620726">
        <ele>0</ele>
      </trkpt>
      <trkpt lat="53.09849848437123" lon="-3.9402443193620726">
        <ele>0</ele>
      </trkpt>
      <trkpt lat="53.09851707037956" lon="-3.9401459088308108">
        <ele>0</ele>
      </trkpt>
      <trkpt lat="53.09851516307458" lon="-3.9399999999999888">
        <ele>0</ele>
      </trkpt>
      <trkpt lat="53.09851516307458" lon="-3.9400000000000066">
        <ele>0</ele>
      </trkpt>
      <trkpt lat="53.0985132557696" lon="-3.9399094030135489">
        <ele>0</ele>
      </trkpt>
      <trkpt lat="53.09846652679764" lon="-3.9396366584016853">
        <ele>0</ele>
      </trkpt>
      <trkpt lat="53.09840644669083" lon="-3.9394993324432646">
        <ele>0</ele>
      </trkpt>
      <trkpt lat="53.09840644669083" lon="-3.9394993324432646">
        <ele>0</ele>
      </trkpt>
      <trkpt lat="53.09820617966813" lon="-3.9397797062750404">
        <ele>0</ele>
      </trkpt>
      <trkpt lat="53.09809364867443" lon="-3.9400000000000066">
        <ele>0</ele>
      </trkpt>
      <trkpt lat="53.09809364867443" lon="-3.9399999999999888">
        <ele>0</ele>
      </trkpt>
      <trkpt lat="53.09799923707801" lon="-3.9402012206751746">
        <ele>0</ele>
      </trkpt>
      <trkpt lat="53.09794678619112" lon="-3.940382414648091">
        <ele>0</ele>
      </trkpt>
      <trkpt lat="53.09788479877933" lon="-3.9406399008201296">
        <ele>0</ele>
      </trkpt>
      <trkpt lat="53.09781041388518" lon="-3.9408268167079803">
        <ele>0</ele>
      </trkpt>
      <trkpt lat="53.09771886324624" lon="-3.9410041960709403">
        <ele>0</ele>
      </trkpt>
      <trkpt lat="53.09764924661454" lon="-3.9410986076673544">
        <ele>0</ele>
      </trkpt>
      <trkpt lat="53.09754434484074" lon="-3.9411872973488347">
        <ele>0</ele>
      </trkpt>
      <trkpt lat="53.09754434484074" lon="-3.9411872973488347">
        <ele>0</ele>
      </trkpt>
      <trkpt lat="53.09744091657403" lon="-3.9411219778857154">
        <ele>0</ele>
      </trkpt>
      <trkpt lat="53.09740336440363" lon="-3.941099514501631">
        <ele>0</ele>
      </trkpt>
      <trkpt lat="53.09747144357408" lon="-3.9411751871257366">
        <ele>0</ele>
      </trkpt>
      <trkpt lat="53.09747144357408" lon="-3.9411751871257366">
        <ele>0</ele>
      </trkpt>
      <trkpt lat="53.09732977303071" lon="-3.9417222963951821">
        <ele>0</ele>
      </trkpt>
      <trkpt lat="53.09698168987222" lon="-3.9428600038145984">
        <ele>0</ele>
      </trkpt>
      <trkpt lat="53.09693900793808" lon="-3.943019327980938">
        <ele>0</ele>
      </trkpt>
      <trkpt lat="53.09693877551021" lon="-3.943019263780267">
        <ele>0</ele>
      </trkpt>
      <trkpt lat="53.09686629792104" lon="-3.9429992370779976">
        <ele>0</ele>
      </trkpt>
      <trkpt lat="53.09680335685677" lon="-3.943020217432756">
        <ele>0</ele>
      </trkpt>
      <trkpt lat="53.09674136944498" lon="-3.9430402441350259">
        <ele>0</ele>
      </trkpt>
      <trkpt lat="53.09665744802594" lon="-3.9430802975395651">
        <ele>0</ele>
      </trkpt>
      <trkpt lat="53.096608811749" lon="-3.9430946023269007">
        <ele>0</ele>
      </trkpt>
      <trkpt lat="53.09657066564944" lon="-3.9430860194544994">
        <ele>0</ele>
      </trkpt>
      <trkpt lat="53.09657066564944" lon="-3.9430860194544994">
        <ele>0</ele>
      </trkpt>
      <trkpt lat="53.09646290291818" lon="-3.9429906542055959">
        <ele>0</ele>
      </trkpt>
      <trkpt lat="53.09635514018692" lon="-3.9428943353042039">
        <ele>0</ele>
      </trkpt>
      <trkpt lat="53.09635514018692" lon="-3.9428943353042039">
        <ele>0</ele>
      </trkpt>
      <trkpt lat="53.09631127217242" lon="-3.9428542818996646">
        <ele>0</ele>
      </trkpt>
      <trkpt lat="53.09615201220676" lon="-3.9425681861529545">
        <ele>0</ele>
      </trkpt>
      <trkpt lat="53.09595937440397" lon="-3.942293534236113">
        <ele>0</ele>
      </trkpt>
      <trkpt lat="53.0957829486935" lon="-3.9420856379935039">
        <ele>0</ele>
      </trkpt>
      <trkpt lat="53.09559603280565" lon="-3.9419034903680985">
        <ele>0</ele>
      </trkpt>
      <trkpt lat="53.09542532901011" lon="-3.9417127598702919">
        <ele>0</ele>
      </trkpt>
      <trkpt lat="53.09529277131413" lon="-3.9417528132748312">
        <ele>0</ele>
      </trkpt>
      <trkpt lat="53.09518214762541" lon="-3.9417146671752699">
        <ele>0</ele>
      </trkpt>
      <trkpt lat="53.09516370020726" lon="-3.9417020720415001">
        <ele>0</ele>
      </trkpt>
    </trkseg>
  </trk>
  <trk>
    <name>Day 2 - Alt Peak</name>
    <extensions>
      <gpxx:TrackExtension>
        <gpxx:DisplayColor>DarkCyan</gpxx:DisplayColor>
      </gpxx:TrackExtension>
      <mapout:extension>
        <mapout:color>05ADE4</mapout:color>
      </mapout:extension>
    </extensions>
    <trkseg>
      <trkpt lat="53.1069159121007" lon="-4.0345617857821559">
        <ele>0</ele>
      </trkpt>
      <trkpt lat="53.10685485409118" lon="-4.0346414266641251">
        <ele>0</ele>
      </trkpt>
      <trkpt lat="53.10678142284953" lon="-4.0346862483311092">
        <ele>0</ele>
      </trkpt>
      <trkpt lat="53.10670799160787" lon="-4.0347301163456049">
        <ele>0</ele>
      </trkpt>
      <trkpt lat="53.10665744802596" lon="-4.0348083158497055">
        <ele>0</ele>
      </trkpt>
      <trkpt lat="53.10662311653635" lon="-4.0348960518786967">
        <ele>0</ele>
      </trkpt>
      <trkpt lat="53.10655159259967" lon="-4.034969483120352">
        <ele>0</ele>
      </trkpt>
      <trkpt lat="53.10644192256343" lon="-4.0350219340072488">
        <ele>0</ele>
      </trkpt>
      <trkpt lat="53.10635418653444" lon="-4.0351363723059333">
        <ele>0</ele>
      </trkpt>
      <trkpt lat="53.10635418653444" lon="-4.0351363723059333">
        <ele>0</ele>
      </trkpt>
      <trkpt lat="53.10628838451269" lon="-4.0351096700362401">
        <ele>0</ele>
      </trkpt>
      <trkpt lat="53.10627121876789" lon="-4.0351115773412181">
        <ele>0</ele>
      </trkpt>
      <trkpt lat="53.1062530993706" lon="-4.0351049017737948">
        <ele>0</ele>
      </trkpt>
      <trkpt lat="53.10623879458327" lon="-4.0350534045393873">
        <ele>0</ele>
      </trkpt>
      <trkpt lat="53.10621781422851" lon="-4.0350591264543212">
        <ele>0</ele>
      </trkpt>
      <trkpt lat="53.10619492656877" lon="-4.0350410070570293">
        <ele>0</ele>
      </trkpt>
      <trkpt lat="53.10617966812895" lon="-4.0350028609574684">
        <ele>0</ele>
      </trkpt>
      <trkpt lat="53.10616059507917" lon="-4.0349904634751104">
        <ele>0</ele>
      </trkpt>
      <trkpt lat="53.1061138661072" lon="-4.0349866488651545">
        <ele>0</ele>
      </trkpt>
      <trkpt lat="53.10608525653253" lon="-4.0349923707800892">
        <ele>0</ele>
      </trkpt>
      <trkpt lat="53.10600324241847" lon="-4.0349914171275998">
        <ele>0</ele>
      </trkpt>
      <trkpt lat="53.10596891092887" lon="-4.0349685294678634">
        <ele>0</ele>
      </trkpt>
      <trkpt lat="53.10593744039673" lon="-4.0349609002479507">
        <ele>0</ele>
      </trkpt>
      <trkpt lat="53.10591169177953" lon="-4.0349704367728414">
        <ele>0</ele>
      </trkpt>
      <trkpt lat="53.10588880411979" lon="-4.0349942780850672">
        <ele>0</ele>
      </trkpt>
      <trkpt lat="53.10587163837499" lon="-4.0350534045393873">
        <ele>0</ele>
      </trkpt>
      <trkpt lat="53.10585924089263" lon="-4.0350658020217445">
        <ele>0</ele>
      </trkpt>
      <trkpt lat="53.1057924852184" lon="-4.0350152584398256">
        <ele>0</ele>
      </trkpt>
      <trkpt lat="53.10578294869351" lon="-4.0350276559221827">
        <ele>0</ele>
      </trkpt>
      <trkpt lat="53.10576769025369" lon="-4.0350925042914376">
        <ele>0</ele>
      </trkpt>
      <trkpt lat="53.1057572000763" lon="-4.0350944115964156">
        <ele>0</ele>
      </trkpt>
      <trkpt lat="53.10574575624644" lon="-4.0350543581918759">
        <ele>0</ele>
      </trkpt>
      <trkpt lat="53.10572954415412" lon="-4.0350448216669861">
        <ele>0</ele>
      </trkpt>
      <trkpt lat="53.10571142475683" lon="-4.0350553118443653">
        <ele>0</ele>
      </trkpt>
      <trkpt lat="53.10570379553692" lon="-4.0351020408163274">
        <ele>0</ele>
      </trkpt>
      <trkpt lat="53.10568567613963" lon="-4.0351068090787727">
        <ele>0</ele>
      </trkpt>
      <trkpt lat="53.10567327865727" lon="-4.0351068090787727">
        <ele>0</ele>
      </trkpt>
      <trkpt lat="53.10561605950793" lon="-4.0350495899294305">
        <ele>0</ele>
      </trkpt>
      <trkpt lat="53.10555693305361" lon="-4.0350629410642771">
        <ele>0</ele>
      </trkpt>
      <trkpt lat="53.10555693305361" lon="-4.0350629410642771">
        <ele>0</ele>
      </trkpt>
      <trkpt lat="53.10553976730881" lon="-4.035048636276942">
        <ele>0</ele>
      </trkpt>
      <trkpt lat="53.10551592599658" lon="-4.0350505435819199">
        <ele>0</ele>
      </trkpt>
      <trkpt lat="53.10549780659929" lon="-4.0350591264543212">
        <ele>0</ele>
      </trkpt>
      <trkpt lat="53.10545584588977" lon="-4.0350505435819199">
        <ele>0</ele>
      </trkpt>
      <trkpt lat="53.10541102422279" lon="-4.0350286095746721">
        <ele>0</ele>
      </trkpt>
      <trkpt lat="53.10536906351327" lon="-4.0349952317375557">
        <ele>0</ele>
      </trkpt>
      <trkpt lat="53.10529849322908" lon="-4.0349198931909225">
        <ele>0</ele>
      </trkpt>
      <trkpt lat="53.10525271790961" lon="-4.0349160785809666">
        <ele>0</ele>
      </trkpt>
      <trkpt lat="53.10520694259014" lon="-4.034937058935725">
        <ele>0</ele>
      </trkpt>
      <trkpt lat="53.10516021361817" lon="-4.0349895098226218">
        <ele>0</ele>
      </trkpt>
      <trkpt lat="53.10508868968149" lon="-4.0350925042914376">
        <ele>0</ele>
      </trkpt>
      <trkpt lat="53.10503433148962" lon="-4.0352136181575444">
        <ele>0</ele>
      </trkpt>
      <trkpt lat="53.10498283425521" lon="-4.0354882700743859">
        <ele>0</ele>
      </trkpt>
      <trkpt lat="53.10496090024796" lon="-4.0355359526988375">
        <ele>0</ele>
      </trkpt>
      <trkpt lat="53.10493324432578" lon="-4.0355664695784865">
        <ele>0</ele>
      </trkpt>
      <trkpt lat="53.10489605187871" lon="-4.0355683768834645">
        <ele>0</ele>
      </trkpt>
      <trkpt lat="53.10487411787146" lon="-4.03555311844364">
        <ele>0</ele>
      </trkpt>
      <trkpt lat="53.1048445546443" lon="-4.0355578867060853">
        <ele>0</ele>
      </trkpt>
      <trkpt lat="53.10475586496282" lon="-4.0356656494373464">
        <ele>0</ele>
      </trkpt>
      <trkpt lat="53.10471295060081" lon="-4.0356780469197036">
        <ele>0</ele>
      </trkpt>
      <trkpt lat="53.10459851230213" lon="-4.0356780469197036">
        <ele>0</ele>
      </trkpt>
      <trkpt lat="53.1045746709899" lon="-4.0356637421323684">
        <ele>0</ele>
      </trkpt>
      <trkpt lat="53.10454606141523" lon="-4.0356694640473023">
        <ele>0</ele>
      </trkpt>
      <trkpt lat="53.10447739843602" lon="-4.0357314514590898">
        <ele>0</ele>
      </trkpt>
      <trkpt lat="53.1044096891093" lon="-4.035792485218388">
        <ele>0</ele>
      </trkpt>
      <trkpt lat="53.10437440396721" lon="-4.0358163265306137">
        <ele>0</ele>
      </trkpt>
      <trkpt lat="53.10427427045586" lon="-4.0358582872401305">
        <ele>0</ele>
      </trkpt>
      <trkpt lat="53.10422754148389" lon="-4.035857333587642">
        <ele>0</ele>
      </trkpt>
      <trkpt lat="53.10418558077438" lon="-4.0358783139424004">
        <ele>0</ele>
      </trkpt>
      <trkpt lat="53.10408258630557" lon="-4.0359412550066764">
        <ele>0</ele>
      </trkpt>
      <trkpt lat="53.1039834064467" lon="-4.0360270837306897">
        <ele>0</ele>
      </trkpt>
      <trkpt lat="53.10391951172994" lon="-4.0360480640854481">
        <ele>0</ele>
      </trkpt>
      <trkpt lat="53.10387182910549" lon="-4.0359841693686835">
        <ele>0</ele>
      </trkpt>
      <trkpt lat="53.10382510013353" lon="-4.035920274651918">
        <ele>0</ele>
      </trkpt>
      <trkpt lat="53.10377837116156" lon="-4.0358010680907892">
        <ele>0</ele>
      </trkpt>
      <trkpt lat="53.10374594697694" lon="-4.0356980736219734">
        <ele>0</ele>
      </trkpt>
      <trkpt lat="53.10371733740227" lon="-4.0356713713522803">
        <ele>0</ele>
      </trkpt>
      <trkpt lat="53.1036791913027" lon="-4.0356770932672141">
        <ele>0</ele>
      </trkpt>
      <trkpt lat="53.10361720389091" lon="-4.0357266831966445">
        <ele>0</ele>
      </trkpt>
      <trkpt lat="53.10355521647913" lon="-4.0357753194735846">
        <ele>0</ele>
      </trkpt>
      <trkpt lat="53.10354091169179" lon="-4.0357734121686066">
        <ele>0</ele>
      </trkpt>
      <trkpt lat="53.10351897768454" lon="-4.0357552927713156">
        <ele>0</ele>
      </trkpt>
      <trkpt lat="53.10348273888996" lon="-4.0356913980545501">
        <ele>0</ele>
      </trkpt>
      <trkpt lat="53.10348273888996" lon="-4.0356913980545501">
        <ele>0</ele>
      </trkpt>
      <trkpt lat="53.10340263208089" lon="-4.0355483501811955">
        <ele>0</ele>
      </trkpt>
      <trkpt lat="53.10340263208089" lon="-4.0355483501811955">
        <ele>0</ele>
      </trkpt>
      <trkpt lat="53.10333969101661" lon="-4.0354463093648683">
        <ele>0</ele>
      </trkpt>
      <trkpt lat="53.10327674995233" lon="-4.0353442685485419">
        <ele>0</ele>
      </trkpt>
      <trkpt lat="53.10323383559032" lon="-4.035228876597369">
        <ele>0</ele>
      </trkpt>
      <trkpt lat="53.10319187488081" lon="-4.0351125309937066">
        <ele>0</ele>
      </trkpt>
      <trkpt lat="53.10315086782378" lon="-4.0350429143620072">
        <ele>0</ele>
      </trkpt>
      <trkpt lat="53.10310986076675" lon="-4.0349723440778194">
        <ele>0</ele>
      </trkpt>
      <trkpt lat="53.10301735647531" lon="-4.034855998474157">
        <ele>0</ele>
      </trkpt>
      <trkpt lat="53.10292485218388" lon="-4.0347386992180061">
        <ele>0</ele>
      </trkpt>
      <trkpt lat="53.10285237459471" lon="-4.034630936486745">
        <ele>0</ele>
      </trkpt>
      <trkpt lat="53.10277798970057" lon="-4.0345422468052652">
        <ele>0</ele>
      </trkpt>
      <trkpt lat="53.10270455845891" lon="-4.0344535571237854">
        <ele>0</ele>
      </trkpt>
      <trkpt lat="53.10259488842267" lon="-4.0343333969101671">
        <ele>0</ele>
      </trkpt>
      <trkpt lat="53.10248521838643" lon="-4.0342122830440603">
        <ele>0</ele>
      </trkpt>
      <trkpt lat="53.10244039671945" lon="-4.0341226397100911">
        <ele>0</ele>
      </trkpt>
      <trkpt lat="53.10234979973299" lon="-4.0340062941064287">
        <ele>0</ele>
      </trkpt>
      <trkpt lat="53.10226015639902" lon="-4.0338889948502779">
        <ele>0</ele>
      </trkpt>
      <trkpt lat="53.10222677856191" lon="-4.0338079343887099">
        <ele>0</ele>
      </trkpt>
      <trkpt lat="53.10219435437728" lon="-4.0337259202746534">
        <ele>0</ele>
      </trkpt>
      <trkpt lat="53.10217909593745" lon="-4.0336353232881947">
        <ele>0</ele>
      </trkpt>
      <trkpt lat="53.10216479115012" lon="-4.0335437726492476">
        <ele>0</ele>
      </trkpt>
      <trkpt lat="53.10216193019265" lon="-4.0334760633225262">
        <ele>0</ele>
      </trkpt>
      <trkpt lat="53.10216002288767" lon="-4.0334074003433162">
        <ele>0</ele>
      </trkpt>
      <trkpt lat="53.10209803547588" lon="-4.0333044058745005">
        <ele>0</ele>
      </trkpt>
      <trkpt lat="53.10198073621974" lon="-4.0332424184627129">
        <ele>0</ele>
      </trkpt>
      <trkpt lat="53.10187774175092" lon="-4.0332128552355533">
        <ele>0</ele>
      </trkpt>
      <trkpt lat="53.1014180812512" lon="-4.0323583826053797">
        <ele>0</ele>
      </trkpt>
      <trkpt lat="53.10131699408737" lon="-4.0320684722487137">
        <ele>0</ele>
      </trkpt>
      <trkpt lat="53.1012883845127" lon="-4.0320026702269702">
        <ele>0</ele>
      </trkpt>
      <trkpt lat="53.10126072859052" lon="-4.0319368682052268">
        <ele>0</ele>
      </trkpt>
      <trkpt lat="53.10120255578868" lon="-4.0318472248712585">
        <ele>0</ele>
      </trkpt>
      <trkpt lat="53.10114533663934" lon="-4.0317566278847998">
        <ele>0</ele>
      </trkpt>
      <trkpt lat="53.10110719053978" lon="-4.0316574480259408">
        <ele>0</ele>
      </trkpt>
      <trkpt lat="53.10110432958231" lon="-4.031266450505437">
        <ele>0</ele>
      </trkpt>
      <trkpt lat="53.10101182529088" lon="-4.0311739462140004">
        <ele>0</ele>
      </trkpt>
      <trkpt lat="53.1009755864963" lon="-4.0310604615678054">
        <ele>0</ele>
      </trkpt>
      <trkpt lat="53.1009403013542" lon="-4.0309460232691219">
        <ele>0</ele>
      </trkpt>
      <trkpt lat="53.10097367919132" lon="-4.0306732786572583">
        <ele>0</ele>
      </trkpt>
      <trkpt lat="53.10097367919132" lon="-4.0306732786572583">
        <ele>0</ele>
      </trkpt>
      <trkpt lat="53.10095842075149" lon="-4.030587449933245">
        <ele>0</ele>
      </trkpt>
      <trkpt lat="53.10096414266643" lon="-4.0305302307839037">
        <ele>0</ele>
      </trkpt>
      <trkpt lat="53.1010013351135" lon="-4.0304730116345615">
        <ele>0</ele>
      </trkpt>
      <trkpt lat="53.10109288575244" lon="-4.0303652489033004">
        <ele>0</ele>
      </trkpt>
      <trkpt lat="53.10117871447646" lon="-4.0299523173755496">
        <ele>0</ele>
      </trkpt>
      <trkpt lat="53.10122067518598" lon="-4.029861720389091">
        <ele>0</ele>
      </trkpt>
      <trkpt lat="53.10127121876789" lon="-4.0297911501049031">
        <ele>0</ele>
      </trkpt>
      <trkpt lat="53.1013055502575" lon="-4.0296776654587081">
        <ele>0</ele>
      </trkpt>
      <trkpt lat="53.1012969673851" lon="-4.0296118634369646">
        <ele>0</ele>
      </trkpt>
      <trkpt lat="53.10129351417824" lon="-4.0295820795277848">
        <ele>0</ele>
      </trkpt>
    </trkseg>
  </trk>
  <trk>
    <name>Day 4 - Return</name>
    <extensions>
      <gpxx:TrackExtension>
        <gpxx:DisplayColor>Red</gpxx:DisplayColor>
      </gpxx:TrackExtension>
    </extensions>
    <trkseg>
      <trkpt lat="53.09865682863676" lon="-3.9382830115745273">
        <ele>0</ele>
      </trkpt>
      <trkpt lat="53.09871733740226" lon="-3.9380421514400221">
        <ele>0</ele>
      </trkpt>
      <trkpt lat="53.09888613389281" lon="-3.9376158687774243">
        <ele>0</ele>
      </trkpt>
      <trkpt lat="53.09901869158879" lon="-3.9369654777799039">
        <ele>0</ele>
      </trkpt>
      <trkpt lat="53.09905493038337" lon="-3.9366345603662092">
        <ele>0</ele>
      </trkpt>
      <trkpt lat="53.09911214953271" lon="-3.9364600419607165">
        <ele>0</ele>
      </trkpt>
      <trkpt lat="53.09923993896624" lon="-3.9359803547587329">
        <ele>0</ele>
      </trkpt>
      <trkpt lat="53.09935533091742" lon="-3.9354463093648744">
        <ele>0</ele>
      </trkpt>
      <trkpt lat="53.09938107953462" lon="-3.9353566660309052">
        <ele>0</ele>
      </trkpt>
      <trkpt lat="53.09942399389663" lon="-3.9350524508869036">
        <ele>0</ele>
      </trkpt>
      <trkpt lat="53.09942399389663" lon="-3.9350524508869036">
        <ele>0</ele>
      </trkpt>
      <trkpt lat="53.0995050543582" lon="-3.9348703032614982">
        <ele>0</ele>
      </trkpt>
      <trkpt lat="53.09965668510395" lon="-3.9343486553499973">
        <ele>0</ele>
      </trkpt>
      <trkpt lat="53.1" lon="-3.933033568567621">
        <ele>0</ele>
      </trkpt>
      <trkpt lat="53.10000000000002" lon="-3.933033568567621">
        <ele>0</ele>
      </trkpt>
      <trkpt lat="53.10006580202176" lon="-3.9327827579630052">
        <ele>0</ele>
      </trkpt>
      <trkpt lat="53.10052641617396" lon="-3.9313904253290168">
        <ele>0</ele>
      </trkpt>
      <trkpt lat="53.1009059698646" lon="-3.9307972534808382">
        <ele>0</ele>
      </trkpt>
      <trkpt lat="53.10138088880414" lon="-3.9297215334732094">
        <ele>0</ele>
      </trkpt>
      <trkpt lat="53.10149437345033" lon="-3.9295002860957537">
        <ele>0</ele>
      </trkpt>
      <trkpt lat="53.10168891855809" lon="-3.9292399389662473">
        <ele>0</ele>
      </trkpt>
      <trkpt lat="53.10187488079345" lon="-3.9285828724013037">
        <ele>0</ele>
      </trkpt>
      <trkpt lat="53.1019406828152" lon="-3.9281880602708443">
        <ele>0</ele>
      </trkpt>
      <trkpt lat="53.1019406828152" lon="-3.9276969292389921">
        <ele>0</ele>
      </trkpt>
      <trkpt lat="53.10200743848943" lon="-3.9269855044821735">
        <ele>0</ele>
      </trkpt>
      <trkpt lat="53.10197406065231" lon="-3.9263446500095434">
        <ele>0</ele>
      </trkpt>
      <trkpt lat="53.10204081632654" lon="-3.9260289910356736">
        <ele>0</ele>
      </trkpt>
      <trkpt lat="53.10217814228496" lon="-3.9256332252527248">
        <ele>0</ele>
      </trkpt>
      <trkpt lat="53.1023583826054" lon="-3.9245098226206441">
        <ele>0</ele>
      </trkpt>
      <trkpt lat="53.10235456799543" lon="-3.9238537097081894">
        <ele>0</ele>
      </trkpt>
      <trkpt lat="53.10243944306696" lon="-3.9235771504863695">
        <ele>0</ele>
      </trkpt>
      <trkpt lat="53.10254434484075" lon="-3.9230869731070066">
        <ele>0</ele>
      </trkpt>
      <trkpt lat="53.10268643906162" lon="-3.9225491131031922">
        <ele>0</ele>
      </trkpt>
      <trkpt lat="53.10268643906162" lon="-3.9223354949456488">
        <ele>0</ele>
      </trkpt>
      <trkpt lat="53.10258630555027" lon="-3.9216870112531064">
        <ele>0</ele>
      </trkpt>
      <trkpt lat="53.10253480831587" lon="-3.9216078580965164">
        <ele>0</ele>
      </trkpt>
      <trkpt lat="53.10261491512495" lon="-3.9214419225634245">
        <ele>0</ele>
      </trkpt>
      <trkpt lat="53.10269883654398" lon="-3.9213494182719884">
        <ele>0</ele>
      </trkpt>
      <trkpt lat="53.10269883654398" lon="-3.9213494182719884">
        <ele>0</ele>
      </trkpt>
      <trkpt lat="53.10273602899105" lon="-3.9213007819950478">
        <ele>0</ele>
      </trkpt>
      <trkpt lat="53.10284093076484" lon="-3.9211949265687651">
        <ele>0</ele>
      </trkpt>
      <trkpt lat="53.10289147434676" lon="-3.9211310318520001">
        <ele>0</ele>
      </trkpt>
      <trkpt lat="53.10294201792868" lon="-3.9210671371352346">
        <ele>0</ele>
      </trkpt>
      <trkpt lat="53.10300400534047" lon="-3.9209517451840616">
        <ele>0</ele>
      </trkpt>
      <trkpt lat="53.10303356856762" lon="-3.920875452984939">
        <ele>0</ele>
      </trkpt>
      <trkpt lat="53.10306408544728" lon="-3.9207991607858164">
        <ele>0</ele>
      </trkpt>
      <trkpt lat="53.10309078771697" lon="-3.9206894907495777">
        <ele>0</ele>
      </trkpt>
      <trkpt lat="53.10311844363915" lon="-3.9205798207133391">
        <ele>0</ele>
      </trkpt>
      <trkpt lat="53.10314609956134" lon="-3.9204844554644356">
        <ele>0</ele>
      </trkpt>
      <trkpt lat="53.10317375548352" lon="-3.9203881365630431">
        <ele>0</ele>
      </trkpt>
      <trkpt lat="53.10332633988176" lon="-3.920000000000007">
        <ele>0</ele>
      </trkpt>
      <trkpt lat="53.10332633988176" lon="-3.9199999999999964">
        <ele>0</ele>
      </trkpt>
      <trkpt lat="53.10349227541485" lon="-3.9195536906351292">
        <ele>0</ele>
      </trkpt>
      <trkpt lat="53.10362960137327" lon="-3.9191359908449326">
        <ele>0</ele>
      </trkpt>
      <trkpt lat="53.10365916460044" lon="-3.9190167842838037">
        <ele>0</ele>
      </trkpt>
      <trkpt lat="53.10368205226017" lon="-3.9188508487507119">
        <ele>0</ele>
      </trkpt>
      <trkpt lat="53.10371066183484" lon="-3.9184827388899452">
        <ele>0</ele>
      </trkpt>
      <trkpt lat="53.10372687392715" lon="-3.9183549494564147">
        <ele>0</ele>
      </trkpt>
      <trkpt lat="53.10382128552357" lon="-3.9180011443829836">
        <ele>0</ele>
      </trkpt>
      <trkpt lat="53.1039319092123" lon="-3.9177160022887625">
        <ele>0</ele>
      </trkpt>
      <trkpt lat="53.10407591073814" lon="-3.9174651916841468">
        <ele>0</ele>
      </trkpt>
      <trkpt lat="53.10407591073814" lon="-3.9174651916841468">
        <ele>0</ele>
      </trkpt>
      <trkpt lat="53.10410165935534" lon="-3.9173984360099148">
        <ele>0</ele>
      </trkpt>
      <trkpt lat="53.10410833492277" lon="-3.9172735075338512">
        <ele>0</ele>
      </trkpt>
      <trkpt lat="53.10396337974444" lon="-3.9162750333778336">
        <ele>0</ele>
      </trkpt>
      <trkpt lat="53.10391574562905" lon="-3.9160139984255058">
        <ele>0</ele>
      </trkpt>
      <trkpt lat="53.10391574563359" lon="-3.9160139984450595">
        <ele>0</ele>
      </trkpt>
      <trkpt lat="53.1039576578295" lon="-3.9159879839786349">
        <ele>0</ele>
      </trkpt>
      <trkpt lat="53.1039576578295" lon="-3.9159879839786349">
        <ele>0</ele>
      </trkpt>
      <trkpt lat="53.10403776463858" lon="-3.9159193209994245">
        <ele>0</ele>
      </trkpt>
      <trkpt lat="53.10411882510014" lon="-3.9158506580202141">
        <ele>0</ele>
      </trkpt>
      <trkpt lat="53.10411882510014" lon="-3.9158506580202141">
        <ele>0</ele>
      </trkpt>
      <trkpt lat="53.10417222963953" lon="-3.9157858096509597">
        <ele>0</ele>
      </trkpt>
      <trkpt lat="53.10421419034905" lon="-3.9157037955369027">
        <ele>0</ele>
      </trkpt>
      <trkpt lat="53.10426091932101" lon="-3.9155588403585697">
        <ele>0</ele>
      </trkpt>
      <trkpt lat="53.10435914552738" lon="-3.9151792866679349">
        <ele>0</ele>
      </trkpt>
      <trkpt lat="53.1044192256342" lon="-3.9149094030135383">
        <ele>0</ele>
      </trkpt>
      <trkpt lat="53.10459183673471" lon="-3.9140053404539352">
        <ele>0</ele>
      </trkpt>
      <trkpt lat="53.10472534808317" lon="-3.9133940492084651">
        <ele>0</ele>
      </trkpt>
      <trkpt lat="53.10493419797827" lon="-3.9127379362960104">
        <ele>0</ele>
      </trkpt>
      <trkpt lat="53.10495613198552" lon="-3.9125729544154075">
        <ele>0</ele>
      </trkpt>
      <trkpt lat="53.10495994659547" lon="-3.9123927140949806">
        <ele>0</ele>
      </trkpt>
      <trkpt lat="53.10494182719818" lon="-3.9122239176044213">
        <ele>0</ele>
      </trkpt>
      <trkpt lat="53.10494182719818" lon="-3.9122239176044213">
        <ele>0</ele>
      </trkpt>
      <trkpt lat="53.10504577531949" lon="-3.9122401296967353">
        <ele>0</ele>
      </trkpt>
      <trkpt lat="53.10506294106429" lon="-3.912233454129312">
        <ele>0</ele>
      </trkpt>
      <trkpt lat="53.10506294106429" lon="-3.912233454129312">
        <ele>0</ele>
      </trkpt>
      <trkpt lat="53.10513351134848" lon="-3.9119292389853104">
        <ele>0</ele>
      </trkpt>
      <trkpt lat="53.10514972344079" lon="-3.9116469578485566">
        <ele>0</ele>
      </trkpt>
      <trkpt lat="53.10516021361817" lon="-3.9115420560747629">
        <ele>0</ele>
      </trkpt>
      <trkpt lat="53.10517070379555" lon="-3.9114362006484802">
        <ele>0</ele>
      </trkpt>
      <trkpt lat="53.10525081060463" lon="-3.9109965668510362">
        <ele>0</ele>
      </trkpt>
      <trkpt lat="53.1052794201793" lon="-3.9108811748998629">
        <ele>0</ele>
      </trkpt>
      <trkpt lat="53.10530802975397" lon="-3.9107991607858064">
        <ele>0</ele>
      </trkpt>
      <trkpt lat="53.10542628266261" lon="-3.9105245088689649">
        <ele>0</ele>
      </trkpt>
      <trkpt lat="53.10546061415221" lon="-3.9104196070951711">
        <ele>0</ele>
      </trkpt>
      <trkpt lat="53.105479687202" lon="-3.9103433148960485">
        <ele>0</ele>
      </trkpt>
      <trkpt lat="53.10549876025178" lon="-3.9102660690444369">
        <ele>0</ele>
      </trkpt>
      <trkpt lat="53.1055664695785" lon="-3.9098378790768611">
        <ele>0</ele>
      </trkpt>
      <trkpt lat="53.10557314514593" lon="-3.9097587259202711">
        <ele>0</ele>
      </trkpt>
      <trkpt lat="53.10557982071334" lon="-3.9096795727636815">
        <ele>0</ele>
      </trkpt>
      <trkpt lat="53.10557791340837" lon="-3.9093343505626517">
        <ele>0</ele>
      </trkpt>
      <trkpt lat="53.10556265496854" lon="-3.9092628266259739">
        <ele>0</ele>
      </trkpt>
      <trkpt lat="53.10552736982645" lon="-3.9091741369444941">
        <ele>0</ele>
      </trkpt>
      <trkpt lat="53.10551497234409" lon="-3.9091226397100862">
        <ele>0</ele>
      </trkpt>
      <trkpt lat="53.10551020408165" lon="-3.909064466908255">
        <ele>0</ele>
      </trkpt>
      <trkpt lat="53.10551592599658" lon="-3.9090091550638912">
        <ele>0</ele>
      </trkpt>
      <trkpt lat="53.10555216479116" lon="-3.9089147434674771">
        <ele>0</ele>
      </trkpt>
      <trkpt lat="53.1056017547206" lon="-3.9087993515163042">
        <ele>0</ele>
      </trkpt>
      <trkpt lat="53.10562178142286" lon="-3.9087259202746485">
        <ele>0</ele>
      </trkpt>
      <trkpt lat="53.10563227160024" lon="-3.9086524890329928">
        <ele>0</ele>
      </trkpt>
      <trkpt lat="53.10563322525273" lon="-3.9085580774365787">
        <ele>0</ele>
      </trkpt>
      <trkpt lat="53.10560270837308" lon="-3.9082967766545837">
        <ele>0</ele>
      </trkpt>
      <trkpt lat="53.10559794011063" lon="-3.9082090406255925">
        <ele>0</ele>
      </trkpt>
      <trkpt lat="53.105653251955" lon="-3.9076778561892014">
        <ele>0</ele>
      </trkpt>
      <trkpt lat="53.10565515925998" lon="-3.9075824909402979">
        <ele>0</ele>
      </trkpt>
      <trkpt lat="53.10565802021745" lon="-3.9074871256913948">
        <ele>0</ele>
      </trkpt>
      <trkpt lat="53.10565134465002" lon="-3.9070665649437313">
        <ele>0</ele>
      </trkpt>
      <trkpt lat="53.10563799351517" lon="-3.9069549876025143">
        <ele>0</ele>
      </trkpt>
      <trkpt lat="53.10562559603282" lon="-3.9068434102612972">
        <ele>0</ele>
      </trkpt>
      <trkpt lat="53.10562464238033" lon="-3.906769979019642">
        <ele>0</ele>
      </trkpt>
      <trkpt lat="53.10563322525273" lon="-3.9067060843028765">
        <ele>0</ele>
      </trkpt>
      <trkpt lat="53.10569616631701" lon="-3.9064362006484803">
        <ele>0</ele>
      </trkpt>
      <trkpt lat="53.10570284188443" lon="-3.9063217623497963">
        <ele>0</ele>
      </trkpt>
      <trkpt lat="53.10570951745186" lon="-3.9062073240511124">
        <ele>0</ele>
      </trkpt>
      <trkpt lat="53.10572096128173" lon="-3.9061310318519897">
        <ele>0</ele>
      </trkpt>
      <trkpt lat="53.10573335876408" lon="-3.9060547396528671">
        <ele>0</ele>
      </trkpt>
      <trkpt lat="53.10570951745186" lon="-3.9059336257867598">
        <ele>0</ele>
      </trkpt>
      <trkpt lat="53.10572572954417" lon="-3.9058659164600384">
        <ele>0</ele>
      </trkpt>
      <trkpt lat="53.10574194163648" lon="-3.9057972534808281">
        <ele>0</ele>
      </trkpt>
      <trkpt lat="53.1057572000763" lon="-3.9056847224871221">
        <ele>0</ele>
      </trkpt>
      <trkpt lat="53.10575052450888" lon="-3.9056141522029337">
        <ele>0</ele>
      </trkpt>
      <trkpt lat="53.10574384894146" lon="-3.9055435819187454">
        <ele>0</ele>
      </trkpt>
      <trkpt lat="53.10565802021745" lon="-3.9052574861720357">
        <ele>0</ele>
      </trkpt>
      <trkpt lat="53.1056360862102" lon="-3.9051487697882856">
        <ele>0</ele>
      </trkpt>
      <trkpt lat="53.10562368872784" lon="-3.9050686629792071">
        <ele>0</ele>
      </trkpt>
      <trkpt lat="53.10561224489797" lon="-3.9049885561701281">
        <ele>0</ele>
      </trkpt>
      <trkpt lat="53.10560556933055" lon="-3.9048817470913564">
        <ele>0</ele>
      </trkpt>
      <trkpt lat="53.10560556933055" lon="-3.9047873354949423">
        <ele>0</ele>
      </trkpt>
      <trkpt lat="53.10560556933055" lon="-3.9046929238985282">
        <ele>0</ele>
      </trkpt>
      <trkpt lat="53.10559507915317" lon="-3.9046252145718068">
        <ele>0</ele>
      </trkpt>
      <trkpt lat="53.10556074766357" lon="-3.9045098226206338">
        <ele>0</ele>
      </trkpt>
      <trkpt lat="53.10552641617396" lon="-3.9043934770169715">
        <ele>0</ele>
      </trkpt>
      <trkpt lat="53.10550829677667" lon="-3.9042885752431782">
        <ele>0</ele>
      </trkpt>
      <trkpt lat="53.10549017737937" lon="-3.9041836734693844">
        <ele>0</ele>
      </trkpt>
      <trkpt lat="53.10546919702462" lon="-3.9040959374403932">
        <ele>0</ele>
      </trkpt>
      <trkpt lat="53.10547205798208" lon="-3.9040072477589134">
        <ele>0</ele>
      </trkpt>
      <trkpt lat="53.10547587259204" lon="-3.9039176044249442">
        <ele>0</ele>
      </trkpt>
      <trkpt lat="53.10548636276942" lon="-3.9038050734312382">
        <ele>0</ele>
      </trkpt>
      <trkpt lat="53.10550638947169" lon="-3.9037230593171812">
        <ele>0</ele>
      </trkpt>
      <trkpt lat="53.10552736982645" lon="-3.9036400915506357">
        <ele>0</ele>
      </trkpt>
      <trkpt lat="53.10554072096129" lon="-3.9033854663360636">
        <ele>0</ele>
      </trkpt>
      <trkpt lat="53.10555121113867" lon="-3.9033158497043643">
        <ele>0</ele>
      </trkpt>
      <trkpt lat="53.10556265496854" lon="-3.903245279420176">
        <ele>0</ele>
      </trkpt>
      <trkpt lat="53.10554262826627" lon="-3.9031775700934546">
        <ele>0</ele>
      </trkpt>
      <trkpt lat="53.10554167461378" lon="-3.9030602708373037">
        <ele>0</ele>
      </trkpt>
      <trkpt lat="53.10554167461378" lon="-3.9029429715811523">
        <ele>0</ele>
      </trkpt>
      <trkpt lat="53.10553404539387" lon="-3.9028266259774904">
        <ele>0</ele>
      </trkpt>
      <trkpt lat="53.10549399198933" lon="-3.9025748617203857">
        <ele>0</ele>
      </trkpt>
      <trkpt lat="53.10541579248523" lon="-3.9022620637039829">
        <ele>0</ele>
      </trkpt>
      <trkpt lat="53.10532328819379" lon="-3.9017280183101244">
        <ele>0</ele>
      </trkpt>
      <trkpt lat="53.10526797634943" lon="-3.9014781613579976">
        <ele>0</ele>
      </trkpt>
      <trkpt lat="53.10525843982454" lon="-3.9014075910738093">
        <ele>0</ele>
      </trkpt>
      <trkpt lat="53.10524985695214" lon="-3.901336067137132">
        <ele>0</ele>
      </trkpt>
      <trkpt lat="53.10528323478925" lon="-3.9007543391188215">
        <ele>0</ele>
      </trkpt>
      <trkpt lat="53.10525462521458" lon="-3.9003223345412898">
        <ele>0</ele>
      </trkpt>
      <trkpt lat="53.10523173755485" lon="-3.9002517642571015">
        <ele>0</ele>
      </trkpt>
      <trkpt lat="53.10520884989511" lon="-3.9001802403204238">
        <ele>0</ele>
      </trkpt>
      <trkpt lat="53.10519359145529" lon="-3.9000905969864545">
        <ele>0</ele>
      </trkpt>
      <trkpt lat="53.10517928666795" lon="-3.8999999999999968">
        <ele>0</ele>
      </trkpt>
      <trkpt lat="53.10517928666795" lon="-3.8999999999999861">
        <ele>0</ele>
      </trkpt>
      <trkpt lat="53.10515353805075" lon="-3.899841693686807">
        <ele>0</ele>
      </trkpt>
      <trkpt lat="53.10516021361817" lon="-3.8997415601754586">
        <ele>0</ele>
      </trkpt>
      <trkpt lat="53.10510776273127" lon="-3.899213236696534">
        <ele>0</ele>
      </trkpt>
      <trkpt lat="53.10512969673852" lon="-3.8990062941064139">
        <ele>0</ele>
      </trkpt>
      <trkpt lat="53.10506103375931" lon="-3.8982691207323916">
        <ele>0</ele>
      </trkpt>
      <trkpt lat="53.10508487507154" lon="-3.8980059126454183">
        <ele>0</ele>
      </trkpt>
      <trkpt lat="53.10505435819189" lon="-3.8978266259774803">
        <ele>0</ele>
      </trkpt>
      <trkpt lat="53.10512683578106" lon="-3.8972553881365495">
        <ele>0</ele>
      </trkpt>
      <trkpt lat="53.10518024032044" lon="-3.8969568949074822">
        <ele>0</ele>
      </trkpt>
      <trkpt lat="53.1052012206752" lon="-3.8963036429524944">
        <ele>0</ele>
      </trkpt>
      <trkpt lat="53.10533091741371" lon="-3.8960480640854338">
        <ele>0</ele>
      </trkpt>
      <trkpt lat="53.10533091741371" lon="-3.8960480640854338">
        <ele>0</ele>
      </trkpt>
      <trkpt lat="53.10527846652681" lon="-3.895800114438285">
        <ele>0</ele>
      </trkpt>
      <trkpt lat="53.10527846652681" lon="-3.895800114438285">
        <ele>0</ele>
      </trkpt>
      <trkpt lat="53.10523555216481" lon="-3.8953166126263454">
        <ele>0</ele>
      </trkpt>
      <trkpt lat="53.10499523173757" lon="-3.8949971390425193">
        <ele>0</ele>
      </trkpt>
      <trkpt lat="53.10469101659357" lon="-3.893924279992357">
        <ele>0</ele>
      </trkpt>
      <trkpt lat="53.10459469769217" lon="-3.8939996185389907">
        <ele>0</ele>
      </trkpt>
      <trkpt lat="53.10451077627314" lon="-3.893860385275592">
        <ele>0</ele>
      </trkpt>
      <trkpt lat="53.10440778180433" lon="-3.8938470341407454">
        <ele>0</ele>
      </trkpt>
      <trkpt lat="53.10439156971201" lon="-3.8938308220484319">
        <ele>0</ele>
      </trkpt>
      <trkpt lat="53.10424661453368" lon="-3.8939052069425766">
        <ele>0</ele>
      </trkpt>
      <trkpt lat="53.10406923517072" lon="-3.8938947167651969">
        <ele>0</ele>
      </trkpt>
      <trkpt lat="53.1037058935724" lon="-3.8934083539957904">
        <ele>0</ele>
      </trkpt>
      <trkpt lat="53.10368300591266" lon="-3.8933768834636524">
        <ele>0</ele>
      </trkpt>
      <trkpt lat="53.10368109860768" lon="-3.8927036048063948">
        <ele>0</ele>
      </trkpt>
      <trkpt lat="53.10358477970629" lon="-3.8916574480259256">
        <ele>0</ele>
      </trkpt>
      <trkpt lat="53.10356379935153" lon="-3.8892656875834311">
        <ele>0</ele>
      </trkpt>
      <trkpt lat="53.10339118825102" lon="-3.8888823192828399">
        <ele>0</ele>
      </trkpt>
      <trkpt lat="53.10325481594509" lon="-3.8885380507342986">
        <ele>0</ele>
      </trkpt>
      <trkpt lat="53.10324146481024" lon="-3.8881708945260209">
        <ele>0</ele>
      </trkpt>
      <trkpt lat="53.10324527942019" lon="-3.8876692733167899">
        <ele>0</ele>
      </trkpt>
      <trkpt lat="53.10324527942019" lon="-3.8876692733167899">
        <ele>0</ele>
      </trkpt>
      <trkpt lat="53.10320427236316" lon="-3.8874327674995097">
        <ele>0</ele>
      </trkpt>
      <trkpt lat="53.10315372878124" lon="-3.8871914934197842">
        <ele>0</ele>
      </trkpt>
      <trkpt lat="53.10310223154683" lon="-3.8868376883463531">
        <ele>0</ele>
      </trkpt>
      <trkpt lat="53.10309937058937" lon="-3.8863808888041063">
        <ele>0</ele>
      </trkpt>
      <trkpt lat="53.10318901392334" lon="-3.8861987411787009">
        <ele>0</ele>
      </trkpt>
      <trkpt lat="53.10322906732788" lon="-3.8860146862483176">
        <ele>0</ele>
      </trkpt>
      <trkpt lat="53.10322906732788" lon="-3.8860146862483176">
        <ele>0</ele>
      </trkpt>
      <trkpt lat="53.10316135800116" lon="-3.8851020408163128">
        <ele>0</ele>
      </trkpt>
      <trkpt lat="53.10316517261111" lon="-3.8845041007056893">
        <ele>0</ele>
      </trkpt>
      <trkpt lat="53.10324814037766" lon="-3.8839214190348899">
        <ele>0</ele>
      </trkpt>
      <trkpt lat="53.10339977112341" lon="-3.8834484074003295">
        <ele>0</ele>
      </trkpt>
      <trkpt lat="53.10351325576961" lon="-3.8827980164028091">
        <ele>0</ele>
      </trkpt>
      <trkpt lat="53.10402536715623" lon="-3.8817222963951798">
        <ele>0</ele>
      </trkpt>
      <trkpt lat="53.10404157924854" lon="-3.8812740797253342">
        <ele>0</ele>
      </trkpt>
      <trkpt lat="53.10412645432006" lon="-3.8809727255388">
        <ele>0</ele>
      </trkpt>
      <trkpt lat="53.10413789814993" lon="-3.8805340453938451">
        <ele>0</ele>
      </trkpt>
      <trkpt lat="53.10409307648294" lon="-3.8801478161357865">
        <ele>0</ele>
      </trkpt>
      <trkpt lat="53.10415124928478" lon="-3.8799999999999866">
        <ele>0</ele>
      </trkpt>
      <trkpt lat="53.10415124928478" lon="-3.8800000000000043">
        <ele>0</ele>
      </trkpt>
      <trkpt lat="53.10417032233455" lon="-3.8799532710280418">
        <ele>0</ele>
      </trkpt>
      <trkpt lat="53.10437631127218" lon="-3.8796652679763541">
        <ele>0</ele>
      </trkpt>
      <trkpt lat="53.10442780850659" lon="-3.8794716765210802">
        <ele>0</ele>
      </trkpt>
      <trkpt lat="53.10441064276179" lon="-3.8792160976540195">
        <ele>0</ele>
      </trkpt>
      <trkpt lat="53.10428571428573" lon="-3.8789996185390088">
        <ele>0</ele>
      </trkpt>
      <trkpt lat="53.10379649055886" lon="-3.878538050734317">
        <ele>0</ele>
      </trkpt>
      <trkpt lat="53.1035580774366" lon="-3.8782920083921466">
        <ele>0</ele>
      </trkpt>
      <trkpt lat="53.10336162502386" lon="-3.8780431050925088">
        <ele>0</ele>
      </trkpt>
      <trkpt lat="53.10336162502386" lon="-3.8780431050925088">
        <ele>0</ele>
      </trkpt>
      <trkpt lat="53.10324909403015" lon="-3.8779534617585396">
        <ele>0</ele>
      </trkpt>
      <trkpt lat="53.10312416555409" lon="-3.8774356284569946">
        <ele>0</ele>
      </trkpt>
      <trkpt lat="53.10313847034142" lon="-3.8768262445165029">
        <ele>0</ele>
      </trkpt>
      <trkpt lat="53.10299065420562" lon="-3.8762407018882366">
        <ele>0</ele>
      </trkpt>
      <trkpt lat="53.10295346175855" lon="-3.8753099370589403">
        <ele>0</ele>
      </trkpt>
      <trkpt lat="53.10287621590694" lon="-3.8747615868777463">
        <ele>0</ele>
      </trkpt>
      <trkpt lat="53.10296109097846" lon="-3.874059698645818">
        <ele>0</ele>
      </trkpt>
      <trkpt lat="53.10299065420562" lon="-3.873104138851807">
        <ele>0</ele>
      </trkpt>
      <trkpt lat="53.10323478924281" lon="-3.872555788670613">
        <ele>0</ele>
      </trkpt>
      <trkpt lat="53.10351230211712" lon="-3.8718653442685529">
        <ele>0</ele>
      </trkpt>
      <trkpt lat="53.10388994850278" lon="-3.8710585542628313">
        <ele>0</ele>
      </trkpt>
      <trkpt lat="53.10397100896434" lon="-3.8707562464238077">
        <ele>0</ele>
      </trkpt>
      <trkpt lat="53.10387373641046" lon="-3.8704291436200693">
        <ele>0</ele>
      </trkpt>
      <trkpt lat="53.10387373641046" lon="-3.8704291436200693">
        <ele>0</ele>
      </trkpt>
      <trkpt lat="53.10385943162313" lon="-3.8703843219530847">
        <ele>0</ele>
      </trkpt>
      <trkpt lat="53.10385943162313" lon="-3.8703843219530847">
        <ele>0</ele>
      </trkpt>
      <trkpt lat="53.10371161548733" lon="-3.8702202937249712">
        <ele>0</ele>
      </trkpt>
      <trkpt lat="53.10360862101852" lon="-3.8698140377646433">
        <ele>0</ele>
      </trkpt>
      <trkpt lat="53.10366774747283" lon="-3.8694192256341835">
        <ele>0</ele>
      </trkpt>
      <trkpt lat="53.10375643715432" lon="-3.8689633797444256">
        <ele>0</ele>
      </trkpt>
      <trkpt lat="53.10381837937207" lon="-3.8685679025079827">
        <ele>0</ele>
      </trkpt>
      <trkpt lat="53.1038183796672" lon="-3.8685679030723112">
        <ele>0</ele>
      </trkpt>
      <trkpt lat="53.10376406637423" lon="-3.8684598512302162">
        <ele>0</ele>
      </trkpt>
      <trkpt lat="53.10337688346368" lon="-3.867930574098803">
        <ele>0</ele>
      </trkpt>
      <trkpt lat="53.10328724012971" lon="-3.8676902536715665">
        <ele>0</ele>
      </trkpt>
      <trkpt lat="53.1032185771505" lon="-3.8674737745565562">
        <ele>0</ele>
      </trkpt>
      <trkpt lat="53.103131794774" lon="-3.8672925805836398">
        <ele>0</ele>
      </trkpt>
      <trkpt lat="53.10296299828344" lon="-3.8670179286667983">
        <ele>0</ele>
      </trkpt>
      <trkpt lat="53.10296299828344" lon="-3.8670179286667983">
        <ele>0</ele>
      </trkpt>
      <trkpt lat="53.10291054739654" lon="-3.8668872782758008">
        <ele>0</ele>
      </trkpt>
      <trkpt lat="53.10289338165174" lon="-3.8668024032042769">
        <ele>0</ele>
      </trkpt>
      <trkpt lat="53.10282471867253" lon="-3.866542056074771">
        <ele>0</ele>
      </trkpt>
      <trkpt lat="53.10274747282092" lon="-3.8658420751478206">
        <ele>0</ele>
      </trkpt>
      <trkpt lat="53.10277703604807" lon="-3.8654300972725584">
        <ele>0</ele>
      </trkpt>
      <trkpt lat="53.10280278466528" lon="-3.8649427808506625">
        <ele>0</ele>
      </trkpt>
      <trkpt lat="53.10285523555218" lon="-3.8647730307076147">
        <ele>0</ele>
      </trkpt>
      <trkpt lat="53.10294392523366" lon="-3.8646833873736455">
        <ele>0</ele>
      </trkpt>
      <trkpt lat="53.10292199122641" lon="-3.8645079153156634">
        <ele>0</ele>
      </trkpt>
      <trkpt lat="53.1027226778562" lon="-3.8642246805264207">
        <ele>0</ele>
      </trkpt>
      <trkpt lat="53.10256723250049" lon="-3.8638422658783185">
        <ele>0</ele>
      </trkpt>
      <trkpt lat="53.10251192065613" lon="-3.863680144955183">
        <ele>0</ele>
      </trkpt>
      <trkpt lat="53.10246995994661" lon="-3.8633034522220147">
        <ele>0</ele>
      </trkpt>
      <trkpt lat="53.10255483501813" lon="-3.8629153156589786">
        <ele>0</ele>
      </trkpt>
      <trkpt lat="53.10266641235935" lon="-3.862675948884231">
        <ele>0</ele>
      </trkpt>
      <trkpt lat="53.10288193782187" lon="-3.8624737745565563">
        <ele>0</ele>
      </trkpt>
      <trkpt lat="53.10295727636851" lon="-3.8623030707610191">
        <ele>0</ele>
      </trkpt>
      <trkpt lat="53.10295727636851" lon="-3.8620646576387609">
        <ele>0</ele>
      </trkpt>
      <trkpt lat="53.10300877360292" lon="-3.8616946404730164">
        <ele>0</ele>
      </trkpt>
      <trkpt lat="53.10293629601374" lon="-3.8606666030898387">
        <ele>0</ele>
      </trkpt>
      <trkpt lat="53.10295918367348" lon="-3.8602078962426138">
        <ele>0</ele>
      </trkpt>
      <trkpt lat="53.1029839786382" lon="-3.8600000000000048">
        <ele>0</ele>
      </trkpt>
      <trkpt lat="53.1029839786382" lon="-3.8599999999999941">
        <ele>0</ele>
      </trkpt>
      <trkpt lat="53.10299732977305" lon="-3.8598779324813979">
        <ele>0</ele>
      </trkpt>
      <trkpt lat="53.10304691970247" lon="-3.8596261682242932">
        <ele>0</ele>
      </trkpt>
      <trkpt lat="53.10304691970247" lon="-3.8596261682242932">
        <ele>0</ele>
      </trkpt>
      <trkpt lat="53.10308983406448" lon="-3.8594831203509385">
        <ele>0</ele>
      </trkpt>
      <trkpt lat="53.10314609956134" lon="-3.8589290482548102">
        <ele>0</ele>
      </trkpt>
      <trkpt lat="53.10314419225636" lon="-3.8585933625786706">
        <ele>0</ele>
      </trkpt>
      <trkpt lat="53.10317184817854" lon="-3.8582042723631451">
        <ele>0</ele>
      </trkpt>
      <trkpt lat="53.10323955750526" lon="-3.8579057791340778">
        <ele>0</ele>
      </trkpt>
      <trkpt lat="53.10338260537861" lon="-3.8574566088117432">
        <ele>0</ele>
      </trkpt>
      <trkpt lat="53.10357905779136" lon="-3.8569759679572706">
        <ele>0</ele>
      </trkpt>
      <trkpt lat="53.10369063513257" lon="-3.85667079916078">
        <ele>0</ele>
      </trkpt>
      <trkpt lat="53.10399771123404" lon="-3.8561567804691914">
        <ele>0</ele>
      </trkpt>
      <trkpt lat="53.10399771123404" lon="-3.8561567804691914">
        <ele>0</ele>
      </trkpt>
      <trkpt lat="53.10370684722488" lon="-3.8562731260728533">
        <ele>0</ele>
      </trkpt>
      <trkpt lat="53.10333778371163" lon="-3.8565525462521402">
        <ele>0</ele>
      </trkpt>
      <trkpt lat="53.10323288193783" lon="-3.8567051306503854">
        <ele>0</ele>
      </trkpt>
      <trkpt lat="53.10312035094413" lon="-3.8568291054739596">
        <ele>0</ele>
      </trkpt>
      <trkpt lat="53.10281136753768" lon="-3.8570169750142993">
        <ele>0</ele>
      </trkpt>
      <trkpt lat="53.10259393477018" lon="-3.8572925805836298">
        <ele>0</ele>
      </trkpt>
      <trkpt lat="53.1024012969674" lon="-3.8577255388136504">
        <ele>0</ele>
      </trkpt>
      <trkpt lat="53.10230871097974" lon="-3.8579149432912563">
        <ele>0</ele>
      </trkpt>
      <trkpt lat="53.10230871116755" lon="-3.8579149429070521">
        <ele>0</ele>
      </trkpt>
      <trkpt lat="53.10223059317186" lon="-3.8575576959755806">
        <ele>0</ele>
      </trkpt>
      <trkpt lat="53.10225061987413" lon="-3.8573145145908776">
        <ele>0</ele>
      </trkpt>
      <trkpt lat="53.10232881937823" lon="-3.8571676521075662">
        <ele>0</ele>
      </trkpt>
      <trkpt lat="53.10252813274844" lon="-3.8569378218577093">
        <ele>0</ele>
      </trkpt>
      <trkpt lat="53.10260919321001" lon="-3.8565706656494316">
        <ele>0</ele>
      </trkpt>
      <trkpt lat="53.10283902345986" lon="-3.8562139996185332">
        <ele>0</ele>
      </trkpt>
      <trkpt lat="53.10306885370972" lon="-3.855749570856374">
        <ele>0</ele>
      </trkpt>
      <trkpt lat="53.10310223154683" lon="-3.8555569330535895">
        <ele>0</ele>
      </trkpt>
      <trkpt lat="53.10308220484457" lon="-3.8553309174136889">
        <ele>0</ele>
      </trkpt>
      <trkpt lat="53.10302498569523" lon="-3.8550076292199065">
        <ele>0</ele>
      </trkpt>
      <trkpt lat="53.10302498569523" lon="-3.8550076292199065">
        <ele>0</ele>
      </trkpt>
      <trkpt lat="53.10286954033951" lon="-3.8547596795727581">
        <ele>0</ele>
      </trkpt>
      <trkpt lat="53.1027484264734" lon="-3.8544440205988879">
        <ele>0</ele>
      </trkpt>
      <trkpt lat="53.10272553881367" lon="-3.8541140568376826">
        <ele>0</ele>
      </trkpt>
      <trkpt lat="53.10273316803358" lon="-3.8538327293534178">
        <ele>0</ele>
      </trkpt>
      <trkpt lat="53.10272839977114" lon="-3.8531203509441103">
        <ele>0</ele>
      </trkpt>
      <trkpt lat="53.10269025367158" lon="-3.8525052450886839">
        <ele>0</ele>
      </trkpt>
      <trkpt lat="53.10273221438109" lon="-3.8520684722487069">
        <ele>0</ele>
      </trkpt>
      <trkpt lat="53.10269406828153" lon="-3.8517356475300342">
        <ele>0</ele>
      </trkpt>
      <trkpt lat="53.10266450505437" lon="-3.8513599084493553">
        <ele>0</ele>
      </trkpt>
      <trkpt lat="53.10261968338739" lon="-3.8506131985504424">
        <ele>0</ele>
      </trkpt>
      <trkpt lat="53.10269597558651" lon="-3.8498540911691723">
        <ele>0</ele>
      </trkpt>
      <trkpt lat="53.10273602899105" lon="-3.8493877551020352">
        <ele>0</ele>
      </trkpt>
      <trkpt lat="53.10279038718292" lon="-3.8490253671562025">
        <ele>0</ele>
      </trkpt>
      <trkpt lat="53.1028014725282" lon="-3.8489271930199402">
        <ele>0</ele>
      </trkpt>
      <trkpt lat="53.10280147258255" lon="-3.8489271925385586">
        <ele>0</ele>
      </trkpt>
      <trkpt lat="53.10293629601374" lon="-3.8477331680335629">
        <ele>0</ele>
      </trkpt>
      <trkpt lat="53.10293629601374" lon="-3.8477331680335629">
        <ele>0</ele>
      </trkpt>
      <trkpt lat="53.10301735647531" lon="-3.8473469387755044">
        <ele>0</ele>
      </trkpt>
      <trkpt lat="53.10301926378029" lon="-3.8471714667175223">
        <ele>0</ele>
      </trkpt>
      <trkpt lat="53.10297253480833" lon="-3.8466126263589491">
        <ele>0</ele>
      </trkpt>
      <trkpt lat="53.10297253480833" lon="-3.8466126263589491">
        <ele>0</ele>
      </trkpt>
      <trkpt lat="53.1030364295251" lon="-3.8464152202937192">
        <ele>0</ele>
      </trkpt>
      <trkpt lat="53.10308315849706" lon="-3.8461539195117243">
        <ele>0</ele>
      </trkpt>
      <trkpt lat="53.10310986076675" lon="-3.8458497043677227">
        <ele>0</ele>
      </trkpt>
      <trkpt lat="53.10315945069618" lon="-3.8456017547205743">
        <ele>0</ele>
      </trkpt>
      <trkpt lat="53.10318901392334" lon="-3.8454939919893132">
        <ele>0</ele>
      </trkpt>
      <trkpt lat="53.10326053786002" lon="-3.845402441350366">
        <ele>0</ele>
      </trkpt>
      <trkpt lat="53.10335685676141" lon="-3.8453671562082721">
        <ele>0</ele>
      </trkpt>
      <trkpt lat="53.10342170513066" lon="-3.8452794201792808">
        <ele>0</ele>
      </trkpt>
      <trkpt lat="53.10343696357049" lon="-3.845045775319468">
        <ele>0</ele>
      </trkpt>
      <trkpt lat="53.10342265878315" lon="-3.8448970055311786">
        <ele>0</ele>
      </trkpt>
      <trkpt lat="53.10335971771887" lon="-3.8444878886133838">
        <ele>0</ele>
      </trkpt>
      <trkpt lat="53.10326530612246" lon="-3.8439538432195253">
        <ele>0</ele>
      </trkpt>
      <trkpt lat="53.10310986076675" lon="-3.8435161167270588">
        <ele>0</ele>
      </trkpt>
      <trkpt lat="53.10299923707802" lon="-3.8431441922563363">
        <ele>0</ele>
      </trkpt>
      <trkpt lat="53.10291054739654" lon="-3.8426997901964466">
        <ele>0</ele>
      </trkpt>
      <trkpt lat="53.10294106427619" lon="-3.8423412168605702">
        <ele>0</ele>
      </trkpt>
      <trkpt lat="53.10295918367348" lon="-3.8419425901201545">
        <ele>0</ele>
      </trkpt>
      <trkpt lat="53.10292389853139" lon="-3.841489605187864">
        <ele>0</ele>
      </trkpt>
      <trkpt lat="53.10291817661646" lon="-3.8408296776654529">
        <ele>0</ele>
      </trkpt>
      <trkpt lat="53.10298683959567" lon="-3.840681861529653">
        <ele>0</ele>
      </trkpt>
      <trkpt lat="53.10308506580203" lon="-3.8405740987983923">
        <ele>0</ele>
      </trkpt>
      <trkpt lat="53.10314705321382" lon="-3.8405884035857278">
        <ele>0</ele>
      </trkpt>
      <trkpt lat="53.10314705321382" lon="-3.8405884035857278">
        <ele>0</ele>
      </trkpt>
      <trkpt lat="53.1032014114057" lon="-3.8405321380888746">
        <ele>0</ele>
      </trkpt>
      <trkpt lat="53.1032014114057" lon="-3.8405321380888746">
        <ele>0</ele>
      </trkpt>
      <trkpt lat="53.10314705321382" lon="-3.8402527179095882">
        <ele>0</ele>
      </trkpt>
      <trkpt lat="53.10311462902919" lon="-3.8399999999999945">
        <ele>0</ele>
      </trkpt>
      <trkpt lat="53.10311462902919" lon="-3.8399999999999839">
        <ele>0</ele>
      </trkpt>
      <trkpt lat="53.10306694640474" lon="-3.8394497425138119">
        <ele>0</ele>
      </trkpt>
      <trkpt lat="53.10306885370972" lon="-3.8392962044630776">
        <ele>0</ele>
      </trkpt>
      <trkpt lat="53.10314609956134" lon="-3.8389910356665871">
        <ele>0</ele>
      </trkpt>
      <trkpt lat="53.10316231165365" lon="-3.8387774175090437">
        <ele>0</ele>
      </trkpt>
      <trkpt lat="53.10320331871068" lon="-3.8384951363722899">
        <ele>0</ele>
      </trkpt>
      <trkpt lat="53.10324909403015" lon="-3.8382834255197249">
        <ele>0</ele>
      </trkpt>
      <trkpt lat="53.10335208849897" lon="-3.8381308411214796">
        <ele>0</ele>
      </trkpt>
      <trkpt lat="53.10359813084114" lon="-3.8379887469006135">
        <ele>0</ele>
      </trkpt>
      <trkpt lat="53.10373354949458" lon="-3.8378981499141553">
        <ele>0</ele>
      </trkpt>
      <trkpt lat="53.10385275605571" lon="-3.837827579629967">
        <ele>0</ele>
      </trkpt>
      <trkpt lat="53.10385275605571" lon="-3.837827579629967">
        <ele>0</ele>
      </trkpt>
      <trkpt lat="53.103870875453" lon="-3.8377074194163487">
        <ele>0</ele>
      </trkpt>
      <trkpt lat="53.103870875453" lon="-3.8377074194163487">
        <ele>0</ele>
      </trkpt>
      <trkpt lat="53.10380316612628" lon="-3.837651153919496">
        <ele>0</ele>
      </trkpt>
      <trkpt lat="53.10373831775702" lon="-3.8375491131031692">
        <ele>0</ele>
      </trkpt>
      <trkpt lat="53.10371066183484" lon="-3.8374442113293759">
        <ele>0</ele>
      </trkpt>
      <trkpt lat="53.10369826435248" lon="-3.8372830440587289">
        <ele>0</ele>
      </trkpt>
      <trkpt lat="53.10363246233074" lon="-3.8370904062559443">
        <ele>0</ele>
      </trkpt>
      <trkpt lat="53.10346938775512" lon="-3.8368701125309777">
        <ele>0</ele>
      </trkpt>
      <trkpt lat="53.10326339881748" lon="-3.8364362006484676">
        <ele>0</ele>
      </trkpt>
      <trkpt lat="53.1031232119016" lon="-3.8362159069235013">
        <ele>0</ele>
      </trkpt>
      <trkpt lat="53.10300877360292" lon="-3.8359746328437758">
        <ele>0</ele>
      </trkpt>
      <trkpt lat="53.10276559221821" lon="-3.835515925996551">
        <ele>0</ele>
      </trkpt>
      <trkpt lat="53.10264161739463" lon="-3.8353366393286126">
        <ele>0</ele>
      </trkpt>
      <trkpt lat="53.102523364486" lon="-3.8350448216669686">
        <ele>0</ele>
      </trkpt>
      <trkpt lat="53.10244707228687" lon="-3.8347997329772872">
        <ele>0</ele>
      </trkpt>
      <trkpt lat="53.10244707228687" lon="-3.8347997329772872">
        <ele>0</ele>
      </trkpt>
      <trkpt lat="53.1022010299447" lon="-3.8344859813083954">
        <ele>0</ele>
      </trkpt>
      <trkpt lat="53.1020188823193" lon="-3.8343057409879679">
        <ele>0</ele>
      </trkpt>
      <trkpt lat="53.10197882891476" lon="-3.8342485218386262">
        <ele>0</ele>
      </trkpt>
      <trkpt lat="53.10185008582874" lon="-3.8337602517642413">
        <ele>0</ele>
      </trkpt>
      <trkpt lat="53.10176521075721" lon="-3.8335103948121145">
        <ele>0</ele>
      </trkpt>
      <trkpt lat="53.10169273316805" lon="-3.8332300209803387">
        <ele>0</ele>
      </trkpt>
      <trkpt lat="53.10150963189015" lon="-3.8326025176425551">
        <ele>0</ele>
      </trkpt>
      <trkpt lat="53.10123402632082" lon="-3.8312187678809684">
        <ele>0</ele>
      </trkpt>
      <trkpt lat="53.10096223536145" lon="-3.8299418271981529">
        <ele>0</ele>
      </trkpt>
      <trkpt lat="53.10087354567997" lon="-3.8296261682242831">
        <ele>0</ele>
      </trkpt>
      <trkpt lat="53.10056074766356" lon="-3.8290015258439665">
        <ele>0</ele>
      </trkpt>
      <trkpt lat="53.10035475872593" lon="-3.828354949456402">
        <ele>0</ele>
      </trkpt>
      <trkpt lat="53.10000000000002" lon="-3.8277970627503177">
        <ele>0</ele>
      </trkpt>
      <trkpt lat="53.1" lon="-3.8277970627503177">
        <ele>0</ele>
      </trkpt>
      <trkpt lat="53.09994468815564" lon="-3.8277093267213269">
        <ele>0</ele>
      </trkpt>
      <trkpt lat="53.09965954606142" lon="-3.8273202365058014">
        <ele>0</ele>
      </trkpt>
      <trkpt lat="53.0994869349609" lon="-3.8270169750142888">
        <ele>0</ele>
      </trkpt>
      <trkpt lat="53.09923898531375" lon="-3.826737554835002">
        <ele>0</ele>
      </trkpt>
      <trkpt lat="53.09907400343315" lon="-3.8266145336639168">
        <ele>0</ele>
      </trkpt>
      <trkpt lat="53.09871733740226" lon="-3.8257533854663199">
        <ele>0</ele>
      </trkpt>
      <trkpt lat="53.09857715048636" lon="-3.8255359526988206">
        <ele>0</ele>
      </trkpt>
      <trkpt lat="53.09830154491704" lon="-3.8252937249666061">
        <ele>0</ele>
      </trkpt>
      <trkpt lat="53.09795346175854" lon="-3.824765401487682">
        <ele>0</ele>
      </trkpt>
      <trkpt lat="53.09758344459279" lon="-3.8240530230783745">
        <ele>0</ele>
      </trkpt>
      <trkpt lat="53.09701125309937" lon="-3.8237421323669496">
        <ele>0</ele>
      </trkpt>
      <trkpt lat="53.09689681480069" lon="-3.8236429525080902">
        <ele>0</ele>
      </trkpt>
      <trkpt lat="53.09655731451459" lon="-3.8230507343124005">
        <ele>0</ele>
      </trkpt>
      <trkpt lat="53.0965391951173" lon="-3.8230450123974666">
        <ele>0</ele>
      </trkpt>
      <trkpt lat="53.0965391951173" lon="-3.8230450123974666">
        <ele>0</ele>
      </trkpt>
      <trkpt lat="53.09627980164029" lon="-3.8230364295250649">
        <ele>0</ele>
      </trkpt>
      <trkpt lat="53.09597272553881" lon="-3.8231670799160629">
        <ele>0</ele>
      </trkpt>
      <trkpt lat="53.09572859050162" lon="-3.8234264733930798">
        <ele>0</ele>
      </trkpt>
      <trkpt lat="53.09572859050162" lon="-3.8234264733930798">
        <ele>0</ele>
      </trkpt>
      <trkpt lat="53.09532901010872" lon="-3.8230574098798238">
        <ele>0</ele>
      </trkpt>
      <trkpt lat="53.09480831584971" lon="-3.822856189204638">
        <ele>0</ele>
      </trkpt>
      <trkpt lat="53.09461472439443" lon="-3.8226549685294517">
        <ele>0</ele>
      </trkpt>
      <trkpt lat="53.09445069616632" lon="-3.8223517070379396">
        <ele>0</ele>
      </trkpt>
      <trkpt lat="53.09428571428572" lon="-3.8217547205798046">
        <ele>0</ele>
      </trkpt>
      <trkpt lat="53.09423612435629" lon="-3.8211844363913632">
        <ele>0</ele>
      </trkpt>
      <trkpt lat="53.09417032233454" lon="-3.8201926378027689">
        <ele>0</ele>
      </trkpt>
      <trkpt lat="53.09416364676712" lon="-3.8199999999999843">
        <ele>0</ele>
      </trkpt>
      <trkpt lat="53.09416364676712" lon="-3.8200000000000021">
        <ele>0</ele>
      </trkpt>
      <trkpt lat="53.09415315658974" lon="-3.8196938775510225">
        <ele>0</ele>
      </trkpt>
      <trkpt lat="53.09410833492276" lon="-3.819354377264927">
        <ele>0</ele>
      </trkpt>
      <trkpt lat="53.09400247949647" lon="-3.8190654205607499">
        <ele>0</ele>
      </trkpt>
      <trkpt lat="53.09391188251001" lon="-3.8184722487125713">
        <ele>0</ele>
      </trkpt>
      <trkpt lat="53.09365344268549" lon="-3.8172716002288789">
        <ele>0</ele>
      </trkpt>
      <trkpt lat="53.09347129506008" lon="-3.8168233835590333">
        <ele>0</ele>
      </trkpt>
      <trkpt lat="53.09335208849895" lon="-3.8162416555407233">
        <ele>0</ele>
      </trkpt>
      <trkpt lat="53.09321857715049" lon="-3.8156913980545513">
        <ele>0</ele>
      </trkpt>
      <trkpt lat="53.09321857715049" lon="-3.8149799732977328">
        <ele>0</ele>
      </trkpt>
      <trkpt lat="53.09342838069808" lon="-3.8142056074766377">
        <ele>0</ele>
      </trkpt>
      <trkpt lat="53.09390234598513" lon="-3.8128752622544368">
        <ele>0</ele>
      </trkpt>
      <trkpt lat="53.09399866488652" lon="-3.8124375357619704">
        <ele>0</ele>
      </trkpt>
      <trkpt lat="53.09409689109289" lon="-3.8117327865725752">
        <ele>0</ele>
      </trkpt>
      <trkpt lat="53.0940177379363" lon="-3.8114056837688368">
        <ele>0</ele>
      </trkpt>
      <trkpt lat="53.09409689109289" lon="-3.8109231356093862">
        <ele>0</ele>
      </trkpt>
      <trkpt lat="53.09420751478162" lon="-3.8107457562464262">
        <ele>0</ele>
      </trkpt>
      <trkpt lat="53.09429143620065" lon="-3.8105712378409331">
        <ele>0</ele>
      </trkpt>
      <trkpt lat="53.09439919893191" lon="-3.8103223345412953">
        <ele>0</ele>
      </trkpt>
      <trkpt lat="53.09444306694641" lon="-3.8099179858859453">
        <ele>0</ele>
      </trkpt>
      <trkpt lat="53.09444306694641" lon="-3.8099179858859453">
        <ele>0</ele>
      </trkpt>
      <trkpt lat="53.09448979591837" lon="-3.8095470150677118">
        <ele>0</ele>
      </trkpt>
      <trkpt lat="53.09453271028038" lon="-3.8090749570856404">
        <ele>0</ele>
      </trkpt>
      <trkpt lat="53.09451554453558" lon="-3.8085761968338758">
        <ele>0</ele>
      </trkpt>
      <trkpt lat="53.09452317375548" lon="-3.8081604043486577">
        <ele>0</ele>
      </trkpt>
      <trkpt lat="53.09450410070571" lon="-3.8075538813656324">
        <ele>0</ele>
      </trkpt>
      <trkpt lat="53.09453557123784" lon="-3.8071523936677498">
        <ele>0</ele>
      </trkpt>
      <trkpt lat="53.09449074957086" lon="-3.8068567613961495">
        <ele>0</ele>
      </trkpt>
      <trkpt lat="53.09446404730117" lon="-3.8064514590883105">
        <ele>0</ele>
      </trkpt>
      <trkpt lat="53.09446404730117" lon="-3.8064514590883105">
        <ele>0</ele>
      </trkpt>
      <trkpt lat="53.09440778180431" lon="-3.8063341598321596">
        <ele>0</ele>
      </trkpt>
      <trkpt lat="53.09435246995995" lon="-3.8062168605760083">
        <ele>0</ele>
      </trkpt>
      <trkpt lat="53.09406255960329" lon="-3.8057419416364699">
        <ele>0</ele>
      </trkpt>
      <trkpt lat="53.09401678428381" lon="-3.8057057028418866">
        <ele>0</ele>
      </trkpt>
      <trkpt lat="53.09401678428381" lon="-3.8057057028418866">
        <ele>0</ele>
      </trkpt>
      <trkpt lat="53.09401392332634" lon="-3.8057428952889589">
        <ele>0</ele>
      </trkpt>
      <trkpt lat="53.09400152584399" lon="-3.8057772267785643">
        <ele>0</ele>
      </trkpt>
      <trkpt lat="53.09400152584399" lon="-3.8057772267785643">
        <ele>0</ele>
      </trkpt>
      <trkpt lat="53.0937478542819" lon="-3.8062054167461401">
        <ele>0</ele>
      </trkpt>
      <trkpt lat="53.09370303261492" lon="-3.806257867633037">
        <ele>0</ele>
      </trkpt>
      <trkpt lat="53.09370303261492" lon="-3.806257867633037">
        <ele>0</ele>
      </trkpt>
      <trkpt lat="53.09362960137327" lon="-3.8062950600801089">
        <ele>0</ele>
      </trkpt>
      <trkpt lat="53.09362960137327" lon="-3.8062950600801089">
        <ele>0</ele>
      </trkpt>
      <trkpt lat="53.09359431623117" lon="-3.8060795346175875">
        <ele>0</ele>
      </trkpt>
      <trkpt lat="53.09354567995423" lon="-3.8058878504672919">
        <ele>0</ele>
      </trkpt>
      <trkpt lat="53.0934350562655" lon="-3.8055588403585756">
        <ele>0</ele>
      </trkpt>
      <trkpt lat="53.09330822048446" lon="-3.8052117108525678">
        <ele>0</ele>
      </trkpt>
      <trkpt lat="53.09319092122831" lon="-3.8049094030135442">
        <ele>0</ele>
      </trkpt>
      <trkpt lat="53.09312511920656" lon="-3.8047663551401891">
        <ele>0</ele>
      </trkpt>
      <trkpt lat="53.0930354758726" lon="-3.8045803929048279">
        <ele>0</ele>
      </trkpt>
      <trkpt lat="53.0928352088499" lon="-3.8042475681861552">
        <ele>0</ele>
      </trkpt>
      <trkpt lat="53.09256437154301" lon="-3.8037497615868801">
        <ele>0</ele>
      </trkpt>
      <trkpt lat="53.09236791913028" lon="-3.8034131222582515">
        <ele>0</ele>
      </trkpt>
      <trkpt lat="53.09216426112214" lon="-3.8030182175333458">
        <ele>0</ele>
      </trkpt>
      <trkpt lat="53.0921657448026" lon="-3.8030154491703247">
        <ele>0</ele>
      </trkpt>
      <trkpt lat="53.09224394430669" lon="-3.8028695403395028">
        <ele>0</ele>
      </trkpt>
      <trkpt lat="53.09182052260157" lon="-3.8020246042342194">
        <ele>0</ele>
      </trkpt>
      <trkpt lat="53.09200743848942" lon="-3.8013656303642973">
        <ele>0</ele>
      </trkpt>
      <trkpt lat="53.09199313370208" lon="-3.8011348464619514">
        <ele>0</ele>
      </trkpt>
      <trkpt lat="53.09199313370208" lon="-3.8011348464619514">
        <ele>0</ele>
      </trkpt>
      <trkpt lat="53.09263303452222" lon="-3.8010089643333993">
        <ele>0</ele>
      </trkpt>
      <trkpt lat="53.09272181501444" lon="-3.8010209815823464">
        <ele>0</ele>
      </trkpt>
      <trkpt lat="53.09272172420371" lon="-3.8010194545107785">
        <ele>0</ele>
      </trkpt>
      <trkpt lat="53.09269672731124" lon="-3.8005989710695318">
        <ele>0</ele>
      </trkpt>
    </trkseg>
  </trk>
  <trk>
    <name>Day 1 - Alt Peaks</name>
    <extensions>
      <gpxx:TrackExtension>
        <gpxx:DisplayColor>Green</gpxx:DisplayColor>
      </gpxx:TrackExtension>
    </extensions>
    <trkseg>
      <trkpt lat="53.25699785561773" lon="-3.9828048443944404">
        <ele>0</ele>
      </trkpt>
      <trkpt lat="53.25797158115583" lon="-3.9803509441159735">
        <ele>0</ele>
      </trkpt>
      <trkpt lat="53.2579219912264" lon="-3.9800410070570376">
        <ele>0</ele>
      </trkpt>
      <trkpt lat="53.2579219912264" lon="-3.9800410070570376">
        <ele>0</ele>
      </trkpt>
      <trkpt lat="53.25785142094221" lon="-3.9800000000000093">
        <ele>0</ele>
      </trkpt>
      <trkpt lat="53.25785142094221" lon="-3.9799999999999986">
        <ele>0</ele>
      </trkpt>
      <trkpt lat="53.25765878313943" lon="-3.979889376311271">
        <ele>0</ele>
      </trkpt>
      <trkpt lat="53.25724489795918" lon="-3.9798235742895276">
        <ele>0</ele>
      </trkpt>
      <trkpt lat="53.25672801831013" lon="-3.9797854281899663">
        <ele>0</ele>
      </trkpt>
      <trkpt lat="53.25586877741751" lon="-3.9796471485790565">
        <ele>0</ele>
      </trkpt>
      <trkpt lat="53.25551211138661" lon="-3.9795966049971381">
        <ele>0</ele>
      </trkpt>
      <trkpt lat="53.25522887659737" lon="-3.9795164981880591">
        <ele>0</ele>
      </trkpt>
      <trkpt lat="53.2548607667366" lon="-3.9791550638947157">
        <ele>0</ele>
      </trkpt>
      <trkpt lat="53.25477016975015" lon="-3.979083539958038">
        <ele>0</ele>
      </trkpt>
      <trkpt lat="53.25457085637994" lon="-3.9789948502765582">
        <ele>0</ele>
      </trkpt>
      <trkpt lat="53.25413694449743" lon="-3.9787802784665258">
        <ele>0</ele>
      </trkpt>
      <trkpt lat="53.25405588403586" lon="-3.9787182910547387">
        <ele>0</ele>
      </trkpt>
      <trkpt lat="53.2539738699218" lon="-3.9786219721533462">
        <ele>0</ele>
      </trkpt>
      <trkpt lat="53.25387755102041" lon="-3.9784293343505617">
        <ele>0</ele>
      </trkpt>
      <trkpt lat="53.25387755102041" lon="-3.9784293343505617">
        <ele>0</ele>
      </trkpt>
      <trkpt lat="53.25372592027465" lon="-3.9779420179286658">
        <ele>0</ele>
      </trkpt>
      <trkpt lat="53.25360099179859" lon="-3.9771543009727246">
        <ele>0</ele>
      </trkpt>
      <trkpt lat="53.25355903108907" lon="-3.9770474918939529">
        <ele>0</ele>
      </trkpt>
      <trkpt lat="53.25322429906542" lon="-3.9766765210757189">
        <ele>0</ele>
      </trkpt>
      <trkpt lat="53.25312321190158" lon="-3.9765039099752038">
        <ele>0</ele>
      </trkpt>
      <trkpt lat="53.25289719626169" lon="-3.9756799542246792">
        <ele>0</ele>
      </trkpt>
      <trkpt lat="53.25280278466527" lon="-3.9754205607476623">
        <ele>0</ele>
      </trkpt>
      <trkpt lat="53.25242418462712" lon="-3.9744802593934758">
        <ele>0</ele>
      </trkpt>
      <trkpt lat="53.25238413122258" lon="-3.9744077818043095">
        <ele>0</ele>
      </trkpt>
      <trkpt lat="53.25238413122258" lon="-3.9744077818043095">
        <ele>0</ele>
      </trkpt>
      <trkpt lat="53.25234884608049" lon="-3.9743868014495507">
        <ele>0</ele>
      </trkpt>
      <trkpt lat="53.25234884608049" lon="-3.9743868014495507">
        <ele>0</ele>
      </trkpt>
      <trkpt lat="53.25227350753386" lon="-3.9743906160595066">
        <ele>0</ele>
      </trkpt>
      <trkpt lat="53.25219912263971" lon="-3.974393477016974">
        <ele>0</ele>
      </trkpt>
      <trkpt lat="53.25219912263971" lon="-3.974393477016974">
        <ele>0</ele>
      </trkpt>
      <trkpt lat="53.25215716193019" lon="-3.9743858477970617">
        <ele>0</ele>
      </trkpt>
      <trkpt lat="53.2520350944116" lon="-3.9736715620827758">
        <ele>0</ele>
      </trkpt>
      <trkpt lat="53.25187583444593" lon="-3.9732080869731057">
        <ele>0</ele>
      </trkpt>
      <trkpt lat="53.25185701262944" lon="-3.9731612787907422">
        <ele>0</ele>
      </trkpt>
      <trkpt lat="53.25185676139615" lon="-3.9731613580011431">
        <ele>0</ele>
      </trkpt>
      <trkpt lat="53.25176902536715" lon="-3.9731890139233252">
        <ele>0</ele>
      </trkpt>
      <trkpt lat="53.2516870112531" lon="-3.9731117680717136">
        <ele>0</ele>
      </trkpt>
      <trkpt lat="53.25160499713904" lon="-3.973033568567613">
        <ele>0</ele>
      </trkpt>
      <trkpt lat="53.25160499713904" lon="-3.973033568567613">
        <ele>0</ele>
      </trkpt>
      <trkpt lat="53.25169368682052" lon="-3.9727551020408152">
        <ele>0</ele>
      </trkpt>
      <trkpt lat="53.25169368682052" lon="-3.9727551020408152">
        <ele>0</ele>
      </trkpt>
      <trkpt lat="53.25154682433721" lon="-3.9725576959755853">
        <ele>0</ele>
      </trkpt>
      <trkpt lat="53.25138851802403" lon="-3.9724079725348074">
        <ele>0</ele>
      </trkpt>
      <trkpt lat="53.25115678046919" lon="-3.9723774556551583">
        <ele>0</ele>
      </trkpt>
      <trkpt lat="53.25077818043105" lon="-3.9723831775700922">
        <ele>0</ele>
      </trkpt>
      <trkpt lat="53.25053881365631" lon="-3.9724079725348074">
        <ele>0</ele>
      </trkpt>
      <trkpt lat="53.25035952698837" lon="-3.972485218386419">
        <ele>0</ele>
      </trkpt>
      <trkpt lat="53.24998378790769" lon="-3.9723812702651142">
        <ele>0</ele>
      </trkpt>
      <trkpt lat="53.24996384119547" lon="-3.9723628579153702">
        <ele>0</ele>
      </trkpt>
      <trkpt lat="53.24996376120541" lon="-3.9723631508678228">
        <ele>0</ele>
      </trkpt>
      <trkpt lat="53.2498874690063" lon="-3.9726425710471092">
        <ele>0</ele>
      </trkpt>
      <trkpt lat="53.24978352088499" lon="-3.9728504672897187">
        <ele>0</ele>
      </trkpt>
      <trkpt lat="53.24977303070761" lon="-3.9729811176807162">
        <ele>0</ele>
      </trkpt>
      <trkpt lat="53.24977303070761" lon="-3.9729811176807162">
        <ele>0</ele>
      </trkpt>
      <trkpt lat="53.24974537478543" lon="-3.9732262063703976">
        <ele>0</ele>
      </trkpt>
      <trkpt lat="53.24982643524699" lon="-3.9734455464428753">
        <ele>0</ele>
      </trkpt>
      <trkpt lat="53.24982643524699" lon="-3.9734455464428753">
        <ele>0</ele>
      </trkpt>
      <trkpt lat="53.24952603471295" lon="-3.973438870875452">
        <ele>0</ele>
      </trkpt>
      <trkpt lat="53.24952603471295" lon="-3.973438870875452">
        <ele>0</ele>
      </trkpt>
      <trkpt lat="53.24924947549113" lon="-3.9733463665840159">
        <ele>0</ele>
      </trkpt>
      <trkpt lat="53.24888136563037" lon="-3.9729677665458696">
        <ele>0</ele>
      </trkpt>
      <trkpt lat="53.24867537669273" lon="-3.9726406637421312">
        <ele>0</ele>
      </trkpt>
      <trkpt lat="53.24834064466909" lon="-3.972290673278656">
        <ele>0</ele>
      </trkpt>
      <trkpt lat="53.24798970055312" lon="-3.9716059507915302">
        <ele>0</ele>
      </trkpt>
      <trkpt lat="53.24797253480832" lon="-3.9710070570284177">
        <ele>0</ele>
      </trkpt>
      <trkpt lat="53.24797253480832" lon="-3.9710070570284177">
        <ele>0</ele>
      </trkpt>
      <trkpt lat="53.24782853328247" lon="-3.9706780469197014">
        <ele>0</ele>
      </trkpt>
      <trkpt lat="53.24770551211139" lon="-3.970464428762158">
        <ele>0</ele>
      </trkpt>
      <trkpt lat="53.24753480831585" lon="-3.9696948312035083">
        <ele>0</ele>
      </trkpt>
      <trkpt lat="53.24753480831585" lon="-3.9696948312035083">
        <ele>0</ele>
      </trkpt>
      <trkpt lat="53.24756818615297" lon="-3.9694516498188048">
        <ele>0</ele>
      </trkpt>
      <trkpt lat="53.24757295441541" lon="-3.9691598321571608">
        <ele>0</ele>
      </trkpt>
      <trkpt lat="53.24760347129506" lon="-3.9687192447072275">
        <ele>0</ele>
      </trkpt>
      <trkpt lat="53.24759584207515" lon="-3.9686124356284558">
        <ele>0</ele>
      </trkpt>
      <trkpt lat="53.24750333778371" lon="-3.9680459660499703">
        <ele>0</ele>
      </trkpt>
      <trkpt lat="53.24759022345462" lon="-3.9669759851026769">
        <ele>0</ele>
      </trkpt>
      <trkpt lat="53.24759012016021" lon="-3.9669759679572754">
        <ele>0</ele>
      </trkpt>
      <trkpt lat="53.24737268739271" lon="-3.966940682815181">
        <ele>0</ele>
      </trkpt>
      <trkpt lat="53.24726873927141" lon="-3.9668634369635694">
        <ele>0</ele>
      </trkpt>
      <trkpt lat="53.24701316040435" lon="-3.9668815563608608">
        <ele>0</ele>
      </trkpt>
      <trkpt lat="53.24691016593553" lon="-3.9669568949074945">
        <ele>0</ele>
      </trkpt>
      <trkpt lat="53.24685580774366" lon="-3.9670370017165735">
        <ele>0</ele>
      </trkpt>
      <trkpt lat="53.2467041769979" lon="-3.9673803166126254">
        <ele>0</ele>
      </trkpt>
      <trkpt lat="53.2466345603662" lon="-3.9675672325004756">
        <ele>0</ele>
      </trkpt>
      <trkpt lat="53.2466345603662" lon="-3.9675672325004756">
        <ele>0</ele>
      </trkpt>
      <trkpt lat="53.24595460614152" lon="-3.9673183292008383">
        <ele>0</ele>
      </trkpt>
      <trkpt lat="53.24572572954416" lon="-3.9672506198741169">
        <ele>0</ele>
      </trkpt>
      <trkpt lat="53.24563608621018" lon="-3.9672716002288753">
        <ele>0</ele>
      </trkpt>
      <trkpt lat="53.24496376120542" lon="-3.9684131222582479">
        <ele>0</ele>
      </trkpt>
      <trkpt lat="53.24486172038909" lon="-3.9686296013732583">
        <ele>0</ele>
      </trkpt>
      <trkpt lat="53.24471676521075" lon="-3.968961472439442">
        <ele>0</ele>
      </trkpt>
      <trkpt lat="53.24469387755102" lon="-3.969025367156207">
        <ele>0</ele>
      </trkpt>
      <trkpt lat="53.24465573145146" lon="-3.9693915697119957">
        <ele>0</ele>
      </trkpt>
      <trkpt lat="53.24458897577723" lon="-3.9696814800686617">
        <ele>0</ele>
      </trkpt>
      <trkpt lat="53.2445308029754" lon="-3.9698092695021923">
        <ele>0</ele>
      </trkpt>
      <trkpt lat="53.24441636467671" lon="-3.9701373259584196">
        <ele>0</ele>
      </trkpt>
      <trkpt lat="53.24434197978257" lon="-3.9703757390806778">
        <ele>0</ele>
      </trkpt>
      <trkpt lat="53.24428571428572" lon="-3.9704901773793617">
        <ele>0</ele>
      </trkpt>
      <trkpt lat="53.24409784474538" lon="-3.9706904444020585">
        <ele>0</ele>
      </trkpt>
      <trkpt lat="53.24394430669464" lon="-3.9708306313179467">
        <ele>0</ele>
      </trkpt>
      <trkpt lat="53.24370780087736" lon="-3.9709202746519159">
        <ele>0</ele>
      </trkpt>
      <trkpt lat="53.2434350562655" lon="-3.9709498378790755">
        <ele>0</ele>
      </trkpt>
      <trkpt lat="53.24323669654778" lon="-3.9709078771695583">
        <ele>0</ele>
      </trkpt>
      <trkpt lat="53.24299923707801" lon="-3.9707505245088677">
        <ele>0</ele>
      </trkpt>
      <trkpt lat="53.24287430860195" lon="-3.9706561129124536">
        <ele>0</ele>
      </trkpt>
      <trkpt lat="53.24282662597749" lon="-3.9706561129124536">
        <ele>0</ele>
      </trkpt>
      <trkpt lat="53.242782757963" lon="-3.9706732786572561">
        <ele>0</ele>
      </trkpt>
      <trkpt lat="53.2426349418272" lon="-3.9705884035857322">
        <ele>0</ele>
      </trkpt>
      <trkpt lat="53.24251764257104" lon="-3.9704901773793617">
        <ele>0</ele>
      </trkpt>
      <trkpt lat="53.2424003433149" lon="-3.9704100705702832">
        <ele>0</ele>
      </trkpt>
      <trkpt lat="53.24207705512111" lon="-3.9702269692923888">
        <ele>0</ele>
      </trkpt>
      <trkpt lat="53.24191111958802" lon="-3.9699837879076854">
        <ele>0</ele>
      </trkpt>
      <trkpt lat="53.24152393667747" lon="-3.9694602326912061">
        <ele>0</ele>
      </trkpt>
      <trkpt lat="53.24133606713713" lon="-3.9692389853137504">
        <ele>0</ele>
      </trkpt>
      <trkpt lat="53.24097177188632" lon="-3.9689681480068653">
        <ele>0</ele>
      </trkpt>
      <trkpt lat="53.24097177188632" lon="-3.9689681480068653">
        <ele>0</ele>
      </trkpt>
      <trkpt lat="53.24097844745375" lon="-3.9687764638565697">
        <ele>0</ele>
      </trkpt>
      <trkpt lat="53.24097844745375" lon="-3.9687764638565697">
        <ele>0</ele>
      </trkpt>
      <trkpt lat="53.24072954415411" lon="-3.9687869540339489">
        <ele>0</ele>
      </trkpt>
      <trkpt lat="53.24056646957848" lon="-3.9687449933244316">
        <ele>0</ele>
      </trkpt>
      <trkpt lat="53.24041102422277" lon="-3.9686553499904624">
        <ele>0</ele>
      </trkpt>
      <trkpt lat="53.24024985695213" lon="-3.9685189776845307">
        <ele>0</ele>
      </trkpt>
      <trkpt lat="53.24" lon="-3.9682071333206168">
        <ele>0</ele>
      </trkpt>
      <trkpt lat="53.23999999999999" lon="-3.9682071333206168">
        <ele>0</ele>
      </trkpt>
      <trkpt lat="53.23995327102803" lon="-3.9681375166889175">
        <ele>0</ele>
      </trkpt>
      <trkpt lat="53.23990654205606" lon="-3.9680679000572181">
        <ele>0</ele>
      </trkpt>
      <trkpt lat="53.23986648865152" lon="-3.9679830249856942">
        <ele>0</ele>
      </trkpt>
      <trkpt lat="53.23982738889948" lon="-3.9678971962616809">
        <ele>0</ele>
      </trkpt>
      <trkpt lat="53.23977016975013" lon="-3.9678209040625583">
        <ele>0</ele>
      </trkpt>
      <trkpt lat="53.23971295060079" lon="-3.9677446118634356">
        <ele>0</ele>
      </trkpt>
      <trkpt lat="53.23964905588402" lon="-3.9676931146290282">
        <ele>0</ele>
      </trkpt>
      <trkpt lat="53.23958516116726" lon="-3.9676416173946203">
        <ele>0</ele>
      </trkpt>
      <trkpt lat="53.23951745184054" lon="-3.9675977493801247">
        <ele>0</ele>
      </trkpt>
      <trkpt lat="53.23944974251382" lon="-3.9675529277131401">
        <ele>0</ele>
      </trkpt>
      <trkpt lat="53.23937440396718" lon="-3.967490940301353">
        <ele>0</ele>
      </trkpt>
      <trkpt lat="53.23930001907304" lon="-3.9674289528895659">
        <ele>0</ele>
      </trkpt>
      <trkpt lat="53.2384941827198" lon="-3.9666955941254995">
        <ele>0</ele>
      </trkpt>
      <trkpt lat="53.2384941827198" lon="-3.9666955941254995">
        <ele>0</ele>
      </trkpt>
      <trkpt lat="53.23807648292961" lon="-3.9664419225634169">
        <ele>0</ele>
      </trkpt>
      <trkpt lat="53.23783139423993" lon="-3.9663522792294477">
        <ele>0</ele>
      </trkpt>
      <trkpt lat="53.23775033377836" lon="-3.9662664505054348">
        <ele>0</ele>
      </trkpt>
      <trkpt lat="53.23753004005339" lon="-3.9660041960709504">
        <ele>0</ele>
      </trkpt>
      <trkpt lat="53.23730116345602" lon="-3.9656732786572562">
        <ele>0</ele>
      </trkpt>
      <trkpt lat="53.23704558458896" lon="-3.9651487697882879">
        <ele>0</ele>
      </trkpt>
      <trkpt lat="53.23700457753193" lon="-3.9650390997520493">
        <ele>0</ele>
      </trkpt>
      <trkpt lat="53.23696357047491" lon="-3.9649294297158106">
        <ele>0</ele>
      </trkpt>
      <trkpt lat="53.23688155636085" lon="-3.9646671752813263">
        <ele>0</ele>
      </trkpt>
      <trkpt lat="53.23675662788479" lon="-3.9643801258821276">
        <ele>0</ele>
      </trkpt>
      <trkpt lat="53.23670989891283" lon="-3.9643019263780266">
        <ele>0</ele>
      </trkpt>
      <trkpt lat="53.23666316994086" lon="-3.964223726873926">
        <ele>0</ele>
      </trkpt>
      <trkpt lat="53.23657161930192" lon="-3.9641216860575996">
        <ele>0</ele>
      </trkpt>
      <trkpt lat="53.2364686248331" lon="-3.9640186915887838">
        <ele>0</ele>
      </trkpt>
      <trkpt lat="53.23641331298874" lon="-3.9639137898149901">
        <ele>0</ele>
      </trkpt>
      <trkpt lat="53.23635895479686" lon="-3.9638088880411968">
        <ele>0</ele>
      </trkpt>
      <trkpt lat="53.23631699408735" lon="-3.96370684722487">
        <ele>0</ele>
      </trkpt>
      <trkpt lat="53.23625500667556" lon="-3.9636114819759669">
        <ele>0</ele>
      </trkpt>
      <trkpt lat="53.23619301926377" lon="-3.9635151630745744">
        <ele>0</ele>
      </trkpt>
      <trkpt lat="53.23616154873163" lon="-3.9634255197406052">
        <ele>0</ele>
      </trkpt>
      <trkpt lat="53.23615105855426" lon="-3.9633406446690813">
        <ele>0</ele>
      </trkpt>
      <trkpt lat="53.23614056837688" lon="-3.9632557695975574">
        <ele>0</ele>
      </trkpt>
      <trkpt lat="53.23613580011443" lon="-3.9631432386038514">
        <ele>0</ele>
      </trkpt>
      <trkpt lat="53.23612149532709" lon="-3.9630469197024594">
        <ele>0</ele>
      </trkpt>
      <trkpt lat="53.23610814419224" lon="-3.9629506008010669">
        <ele>0</ele>
      </trkpt>
      <trkpt lat="53.23608525653251" lon="-3.9628619111195871">
        <ele>0</ele>
      </trkpt>
      <trkpt lat="53.23606332252526" lon="-3.9627722677856179">
        <ele>0</ele>
      </trkpt>
      <trkpt lat="53.23602231546823" lon="-3.9626835781041376">
        <ele>0</ele>
      </trkpt>
      <trkpt lat="53.2359813084112" lon="-3.9625948884226578">
        <ele>0</ele>
      </trkpt>
      <trkpt lat="53.23591455273697" lon="-3.9625109670036229">
        <ele>0</ele>
      </trkpt>
      <trkpt lat="53.23584875071523" lon="-3.9624260919320986">
        <ele>0</ele>
      </trkpt>
      <trkpt lat="53.23559984741559" lon="-3.9622506198741165">
        <ele>0</ele>
      </trkpt>
      <trkpt lat="53.23553499904634" lon="-3.9621962616822417">
        <ele>0</ele>
      </trkpt>
      <trkpt lat="53.23547015067708" lon="-3.9621419034903669">
        <ele>0</ele>
      </trkpt>
      <trkpt lat="53.23510394812129" lon="-3.9618605760061021">
        <ele>0</ele>
      </trkpt>
      <trkpt lat="53.2350247949647" lon="-3.9617938203318701">
        <ele>0</ele>
      </trkpt>
      <trkpt lat="53.23494564180812" lon="-3.9617270646576377">
        <ele>0</ele>
      </trkpt>
      <trkpt lat="53.23487221056646" lon="-3.9616917795155433">
        <ele>0</ele>
      </trkpt>
      <trkpt lat="53.23479973297729" lon="-3.9616564943734494">
        <ele>0</ele>
      </trkpt>
      <trkpt lat="53.2343906160595" lon="-3.9615039099752041">
        <ele>0</ele>
      </trkpt>
      <trkpt lat="53.23431337020789" lon="-3.9614648102231533">
        <ele>0</ele>
      </trkpt>
      <trkpt lat="53.23423707800876" lon="-3.961425710471103">
        <ele>0</ele>
      </trkpt>
      <trkpt lat="53.23396814800686" lon="-3.9612254434484062">
        <ele>0</ele>
      </trkpt>
      <trkpt lat="53.23359336257867" lon="-3.9609746328437905">
        <ele>0</ele>
      </trkpt>
      <trkpt lat="53.23353709708181" lon="-3.9609040625596021">
        <ele>0</ele>
      </trkpt>
      <trkpt lat="53.23346652679763" lon="-3.9608373068853697">
        <ele>0</ele>
      </trkpt>
      <trkpt lat="53.23339691016592" lon="-3.9608077436582096">
        <ele>0</ele>
      </trkpt>
      <trkpt lat="53.23328533282471" lon="-3.9607943925233635">
        <ele>0</ele>
      </trkpt>
      <trkpt lat="53.2332166698455" lon="-3.9607448025939336">
        <ele>0</ele>
      </trkpt>
      <trkpt lat="53.23315754339118" lon="-3.9606484836925415">
        <ele>0</ele>
      </trkpt>
      <trkpt lat="53.23309841693685" lon="-3.960552164791149">
        <ele>0</ele>
      </trkpt>
      <trkpt lat="53.23301258821284" lon="-3.9604730116345594">
        <ele>0</ele>
      </trkpt>
      <trkpt lat="53.23289814991416" lon="-3.960408163265305">
        <ele>0</ele>
      </trkpt>
      <trkpt lat="53.23280564562273" lon="-3.9603681098607657">
        <ele>0</ele>
      </trkpt>
      <trkpt lat="53.23270455845888" lon="-3.9603709708182326">
        <ele>0</ele>
      </trkpt>
      <trkpt lat="53.23259393477016" lon="-3.9603881365630351">
        <ele>0</ele>
      </trkpt>
      <trkpt lat="53.23248426473392" lon="-3.9604043486553491">
        <ele>0</ele>
      </trkpt>
      <trkpt lat="53.23248426473392" lon="-3.9604043486553491">
        <ele>0</ele>
      </trkpt>
      <trkpt lat="53.23242037001715" lon="-3.9603681098607657">
        <ele>0</ele>
      </trkpt>
      <trkpt lat="53.23230783902345" lon="-3.9602422277322131">
        <ele>0</ele>
      </trkpt>
      <trkpt lat="53.23214762540529" lon="-3.9600400534045384">
        <ele>0</ele>
      </trkpt>
      <trkpt lat="53.23210280373831" lon="-3.9599999999999991">
        <ele>0</ele>
      </trkpt>
      <trkpt lat="53.23210280373831" lon="-3.9599999999999884">
        <ele>0</ele>
      </trkpt>
      <trkpt lat="53.2319816898722" lon="-3.9598912836162388">
        <ele>0</ele>
      </trkpt>
      <trkpt lat="53.23162025557885" lon="-3.9596442876215794">
        <ele>0</ele>
      </trkpt>
      <trkpt lat="53.23109765401487" lon="-3.9591522029372381">
        <ele>0</ele>
      </trkpt>
      <trkpt lat="53.2310165935533" lon="-3.9591283616250124">
        <ele>0</ele>
      </trkpt>
      <trkpt lat="53.2310165935533" lon="-3.9591283616250124">
        <ele>0</ele>
      </trkpt>
      <trkpt lat="53.2310165935533" lon="-3.9592399402795095">
        <ele>0</ele>
      </trkpt>
      <trkpt lat="53.2310165935533" lon="-3.9592399389662294">
        <ele>0</ele>
      </trkpt>
      <trkpt lat="53.23096128170894" lon="-3.959139805454881">
        <ele>0</ele>
      </trkpt>
      <trkpt lat="53.23092695021933" lon="-3.9590387182910436">
        <ele>0</ele>
      </trkpt>
      <trkpt lat="53.23065420560746" lon="-3.9584999046347398">
        <ele>0</ele>
      </trkpt>
      <trkpt lat="53.23062941064275" lon="-3.9583892809460117">
        <ele>0</ele>
      </trkpt>
      <trkpt lat="53.23054358191874" lon="-3.9576959755864851">
        <ele>0</ele>
      </trkpt>
      <trkpt lat="53.23052355521647" lon="-3.9573440778180315">
        <ele>0</ele>
      </trkpt>
      <trkpt lat="53.23049589929429" lon="-3.9570675185962121">
        <ele>0</ele>
      </trkpt>
      <trkpt lat="53.23047873354948" lon="-3.9569845508296662">
        <ele>0</ele>
      </trkpt>
      <trkpt lat="53.23037764638565" lon="-3.9566173946213885">
        <ele>0</ele>
      </trkpt>
      <trkpt lat="53.23033187106617" lon="-3.9564953271027923">
        <ele>0</ele>
      </trkpt>
      <trkpt lat="53.2302860957467" lon="-3.9563732595841961">
        <ele>0</ele>
      </trkpt>
      <trkpt lat="53.2301468624833" lon="-3.9559584207514669">
        <ele>0</ele>
      </trkpt>
      <trkpt lat="53.23011634560365" lon="-3.9558954796871908">
        <ele>0</ele>
      </trkpt>
      <trkpt lat="53.230085828724" lon="-3.9558315849704253">
        <ele>0</ele>
      </trkpt>
      <trkpt lat="53.23003242418461" lon="-3.9557381270265002">
        <ele>0</ele>
      </trkpt>
      <trkpt lat="53.22997997329772" lon="-3.9556446690825751">
        <ele>0</ele>
      </trkpt>
      <trkpt lat="53.22990940301353" lon="-3.9555378600038034">
        <ele>0</ele>
      </trkpt>
      <trkpt lat="53.22983883272934" lon="-3.9554310509250317">
        <ele>0</ele>
      </trkpt>
      <trkpt lat="53.22963570474918" lon="-3.9551535380507228">
        <ele>0</ele>
      </trkpt>
      <trkpt lat="53.22956322716001" lon="-3.9550810604615565">
        <ele>0</ele>
      </trkpt>
      <trkpt lat="53.22944974251381" lon="-3.9550238413122143">
        <ele>0</ele>
      </trkpt>
      <trkpt lat="53.22935342361242" lon="-3.954985695212653">
        <ele>0</ele>
      </trkpt>
      <trkpt lat="53.22926664123592" lon="-3.9549799732977191">
        <ele>0</ele>
      </trkpt>
      <trkpt lat="53.22917985885942" lon="-3.9549742513827848">
        <ele>0</ele>
      </trkpt>
      <trkpt lat="53.22889853137516" lon="-3.9549246614533549">
        <ele>0</ele>
      </trkpt>
      <trkpt lat="53.22877932481403" lon="-3.9548960518786842">
        <ele>0</ele>
      </trkpt>
      <trkpt lat="53.2286601182529" lon="-3.9548674423040131">
        <ele>0</ele>
      </trkpt>
      <trkpt lat="53.22857047491893" lon="-3.9548655349990351">
        <ele>0</ele>
      </trkpt>
      <trkpt lat="53.22848178523745" lon="-3.9548636276940567">
        <ele>0</ele>
      </trkpt>
      <trkpt lat="53.2283902345985" lon="-3.9548731642189474">
        <ele>0</ele>
      </trkpt>
      <trkpt lat="53.22829868395956" lon="-3.9548827007438376">
        <ele>0</ele>
      </trkpt>
      <trkpt lat="53.22795727636848" lon="-3.9549303833682892">
        <ele>0</ele>
      </trkpt>
      <trkpt lat="53.2278857524318" lon="-3.9549361052832235">
        <ele>0</ele>
      </trkpt>
      <trkpt lat="53.22781518214762" lon="-3.9549418271981578">
        <ele>0</ele>
      </trkpt>
      <trkpt lat="53.22771790959374" lon="-3.9549437345031357">
        <ele>0</ele>
      </trkpt>
      <trkpt lat="53.22762159069234" lon="-3.9549446881556247">
        <ele>0</ele>
      </trkpt>
      <trkpt lat="53.22754053023078" lon="-3.9549218004958879">
        <ele>0</ele>
      </trkpt>
      <trkpt lat="53.2274604234217" lon="-3.9548979591836622">
        <ele>0</ele>
      </trkpt>
      <trkpt lat="53.22736219721533" lon="-3.9548779324813923">
        <ele>0</ele>
      </trkpt>
      <trkpt lat="53.22727064657638" lon="-3.9548903299637499">
        <ele>0</ele>
      </trkpt>
      <trkpt lat="53.22718004958992" lon="-3.954902727446107">
        <ele>0</ele>
      </trkpt>
      <trkpt lat="53.22710185008582" lon="-3.9549218004958879">
        <ele>0</ele>
      </trkpt>
      <trkpt lat="53.22702460423421" lon="-3.9549408735456684">
        <ele>0</ele>
      </trkpt>
      <trkpt lat="53.22693019263779" lon="-3.9549971390425216">
        <ele>0</ele>
      </trkpt>
      <trkpt lat="53.22681575433911" lon="-3.9550190730497694">
        <ele>0</ele>
      </trkpt>
      <trkpt lat="53.22671657448025" lon="-3.9550295632271486">
        <ele>0</ele>
      </trkpt>
      <trkpt lat="53.22661739462139" lon="-3.9550247949647033">
        <ele>0</ele>
      </trkpt>
      <trkpt lat="53.22654587068471" lon="-3.9550066755674118">
        <ele>0</ele>
      </trkpt>
      <trkpt lat="53.22649437345031" lon="-3.9550257486171927">
        <ele>0</ele>
      </trkpt>
      <trkpt lat="53.22642857142856" lon="-3.9550686629791989">
        <ele>0</ele>
      </trkpt>
      <trkpt lat="53.22631508678236" lon="-3.9551249284760521">
        <ele>0</ele>
      </trkpt>
      <trkpt lat="53.22622639710089" lon="-3.955179286667927">
        <ele>0</ele>
      </trkpt>
      <trkpt lat="53.22613293915696" lon="-3.9552908640091435">
        <ele>0</ele>
      </trkpt>
      <trkpt lat="53.22604043486552" lon="-3.9554024413503606">
        <ele>0</ele>
      </trkpt>
      <trkpt lat="53.2260080106809" lon="-3.9554119778752508">
        <ele>0</ele>
      </trkpt>
      <trkpt lat="53.22576196833873" lon="-3.9553261491512379">
        <ele>0</ele>
      </trkpt>
      <trkpt lat="53.2256427617776" lon="-3.9552317375548238">
        <ele>0</ele>
      </trkpt>
      <trkpt lat="53.2255731451459" lon="-3.9551983597177074">
        <ele>0</ele>
      </trkpt>
      <trkpt lat="53.22549303833682" lon="-3.9551697501430363">
        <ele>0</ele>
      </trkpt>
      <trkpt lat="53.22543200457752" lon="-3.9551258821285411">
        <ele>0</ele>
      </trkpt>
      <trkpt lat="53.22537097081823" lon="-3.9550820141140455">
        <ele>0</ele>
      </trkpt>
      <trkpt lat="53.22474537478542" lon="-3.9545823002097924">
        <ele>0</ele>
      </trkpt>
      <trkpt lat="53.2246595460614" lon="-3.9544974251382681">
        <ele>0</ele>
      </trkpt>
      <trkpt lat="53.22458516116726" lon="-3.9544049208468319">
        <ele>0</ele>
      </trkpt>
      <trkpt lat="53.22454987602516" lon="-3.9543362578676216">
        <ele>0</ele>
      </trkpt>
      <trkpt lat="53.22451554453556" lon="-3.9542666412359222">
        <ele>0</ele>
      </trkpt>
      <trkpt lat="53.22443829868395" lon="-3.9541483883272823">
        <ele>0</ele>
      </trkpt>
      <trkpt lat="53.22435151630745" lon="-3.95403204272362">
        <ele>0</ele>
      </trkpt>
      <trkpt lat="53.22428952889566" lon="-3.9539547968720083">
        <ele>0</ele>
      </trkpt>
      <trkpt lat="53.22422849513636" lon="-3.9538765973679078">
        <ele>0</ele>
      </trkpt>
      <trkpt lat="53.22400724775891" lon="-3.953624833110803">
        <ele>0</ele>
      </trkpt>
      <trkpt lat="53.22396051878695" lon="-3.953561892046527">
        <ele>0</ele>
      </trkpt>
      <trkpt lat="53.22391378981498" lon="-3.9534979973297615">
        <ele>0</ele>
      </trkpt>
      <trkpt lat="53.22356856761395" lon="-3.9527875262254319">
        <ele>0</ele>
      </trkpt>
      <trkpt lat="53.22351993133701" lon="-3.9527140949837767">
        <ele>0</ele>
      </trkpt>
      <trkpt lat="53.22341216860575" lon="-3.9525958420751364">
        <ele>0</ele>
      </trkpt>
      <trkpt lat="53.22335781041387" lon="-3.952525271790948">
        <ele>0</ele>
      </trkpt>
      <trkpt lat="53.223303452222" lon="-3.9524537478542707">
        <ele>0</ele>
      </trkpt>
      <trkpt lat="53.22318996757581" lon="-3.9521562082776924">
        <ele>0</ele>
      </trkpt>
      <trkpt lat="53.22304596604996" lon="-3.9518758344459166">
        <ele>0</ele>
      </trkpt>
      <trkpt lat="53.22297253480831" lon="-3.9517699790196339">
        <ele>0</ele>
      </trkpt>
      <trkpt lat="53.22289147434674" lon="-3.9516698455082855">
        <ele>0</ele>
      </trkpt>
      <trkpt lat="53.22284188441731" lon="-3.9516297921037462">
        <ele>0</ele>
      </trkpt>
      <trkpt lat="53.22273412168605" lon="-3.9515639900820028">
        <ele>0</ele>
      </trkpt>
      <trkpt lat="53.22262635895478" lon="-3.9514972344077703">
        <ele>0</ele>
      </trkpt>
      <trkpt lat="53.22254434484073" lon="-3.9514362006484722">
        <ele>0</ele>
      </trkpt>
      <trkpt lat="53.22246328437916" lon="-3.9513751668891741">
        <ele>0</ele>
      </trkpt>
      <trkpt lat="53.22241274079725" lon="-3.9513189013923213">
        <ele>0</ele>
      </trkpt>
      <trkpt lat="53.22234121686056" lon="-3.9512178142284839">
        <ele>0</ele>
      </trkpt>
      <trkpt lat="53.22220579820712" lon="-3.9509574670989775">
        <ele>0</ele>
      </trkpt>
      <trkpt lat="53.22212378409306" lon="-3.950844936105272">
        <ele>0</ele>
      </trkpt>
      <trkpt lat="53.22201983597176" lon="-3.9507362197215219">
        <ele>0</ele>
      </trkpt>
      <trkpt lat="53.22191588785046" lon="-3.9506265496852833">
        <ele>0</ele>
      </trkpt>
      <trkpt lat="53.22181384703413" lon="-3.9505092504291324">
        <ele>0</ele>
      </trkpt>
      <trkpt lat="53.22171275987029" lon="-3.950391951172981">
        <ele>0</ele>
      </trkpt>
      <trkpt lat="53.22163932862864" lon="-3.9503471295059964">
        <ele>0</ele>
      </trkpt>
      <trkpt lat="53.22154873164218" lon="-3.9502813274842534">
        <ele>0</ele>
      </trkpt>
      <trkpt lat="53.22148006866297" lon="-3.9501935914552622">
        <ele>0</ele>
      </trkpt>
      <trkpt lat="53.2214257104711" lon="-3.9501106236887162">
        <ele>0</ele>
      </trkpt>
      <trkpt lat="53.22137230593171" lon="-3.9500276559221708">
        <ele>0</ele>
      </trkpt>
      <trkpt lat="53.22131413312988" lon="-3.9499666221628726">
        <ele>0</ele>
      </trkpt>
      <trkpt lat="53.22125309937058" lon="-3.9499151249284647">
        <ele>0</ele>
      </trkpt>
      <trkpt lat="53.22119206561128" lon="-3.9498636276940569">
        <ele>0</ele>
      </trkpt>
      <trkpt lat="53.2210776273126" lon="-3.949746328437906">
        <ele>0</ele>
      </trkpt>
      <trkpt lat="53.22096318901391" lon="-3.9496280755292656">
        <ele>0</ele>
      </trkpt>
      <trkpt lat="53.22091169177951" lon="-3.9495575052450773">
        <ele>0</ele>
      </trkpt>
      <trkpt lat="53.2208516116727" lon="-3.9494506961663056">
        <ele>0</ele>
      </trkpt>
      <trkpt lat="53.22079248521838" lon="-3.9493438870875339">
        <ele>0</ele>
      </trkpt>
      <trkpt lat="53.2206255960328" lon="-3.9490139233263286">
        <ele>0</ele>
      </trkpt>
      <trkpt lat="53.22037097081822" lon="-3.9483997711233911">
        <ele>0</ele>
      </trkpt>
      <trkpt lat="53.22034522220102" lon="-3.9483168033568452">
        <ele>0</ele>
      </trkpt>
      <trkpt lat="53.22030040053404" lon="-3.9482386038527446">
        <ele>0</ele>
      </trkpt>
      <trkpt lat="53.22023173755483" lon="-3.9481394239938852">
        <ele>0</ele>
      </trkpt>
      <trkpt lat="53.22000517528038" lon="-3.9478354762512176">
        <ele>0</ele>
      </trkpt>
      <trkpt lat="53.22000381460995" lon="-3.9478313942399277">
        <ele>0</ele>
      </trkpt>
      <trkpt lat="53.21999999999999" lon="-3.9478199504100591">
        <ele>0</ele>
      </trkpt>
      <trkpt lat="53.22000000000001" lon="-3.9478199504100591">
        <ele>0</ele>
      </trkpt>
      <trkpt lat="53.21996090024795" lon="-3.9477036048063971">
        <ele>0</ele>
      </trkpt>
      <trkpt lat="53.21992180049591" lon="-3.9475863055502463">
        <ele>0</ele>
      </trkpt>
      <trkpt lat="53.21988174709137" lon="-3.947499523173744">
        <ele>0</ele>
      </trkpt>
      <trkpt lat="53.21984264733932" lon="-3.9474127407972421">
        <ele>0</ele>
      </trkpt>
      <trkpt lat="53.21978447453748" lon="-3.9473154682433607">
        <ele>0</ele>
      </trkpt>
      <trkpt lat="53.21973774556552" lon="-3.9472696929238871">
        <ele>0</ele>
      </trkpt>
      <trkpt lat="53.21963093648675" lon="-3.9471876788098301">
        <ele>0</ele>
      </trkpt>
      <trkpt lat="53.21950982262064" lon="-3.9471094793057295">
        <ele>0</ele>
      </trkpt>
      <trkpt lat="53.21938966240702" lon="-3.9470312798016289">
        <ele>0</ele>
      </trkpt>
      <trkpt lat="53.21927808506581" lon="-3.946950219340061">
        <ele>0</ele>
      </trkpt>
      <trkpt lat="53.21916650772459" lon="-3.9468691588784934">
        <ele>0</ele>
      </trkpt>
      <trkpt lat="53.21916650772459" lon="-3.9468691588784934">
        <ele>0</ele>
      </trkpt>
      <trkpt lat="53.21912454701508" lon="-3.946804310509239">
        <ele>0</ele>
      </trkpt>
      <trkpt lat="53.21908258630556" lon="-3.9467394621399849">
        <ele>0</ele>
      </trkpt>
      <trkpt lat="53.21904157924853" lon="-3.9466593553309059">
        <ele>0</ele>
      </trkpt>
      <trkpt lat="53.21900152584399" lon="-3.9465782948693384">
        <ele>0</ele>
      </trkpt>
      <trkpt lat="53.21895193591456" lon="-3.9464657638756324">
        <ele>0</ele>
      </trkpt>
      <trkpt lat="53.21890234598513" lon="-3.9463522792294374">
        <ele>0</ele>
      </trkpt>
      <trkpt lat="53.21884703414077" lon="-3.9462750333778258">
        <ele>0</ele>
      </trkpt>
      <trkpt lat="53.21878218577151" lon="-3.9462120923135497">
        <ele>0</ele>
      </trkpt>
      <trkpt lat="53.21871829105475" lon="-3.9461491512492732">
        <ele>0</ele>
      </trkpt>
      <trkpt lat="53.21862292580585" lon="-3.9460308983406334">
        <ele>0</ele>
      </trkpt>
      <trkpt lat="53.21852756055694" lon="-3.9459116917795041">
        <ele>0</ele>
      </trkpt>
      <trkpt lat="53.21844268548541" lon="-3.94581728018309">
        <ele>0</ele>
      </trkpt>
      <trkpt lat="53.21835876406638" lon="-3.9457219149341864">
        <ele>0</ele>
      </trkpt>
      <trkpt lat="53.21830631317948" lon="-3.9456427617775969">
        <ele>0</ele>
      </trkpt>
      <trkpt lat="53.21825386229259" lon="-3.9455636086210073">
        <ele>0</ele>
      </trkpt>
      <trkpt lat="53.21809746328439" lon="-3.9452584398245167">
        <ele>0</ele>
      </trkpt>
      <trkpt lat="53.21805454892238" lon="-3.9451468624832997">
        <ele>0</ele>
      </trkpt>
      <trkpt lat="53.21801163456038" lon="-3.9450343314895937">
        <ele>0</ele>
      </trkpt>
      <trkpt lat="53.21797825672326" lon="-3.9449876025176311">
        <ele>0</ele>
      </trkpt>
      <trkpt lat="53.21794678619112" lon="-3.9449628075529164">
        <ele>0</ele>
      </trkpt>
      <trkpt lat="53.21788003051689" lon="-3.9448922372687281">
        <ele>0</ele>
      </trkpt>
      <trkpt lat="53.21781422849514" lon="-3.9448216669845393">
        <ele>0</ele>
      </trkpt>
      <trkpt lat="53.21775987030327" lon="-3.9447444211329277">
        <ele>0</ele>
      </trkpt>
      <trkpt lat="53.21770551211139" lon="-3.9446671752813161">
        <ele>0</ele>
      </trkpt>
      <trkpt lat="53.21766736601183" lon="-3.9446013732595731">
        <ele>0</ele>
      </trkpt>
      <trkpt lat="53.21762159069236" lon="-3.9444821666984438">
        <ele>0</ele>
      </trkpt>
      <trkpt lat="53.2176006103376" lon="-3.9444049208468321">
        <ele>0</ele>
      </trkpt>
      <trkpt lat="53.21758058363533" lon="-3.9443267213427315">
        <ele>0</ele>
      </trkpt>
      <trkpt lat="53.2175567423231" lon="-3.9442542437535648">
        <ele>0</ele>
      </trkpt>
      <trkpt lat="53.21753385466337" lon="-3.9441808125119091">
        <ele>0</ele>
      </trkpt>
      <trkpt lat="53.21748235742896" lon="-3.9440797253480717">
        <ele>0</ele>
      </trkpt>
      <trkpt lat="53.21740797253482" lon="-3.9439805454892123">
        <ele>0</ele>
      </trkpt>
      <trkpt lat="53.21724299065421" lon="-3.9437182910547284">
        <ele>0</ele>
      </trkpt>
      <trkpt lat="53.21703223345413" lon="-3.9434445927903758">
        <ele>0</ele>
      </trkpt>
      <trkpt lat="53.21698931909213" lon="-3.9433549494564066">
        <ele>0</ele>
      </trkpt>
      <trkpt lat="53.21694640473012" lon="-3.9432643524699484">
        <ele>0</ele>
      </trkpt>
      <trkpt lat="53.21673469387756" lon="-3.9427627312607174">
        <ele>0</ele>
      </trkpt>
      <trkpt lat="53.2166183482739" lon="-3.9425138279610796">
        <ele>0</ele>
      </trkpt>
      <trkpt lat="53.21648674423041" lon="-3.9421485790577799">
        <ele>0</ele>
      </trkpt>
      <trkpt lat="53.21637325958422" lon="-3.941888231928274">
        <ele>0</ele>
      </trkpt>
      <trkpt lat="53.21566469578487" lon="-3.9404920846843297">
        <ele>0</ele>
      </trkpt>
      <trkpt lat="53.21550162120924" lon="-3.9400839214190237">
        <ele>0</ele>
      </trkpt>
      <trkpt lat="53.21544535571238" lon="-3.9399999999999888">
        <ele>0</ele>
      </trkpt>
      <trkpt lat="53.21544535571238" lon="-3.9400000000000066">
        <ele>0</ele>
      </trkpt>
      <trkpt lat="53.21538432195309" lon="-3.9399332443257746">
        <ele>0</ele>
      </trkpt>
      <trkpt lat="53.21530802975396" lon="-3.9398674423040312">
        <ele>0</ele>
      </trkpt>
      <trkpt lat="53.21523078390236" lon="-3.9397739843601061">
        <ele>0</ele>
      </trkpt>
      <trkpt lat="53.21492084684342" lon="-3.9391474346748114">
        <ele>0</ele>
      </trkpt>
      <trkpt lat="53.21479115010491" lon="-3.9388518024032111">
        <ele>0</ele>
      </trkpt>
      <trkpt lat="53.21475491131033" lon="-3.9388003051688032">
        <ele>0</ele>
      </trkpt>
      <trkpt lat="53.21469769216098" lon="-3.9387621590692419">
        <ele>0</ele>
      </trkpt>
      <trkpt lat="53.21469769216098" lon="-3.9387621590692419">
        <ele>0</ele>
      </trkpt>
      <trkpt lat="53.21463665840169" lon="-3.9386648865153608">
        <ele>0</ele>
      </trkpt>
      <trkpt lat="53.21460614152204" lon="-3.9386048064085517">
        <ele>0</ele>
      </trkpt>
      <trkpt lat="53.21457085637994" lon="-3.93849799732978">
        <ele>0</ele>
      </trkpt>
      <trkpt lat="53.21444497425139" lon="-3.9382262063704054">
        <ele>0</ele>
      </trkpt>
      <trkpt lat="53.21416460041961" lon="-3.937691207324058">
        <ele>0</ele>
      </trkpt>
      <trkpt lat="53.21401296967386" lon="-3.9374699599466023">
        <ele>0</ele>
      </trkpt>
      <trkpt lat="53.21389033823069" lon="-3.9373284621275593">
        <ele>0</ele>
      </trkpt>
      <trkpt lat="53.21389033841242" lon="-3.9373284624897589">
        <ele>0</ele>
      </trkpt>
      <trkpt lat="53.21386324623308" lon="-3.9372744611863504">
        <ele>0</ele>
      </trkpt>
      <trkpt lat="53.21379267594889" lon="-3.937174327675002">
        <ele>0</ele>
      </trkpt>
      <trkpt lat="53.21372305931719" lon="-3.9370732405111646">
        <ele>0</ele>
      </trkpt>
      <trkpt lat="53.21365916460043" lon="-3.9369988556170199">
        <ele>0</ele>
      </trkpt>
      <trkpt lat="53.21359813084113" lon="-3.9369664314323929">
        <ele>0</ele>
      </trkpt>
      <trkpt lat="53.21352946786192" lon="-3.93688060270838">
        <ele>0</ele>
      </trkpt>
      <trkpt lat="53.21345794392524" lon="-3.9367718863246299">
        <ele>0</ele>
      </trkpt>
      <trkpt lat="53.21338737364105" lon="-3.9366622162883913">
        <ele>0</ele>
      </trkpt>
      <trkpt lat="53.21333492275416" lon="-3.9366097654014944">
        <ele>0</ele>
      </trkpt>
      <trkpt lat="53.21325576959757" lon="-3.9365496852946853">
        <ele>0</ele>
      </trkpt>
      <trkpt lat="53.21316612626359" lon="-3.9365039099752117">
        <ele>0</ele>
      </trkpt>
      <trkpt lat="53.21307171466718" lon="-3.9364819759679639">
        <ele>0</ele>
      </trkpt>
      <trkpt lat="53.21297730307077" lon="-3.9364590883082271">
        <ele>0</ele>
      </trkpt>
      <trkpt lat="53.21289719626169" lon="-3.9364028228113743">
        <ele>0</ele>
      </trkpt>
      <trkpt lat="53.2128180431051" lon="-3.9363456036620326">
        <ele>0</ele>
      </trkpt>
      <trkpt lat="53.21274079725349" lon="-3.9363122258249161">
        <ele>0</ele>
      </trkpt>
      <trkpt lat="53.21266355140187" lon="-3.9362788479878001">
        <ele>0</ele>
      </trkpt>
      <trkpt lat="53.21258153728782" lon="-3.936252145718107">
        <ele>0</ele>
      </trkpt>
      <trkpt lat="53.21250047682625" lon="-3.9362244897959253">
        <ele>0</ele>
      </trkpt>
      <trkpt lat="53.21240797253482" lon="-3.9362111386610787">
        <ele>0</ele>
      </trkpt>
      <trkpt lat="53.21233358764067" lon="-3.9362149532710347">
        <ele>0</ele>
      </trkpt>
      <trkpt lat="53.21226015639902" lon="-3.936217814228502">
        <ele>0</ele>
      </trkpt>
      <trkpt lat="53.21216479115012" lon="-3.9362311653633486">
        <ele>0</ele>
      </trkpt>
      <trkpt lat="53.2120703795537" lon="-3.9362445164981947">
        <ele>0</ele>
      </trkpt>
      <trkpt lat="53.21167366011826" lon="-3.9363246233072737">
        <ele>0</ele>
      </trkpt>
      <trkpt lat="53.21162120923137" lon="-3.9363208086973174">
        <ele>0</ele>
      </trkpt>
      <trkpt lat="53.21150963189015" lon="-3.9362902918176683">
        <ele>0</ele>
      </trkpt>
      <trkpt lat="53.21125691398056" lon="-3.9363580011443897">
        <ele>0</ele>
      </trkpt>
      <trkpt lat="53.21118920465383" lon="-3.9363684913217694">
        <ele>0</ele>
      </trkpt>
      <trkpt lat="53.21108144192257" lon="-3.9363427427045652">
        <ele>0</ele>
      </trkpt>
      <trkpt lat="53.21070856379936" lon="-3.9362311653633486">
        <ele>0</ele>
      </trkpt>
      <trkpt lat="53.21060843028801" lon="-3.9362073240511224">
        <ele>0</ele>
      </trkpt>
      <trkpt lat="53.21050925042915" lon="-3.9361825290864076">
        <ele>0</ele>
      </trkpt>
      <trkpt lat="53.21043391188252" lon="-3.9361758535189844">
        <ele>0</ele>
      </trkpt>
      <trkpt lat="53.21035952698838" lon="-3.9361691779515611">
        <ele>0</ele>
      </trkpt>
      <trkpt lat="53.21024222773222" lon="-3.9361977875262322">
        <ele>0</ele>
      </trkpt>
      <trkpt lat="53.21012492847607" lon="-3.9362263971009033">
        <ele>0</ele>
      </trkpt>
      <trkpt lat="53.2100181193973" lon="-3.9362426091932168">
        <ele>0</ele>
      </trkpt>
      <trkpt lat="53.20991226397102" lon="-3.9362578676330413">
        <ele>0</ele>
      </trkpt>
      <trkpt lat="53.20979401106238" lon="-3.9362550066755744">
        <ele>0</ele>
      </trkpt>
      <trkpt lat="53.20971008964334" lon="-3.9362435628457058">
        <ele>0</ele>
      </trkpt>
      <trkpt lat="53.20964142666413" lon="-3.9362025557886775">
        <ele>0</ele>
      </trkpt>
      <trkpt lat="53.20956322716003" lon="-3.9361367537669341">
        <ele>0</ele>
      </trkpt>
      <trkpt lat="53.20951172992562" lon="-3.9361157734121752">
        <ele>0</ele>
      </trkpt>
      <trkpt lat="53.20947453747855" lon="-3.9361167270646646">
        <ele>0</ele>
      </trkpt>
      <trkpt lat="53.20914743467481" lon="-3.9361787144764517">
        <ele>0</ele>
      </trkpt>
      <trkpt lat="53.20885943162313" lon="-3.9361977875262322">
        <ele>0</ele>
      </trkpt>
      <trkpt lat="53.20876311272173" lon="-3.9362302117108592">
        <ele>0</ele>
      </trkpt>
      <trkpt lat="53.20866679382034" lon="-3.9362616822429977">
        <ele>0</ele>
      </trkpt>
      <trkpt lat="53.20857715048637" lon="-3.9362807552927781">
        <ele>0</ele>
      </trkpt>
      <trkpt lat="53.20848846080489" lon="-3.9362988746900696">
        <ele>0</ele>
      </trkpt>
      <trkpt lat="53.20842742704559" lon="-3.9363074575624712">
        <ele>0</ele>
      </trkpt>
      <trkpt lat="53.20835208849896" lon="-3.9362950600801137">
        <ele>0</ele>
      </trkpt>
      <trkpt lat="53.20825576959756" lon="-3.9362225824909469">
        <ele>0</ele>
      </trkpt>
      <trkpt lat="53.20816040434866" lon="-3.9361491512492917">
        <ele>0</ele>
      </trkpt>
      <trkpt lat="53.20806027083731" lon="-3.9360833492275482">
        <ele>0</ele>
      </trkpt>
      <trkpt lat="53.20796299828343" lon="-3.9359822620637108">
        <ele>0</ele>
      </trkpt>
      <trkpt lat="53.20786763303453" lon="-3.935896433339698">
        <ele>0</ele>
      </trkpt>
      <trkpt lat="53.20777226778563" lon="-3.9358096509631957">
        <ele>0</ele>
      </trkpt>
      <trkpt lat="53.20770837306886" lon="-3.9357362197215404">
        <ele>0</ele>
      </trkpt>
      <trkpt lat="53.20764447835209" lon="-3.9356627884798847">
        <ele>0</ele>
      </trkpt>
      <trkpt lat="53.2076177760824" lon="-3.9355979401106307">
        <ele>0</ele>
      </trkpt>
      <trkpt lat="53.20759107381271" lon="-3.9355330917413762">
        <ele>0</ele>
      </trkpt>
      <trkpt lat="53.20759107381271" lon="-3.9355330917413762">
        <ele>0</ele>
      </trkpt>
      <trkpt lat="53.20734407781805" lon="-3.9356904444020668">
        <ele>0</ele>
      </trkpt>
      <trkpt lat="53.20725824909404" lon="-3.9357591073812772">
        <ele>0</ele>
      </trkpt>
      <trkpt lat="53.20717337402252" lon="-3.9358268167079986">
        <ele>0</ele>
      </trkpt>
      <trkpt lat="53.20692923898532" lon="-3.9359383940492152">
        <ele>0</ele>
      </trkpt>
      <trkpt lat="53.20661453366394" lon="-3.9361033759298181">
        <ele>0</ele>
      </trkpt>
      <trkpt lat="53.2063055502575" lon="-3.936332252527186">
        <ele>0</ele>
      </trkpt>
      <trkpt lat="53.20622353614344" lon="-3.9363427427045652">
        <ele>0</ele>
      </trkpt>
      <trkpt lat="53.20614247568187" lon="-3.9363522792294554">
        <ele>0</ele>
      </trkpt>
      <trkpt lat="53.20605569330537" lon="-3.9363694449742583">
        <ele>0</ele>
      </trkpt>
      <trkpt lat="53.20596986458136" lon="-3.9363856570665718">
        <ele>0</ele>
      </trkpt>
      <trkpt lat="53.20585637993516" lon="-3.9364657638756504">
        <ele>0</ele>
      </trkpt>
      <trkpt lat="53.20580392904827" lon="-3.9365306122449049">
        <ele>0</ele>
      </trkpt>
      <trkpt lat="53.20575147816137" lon="-3.9365945069616699">
        <ele>0</ele>
      </trkpt>
      <trkpt lat="53.20568662979211" lon="-3.9366364676711876">
        <ele>0</ele>
      </trkpt>
      <trkpt lat="53.20562178142286" lon="-3.9366774747282158">
        <ele>0</ele>
      </trkpt>
      <trkpt lat="53.20555788670609" lon="-3.9367394621400029">
        <ele>0</ele>
      </trkpt>
      <trkpt lat="53.20549399198933" lon="-3.93680144955179">
        <ele>0</ele>
      </trkpt>
      <trkpt lat="53.20542151440016" lon="-3.9368558077436648">
        <ele>0</ele>
      </trkpt>
      <trkpt lat="53.20534999046348" lon="-3.9369101659355401">
        <ele>0</ele>
      </trkpt>
      <trkpt lat="53.20526130078201" lon="-3.9369673850848819">
        <ele>0</ele>
      </trkpt>
      <trkpt lat="53.20517356475301" lon="-3.9370236505817346">
        <ele>0</ele>
      </trkpt>
      <trkpt lat="53.205087736029" lon="-3.9370360480640922">
        <ele>0</ele>
      </trkpt>
      <trkpt lat="53.20500286095748" lon="-3.9370036238794652">
        <ele>0</ele>
      </trkpt>
      <trkpt lat="53.20496662216289" lon="-3.9369750143047941">
        <ele>0</ele>
      </trkpt>
      <trkpt lat="53.20492752241084" lon="-3.9369711996948382">
        <ele>0</ele>
      </trkpt>
      <trkpt lat="53.20486744230404" lon="-3.9369998092695089">
        <ele>0</ele>
      </trkpt>
      <trkpt lat="53.20479687201984" lon="-3.9370236505817346">
        <ele>0</ele>
      </trkpt>
      <trkpt lat="53.20467766545872" lon="-3.9370322334541363">
        <ele>0</ele>
      </trkpt>
      <trkpt lat="53.20459755864964" lon="-3.9370827770360548">
        <ele>0</ele>
      </trkpt>
      <trkpt lat="53.20450028609576" lon="-3.9370980354758793">
        <ele>0</ele>
      </trkpt>
      <trkpt lat="53.20441255006676" lon="-3.9370999427808573">
        <ele>0</ele>
      </trkpt>
      <trkpt lat="53.20432481403778" lon="-3.9371008964333467">
        <ele>0</ele>
      </trkpt>
      <trkpt lat="53.20423326339883" lon="-3.9371466717528203">
        <ele>0</ele>
      </trkpt>
      <trkpt lat="53.20414266641237" lon="-3.9371914934198045">
        <ele>0</ele>
      </trkpt>
      <trkpt lat="53.20407591073813" lon="-3.9372038909021621">
        <ele>0</ele>
      </trkpt>
      <trkpt lat="53.20401010871639" lon="-3.9372153347320307">
        <ele>0</ele>
      </trkpt>
      <trkpt lat="53.20392809460233" lon="-3.9372592027465259">
        <ele>0</ele>
      </trkpt>
      <trkpt lat="53.2038699218005" lon="-3.9373240511157803">
        <ele>0</ele>
      </trkpt>
      <trkpt lat="53.20381174899867" lon="-3.9374051115773478">
        <ele>0</ele>
      </trkpt>
      <trkpt lat="53.20375357619684" lon="-3.9374861720389158">
        <ele>0</ele>
      </trkpt>
      <trkpt lat="53.2036439061606" lon="-3.937576769025374">
        <ele>0</ele>
      </trkpt>
      <trkpt lat="53.20355521647912" lon="-3.9376063322525341">
        <ele>0</ele>
      </trkpt>
      <trkpt lat="53.20348655349991" lon="-3.9376034712950667">
        <ele>0</ele>
      </trkpt>
      <trkpt lat="53.20342265878315" lon="-3.9376263589548035">
        <ele>0</ele>
      </trkpt>
      <trkpt lat="53.20333587640665" lon="-3.9376864390616126">
        <ele>0</ele>
      </trkpt>
      <trkpt lat="53.20324909403014" lon="-3.9377455655159328">
        <ele>0</ele>
      </trkpt>
      <trkpt lat="53.20316326530613" lon="-3.9378447453747922">
        <ele>0</ele>
      </trkpt>
      <trkpt lat="53.20305168796492" lon="-3.9379229448788928">
        <ele>0</ele>
      </trkpt>
      <trkpt lat="53.20297062750335" lon="-3.9380268930001976">
        <ele>0</ele>
      </trkpt>
      <trkpt lat="53.2029315277513" lon="-3.938092695021941">
        <ele>0</ele>
      </trkpt>
      <trkpt lat="53.20283234789244" lon="-3.9381470532138159">
        <ele>0</ele>
      </trkpt>
      <trkpt lat="53.20273316803357" lon="-3.9382004577532017">
        <ele>0</ele>
      </trkpt>
      <trkpt lat="53.20264352469961" lon="-3.9382576769025435">
        <ele>0</ele>
      </trkpt>
      <trkpt lat="53.20255388136564" lon="-3.9383139423993967">
        <ele>0</ele>
      </trkpt>
      <trkpt lat="53.20248617203892" lon="-3.9383358764066441">
        <ele>0</ele>
      </trkpt>
      <trkpt lat="53.20239843600993" lon="-3.9383253862292649">
        <ele>0</ele>
      </trkpt>
      <trkpt lat="53.20233454129316" lon="-3.9382996376120611">
        <ele>0</ele>
      </trkpt>
      <trkpt lat="53.20228113675378" lon="-3.9383549494564249">
        <ele>0</ele>
      </trkpt>
      <trkpt lat="53.2022439443067" lon="-3.9383635323288262">
        <ele>0</ele>
      </trkpt>
      <trkpt lat="53.20217909593745" lon="-3.9383578104138919">
        <ele>0</ele>
      </trkpt>
      <trkpt lat="53.20208468434103" lon="-3.9383940492084752">
        <ele>0</ele>
      </trkpt>
      <trkpt lat="53.2020179286668" lon="-3.938449361052839">
        <ele>0</ele>
      </trkpt>
      <trkpt lat="53.20194449742515" lon="-3.9384836925424445">
        <ele>0</ele>
      </trkpt>
      <trkpt lat="53.20187201983598" lon="-3.9385180240320494">
        <ele>0</ele>
      </trkpt>
      <trkpt lat="53.20179095937441" lon="-3.938562845699034">
        <ele>0</ele>
      </trkpt>
      <trkpt lat="53.20171085256533" lon="-3.9386067137135297">
        <ele>0</ele>
      </trkpt>
      <trkpt lat="53.20097367919131" lon="-3.9389195117299325">
        <ele>0</ele>
      </trkpt>
      <trkpt lat="53.20068853709709" lon="-3.9390987983978705">
        <ele>0</ele>
      </trkpt>
      <trkpt lat="53.20031279801641" lon="-3.9395403395002928">
        <ele>0</ele>
      </trkpt>
      <trkpt lat="53.20004482166699" lon="-3.9399580392904894">
        <ele>0</ele>
      </trkpt>
      <trkpt lat="53.20002765592219" lon="-3.9400000000000066">
        <ele>0</ele>
      </trkpt>
      <trkpt lat="53.20002765592219" lon="-3.9399999999999888">
        <ele>0</ele>
      </trkpt>
      <trkpt lat="53.20000000000001" lon="-3.9400638947167539">
        <ele>0</ele>
      </trkpt>
      <trkpt lat="53.2" lon="-3.9400638947167539">
        <ele>0</ele>
      </trkpt>
      <trkpt lat="53.19992752241083" lon="-3.9402326912073127">
        <ele>0</ele>
      </trkpt>
      <trkpt lat="53.19970818233836" lon="-3.9406170131603928">
        <ele>0</ele>
      </trkpt>
      <trkpt lat="53.19928952889567" lon="-3.9410919320999316">
        <ele>0</ele>
      </trkpt>
      <trkpt lat="53.19896433339691" lon="-3.9413551401869045">
        <ele>0</ele>
      </trkpt>
      <trkpt lat="53.19870493991989" lon="-3.9416173946213884">
        <ele>0</ele>
      </trkpt>
      <trkpt lat="53.19845412931527" lon="-3.9417661644096778">
        <ele>0</ele>
      </trkpt>
      <trkpt lat="53.19820236505817" lon="-3.9420150677093155">
        <ele>0</ele>
      </trkpt>
      <trkpt lat="53.19794487888613" lon="-3.9424022506198626">
        <ele>0</ele>
      </trkpt>
      <trkpt lat="53.1976082395575" lon="-3.9427570093457831">
        <ele>0</ele>
      </trkpt>
      <trkpt lat="53.19729353423612" lon="-3.9432576769025252">
        <ele>0</ele>
      </trkpt>
      <trkpt lat="53.19699885561701" lon="-3.9439452603471183">
        <ele>0</ele>
      </trkpt>
      <trkpt lat="53.19642189586114" lon="-3.9463131794773871">
        <ele>0</ele>
      </trkpt>
      <trkpt lat="53.19606427617776" lon="-3.9482633988174594">
        <ele>0</ele>
      </trkpt>
      <trkpt lat="53.19599656685104" lon="-3.9492904825481481">
        <ele>0</ele>
      </trkpt>
      <trkpt lat="53.195912645432" lon="-3.9501039481212934">
        <ele>0</ele>
      </trkpt>
      <trkpt lat="53.19586591646004" lon="-3.9504262826625864">
        <ele>0</ele>
      </trkpt>
      <trkpt lat="53.19581346557315" lon="-3.9506437154300857">
        <ele>0</ele>
      </trkpt>
      <trkpt lat="53.19569630095369" lon="-3.951044585806653">
        <ele>0</ele>
      </trkpt>
      <trkpt lat="53.1956952126645" lon="-3.9510452031279688">
        <ele>0</ele>
      </trkpt>
      <trkpt lat="53.19563131794774" lon="-3.9510814419225522">
        <ele>0</ele>
      </trkpt>
      <trkpt lat="53.19561093384406" lon="-3.9510931782246703">
        <ele>0</ele>
      </trkpt>
    </trkseg>
  </trk>
  <trk>
    <name>Day 3 - Alt Skip Snowdon</name>
    <extensions>
      <gpxx:TrackExtension>
        <gpxx:DisplayColor>Green</gpxx:DisplayColor>
      </gpxx:TrackExtension>
    </extensions>
    <trkseg>
      <trkpt lat="53.08622630896379" lon="-4.0654514375425013">
        <ele>0</ele>
      </trkpt>
      <trkpt lat="53.08621209231357" lon="-4.0654510776273058">
        <ele>0</ele>
      </trkpt>
      <trkpt lat="53.08611005149724" lon="-4.0655531184436322">
        <ele>0</ele>
      </trkpt>
      <trkpt lat="53.08599561319856" lon="-4.0656389471676455">
        <ele>0</ele>
      </trkpt>
      <trkpt lat="53.0859307648293" lon="-4.0656475300400468">
        <ele>0</ele>
      </trkpt>
      <trkpt lat="53.08586591646004" lon="-4.0656551592599586">
        <ele>0</ele>
      </trkpt>
      <trkpt lat="53.08575433911883" lon="-4.0657457562464172">
        <ele>0</ele>
      </trkpt>
      <trkpt lat="53.08566946404731" lon="-4.0658048827007374">
        <ele>0</ele>
      </trkpt>
      <trkpt lat="53.0855912645432" lon="-4.0658106046156712">
        <ele>0</ele>
      </trkpt>
      <trkpt lat="53.08548350181194" lon="-4.065901201602129">
        <ele>0</ele>
      </trkpt>
      <trkpt lat="53.08543677283998" lon="-4.0659498378790699">
        <ele>0</ele>
      </trkpt>
      <trkpt lat="53.08544058744994" lon="-4.0660366202555718">
        <ele>0</ele>
      </trkpt>
      <trkpt lat="53.08544440205989" lon="-4.0661224489795851">
        <ele>0</ele>
      </trkpt>
      <trkpt lat="53.08544440205989" lon="-4.0661224489795851">
        <ele>0</ele>
      </trkpt>
      <trkpt lat="53.08513160404349" lon="-4.0661014686248267">
        <ele>0</ele>
      </trkpt>
      <trkpt lat="53.08497520503529" lon="-4.0658849895098159">
        <ele>0</ele>
      </trkpt>
      <trkpt lat="53.08467194354377" lon="-4.066059507915309">
        <ele>0</ele>
      </trkpt>
      <trkpt lat="53.08433530421514" lon="-4.0662349799732906">
        <ele>0</ele>
      </trkpt>
      <trkpt lat="53.08403108907115" lon="-4.0664409689109222">
        <ele>0</ele>
      </trkpt>
      <trkpt lat="53.08378123211902" lon="-4.0665515925996498">
        <ele>0</ele>
      </trkpt>
      <trkpt lat="53.08357810413886" lon="-4.0665058172801762">
        <ele>0</ele>
      </trkpt>
      <trkpt lat="53.08347701697502" lon="-4.0666374213236631">
        <ele>0</ele>
      </trkpt>
      <trkpt lat="53.08317852374595" lon="-4.0667814228495072">
        <ele>0</ele>
      </trkpt>
      <trkpt lat="53.0825481594507" lon="-4.0671447644478285">
        <ele>0</ele>
      </trkpt>
      <trkpt lat="53.08236028991036" lon="-4.0669120732405046">
        <ele>0</ele>
      </trkpt>
      <trkpt lat="53.08211138661072" lon="-4.0667699790196385">
        <ele>0</ele>
      </trkpt>
      <trkpt lat="53.08211138661072" lon="-4.0667699790196385">
        <ele>0</ele>
      </trkpt>
      <trkpt lat="53.08188441731834" lon="-4.0671609765401415">
        <ele>0</ele>
      </trkpt>
      <trkpt lat="53.08149341979783" lon="-4.0679057791340769">
        <ele>0</ele>
      </trkpt>
      <trkpt lat="53.08141998855617" lon="-4.0678752622544279">
        <ele>0</ele>
      </trkpt>
      <trkpt lat="53.08125405302308" lon="-4.067984932290666">
        <ele>0</ele>
      </trkpt>
      <trkpt lat="53.08125405302308" lon="-4.067984932290666">
        <ele>0</ele>
      </trkpt>
      <trkpt lat="53.08111481975968" lon="-4.0678504672897127">
        <ele>0</ele>
      </trkpt>
      <trkpt lat="53.08096223536144" lon="-4.0673860385275535">
        <ele>0</ele>
      </trkpt>
      <trkpt lat="53.08080774365821" lon="-4.0669778752622472">
        <ele>0</ele>
      </trkpt>
      <trkpt lat="53.08080774365821" lon="-4.0669778752622472">
        <ele>0</ele>
      </trkpt>
      <trkpt lat="53.08082014114057" lon="-4.0665277512874241">
        <ele>0</ele>
      </trkpt>
      <trkpt lat="53.08082014114057" lon="-4.0665277512874241">
        <ele>0</ele>
      </trkpt>
      <trkpt lat="53.08072382223918" lon="-4.066594506961656">
        <ele>0</ele>
      </trkpt>
      <trkpt lat="53.08068281518215" lon="-4.0666669845508228">
        <ele>0</ele>
      </trkpt>
      <trkpt lat="53.08064276177761" lon="-4.0667394621399895">
        <ele>0</ele>
      </trkpt>
      <trkpt lat="53.08056837688347" lon="-4.0668462712187612">
        <ele>0</ele>
      </trkpt>
      <trkpt lat="53.0804873164219" lon="-4.0668529467861845">
        <ele>0</ele>
      </trkpt>
      <trkpt lat="53.08040720961282" lon="-4.0668586687011183">
        <ele>0</ele>
      </trkpt>
      <trkpt lat="53.08035380507344" lon="-4.0669320999427736">
        <ele>0</ele>
      </trkpt>
      <trkpt lat="53.08030135418654" lon="-4.0670045775319403">
        <ele>0</ele>
      </trkpt>
      <trkpt lat="53.0802870493992" lon="-4.0671066183482667">
        <ele>0</ele>
      </trkpt>
      <trkpt lat="53.08027274461187" lon="-4.0672077055121045">
        <ele>0</ele>
      </trkpt>
      <trkpt lat="53.0801831012779" lon="-4.0672296395193523">
        <ele>0</ele>
      </trkpt>
      <trkpt lat="53.08009345794393" lon="-4.0672515735266002">
        <ele>0</ele>
      </trkpt>
      <trkpt lat="53.08003242418463" lon="-4.0673478924279927">
        <ele>0</ele>
      </trkpt>
      <trkpt lat="53.08000000000001" lon="-4.0673650581727951">
        <ele>0</ele>
      </trkpt>
      <trkpt lat="53.07999999999999" lon="-4.0673650581727951">
        <ele>0</ele>
      </trkpt>
      <trkpt lat="53.07994754911309" lon="-4.0673936677474662">
        <ele>0</ele>
      </trkpt>
      <trkpt lat="53.07987888613388" lon="-4.0675443448407336">
        <ele>0</ele>
      </trkpt>
      <trkpt lat="53.07985695212664" lon="-4.0675481594506895">
        <ele>0</ele>
      </trkpt>
      <trkpt lat="53.07980640854472" lon="-4.067776082395568">
        <ele>0</ele>
      </trkpt>
      <trkpt lat="53.07975615265168" lon="-4.0679151626577204">
        <ele>0</ele>
      </trkpt>
      <trkpt lat="53.07975615265168" lon="-4.0679151626577204">
        <ele>0</ele>
      </trkpt>
      <trkpt lat="53.07967538602384" lon="-4.0681386796045205">
        <ele>0</ele>
      </trkpt>
      <trkpt lat="53.07967538602384" lon="-4.0681386796045205">
        <ele>0</ele>
      </trkpt>
      <trkpt lat="53.07950181681538" lon="-4.0686190222977006">
        <ele>0</ele>
      </trkpt>
      <trkpt lat="53.07950181681538" lon="-4.0686190222977006">
        <ele>0</ele>
      </trkpt>
      <trkpt lat="53.07959217294604" lon="-4.0683689669593628">
        <ele>0</ele>
      </trkpt>
      <trkpt lat="53.07959217294604" lon="-4.0683689669593628">
        <ele>0</ele>
      </trkpt>
      <trkpt lat="53.07969862384239" lon="-4.0680743702927167">
        <ele>0</ele>
      </trkpt>
      <trkpt lat="53.07969862384239" lon="-4.0680743702927167">
        <ele>0</ele>
      </trkpt>
      <trkpt lat="53.07980640854472" lon="-4.067776082395568">
        <ele>0</ele>
      </trkpt>
      <trkpt lat="53.07985695212664" lon="-4.0675481594506895">
        <ele>0</ele>
      </trkpt>
      <trkpt lat="53.07987888613388" lon="-4.0675443448407336">
        <ele>0</ele>
      </trkpt>
      <trkpt lat="53.07994754911309" lon="-4.0673936677474662">
        <ele>0</ele>
      </trkpt>
      <trkpt lat="53.07999999999999" lon="-4.0673650581727951">
        <ele>0</ele>
      </trkpt>
      <trkpt lat="53.08000000000001" lon="-4.0673650581727951">
        <ele>0</ele>
      </trkpt>
      <trkpt lat="53.08003242418463" lon="-4.0673478924279927">
        <ele>0</ele>
      </trkpt>
      <trkpt lat="53.08009345794393" lon="-4.0672515735266002">
        <ele>0</ele>
      </trkpt>
      <trkpt lat="53.0801831012779" lon="-4.0672296395193523">
        <ele>0</ele>
      </trkpt>
      <trkpt lat="53.08027274461187" lon="-4.0672077055121045">
        <ele>0</ele>
      </trkpt>
      <trkpt lat="53.0802870493992" lon="-4.0671066183482667">
        <ele>0</ele>
      </trkpt>
      <trkpt lat="53.08030135418654" lon="-4.0670045775319403">
        <ele>0</ele>
      </trkpt>
      <trkpt lat="53.08035380507344" lon="-4.0669320999427736">
        <ele>0</ele>
      </trkpt>
      <trkpt lat="53.08040720961282" lon="-4.0668586687011183">
        <ele>0</ele>
      </trkpt>
      <trkpt lat="53.0804873164219" lon="-4.0668529467861845">
        <ele>0</ele>
      </trkpt>
      <trkpt lat="53.08056837688347" lon="-4.0668462712187612">
        <ele>0</ele>
      </trkpt>
      <trkpt lat="53.08064276177761" lon="-4.0667394621399895">
        <ele>0</ele>
      </trkpt>
      <trkpt lat="53.08068281518215" lon="-4.0666669845508228">
        <ele>0</ele>
      </trkpt>
      <trkpt lat="53.08072382223918" lon="-4.066594506961656">
        <ele>0</ele>
      </trkpt>
      <trkpt lat="53.08082014114057" lon="-4.0665277512874241">
        <ele>0</ele>
      </trkpt>
      <trkpt lat="53.08082014114057" lon="-4.0665277512874241">
        <ele>0</ele>
      </trkpt>
      <trkpt lat="53.08081787363573" lon="-4.0666100791554198">
        <ele>0</ele>
      </trkpt>
      <trkpt lat="53.08081787363573" lon="-4.0666100791554198">
        <ele>0</ele>
      </trkpt>
      <trkpt lat="53.08082014114057" lon="-4.0665277512874241">
        <ele>0</ele>
      </trkpt>
      <trkpt lat="53.08079439252337" lon="-4.0661195880221177">
        <ele>0</ele>
      </trkpt>
      <trkpt lat="53.08080774365821" lon="-4.0656694640472946">
        <ele>0</ele>
      </trkpt>
      <trkpt lat="53.08088498950983" lon="-4.0651974060652227">
        <ele>0</ele>
      </trkpt>
      <trkpt lat="53.08084588975778" lon="-4.064768262445158">
        <ele>0</ele>
      </trkpt>
      <trkpt lat="53.08093648674424" lon="-4.0643391188250932">
        <ele>0</ele>
      </trkpt>
      <trkpt lat="53.08110337592981" lon="-4.0639958039290418">
        <ele>0</ele>
      </trkpt>
      <trkpt lat="53.0810518786954" lon="-4.0637383177570028">
        <ele>0</ele>
      </trkpt>
      <trkpt lat="53.08114247568187" lon="-4.0633950028609505">
        <ele>0</ele>
      </trkpt>
      <trkpt lat="53.08114247568187" lon="-4.0633950028609505">
        <ele>0</ele>
      </trkpt>
      <trkpt lat="53.08118920465382" lon="-4.0630688537097015">
        <ele>0</ele>
      </trkpt>
      <trkpt lat="53.08126549685295" lon="-4.0626902536715557">
        <ele>0</ele>
      </trkpt>
      <trkpt lat="53.08112912454702" lon="-4.0622801831012714">
        <ele>0</ele>
      </trkpt>
      <trkpt lat="53.08109765401488" lon="-4.0618014495517762">
        <ele>0</ele>
      </trkpt>
      <trkpt lat="53.08107476635514" lon="-4.0613017356475236">
        <ele>0</ele>
      </trkpt>
      <trkpt lat="53.08101563990083" lon="-4.0607371733740161">
        <ele>0</ele>
      </trkpt>
      <trkpt lat="53.08091264543201" lon="-4.0601287430860129">
        <ele>0</ele>
      </trkpt>
      <trkpt lat="53.08091169177952" lon="-4.0599999999999934">
        <ele>0</ele>
      </trkpt>
      <trkpt lat="53.08091169177952" lon="-4.0599999999999827">
        <ele>0</ele>
      </trkpt>
      <trkpt lat="53.08091073812703" lon="-4.0598168987220884">
        <ele>0</ele>
      </trkpt>
      <trkpt lat="53.08078962426092" lon="-4.0596042342170344">
        <ele>0</ele>
      </trkpt>
      <trkpt lat="53.08075243181385" lon="-4.0594545107762556">
        <ele>0</ele>
      </trkpt>
      <trkpt lat="53.08072096128171" lon="-4.0591426664123427">
        <ele>0</ele>
      </trkpt>
      <trkpt lat="53.08076101468625" lon="-4.0585208849894929">
        <ele>0</ele>
      </trkpt>
      <trkpt lat="53.08091741369445" lon="-4.0579000572191326">
        <ele>0</ele>
      </trkpt>
      <trkpt lat="53.08110051497235" lon="-4.0573240511157564">
        <ele>0</ele>
      </trkpt>
      <trkpt lat="53.08120637039863" lon="-4.0568586687011079">
        <ele>0</ele>
      </trkpt>
      <trkpt lat="53.08133415983216" lon="-4.0565391951172822">
        <ele>0</ele>
      </trkpt>
      <trkpt lat="53.08133701224239" lon="-4.056533322507982">
        <ele>0</ele>
      </trkpt>
      <trkpt lat="53.08133701224239" lon="-4.056533322507982">
        <ele>0</ele>
      </trkpt>
      <trkpt lat="53.08141522029373" lon="-4.0563723059317018">
        <ele>0</ele>
      </trkpt>
      <trkpt lat="53.08145050543582" lon="-4.0562540530230615">
        <ele>0</ele>
      </trkpt>
      <trkpt lat="53.08154396337975" lon="-4.0561949265687414">
        <ele>0</ele>
      </trkpt>
      <trkpt lat="53.08164886515354" lon="-4.0560537860003647">
        <ele>0</ele>
      </trkpt>
      <trkpt lat="53.08176425710472" lon="-4.0560032424184458">
        <ele>0</ele>
      </trkpt>
      <trkpt lat="53.08184817852375" lon="-4.0559259965668337">
        <ele>0</ele>
      </trkpt>
      <trkpt lat="53.08193305359527" lon="-4.0557228685866695">
        <ele>0</ele>
      </trkpt>
      <trkpt lat="53.08203127980164" lon="-4.0555302307838854">
        <ele>0</ele>
      </trkpt>
      <trkpt lat="53.08212092313561" lon="-4.0552784665267803">
        <ele>0</ele>
      </trkpt>
      <trkpt lat="53.08223250047683" lon="-4.0550705702841716">
        <ele>0</ele>
      </trkpt>
      <trkpt lat="53.08236124356285" lon="-4.0549609002479325">
        <ele>0</ele>
      </trkpt>
      <trkpt lat="53.08244325767691" lon="-4.0547682624451475">
        <ele>0</ele>
      </trkpt>
      <trkpt lat="53.08246423803166" lon="-4.0544583253862125">
        <ele>0</ele>
      </trkpt>
      <trkpt lat="53.0823650581728" lon="-4.054104520312781">
        <ele>0</ele>
      </trkpt>
      <trkpt lat="53.08220675185962" lon="-4.0539185580774193">
        <ele>0</ele>
      </trkpt>
      <trkpt lat="53.08167556742323" lon="-4.0536505817280011">
        <ele>0</ele>
      </trkpt>
      <trkpt lat="53.08148292962045" lon="-4.0534188441731667">
        <ele>0</ele>
      </trkpt>
      <trkpt lat="53.08123974823575" lon="-4.0533921419034735">
        <ele>0</ele>
      </trkpt>
      <trkpt lat="53.08087640663742" lon="-4.0531213045965879">
        <ele>0</ele>
      </trkpt>
      <trkpt lat="53.08051687964906" lon="-4.0525634178905037">
        <ele>0</ele>
      </trkpt>
      <trkpt lat="53.08033282471867" lon="-4.0520570284188269">
        <ele>0</ele>
      </trkpt>
      <trkpt lat="53.08000000000001" lon="-4.0514476444783352">
        <ele>0</ele>
      </trkpt>
      <trkpt lat="53.07999999999999" lon="-4.0514476444783352">
        <ele>0</ele>
      </trkpt>
      <trkpt lat="53.07997997329772" lon="-4.0514104520312628">
        <ele>0</ele>
      </trkpt>
      <trkpt lat="53.07983978638183" lon="-4.0510785809650791">
        <ele>0</ele>
      </trkpt>
      <trkpt lat="53.07979687201983" lon="-4.0507991607857923">
        <ele>0</ele>
      </trkpt>
      <trkpt lat="53.07972439443066" lon="-4.0507018882319112">
        <ele>0</ele>
      </trkpt>
      <trkpt lat="53.0796519168415" lon="-4.0506036620255408">
        <ele>0</ele>
      </trkpt>
      <trkpt lat="53.07958706847224" lon="-4.0504863627693899">
        <ele>0</ele>
      </trkpt>
      <trkpt lat="53.07952317375548" lon="-4.0503681098607496">
        <ele>0</ele>
      </trkpt>
      <trkpt lat="53.07943639137898" lon="-4.0502803738317583">
        <ele>0</ele>
      </trkpt>
      <trkpt lat="53.07934960900247" lon="-4.0501916841502785">
        <ele>0</ele>
      </trkpt>
      <trkpt lat="53.07908258630555" lon="-4.0495870684722313">
        <ele>0</ele>
      </trkpt>
      <trkpt lat="53.07899485027655" lon="-4.0495451077627145">
        <ele>0</ele>
      </trkpt>
      <trkpt lat="53.07890711424756" lon="-4.0495031470531968">
        <ele>0</ele>
      </trkpt>
      <trkpt lat="53.07881937821857" lon="-4.0493868014495344">
        <ele>0</ele>
      </trkpt>
      <trkpt lat="53.07873259584207" lon="-4.049270455845873">
        <ele>0</ele>
      </trkpt>
      <trkpt lat="53.07846748045012" lon="-4.0492027465191516">
        <ele>0</ele>
      </trkpt>
      <trkpt lat="53.0784951363723" lon="-4.0491035666602917">
        <ele>0</ele>
      </trkpt>
      <trkpt lat="53.07847606332252" lon="-4.0489843600991628">
        <ele>0</ele>
      </trkpt>
      <trkpt lat="53.07841407591073" lon="-4.0489881747091188">
        <ele>0</ele>
      </trkpt>
      <trkpt lat="53.0783559031089" lon="-4.0490082014113886">
        <ele>0</ele>
      </trkpt>
      <trkpt lat="53.07832443257676" lon="-4.0491035666602917">
        <ele>0</ele>
      </trkpt>
      <trkpt lat="53.07829486934961" lon="-4.0491522029372327">
        <ele>0</ele>
      </trkpt>
      <trkpt lat="53.07823669654777" lon="-4.0491493419797653">
        <ele>0</ele>
      </trkpt>
      <trkpt lat="53.0781470532138" lon="-4.0491760442494584">
        <ele>0</ele>
      </trkpt>
      <trkpt lat="53.07805740987983" lon="-4.0492027465191516">
        <ele>0</ele>
      </trkpt>
      <trkpt lat="53.07794869349608" lon="-4.0491607858096339">
        <ele>0</ele>
      </trkpt>
      <trkpt lat="53.07786286477207" lon="-4.0490654205607308">
        <ele>0</ele>
      </trkpt>
      <trkpt lat="53.07766164409689" lon="-4.0487507152393496">
        <ele>0</ele>
      </trkpt>
      <trkpt lat="53.07721533473202" lon="-4.0486477207705338">
        <ele>0</ele>
      </trkpt>
      <trkpt lat="53.07711996948311" lon="-4.048672515735249">
        <ele>0</ele>
      </trkpt>
      <trkpt lat="53.0769034903681" lon="-4.0483292008391976">
        <ele>0</ele>
      </trkpt>
      <trkpt lat="53.07683673469387" lon="-4.0482090406255793">
        <ele>0</ele>
      </trkpt>
      <trkpt lat="53.07677093267213" lon="-4.0480879267594716">
        <ele>0</ele>
      </trkpt>
      <trkpt lat="53.07668128933816" lon="-4.0480802975395598">
        <ele>0</ele>
      </trkpt>
      <trkpt lat="53.07656971199694" lon="-4.0480955559793843">
        <ele>0</ele>
      </trkpt>
      <trkpt lat="53.07656953151184" lon="-4.0480955806188508">
        <ele>0</ele>
      </trkpt>
      <trkpt lat="53.07654968529467" lon="-4.0477455655159087">
        <ele>0</ele>
      </trkpt>
      <trkpt lat="53.07656685103947" lon="-4.0474985695212498">
        <ele>0</ele>
      </trkpt>
      <trkpt lat="53.07661071905397" lon="-4.0473307266831799">
        <ele>0</ele>
      </trkpt>
      <trkpt lat="53.0766603089834" lon="-4.0472210566469409">
        <ele>0</ele>
      </trkpt>
      <trkpt lat="53.07670608430287" lon="-4.0470589357238049">
        <ele>0</ele>
      </trkpt>
      <trkpt lat="53.07668891855807" lon="-4.0469349609002307">
        <ele>0</ele>
      </trkpt>
      <trkpt lat="53.07663646767117" lon="-4.0468996757581364">
        <ele>0</ele>
      </trkpt>
      <trkpt lat="53.07644382986839" lon="-4.0468128933816345">
        <ele>0</ele>
      </trkpt>
      <trkpt lat="53.07631699408735" lon="-4.0468682052259988">
        <ele>0</ele>
      </trkpt>
      <trkpt lat="53.07625786763303" lon="-4.0468739271409326">
        <ele>0</ele>
      </trkpt>
      <trkpt lat="53.07623879458325" lon="-4.0467880984169202">
        <ele>0</ele>
      </trkpt>
      <trkpt lat="53.07623879458325" lon="-4.0467880984169202">
        <ele>0</ele>
      </trkpt>
      <trkpt lat="53.07624451649818" lon="-4.0467146671752641">
        <ele>0</ele>
      </trkpt>
      <trkpt lat="53.07625023841312" lon="-4.0466402822811194">
        <ele>0</ele>
      </trkpt>
      <trkpt lat="53.07625882128551" lon="-4.0465754339118654">
        <ele>0</ele>
      </trkpt>
      <trkpt lat="53.07626835781041" lon="-4.0465105855426113">
        <ele>0</ele>
      </trkpt>
      <trkpt lat="53.07629887469005" lon="-4.0464142666412188">
        <ele>0</ele>
      </trkpt>
      <trkpt lat="53.07631890139233" lon="-4.0463723059317012">
        <ele>0</ele>
      </trkpt>
      <trkpt lat="53.07624642380316" lon="-4.0463150867823598">
        <ele>0</ele>
      </trkpt>
      <trkpt lat="53.0762864772077" lon="-4.0462025557886534">
        <ele>0</ele>
      </trkpt>
      <trkpt lat="53.07630459660499" lon="-4.0461148197596621">
        <ele>0</ele>
      </trkpt>
      <trkpt lat="53.07632271600228" lon="-4.0460261300781823">
        <ele>0</ele>
      </trkpt>
      <trkpt lat="53.07631890139233" lon="-4.0457743658210781">
        <ele>0</ele>
      </trkpt>
      <trkpt lat="53.07634083539957" lon="-4.045743848941429">
        <ele>0</ele>
      </trkpt>
      <trkpt lat="53.07635704749189" lon="-4.0456685103947949">
        <ele>0</ele>
      </trkpt>
      <trkpt lat="53.07639233263398" lon="-4.0455884035857164">
        <ele>0</ele>
      </trkpt>
      <trkpt lat="53.07642475681861" lon="-4.0455321380888636">
        <ele>0</ele>
      </trkpt>
      <trkpt lat="53.07642284951363" lon="-4.0454339118824931">
        <ele>0</ele>
      </trkpt>
      <trkpt lat="53.07642094220865" lon="-4.0453347320236333">
        <ele>0</ele>
      </trkpt>
      <trkpt lat="53.07643143238603" lon="-4.0452536715620662">
        <ele>0</ele>
      </trkpt>
      <trkpt lat="53.07647053213808" lon="-4.0451468624832945">
        <ele>0</ele>
      </trkpt>
      <trkpt lat="53.07648865153537" lon="-4.045050543581902">
        <ele>0</ele>
      </trkpt>
      <trkpt lat="53.07650772458516" lon="-4.0449542246805095">
        <ele>0</ele>
      </trkpt>
      <trkpt lat="53.07654682433721" lon="-4.0448731642189415">
        <ele>0</ele>
      </trkpt>
      <trkpt lat="53.07658592408926" lon="-4.0447921037573735">
        <ele>0</ele>
      </trkpt>
      <trkpt lat="53.07660595079152" lon="-4.0447053213808717">
        <ele>0</ele>
      </trkpt>
      <trkpt lat="53.0766259774938" lon="-4.0446175853518804">
        <ele>0</ele>
      </trkpt>
      <trkpt lat="53.07669273316802" lon="-4.0445308029753786">
        <ele>0</ele>
      </trkpt>
      <trkpt lat="53.07676044249475" lon="-4.0444430669463873">
        <ele>0</ele>
      </trkpt>
      <trkpt lat="53.07685103948121" lon="-4.0443953843219358">
        <ele>0</ele>
      </trkpt>
      <trkpt lat="53.07691684150295" lon="-4.0443095555979234">
        <ele>0</ele>
      </trkpt>
      <trkpt lat="53.07695498760251" lon="-4.0442237268739101">
        <ele>0</ele>
      </trkpt>
      <trkpt lat="53.07699408735456" lon="-4.0441378981498968">
        <ele>0</ele>
      </trkpt>
      <trkpt lat="53.07703795536906" lon="-4.0440520694258844">
        <ele>0</ele>
      </trkpt>
      <trkpt lat="53.07708277703604" lon="-4.0439652870493825">
        <ele>0</ele>
      </trkpt>
      <trkpt lat="53.0771037573908" lon="-4.0438632462330553">
        <ele>0</ele>
      </trkpt>
      <trkpt lat="53.07712473774556" lon="-4.0437602517642404">
        <ele>0</ele>
      </trkpt>
      <trkpt lat="53.07711710852565" lon="-4.0436687011252932">
        <ele>0</ele>
      </trkpt>
      <trkpt lat="53.07712950600801" lon="-4.0435695212664333">
        <ele>0</ele>
      </trkpt>
      <trkpt lat="53.07719149341979" lon="-4.043449361052815">
        <ele>0</ele>
      </trkpt>
      <trkpt lat="53.07723631508678" lon="-4.0431861529658422">
        <ele>0</ele>
      </trkpt>
      <trkpt lat="53.07722010299446" lon="-4.0431213045965881">
        <ele>0</ele>
      </trkpt>
      <trkpt lat="53.07717623497997" lon="-4.0430440587449761">
        <ele>0</ele>
      </trkpt>
      <trkpt lat="53.07714857905778" lon="-4.0429544154110069">
        <ele>0</ele>
      </trkpt>
      <trkpt lat="53.07713141331298" lon="-4.0428399771123233">
        <ele>0</ele>
      </trkpt>
      <trkpt lat="53.07713236696547" lon="-4.0427636849132007">
        <ele>0</ele>
      </trkpt>
      <trkpt lat="53.07713332061796" lon="-4.0426873927140781">
        <ele>0</ele>
      </trkpt>
      <trkpt lat="53.07712283044058" lon="-4.042592027465175">
        <ele>0</ele>
      </trkpt>
      <trkpt lat="53.07700171657447" lon="-4.0421495327102637">
        <ele>0</ele>
      </trkpt>
      <trkpt lat="53.07695498760251" lon="-4.0420522601563817">
        <ele>0</ele>
      </trkpt>
      <trkpt lat="53.07690921228303" lon="-4.0419549876025007">
        <ele>0</ele>
      </trkpt>
      <trkpt lat="53.07691398054548" lon="-4.0418853709708014">
        <ele>0</ele>
      </trkpt>
      <trkpt lat="53.07691970246042" lon="-4.0418148006866126">
        <ele>0</ele>
      </trkpt>
      <trkpt lat="53.07691111958802" lon="-4.0417518596223365">
        <ele>0</ele>
      </trkpt>
      <trkpt lat="53.0769034903681" lon="-4.041687964905571">
        <ele>0</ele>
      </trkpt>
      <trkpt lat="53.0769034903681" lon="-4.041687964905571">
        <ele>0</ele>
      </trkpt>
      <trkpt lat="53.07694831203509" lon="-4.0416421895860974">
        <ele>0</ele>
      </trkpt>
      <trkpt lat="53.0769902727446" lon="-4.0416488651535207">
        <ele>0</ele>
      </trkpt>
      <trkpt lat="53.07707991607857" lon="-4.0416126263589378">
        <ele>0</ele>
      </trkpt>
      <trkpt lat="53.07714953271027" lon="-4.0415191684150127">
        <ele>0</ele>
      </trkpt>
      <trkpt lat="53.07719149341979" lon="-4.0414571810032252">
        <ele>0</ele>
      </trkpt>
      <trkpt lat="53.07724203700171" lon="-4.0413436963570302">
        <ele>0</ele>
      </trkpt>
      <trkpt lat="53.0772687392714" lon="-4.0412635895479516">
        <ele>0</ele>
      </trkpt>
      <trkpt lat="53.07729639519358" lon="-4.0411834827388731">
        <ele>0</ele>
      </trkpt>
      <trkpt lat="53.07736028991035" lon="-4.041106236887261">
        <ele>0</ele>
      </trkpt>
      <trkpt lat="53.07738985313751" lon="-4.0410337592980943">
        <ele>0</ele>
      </trkpt>
      <trkpt lat="53.07741274079725" lon="-4.0410118252908473">
        <ele>0</ele>
      </trkpt>
      <trkpt lat="53.0774690062941" lon="-4.04092981117679">
        <ele>0</ele>
      </trkpt>
      <trkpt lat="53.07750524508868" lon="-4.0408344459278869">
        <ele>0</ele>
      </trkpt>
      <trkpt lat="53.07753576196833" lon="-4.0407867633034353">
        <ele>0</ele>
      </trkpt>
      <trkpt lat="53.07759584207514" lon="-4.0407686439061434">
        <ele>0</ele>
      </trkpt>
      <trkpt lat="53.07764924661453" lon="-4.0407266831966258">
        <ele>0</ele>
      </trkpt>
      <trkpt lat="53.07770932672133" lon="-4.040668510394795">
        <ele>0</ele>
      </trkpt>
      <trkpt lat="53.07773221438107" lon="-4.0406570665649264">
        <ele>0</ele>
      </trkpt>
      <trkpt lat="53.07775414838832" lon="-4.0406551592599484">
        <ele>0</ele>
      </trkpt>
      <trkpt lat="53.07776559221819" lon="-4.0406627884798612">
        <ele>0</ele>
      </trkpt>
      <trkpt lat="53.07777894335304" lon="-4.0406952126644882">
        <ele>0</ele>
      </trkpt>
      <trkpt lat="53.07780278466526" lon="-4.0407181003242245">
        <ele>0</ele>
      </trkpt>
      <trkpt lat="53.07782853328246" lon="-4.0407247758916478">
        <ele>0</ele>
      </trkpt>
      <trkpt lat="53.0779038718291" lon="-4.0407133320617792">
        <ele>0</ele>
      </trkpt>
      <trkpt lat="53.07798397863818" lon="-4.0407095174518233">
        <ele>0</ele>
      </trkpt>
      <trkpt lat="53.07809078771695" lon="-4.0406923517070208">
        <ele>0</ele>
      </trkpt>
      <trkpt lat="53.0781556360862" lon="-4.0406694640472844">
        <ele>0</ele>
      </trkpt>
      <trkpt lat="53.07817470913599" lon="-4.0406532519549705">
        <ele>0</ele>
      </trkpt>
      <trkpt lat="53.07820045775319" lon="-4.0405998474155851">
        <ele>0</ele>
      </trkpt>
      <trkpt lat="53.07821571619301" lon="-4.0404978065992578">
        <ele>0</ele>
      </trkpt>
      <trkpt lat="53.07823192828533" lon="-4.0403948121304429">
        <ele>0</ele>
      </trkpt>
      <trkpt lat="53.07826816707991" lon="-4.0403061224489623">
        <ele>0</ele>
      </trkpt>
      <trkpt lat="53.07830535952698" lon="-4.0402174327674825">
        <ele>0</ele>
      </trkpt>
      <trkpt lat="53.07832538622925" lon="-4.0401344650009365">
        <ele>0</ele>
      </trkpt>
      <trkpt lat="53.07834541293152" lon="-4.0400505435819021">
        <ele>0</ele>
      </trkpt>
      <trkpt lat="53.07835208849895" lon="-4.0399999999999832">
        <ele>0</ele>
      </trkpt>
      <trkpt lat="53.07835208849895" lon="-4.0400000000000009">
        <ele>0</ele>
      </trkpt>
      <trkpt lat="53.0783473202365" lon="-4.0399008201411419">
        <ele>0</ele>
      </trkpt>
      <trkpt lat="53.07834255197405" lon="-4.0398006866297935">
        <ele>0</ele>
      </trkpt>
      <trkpt lat="53.07835018119397" lon="-4.0397358382605386">
        <ele>0</ele>
      </trkpt>
      <trkpt lat="53.07837116154872" lon="-4.0396347510967017">
        <ele>0</ele>
      </trkpt>
      <trkpt lat="53.07837879076864" lon="-4.0395679954224688">
        <ele>0</ele>
      </trkpt>
      <trkpt lat="53.07838641998855" lon="-4.0395012397482368">
        <ele>0</ele>
      </trkpt>
      <trkpt lat="53.07839881747091" lon="-4.0392466145336652">
        <ele>0</ele>
      </trkpt>
      <trkpt lat="53.07838737364104" lon="-4.0391932099942789">
        <ele>0</ele>
      </trkpt>
      <trkpt lat="53.07835685676139" lon="-4.0391140568376898">
        <ele>0</ele>
      </trkpt>
      <trkpt lat="53.07835304215143" lon="-4.0390635132557708">
        <ele>0</ele>
      </trkpt>
      <trkpt lat="53.07835494945641" lon="-4.0389462139996199">
        <ele>0</ele>
      </trkpt>
      <trkpt lat="53.07835781041388" lon="-4.0388289147434691">
        <ele>0</ele>
      </trkpt>
      <trkpt lat="53.0783473202365" lon="-4.0387135227922952">
        <ele>0</ele>
      </trkpt>
      <trkpt lat="53.07833683005912" lon="-4.0385981308411223">
        <ele>0</ele>
      </trkpt>
      <trkpt lat="53.07834159832156" lon="-4.0385180240320437">
        <ele>0</ele>
      </trkpt>
      <trkpt lat="53.0783473202365" lon="-4.0384379172229652">
        <ele>0</ele>
      </trkpt>
      <trkpt lat="53.0783559031089" lon="-4.0383568567613972">
        <ele>0</ele>
      </trkpt>
      <trkpt lat="53.07836543963379" lon="-4.0382748426473407">
        <ele>0</ele>
      </trkpt>
      <trkpt lat="53.07836162502383" lon="-4.038234789242801">
        <ele>0</ele>
      </trkpt>
      <trkpt lat="53.0783473202365" lon="-4.0382080869731078">
        <ele>0</ele>
      </trkpt>
      <trkpt lat="53.07828151821476" lon="-4.0381613580011457">
        <ele>0</ele>
      </trkpt>
      <trkpt lat="53.07827484264733" lon="-4.0381470532138097">
        <ele>0</ele>
      </trkpt>
      <trkpt lat="53.07827388899484" lon="-4.0381050925042929">
        <ele>0</ele>
      </trkpt>
      <trkpt lat="53.07828342551974" lon="-4.0380459660499728">
        <ele>0</ele>
      </trkpt>
      <trkpt lat="53.07829677665458" lon="-4.0380259393477029">
        <ele>0</ele>
      </trkpt>
      <trkpt lat="53.07833587640663" lon="-4.0380049589929445">
        <ele>0</ele>
      </trkpt>
      <trkpt lat="53.07837688346366" lon="-4.0379391569712011">
        <ele>0</ele>
      </trkpt>
      <trkpt lat="53.07838737364104" lon="-4.0378905206942601">
        <ele>0</ele>
      </trkpt>
      <trkpt lat="53.07838546633606" lon="-4.0378514209422098">
        <ele>0</ele>
      </trkpt>
      <trkpt lat="53.0783730688537" lon="-4.0378256723250061">
        <ele>0</ele>
      </trkpt>
      <trkpt lat="53.07837116154872" lon="-4.0377961090978456">
        <ele>0</ele>
      </trkpt>
      <trkpt lat="53.07838737364104" lon="-4.0377789433530431">
        <ele>0</ele>
      </trkpt>
      <trkpt lat="53.07842361243562" lon="-4.0377655922181965">
        <ele>0</ele>
      </trkpt>
      <trkpt lat="53.07844840740034" lon="-4.0377674995231745">
        <ele>0</ele>
      </trkpt>
      <trkpt lat="53.07846175853518" lon="-4.03775224108335">
        <ele>0</ele>
      </trkpt>
      <trkpt lat="53.07847034140759" lon="-4.0377121876788111">
        <ele>0</ele>
      </trkpt>
      <trkpt lat="53.07844840740034" lon="-4.0373850848750727">
        <ele>0</ele>
      </trkpt>
      <trkpt lat="53.07841979782567" lon="-4.0373183292008408">
        <ele>0</ele>
      </trkpt>
      <trkpt lat="53.07841312225824" lon="-4.0372696929238998">
        <ele>0</ele>
      </trkpt>
      <trkpt lat="53.07841121495326" lon="-4.0371819568949086">
        <ele>0</ele>
      </trkpt>
      <trkpt lat="53.07841789052069" lon="-4.0370741941636483">
        <ele>0</ele>
      </trkpt>
      <trkpt lat="53.07840644669082" lon="-4.0370102994468828">
        <ele>0</ele>
      </trkpt>
      <trkpt lat="53.07841789052069" lon="-4.0369301926378043">
        <ele>0</ele>
      </trkpt>
      <trkpt lat="53.07842933435055" lon="-4.0368491321762363">
        <ele>0</ele>
      </trkpt>
      <trkpt lat="53.07841598321571" lon="-4.0368052641617407">
        <ele>0</ele>
      </trkpt>
      <trkpt lat="53.07836162502383" lon="-4.0367489986648879">
        <ele>0</ele>
      </trkpt>
      <trkpt lat="53.07831775700934" lon="-4.0366574480259407">
        <ele>0</ele>
      </trkpt>
      <trkpt lat="53.07829391569711" lon="-4.0365582681670809">
        <ele>0</ele>
      </trkpt>
      <trkpt lat="53.07829010108716" lon="-4.0364457371733753">
        <ele>0</ele>
      </trkpt>
      <trkpt lat="53.07828151821476" lon="-4.0363732595842086">
        <ele>0</ele>
      </trkpt>
      <trkpt lat="53.07827388899484" lon="-4.0363007819950418">
        <ele>0</ele>
      </trkpt>
      <trkpt lat="53.07827293534235" lon="-4.0361901583063142">
        <ele>0</ele>
      </trkpt>
      <trkpt lat="53.07825004768262" lon="-4.0359307648292972">
        <ele>0</ele>
      </trkpt>
      <trkpt lat="53.07823002098035" lon="-4.0358306313179488">
        <ele>0</ele>
      </trkpt>
      <trkpt lat="53.07821094793056" lon="-4.035729544154111">
        <ele>0</ele>
      </trkpt>
      <trkpt lat="53.07821094793056" lon="-4.035729544154111">
        <ele>0</ele>
      </trkpt>
      <trkpt lat="53.07820236505817" lon="-4.0356589738699231">
        <ele>0</ele>
      </trkpt>
      <trkpt lat="53.07819473583825" lon="-4.0355874499332458">
        <ele>0</ele>
      </trkpt>
      <trkpt lat="53.07819664314323" lon="-4.0355435819187502">
        <ele>0</ele>
      </trkpt>
      <trkpt lat="53.07821953080297" lon="-4.035453938584781">
        <ele>0</ele>
      </trkpt>
      <trkpt lat="53.07821190158305" lon="-4.035370970818235">
        <ele>0</ele>
      </trkpt>
      <trkpt lat="53.07807934388708" lon="-4.0348445546442884">
        <ele>0</ele>
      </trkpt>
      <trkpt lat="53.07807839023459" lon="-4.0347539576578306">
        <ele>0</ele>
      </trkpt>
      <trkpt lat="53.07807743658211" lon="-4.0346633606713729">
        <ele>0</ele>
      </trkpt>
      <trkpt lat="53.07804215144001" lon="-4.0345994659546074">
        <ele>0</ele>
      </trkpt>
      <trkpt lat="53.07803452222009" lon="-4.034566088117491">
        <ele>0</ele>
      </trkpt>
      <trkpt lat="53.07803166126263" lon="-4.0344659546061425">
        <ele>0</ele>
      </trkpt>
      <trkpt lat="53.07805359526988" lon="-4.034193209994279">
        <ele>0</ele>
      </trkpt>
      <trkpt lat="53.07805550257486" lon="-4.0339252336448608">
        <ele>0</ele>
      </trkpt>
      <trkpt lat="53.07806408544726" lon="-4.0338374976158695">
        <ele>0</ele>
      </trkpt>
      <trkpt lat="53.07807362197214" lon="-4.0337488079343897">
        <ele>0</ele>
      </trkpt>
      <trkpt lat="53.07814323860384" lon="-4.0334207514781628">
        <ele>0</ele>
      </trkpt>
      <trkpt lat="53.07814609956132" lon="-4.0333549494564194">
        <ele>0</ele>
      </trkpt>
      <trkpt lat="53.07814896051878" lon="-4.0332891474346759">
        <ele>0</ele>
      </trkpt>
      <trkpt lat="53.07816040434865" lon="-4.0332252527179104">
        <ele>0</ele>
      </trkpt>
      <trkpt lat="53.07817280183101" lon="-4.0331613580011458">
        <ele>0</ele>
      </trkpt>
      <trkpt lat="53.07817566278847" lon="-4.0330469197024614">
        <ele>0</ele>
      </trkpt>
      <trkpt lat="53.07817184817851" lon="-4.0329439252336456">
        <ele>0</ele>
      </trkpt>
      <trkpt lat="53.07816898722105" lon="-4.0328399771123413">
        <ele>0</ele>
      </trkpt>
      <trkpt lat="53.07817757009345" lon="-4.0327522410833501">
        <ele>0</ele>
      </trkpt>
      <trkpt lat="53.07819855044821" lon="-4.0326492466145352">
        <ele>0</ele>
      </trkpt>
      <trkpt lat="53.07821953080297" lon="-4.03254529849323">
        <ele>0</ele>
      </trkpt>
      <trkpt lat="53.07824814037764" lon="-4.0324289528895685">
        <ele>0</ele>
      </trkpt>
      <trkpt lat="53.0782777036048" lon="-4.0323126072859061">
        <ele>0</ele>
      </trkpt>
      <trkpt lat="53.07835018119397" lon="-4.0319263780278476">
        <ele>0</ele>
      </trkpt>
      <trkpt lat="53.07838260537859" lon="-4.0318415029563237">
        <ele>0</ele>
      </trkpt>
      <trkpt lat="53.07839977112339" lon="-4.0317785618920476">
        <ele>0</ele>
      </trkpt>
      <trkpt lat="53.07844840740034" lon="-4.0316688918558086">
        <ele>0</ele>
      </trkpt>
      <trkpt lat="53.0784684341026" lon="-4.0315830631317962">
        <ele>0</ele>
      </trkpt>
      <trkpt lat="53.07846748045012" lon="-4.0315172611100527">
        <ele>0</ele>
      </trkpt>
      <trkpt lat="53.07845031470531" lon="-4.0314514590883093">
        <ele>0</ele>
      </trkpt>
      <trkpt lat="53.07841312225824" lon="-4.0313427427045596">
        <ele>0</ele>
      </trkpt>
      <trkpt lat="53.07837688346366" lon="-4.0312674041579264">
        <ele>0</ele>
      </trkpt>
      <trkpt lat="53.07836734693877" lon="-4.0312273507533867">
        <ele>0</ele>
      </trkpt>
      <trkpt lat="53.07836639328628" lon="-4.0311558268167094">
        <ele>0</ele>
      </trkpt>
      <trkpt lat="53.07838546633606" lon="-4.0310900247949659">
        <ele>0</ele>
      </trkpt>
      <trkpt lat="53.07839309555597" lon="-4.030990844936106">
        <ele>0</ele>
      </trkpt>
      <trkpt lat="53.07838928094602" lon="-4.0309135990844949">
        <ele>0</ele>
      </trkpt>
      <trkpt lat="53.07838546633606" lon="-4.0308363532328828">
        <ele>0</ele>
      </trkpt>
      <trkpt lat="53.07837402250619" lon="-4.0307524318138483">
        <ele>0</ele>
      </trkpt>
      <trkpt lat="53.07836257867633" lon="-4.030668510394813">
        <ele>0</ele>
      </trkpt>
      <trkpt lat="53.0783387373641" lon="-4.0305912645432018">
        <ele>0</ele>
      </trkpt>
      <trkpt lat="53.07833492275414" lon="-4.0305035285142106">
        <ele>0</ele>
      </trkpt>
      <trkpt lat="53.07835876406637" lon="-4.0304463093648684">
        <ele>0</ele>
      </trkpt>
      <trkpt lat="53.0783816517261" lon="-4.0304291436200659">
        <ele>0</ele>
      </trkpt>
      <trkpt lat="53.07844077818042" lon="-4.0303862292580597">
        <ele>0</ele>
      </trkpt>
      <trkpt lat="53.07854091169177" lon="-4.0303433148960526">
        <ele>0</ele>
      </trkpt>
      <trkpt lat="53.07858001144383" lon="-4.0302736982643532">
        <ele>0</ele>
      </trkpt>
      <trkpt lat="53.07862006484837" lon="-4.0302040816326539">
        <ele>0</ele>
      </trkpt>
      <trkpt lat="53.07865058172801" lon="-4.0301687964905604">
        <ele>0</ele>
      </trkpt>
      <trkpt lat="53.07871638374976" lon="-4.0301411405683778">
        <ele>0</ele>
      </trkpt>
      <trkpt lat="53.07877646385656" lon="-4.0300982262063716">
        <ele>0</ele>
      </trkpt>
      <trkpt lat="53.07882510013351" lon="-4.0300429143620073">
        <ele>0</ele>
      </trkpt>
      <trkpt lat="53.0788432195308" lon="-4.0300095365248918">
        <ele>0</ele>
      </trkpt>
      <trkpt lat="53.07884512683577" lon="-4.0299151249284773">
        <ele>0</ele>
      </trkpt>
      <trkpt lat="53.07884798779324" lon="-4.0298207133320627">
        <ele>0</ele>
      </trkpt>
      <trkpt lat="53.07886419988556" lon="-4.0297568186152981">
        <ele>0</ele>
      </trkpt>
      <trkpt lat="53.07888136563036" lon="-4.0296929238985326">
        <ele>0</ele>
      </trkpt>
      <trkpt lat="53.07889090215525" lon="-4.0296213999618553">
        <ele>0</ele>
      </trkpt>
      <trkpt lat="53.07889280946023" lon="-4.0295079153156603">
        <ele>0</ele>
      </trkpt>
      <trkpt lat="53.07891569711996" lon="-4.0294039671943551">
        <ele>0</ele>
      </trkpt>
      <trkpt lat="53.07892714094983" lon="-4.0292876215906936">
        <ele>0</ele>
      </trkpt>
      <trkpt lat="53.0789214190349" lon="-4.029245660881176">
        <ele>0</ele>
      </trkpt>
      <trkpt lat="53.07892046538241" lon="-4.0291712759870313">
        <ele>0</ele>
      </trkpt>
      <trkpt lat="53.07892046538241" lon="-4.0290959374403981">
        <ele>0</ele>
      </trkpt>
      <trkpt lat="53.07893477016975" lon="-4.0290167842838081">
        <ele>0</ele>
      </trkpt>
      <trkpt lat="53.07896337974442" lon="-4.028919511729927">
        <ele>0</ele>
      </trkpt>
      <trkpt lat="53.07897291626931" lon="-4.0288394049208476">
        <ele>0</ele>
      </trkpt>
      <trkpt lat="53.07897768453175" lon="-4.0287249666221641">
        <ele>0</ele>
      </trkpt>
      <trkpt lat="53.07896910165935" lon="-4.028613389280947">
        <ele>0</ele>
      </trkpt>
      <trkpt lat="53.07896051878695" lon="-4.0285008582872415">
        <ele>0</ele>
      </trkpt>
      <trkpt lat="53.07896910165935" lon="-4.0284188441731841">
        <ele>0</ele>
      </trkpt>
      <trkpt lat="53.07902632080869" lon="-4.0281604043486565">
        <ele>0</ele>
      </trkpt>
      <trkpt lat="53.07903681098607" lon="-4.0280774365821106">
        <ele>0</ele>
      </trkpt>
      <trkpt lat="53.07904825481594" lon="-4.0279935151630761">
        <ele>0</ele>
      </trkpt>
      <trkpt lat="53.07907686439061" lon="-4.0278847987793256">
        <ele>0</ele>
      </trkpt>
      <trkpt lat="53.07910642761777" lon="-4.0277760823955759">
        <ele>0</ele>
      </trkpt>
      <trkpt lat="53.07911501049017" lon="-4.0276969292389868">
        <ele>0</ele>
      </trkpt>
      <trkpt lat="53.07912359336257" lon="-4.0276168224299074">
        <ele>0</ele>
      </trkpt>
      <trkpt lat="53.07913408353995" lon="-4.0275510204081648">
        <ele>0</ele>
      </trkpt>
      <trkpt lat="53.07914552736982" lon="-4.0274852183864214">
        <ele>0</ele>
      </trkpt>
      <trkpt lat="53.07916078580964" lon="-4.0274327674995245">
        <ele>0</ele>
      </trkpt>
      <trkpt lat="53.07918271981689" lon="-4.0273917604424962">
        <ele>0</ele>
      </trkpt>
      <trkpt lat="53.07923517070379" lon="-4.0273097463284389">
        <ele>0</ele>
      </trkpt>
      <trkpt lat="53.07928857524318" lon="-4.0272267785618929">
        <ele>0</ele>
      </trkpt>
      <trkpt lat="53.07941445737173" lon="-4.0269244707228697">
        <ele>0</ele>
      </trkpt>
      <trkpt lat="53.07943162311653" lon="-4.0268415029563238">
        <ele>0</ele>
      </trkpt>
      <trkpt lat="53.07944974251382" lon="-4.0267585351897779">
        <ele>0</ele>
      </trkpt>
      <trkpt lat="53.07956513446499" lon="-4.0264781613580025">
        <ele>0</ele>
      </trkpt>
      <trkpt lat="53.07966240701887" lon="-4.026077627312608">
        <ele>0</ele>
      </trkpt>
      <trkpt lat="53.07969387755102" lon="-4.0259717718863257">
        <ele>0</ele>
      </trkpt>
      <trkpt lat="53.07972630173564" lon="-4.025864962807554">
        <ele>0</ele>
      </trkpt>
      <trkpt lat="53.07976158687774" lon="-4.025783902345986">
        <ele>0</ele>
      </trkpt>
      <trkpt lat="53.07979687201983" lon="-4.0257028418844181">
        <ele>0</ele>
      </trkpt>
      <trkpt lat="53.07984169368682" lon="-4.0256551592599665">
        <ele>0</ele>
      </trkpt>
      <trkpt lat="53.07991703223345" lon="-4.0256141522029383">
        <ele>0</ele>
      </trkpt>
      <trkpt lat="53.07999999999999" lon="-4.0255979401106252">
        <ele>0</ele>
      </trkpt>
      <trkpt lat="53.08000000000001" lon="-4.0255979401106252">
        <ele>0</ele>
      </trkpt>
      <trkpt lat="53.08004768262445" lon="-4.0255712378409321">
        <ele>0</ele>
      </trkpt>
      <trkpt lat="53.08007343124166" lon="-4.0255416746137715">
        <ele>0</ele>
      </trkpt>
      <trkpt lat="53.08010394812131" lon="-4.0254243753576207">
        <ele>0</ele>
      </trkpt>
      <trkpt lat="53.08013446500096" lon="-4.0253070761014698">
        <ele>0</ele>
      </trkpt>
      <trkpt lat="53.08014209422087" lon="-4.0252145718100332">
        <ele>0</ele>
      </trkpt>
      <trkpt lat="53.08014972344078" lon="-4.0251220675185975">
        <ele>0</ele>
      </trkpt>
      <trkpt lat="53.08018691588786" lon="-4.0250009536524898">
        <ele>0</ele>
      </trkpt>
      <trkpt lat="53.08019454510777" lon="-4.0249284760633239">
        <ele>0</ele>
      </trkpt>
      <trkpt lat="53.08018786954035" lon="-4.0248483692542445">
        <ele>0</ele>
      </trkpt>
      <trkpt lat="53.08018119397292" lon="-4.0247682624451659">
        <ele>0</ele>
      </trkpt>
      <trkpt lat="53.0801916841503" lon="-4.0247062750333793">
        <ele>0</ele>
      </trkpt>
      <trkpt lat="53.08020312798017" lon="-4.0246442876215918">
        <ele>0</ele>
      </trkpt>
      <trkpt lat="53.08022315468244" lon="-4.0245842075147831">
        <ele>0</ele>
      </trkpt>
      <trkpt lat="53.08022696929239" lon="-4.0245107762731269">
        <ele>0</ele>
      </trkpt>
      <trkpt lat="53.08023173755484" lon="-4.0244363913789822">
        <ele>0</ele>
      </trkpt>
      <trkpt lat="53.08024127407973" lon="-4.0243839404920863">
        <ele>0</ele>
      </trkpt>
      <trkpt lat="53.08028418844174" lon="-4.0242704558458913">
        <ele>0</ele>
      </trkpt>
      <trkpt lat="53.08032710280374" lon="-4.0241560175472069">
        <ele>0</ele>
      </trkpt>
      <trkpt lat="53.08035857333588" lon="-4.0241007057028426">
        <ele>0</ele>
      </trkpt>
      <trkpt lat="53.08038813656304" lon="-4.0239986648865163">
        <ele>0</ele>
      </trkpt>
      <trkpt lat="53.08039767308793" lon="-4.0239080679000585">
        <ele>0</ele>
      </trkpt>
      <trkpt lat="53.08039862674042" lon="-4.0238155636086219">
        <ele>0</ele>
      </trkpt>
      <trkpt lat="53.0804005340454" lon="-4.0237221056646968">
        <ele>0</ele>
      </trkpt>
      <trkpt lat="53.08042914362007" lon="-4.0236105283234798">
        <ele>0</ele>
      </trkpt>
      <trkpt lat="53.08047396528706" lon="-4.0235094411596428">
        <ele>0</ele>
      </trkpt>
      <trkpt lat="53.08048350181194" lon="-4.0233940492084699">
        <ele>0</ele>
      </trkpt>
      <trkpt lat="53.08049399198932" lon="-4.0232786572572969">
        <ele>0</ele>
      </trkpt>
      <trkpt lat="53.08050925042915" lon="-4.0227417509059711">
        <ele>0</ele>
      </trkpt>
      <trkpt lat="53.08049208468434" lon="-4.0224823574289541">
        <ele>0</ele>
      </trkpt>
      <trkpt lat="53.08051115773412" lon="-4.0223660118252917">
        <ele>0</ele>
      </trkpt>
      <trkpt lat="53.08051115773412" lon="-4.0223660118252917">
        <ele>0</ele>
      </trkpt>
      <trkpt lat="53.08050066755675" lon="-4.0220551211138673">
        <ele>0</ele>
      </trkpt>
      <trkpt lat="53.08042056074767" lon="-4.0215372878123219">
        <ele>0</ele>
      </trkpt>
      <trkpt lat="53.08042532901011" lon="-4.0214466908258641">
        <ele>0</ele>
      </trkpt>
    </trkseg>
  </trk>
  <trk>
    <name>Day 2 -Glyder Fawr</name>
    <extensions>
      <gpxx:TrackExtension>
        <gpxx:DisplayColor>Red</gpxx:DisplayColor>
      </gpxx:TrackExtension>
    </extensions>
    <trkseg>
      <trkpt lat="53.15638958397109" lon="-3.9234632499832407">
        <ele>0</ele>
      </trkpt>
      <trkpt lat="53.15639805454893" lon="-3.9234369635704818">
        <ele>0</ele>
      </trkpt>
      <trkpt lat="53.15647816135801" lon="-3.9230860194545176">
        <ele>0</ele>
      </trkpt>
      <trkpt lat="53.15670799160787" lon="-3.9224747282090475">
        <ele>0</ele>
      </trkpt>
      <trkpt lat="53.15702174327676" lon="-3.9214381079534686">
        <ele>0</ele>
      </trkpt>
      <trkpt lat="53.1570961281709" lon="-3.9209994278085132">
        <ele>0</ele>
      </trkpt>
      <trkpt lat="53.15724108334923" lon="-3.9205130650391067">
        <ele>0</ele>
      </trkpt>
      <trkpt lat="53.1573564753004" lon="-3.9201888231928352">
        <ele>0</ele>
      </trkpt>
      <trkpt lat="53.15743562845699" lon="-3.920000000000007">
        <ele>0</ele>
      </trkpt>
      <trkpt lat="53.15743562845699" lon="-3.9199999999999964">
        <ele>0</ele>
      </trkpt>
      <trkpt lat="53.15766736601183" lon="-3.9194583253862256">
        <ele>0</ele>
      </trkpt>
      <trkpt lat="53.15787716955942" lon="-3.9191359908449326">
        <ele>0</ele>
      </trkpt>
      <trkpt lat="53.15792962044632" lon="-3.9189996185390008">
        <ele>0</ele>
      </trkpt>
      <trkpt lat="53.15792580583636" lon="-3.9188613389280911">
        <ele>0</ele>
      </trkpt>
      <trkpt lat="53.15789242799924" lon="-3.9186505817280151">
        <ele>0</ele>
      </trkpt>
      <trkpt lat="53.15776368491322" lon="-3.9180631317947707">
        <ele>0</ele>
      </trkpt>
      <trkpt lat="53.15776368491322" lon="-3.9180631317947707">
        <ele>0</ele>
      </trkpt>
      <trkpt lat="53.15775224108336" lon="-3.9179877932481371">
        <ele>0</ele>
      </trkpt>
      <trkpt lat="53.15774079725349" lon="-3.9179124547015034">
        <ele>0</ele>
      </trkpt>
      <trkpt lat="53.15774079725349" lon="-3.9179124547015034">
        <ele>0</ele>
      </trkpt>
      <trkpt lat="53.15775510204082" lon="-3.9177551020408128">
        <ele>0</ele>
      </trkpt>
      <trkpt lat="53.15784665267977" lon="-3.9173431241655505">
        <ele>0</ele>
      </trkpt>
      <trkpt lat="53.15800591264544" lon="-3.9167041769978987">
        <ele>0</ele>
      </trkpt>
      <trkpt lat="53.15814609956133" lon="-3.9162178142284918">
        <ele>0</ele>
      </trkpt>
      <trkpt lat="53.15825958420752" lon="-3.9159584207514748">
        <ele>0</ele>
      </trkpt>
      <trkpt lat="53.15831298874691" lon="-3.9158678237650166">
        <ele>0</ele>
      </trkpt>
      <trkpt lat="53.15842456608812" lon="-3.9157448025939314">
        <ele>0</ele>
      </trkpt>
      <trkpt lat="53.15850543248615" lon="-3.9156247470953174">
        <ele>0</ele>
      </trkpt>
      <trkpt lat="53.15850543243704" lon="-3.9156247471444288">
        <ele>0</ele>
      </trkpt>
      <trkpt lat="53.15855998474157" lon="-3.9156322716002254">
        <ele>0</ele>
      </trkpt>
      <trkpt lat="53.15903681098608" lon="-3.9152613007819914">
        <ele>0</ele>
      </trkpt>
      <trkpt lat="53.15962426091933" lon="-3.9146519168414997">
        <ele>0</ele>
      </trkpt>
      <trkpt lat="53.15998378790769" lon="-3.914466908258627">
        <ele>0</ele>
      </trkpt>
      <trkpt lat="53.16" lon="-3.9144516498188024">
        <ele>0</ele>
      </trkpt>
      <trkpt lat="53.16000000000002" lon="-3.9144516498188024">
        <ele>0</ele>
      </trkpt>
      <trkpt lat="53.16009536524892" lon="-3.9143610528323447">
        <ele>0</ele>
      </trkpt>
      <trkpt lat="53.16064085447265" lon="-3.9140167842838034">
        <ele>0</ele>
      </trkpt>
      <trkpt lat="53.16111672706467" lon="-3.9136810986076638">
        <ele>0</ele>
      </trkpt>
      <trkpt lat="53.161392332634" lon="-3.9134341026130044">
        <ele>0</ele>
      </trkpt>
      <trkpt lat="53.16182624451651" lon="-3.9131956894907463">
        <ele>0</ele>
      </trkpt>
      <trkpt lat="53.16216479115012" lon="-3.9130011443829833">
        <ele>0</ele>
      </trkpt>
      <trkpt lat="53.16273602899105" lon="-3.912701697501427">
        <ele>0</ele>
      </trkpt>
      <trkpt lat="53.16281613580013" lon="-3.9124804501239714">
        <ele>0</ele>
      </trkpt>
      <trkpt lat="53.16296299828344" lon="-3.9121886324623274">
        <ele>0</ele>
      </trkpt>
      <trkpt lat="53.16296382792735" lon="-3.9121869841864259">
        <ele>0</ele>
      </trkpt>
      <trkpt lat="53.16315945069618" lon="-3.9121275987030293">
        <ele>0</ele>
      </trkpt>
      <trkpt lat="53.1632710280374" lon="-3.912057028418841">
        <ele>0</ele>
      </trkpt>
      <trkpt lat="53.16329486934963" lon="-3.9119511729925582">
        <ele>0</ele>
      </trkpt>
      <trkpt lat="53.16331871066185" lon="-3.9118453175662755">
        <ele>0</ele>
      </trkpt>
      <trkpt lat="53.16337879076866" lon="-3.9117566278847953">
        <ele>0</ele>
      </trkpt>
      <trkpt lat="53.16343982452796" lon="-3.9116679382033155">
        <ele>0</ele>
      </trkpt>
      <trkpt lat="53.16352946786193" lon="-3.9116202555788635">
        <ele>0</ele>
      </trkpt>
      <trkpt lat="53.16362006484839" lon="-3.911571619301923">
        <ele>0</ele>
      </trkpt>
      <trkpt lat="53.1637316421896" lon="-3.9115306122448947">
        <ele>0</ele>
      </trkpt>
      <trkpt lat="53.16384417318331" lon="-3.9114886515353771">
        <ele>0</ele>
      </trkpt>
      <trkpt lat="53.16394430669466" lon="-3.9114142666412324">
        <ele>0</ele>
      </trkpt>
      <trkpt lat="53.16401487697885" lon="-3.9113522792294453">
        <ele>0</ele>
      </trkpt>
      <trkpt lat="53.16407877169561" lon="-3.9112340263208054">
        <ele>0</ele>
      </trkpt>
      <trkpt lat="53.16410833492277" lon="-3.9111195880221215">
        <ele>0</ele>
      </trkpt>
      <trkpt lat="53.16413885180242" lon="-3.9110051497234375">
        <ele>0</ele>
      </trkpt>
      <trkpt lat="53.16417890520696" lon="-3.9107562464237997">
        <ele>0</ele>
      </trkpt>
      <trkpt lat="53.16434579439254" lon="-3.9103709708182306">
        <ele>0</ele>
      </trkpt>
      <trkpt lat="53.16444592790389" lon="-3.9102832347892393">
        <ele>0</ele>
      </trkpt>
      <trkpt lat="53.16454606141524" lon="-3.9101945451077591">
        <ele>0</ele>
      </trkpt>
      <trkpt lat="53.1649666221629" lon="-3.9098512302117077">
        <ele>0</ele>
      </trkpt>
      <trkpt lat="53.1650009536525" lon="-3.9097606332252495">
        <ele>0</ele>
      </trkpt>
      <trkpt lat="53.1650009536525" lon="-3.9097606332252495">
        <ele>0</ele>
      </trkpt>
      <trkpt lat="53.16460804882702" lon="-3.9097072286858636">
        <ele>0</ele>
      </trkpt>
      <trkpt lat="53.16448025939349" lon="-3.9097015067709293">
        <ele>0</ele>
      </trkpt>
      <trkpt lat="53.16418748807936" lon="-3.9098216669845476">
        <ele>0</ele>
      </trkpt>
      <trkpt lat="53.16399961853902" lon="-3.9099504100705671">
        <ele>0</ele>
      </trkpt>
      <trkpt lat="53.16376311272174" lon="-3.9100133511348432">
        <ele>0</ele>
      </trkpt>
      <trkpt lat="53.16328342551976" lon="-3.9101974060652265">
        <ele>0</ele>
      </trkpt>
      <trkpt lat="53.16289338165174" lon="-3.9082328819378183">
        <ele>0</ele>
      </trkpt>
      <trkpt lat="53.16292771314135" lon="-3.9072963951935882">
        <ele>0</ele>
      </trkpt>
      <trkpt lat="53.16372210566471" lon="-3.9050925042914328">
        <ele>0</ele>
      </trkpt>
      <trkpt lat="53.16361243562847" lon="-3.9047377455655123">
        <ele>0</ele>
      </trkpt>
      <trkpt lat="53.16292103757392" lon="-3.9034703414075875">
        <ele>0</ele>
      </trkpt>
      <trkpt lat="53.16243467480452" lon="-3.9032195308029718">
        <ele>0</ele>
      </trkpt>
      <trkpt lat="53.16230402441352" lon="-3.902613961472436">
        <ele>0</ele>
      </trkpt>
      <trkpt lat="53.16207800877362" lon="-3.9025452984932256">
        <ele>0</ele>
      </trkpt>
      <trkpt lat="53.16177665458709" lon="-3.9013580011443794">
        <ele>0</ele>
      </trkpt>
      <trkpt lat="53.16073049780662" lon="-3.8999999999999968">
        <ele>0</ele>
      </trkpt>
      <trkpt lat="53.16073049780662" lon="-3.8999999999999861">
        <ele>0</ele>
      </trkpt>
      <trkpt lat="53.16060652298304" lon="-3.8998388327293396">
        <ele>0</ele>
      </trkpt>
      <trkpt lat="53.16022315468245" lon="-3.8983425519740469">
        <ele>0</ele>
      </trkpt>
      <trkpt lat="53.16173564753006" lon="-3.8939338165172477">
        <ele>0</ele>
      </trkpt>
      <trkpt lat="53.16172420370019" lon="-3.8928161358001008">
        <ele>0</ele>
      </trkpt>
      <trkpt lat="53.16151058554264" lon="-3.8916641235933489">
        <ele>0</ele>
      </trkpt>
      <trkpt lat="53.16151058554264" lon="-3.8916641235933489">
        <ele>0</ele>
      </trkpt>
      <trkpt lat="53.16105473965288" lon="-3.8911205416746002">
        <ele>0</ele>
      </trkpt>
      <trkpt lat="53.16043963379746" lon="-3.8909422086591507">
        <ele>0</ele>
      </trkpt>
      <trkpt lat="53.16015925996568" lon="-3.8909641426663986">
        <ele>0</ele>
      </trkpt>
      <trkpt lat="53.16000000000002" lon="-3.8908487507152256">
        <ele>0</ele>
      </trkpt>
      <trkpt lat="53.16" lon="-3.8908487507152256">
        <ele>0</ele>
      </trkpt>
      <trkpt lat="53.15977875262255" lon="-3.8906885370970681">
        <ele>0</ele>
      </trkpt>
      <trkpt lat="53.1592790387183" lon="-3.8905512111386473">
        <ele>0</ele>
      </trkpt>
      <trkpt lat="53.15877264924662" lon="-3.8898893763112588">
        <ele>0</ele>
      </trkpt>
      <trkpt lat="53.15828628647721" lon="-3.889558458897564">
        <ele>0</ele>
      </trkpt>
      <trkpt lat="53.15791626931147" lon="-3.8895641808124983">
        <ele>0</ele>
      </trkpt>
      <trkpt lat="53.15791597833803" lon="-3.8895641854180742">
        <ele>0</ele>
      </trkpt>
      <trkpt lat="53.15784093076483" lon="-3.889783520884976">
        <ele>0</ele>
      </trkpt>
      <trkpt lat="53.15762159069236" lon="-3.8899475491130895">
        <ele>0</ele>
      </trkpt>
      <trkpt lat="53.15740701888232" lon="-3.8900486362769269">
        <ele>0</ele>
      </trkpt>
      <trkpt lat="53.1572792294488" lon="-3.8902164791149967">
        <ele>0</ele>
      </trkpt>
      <trkpt lat="53.1571390425329" lon="-3.8905521647911363">
        <ele>0</ele>
      </trkpt>
      <trkpt lat="53.15696452412741" lon="-3.8907152393667612">
        <ele>0</ele>
      </trkpt>
      <trkpt lat="53.15649532710281" lon="-3.8914800686629656">
        <ele>0</ele>
      </trkpt>
      <trkpt lat="53.15634465000954" lon="-3.8918996757581401">
        <ele>0</ele>
      </trkpt>
      <trkpt lat="53.1561138661072" lon="-3.8922973488460668">
        <ele>0</ele>
      </trkpt>
      <trkpt lat="53.15593362578677" lon="-3.892389853137503">
        <ele>0</ele>
      </trkpt>
      <trkpt lat="53.15570379553692" lon="-3.8923860385275471">
        <ele>0</ele>
      </trkpt>
      <trkpt lat="53.1554787335495" lon="-3.8924432576768888">
        <ele>0</ele>
      </trkpt>
      <trkpt lat="53.1554176997902" lon="-3.8923946213999483">
        <ele>0</ele>
      </trkpt>
      <trkpt lat="53.1554176997902" lon="-3.8923946213999483">
        <ele>0</ele>
      </trkpt>
      <trkpt lat="53.1553480831585" lon="-3.8929124547014933">
        <ele>0</ele>
      </trkpt>
      <trkpt lat="53.15528228113676" lon="-3.8933272935342225">
        <ele>0</ele>
      </trkpt>
      <trkpt lat="53.15528228113676" lon="-3.8933272935342225">
        <ele>0</ele>
      </trkpt>
      <trkpt lat="53.15505435819188" lon="-3.8936963570474781">
        <ele>0</ele>
      </trkpt>
      <trkpt lat="53.15494564180813" lon="-3.8939996185389907">
        <ele>0</ele>
      </trkpt>
      <trkpt lat="53.15476730879268" lon="-3.8943028800305033">
        <ele>0</ele>
      </trkpt>
      <trkpt lat="53.15455941255007" lon="-3.8948884226587697">
        <ele>0</ele>
      </trkpt>
      <trkpt lat="53.1545136372306" lon="-3.8951487697882756">
        <ele>0</ele>
      </trkpt>
      <trkpt lat="53.15441541102423" lon="-3.8953509441159504">
        <ele>0</ele>
      </trkpt>
      <trkpt lat="53.15435151630746" lon="-3.8955960328056318">
        <ele>0</ele>
      </trkpt>
      <trkpt lat="53.15404634751097" lon="-3.8960432958229885">
        <ele>0</ele>
      </trkpt>
      <trkpt lat="53.15397291626932" lon="-3.8963036429524944">
        <ele>0</ele>
      </trkpt>
      <trkpt lat="53.15381079534618" lon="-3.8966364676711671">
        <ele>0</ele>
      </trkpt>
      <trkpt lat="53.15367156208278" lon="-3.8970884989509686">
        <ele>0</ele>
      </trkpt>
      <trkpt lat="53.15349036810986" lon="-3.8974423040243997">
        <ele>0</ele>
      </trkpt>
      <trkpt lat="53.15329486934962" lon="-3.8977455655159123">
        <ele>0</ele>
      </trkpt>
      <trkpt lat="53.15308506580202" lon="-3.8981623116536199">
        <ele>0</ele>
      </trkpt>
      <trkpt lat="53.15296395193592" lon="-3.8984274270455708">
        <ele>0</ele>
      </trkpt>
      <trkpt lat="53.1526616440969" lon="-3.8988365439633661">
        <ele>0</ele>
      </trkpt>
      <trkpt lat="53.15255674232311" lon="-3.898920465382401">
        <ele>0</ele>
      </trkpt>
      <trkpt lat="53.1524871256914" lon="-3.8990034331489469">
        <ele>0</ele>
      </trkpt>
      <trkpt lat="53.15232500476827" lon="-3.899324814037751">
        <ele>0</ele>
      </trkpt>
      <trkpt lat="53.15208563799352" lon="-3.8996709898912698">
        <ele>0</ele>
      </trkpt>
      <trkpt lat="53.15195117299257" lon="-3.8998168987220918">
        <ele>0</ele>
      </trkpt>
      <trkpt lat="53.15183005912646" lon="-3.8999999999999861">
        <ele>0</ele>
      </trkpt>
      <trkpt lat="53.15183005912646" lon="-3.8999999999999968">
        <ele>0</ele>
      </trkpt>
      <trkpt lat="53.15178142284952" lon="-3.900074384894141">
        <ele>0</ele>
      </trkpt>
      <trkpt lat="53.1516526797635" lon="-3.900155445355709">
        <ele>0</ele>
      </trkpt>
      <trkpt lat="53.15127407972535" lon="-3.9002212473774525">
        <ele>0</ele>
      </trkpt>
      <trkpt lat="53.15114533663933" lon="-3.9003194735838225">
        <ele>0</ele>
      </trkpt>
      <trkpt lat="53.15077055121115" lon="-3.9004711043295788">
        <ele>0</ele>
      </trkpt>
      <trkpt lat="53.15069521266451" lon="-3.9004033950028574">
        <ele>0</ele>
      </trkpt>
      <trkpt lat="53.15053595269885" lon="-3.9003757390806757">
        <ele>0</ele>
      </trkpt>
      <trkpt lat="53.15028895670418" lon="-3.9005569330535921">
        <ele>0</ele>
      </trkpt>
      <trkpt lat="53.15020980354759" lon="-3.9005140186915854">
        <ele>0</ele>
      </trkpt>
      <trkpt lat="53.15013446500096" lon="-3.9005693305359492">
        <ele>0</ele>
      </trkpt>
      <trkpt lat="53.14997043677285" lon="-3.9006456227350719">
        <ele>0</ele>
      </trkpt>
      <trkpt lat="53.14966772468625" lon="-3.9008398153943977">
        <ele>0</ele>
      </trkpt>
      <trkpt lat="53.14966772500919" lon="-3.9008398149396832">
        <ele>0</ele>
      </trkpt>
      <trkpt lat="53.14955369063514" lon="-3.9010003814609924">
        <ele>0</ele>
      </trkpt>
      <trkpt lat="53.14934007247759" lon="-3.9011815754339083">
        <ele>0</ele>
      </trkpt>
      <trkpt lat="53.14899961853901" lon="-3.9018109860766703">
        <ele>0</ele>
      </trkpt>
      <trkpt lat="53.14848559984742" lon="-3.9027293534236089">
        <ele>0</ele>
      </trkpt>
      <trkpt lat="53.14815277512875" lon="-3.9032738889948471">
        <ele>0</ele>
      </trkpt>
      <trkpt lat="53.14756055693306" lon="-3.9041302689299986">
        <ele>0</ele>
      </trkpt>
      <trkpt lat="53.14720770551212" lon="-3.9042771314133096">
        <ele>0</ele>
      </trkpt>
      <trkpt lat="53.14702365058174" lon="-3.904311462902915">
        <ele>0</ele>
      </trkpt>
      <trkpt lat="53.14686725157353" lon="-3.9044020598893727">
        <ele>0</ele>
      </trkpt>
      <trkpt lat="53.14686725157353" lon="-3.9044020598893727">
        <ele>0</ele>
      </trkpt>
      <trkpt lat="53.14677570093458" lon="-3.9045384321953045">
        <ele>0</ele>
      </trkpt>
      <trkpt lat="53.14672420370017" lon="-3.9046004196070916">
        <ele>0</ele>
      </trkpt>
      <trkpt lat="53.14665363341599" lon="-3.9046128170894492">
        <ele>0</ele>
      </trkpt>
      <trkpt lat="53.14646957848561" lon="-3.9047711234026288">
        <ele>0</ele>
      </trkpt>
      <trkpt lat="53.14634655731452" lon="-3.9049351516307422">
        <ele>0</ele>
      </trkpt>
      <trkpt lat="53.14629219912265" lon="-3.9050600801068058">
        <ele>0</ele>
      </trkpt>
      <trkpt lat="53.14626549685295" lon="-3.9051792866679347">
        <ele>0</ele>
      </trkpt>
      <trkpt lat="53.1461834827389" lon="-3.9052527179095904">
        <ele>0</ele>
      </trkpt>
      <trkpt lat="53.14605760061034" lon="-3.9055473965287013">
        <ele>0</ele>
      </trkpt>
      <trkpt lat="53.14556170131605" lon="-3.9061653633415947">
        <ele>0</ele>
      </trkpt>
      <trkpt lat="53.14522506198742" lon="-3.9066193019263746">
        <ele>0</ele>
      </trkpt>
      <trkpt lat="53.14504100705703" lon="-3.9067890520694224">
        <ele>0</ele>
      </trkpt>
      <trkpt lat="53.14496280755294" lon="-3.906948312035091">
        <ele>0</ele>
      </trkpt>
      <trkpt lat="53.14487411787145" lon="-3.9070331871066148">
        <ele>0</ele>
      </trkpt>
      <trkpt lat="53.14461567804693" lon="-3.9076568758344425">
        <ele>0</ele>
      </trkpt>
      <trkpt lat="53.14461567804693" lon="-3.9077589166507689">
        <ele>0</ele>
      </trkpt>
      <trkpt lat="53.14423040244136" lon="-3.908451268357807">
        <ele>0</ele>
      </trkpt>
      <trkpt lat="53.14410261300782" lon="-3.9089385847797029">
        <ele>0</ele>
      </trkpt>
      <trkpt lat="53.1438098416937" lon="-3.9092046538241432">
        <ele>0</ele>
      </trkpt>
      <trkpt lat="53.14366393286287" lon="-3.9095670417699755">
        <ele>0</ele>
      </trkpt>
      <trkpt lat="53.14357524318139" lon="-3.9096872019835938">
        <ele>0</ele>
      </trkpt>
      <trkpt lat="53.14343219530804" lon="-3.9096929238985281">
        <ele>0</ele>
      </trkpt>
      <trkpt lat="53.14326530612245" lon="-3.909839786381839">
        <ele>0</ele>
      </trkpt>
      <trkpt lat="53.14286763303453" lon="-3.9101687964905554">
        <ele>0</ele>
      </trkpt>
      <trkpt lat="53.14261586877743" lon="-3.9102527179095903">
        <ele>0</ele>
      </trkpt>
      <trkpt lat="53.14219053976731" lon="-3.9105435819187453">
        <ele>0</ele>
      </trkpt>
      <trkpt lat="53.14203414075912" lon="-3.910764829296201">
        <ele>0</ele>
      </trkpt>
      <trkpt lat="53.14190539767309" lon="-3.9110022887659701">
        <ele>0</ele>
      </trkpt>
      <trkpt lat="53.14176234979974" lon="-3.9111329391569676">
        <ele>0</ele>
      </trkpt>
      <trkpt lat="53.14164695784856" lon="-3.9113084112149497">
        <ele>0</ele>
      </trkpt>
      <trkpt lat="53.14143238603853" lon="-3.9117060843028768">
        <ele>0</ele>
      </trkpt>
      <trkpt lat="53.14111958802213" lon="-3.912057028418841">
        <ele>0</ele>
      </trkpt>
      <trkpt lat="53.14090215525463" lon="-3.9122391760442459">
        <ele>0</ele>
      </trkpt>
      <trkpt lat="53.14062273507535" lon="-3.9126072859050129">
        <ele>0</ele>
      </trkpt>
      <trkpt lat="53.14042246805265" lon="-3.9127598703032582">
        <ele>0</ele>
      </trkpt>
      <trkpt lat="53.14031661262636" lon="-3.912782757962995">
        <ele>0</ele>
      </trkpt>
      <trkpt lat="53.14004100705704" lon="-3.9129925615105821">
        <ele>0</ele>
      </trkpt>
      <trkpt lat="53.14000000000001" lon="-3.9130354758725887">
        <ele>0</ele>
      </trkpt>
      <trkpt lat="53.13999999999999" lon="-3.9130354758725887">
        <ele>0</ele>
      </trkpt>
      <trkpt lat="53.13984074003433" lon="-3.9132023650581695">
        <ele>0</ele>
      </trkpt>
      <trkpt lat="53.13970150677093" lon="-3.9134693877550988">
        <ele>0</ele>
      </trkpt>
      <trkpt lat="53.13904825481594" lon="-3.9139795918367315">
        <ele>0</ele>
      </trkpt>
      <trkpt lat="53.13887087545298" lon="-3.914110242227729">
        <ele>0</ele>
      </trkpt>
      <trkpt lat="53.1385037192447" lon="-3.9145575052450852">
        <ele>0</ele>
      </trkpt>
      <trkpt lat="53.13795346175853" lon="-3.9149208468434069">
        <ele>0</ele>
      </trkpt>
      <trkpt lat="53.1377999237078" lon="-3.9149437345031437">
        <ele>0</ele>
      </trkpt>
      <trkpt lat="53.1375653251955" lon="-3.9151869158878472">
        <ele>0</ele>
      </trkpt>
      <trkpt lat="53.13739843600991" lon="-3.9153967194354342">
        <ele>0</ele>
      </trkpt>
      <trkpt lat="53.13730593171848" lon="-3.9155950791531531">
        <ele>0</ele>
      </trkpt>
      <trkpt lat="53.13640568376883" lon="-3.916422849513634">
        <ele>0</ele>
      </trkpt>
      <trkpt lat="53.13582681670799" lon="-3.9164743467480414">
        <ele>0</ele>
      </trkpt>
      <trkpt lat="53.13560938394049" lon="-3.91648579057791">
        <ele>0</ele>
      </trkpt>
      <trkpt lat="53.13551401869159" lon="-3.9164400152584364">
        <ele>0</ele>
      </trkpt>
      <trkpt lat="53.1354081632653" lon="-3.9164457371733707">
        <ele>0</ele>
      </trkpt>
      <trkpt lat="53.13524794964714" lon="-3.9165706656494339">
        <ele>0</ele>
      </trkpt>
      <trkpt lat="53.13510871638375" lon="-3.9167127598703">
        <ele>0</ele>
      </trkpt>
      <trkpt lat="53.13482262063704" lon="-3.9167156208277669">
        <ele>0</ele>
      </trkpt>
      <trkpt lat="53.13453557123783" lon="-3.9168653442685453">
        <ele>0</ele>
      </trkpt>
      <trkpt lat="53.13421419034903" lon="-3.9168319664314288">
        <ele>0</ele>
      </trkpt>
      <trkpt lat="53.13400343314895" lon="-3.9169330535952667">
        <ele>0</ele>
      </trkpt>
      <trkpt lat="53.13373545679953" lon="-3.9173173755483468">
        <ele>0</ele>
      </trkpt>
      <trkpt lat="53.13321380888804" lon="-3.9173803166126229">
        <ele>0</ele>
      </trkpt>
      <trkpt lat="53.13274365821094" lon="-3.918022124737742">
        <ele>0</ele>
      </trkpt>
      <trkpt lat="53.13239748235743" lon="-3.9182681670799129">
        <ele>0</ele>
      </trkpt>
      <trkpt lat="53.13202937249666" lon="-3.9182548159450663">
        <ele>0</ele>
      </trkpt>
      <trkpt lat="53.13156589738698" lon="-3.9186572572954383">
        <ele>0</ele>
      </trkpt>
      <trkpt lat="53.13134465000953" lon="-3.9190787716955908">
        <ele>0</ele>
      </trkpt>
      <trkpt lat="53.13118443639137" lon="-3.919121686057597">
        <ele>0</ele>
      </trkpt>
      <trkpt lat="53.13100228876597" lon="-3.9190673278657222">
        <ele>0</ele>
      </trkpt>
      <trkpt lat="53.13078485599847" lon="-3.91923707800877">
        <ele>0</ele>
      </trkpt>
      <trkpt lat="53.13054167461377" lon="-3.9195584588975745">
        <ele>0</ele>
      </trkpt>
      <trkpt lat="53.13040244135037" lon="-3.9196280755292738">
        <ele>0</ele>
      </trkpt>
      <trkpt lat="53.13027560556932" lon="-3.919640473011631">
        <ele>0</ele>
      </trkpt>
      <trkpt lat="53.13020408163265" lon="-3.9195765782948659">
        <ele>0</ele>
      </trkpt>
      <trkpt lat="53.13020408163265" lon="-3.9195765782948659">
        <ele>0</ele>
      </trkpt>
      <trkpt lat="53.13020884989509" lon="-3.9197453747854247">
        <ele>0</ele>
      </trkpt>
      <trkpt lat="53.13026606904444" lon="-3.9199999999999964">
        <ele>0</ele>
      </trkpt>
      <trkpt lat="53.13026606904444" lon="-3.920000000000007">
        <ele>0</ele>
      </trkpt>
      <trkpt lat="53.1303824146481" lon="-3.9206217814228563">
        <ele>0</ele>
      </trkpt>
      <trkpt lat="53.13001525843982" lon="-3.9217022696929309">
        <ele>0</ele>
      </trkpt>
      <trkpt lat="53.12929048254816" lon="-3.9229687201983667">
        <ele>0</ele>
      </trkpt>
      <trkpt lat="53.12880909591782" lon="-3.9242054842683962">
        <ele>0</ele>
      </trkpt>
      <trkpt lat="53.12880909584506" lon="-3.9242054852506278">
        <ele>0</ele>
      </trkpt>
      <trkpt lat="53.12881651726111" lon="-3.9246166316994158">
        <ele>0</ele>
      </trkpt>
      <trkpt lat="53.12894239938966" lon="-3.9256866297921107">
        <ele>0</ele>
      </trkpt>
      <trkpt lat="53.12924661453366" lon="-3.9267728399771191">
        <ele>0</ele>
      </trkpt>
      <trkpt lat="53.12945355712378" lon="-3.9270198359717785">
        <ele>0</ele>
      </trkpt>
      <trkpt lat="53.12943829868396" lon="-3.9272792294487955">
        <ele>0</ele>
      </trkpt>
      <trkpt lat="53.12949933244325" lon="-3.9280974632843861">
        <ele>0</ele>
      </trkpt>
      <trkpt lat="53.12958134655731" lon="-3.9288355903108974">
        <ele>0</ele>
      </trkpt>
      <trkpt lat="53.12977493801258" lon="-3.929654777798977">
        <ele>0</ele>
      </trkpt>
      <trkpt lat="53.12981975967957" lon="-3.9297577722677923">
        <ele>0</ele>
      </trkpt>
      <trkpt lat="53.12981975967957" lon="-3.9297577722677923">
        <ele>0</ele>
      </trkpt>
      <trkpt lat="53.12976826244516" lon="-3.9298207133320688">
        <ele>0</ele>
      </trkpt>
      <trkpt lat="53.12920274651916" lon="-3.9316889185580841">
        <ele>0</ele>
      </trkpt>
      <trkpt lat="53.12881556360862" lon="-3.9335075338546703">
        <ele>0</ele>
      </trkpt>
      <trkpt lat="53.12846271218768" lon="-3.9348168987221124">
        <ele>0</ele>
      </trkpt>
      <trkpt lat="53.12737574680804" lon="-3.9375781721777554">
        <ele>0</ele>
      </trkpt>
      <trkpt lat="53.12737574661912" lon="-3.9375781723481267">
        <ele>0</ele>
      </trkpt>
      <trkpt lat="53.12668891855807" lon="-3.9381975967957343">
        <ele>0</ele>
      </trkpt>
      <trkpt lat="53.12617108525653" lon="-3.9389795918367416">
        <ele>0</ele>
      </trkpt>
      <trkpt lat="53.12524222773221" lon="-3.9400000000000066">
        <ele>0</ele>
      </trkpt>
      <trkpt lat="53.12524222773221" lon="-3.9399999999999888">
        <ele>0</ele>
      </trkpt>
      <trkpt lat="53.12519549876025" lon="-3.9400514972343963">
        <ele>0</ele>
      </trkpt>
      <trkpt lat="53.12519645241274" lon="-3.9401430478733435">
        <ele>0</ele>
      </trkpt>
      <trkpt lat="53.12519835971771" lon="-3.9402345985122906">
        <ele>0</ele>
      </trkpt>
      <trkpt lat="53.12519835971771" lon="-3.9402345985122906">
        <ele>0</ele>
      </trkpt>
      <trkpt lat="53.12521457181003" lon="-3.9403137516688806">
        <ele>0</ele>
      </trkpt>
      <trkpt lat="53.12523078390234" lon="-3.9403929048254702">
        <ele>0</ele>
      </trkpt>
      <trkpt lat="53.12523078390234" lon="-3.9403929048254702">
        <ele>0</ele>
      </trkpt>
      <trkpt lat="53.12535380507342" lon="-3.9411863436963457">
        <ele>0</ele>
      </trkpt>
      <trkpt lat="53.1253566660309" lon="-3.9417671180621667">
        <ele>0</ele>
      </trkpt>
      <trkpt lat="53.12524794964715" lon="-3.9428256723249935">
        <ele>0</ele>
      </trkpt>
      <trkpt lat="53.12519835971771" lon="-3.9435428189967463">
        <ele>0</ele>
      </trkpt>
      <trkpt lat="53.12516116727064" lon="-3.9439862674041466">
        <ele>0</ele>
      </trkpt>
      <trkpt lat="53.12507438489414" lon="-3.9443391188250887">
        <ele>0</ele>
      </trkpt>
      <trkpt lat="53.12498378790768" lon="-3.944830249856941">
        <ele>0</ele>
      </trkpt>
      <trkpt lat="53.12492561510585" lon="-3.9455664695784742">
        <ele>0</ele>
      </trkpt>
      <trkpt lat="53.12490558840358" lon="-3.9460032424184512">
        <ele>0</ele>
      </trkpt>
      <trkpt lat="53.12498664886515" lon="-3.9463189013923214">
        <ele>0</ele>
      </trkpt>
      <trkpt lat="53.12506103375929" lon="-3.9476215906923402">
        <ele>0</ele>
      </trkpt>
      <trkpt lat="53.1250343314896" lon="-3.9476893000190616">
        <ele>0</ele>
      </trkpt>
      <trkpt lat="53.12494087354568" lon="-3.9477856189204541">
        <ele>0</ele>
      </trkpt>
      <trkpt lat="53.12492370780087" lon="-3.9478342551973946">
        <ele>0</ele>
      </trkpt>
      <trkpt lat="53.12492466145336" lon="-3.9480164028228">
        <ele>0</ele>
      </trkpt>
      <trkpt lat="53.12488746900629" lon="-3.9480221247377343">
        <ele>0</ele>
      </trkpt>
      <trkpt lat="53.1248340644669" lon="-3.9479467861911006">
        <ele>0</ele>
      </trkpt>
      <trkpt lat="53.12452794201793" lon="-3.9480679000572079">
        <ele>0</ele>
      </trkpt>
      <trkpt lat="53.12452603471294" lon="-3.9483368300591151">
        <ele>0</ele>
      </trkpt>
      <trkpt lat="53.12450696166317" lon="-3.9485123021170971">
        <ele>0</ele>
      </trkpt>
      <trkpt lat="53.1242695021934" lon="-3.9487983978638073">
        <ele>0</ele>
      </trkpt>
      <trkpt lat="53.12403776463856" lon="-3.9489109288575128">
        <ele>0</ele>
      </trkpt>
      <trkpt lat="53.12378123211901" lon="-3.9489032996376006">
        <ele>0</ele>
      </trkpt>
      <trkpt lat="53.12378123211901" lon="-3.9489032996376006">
        <ele>0</ele>
      </trkpt>
      <trkpt lat="53.12366393286286" lon="-3.9491626931146175">
        <ele>0</ele>
      </trkpt>
      <trkpt lat="53.1235905016212" lon="-3.949196070951734">
        <ele>0</ele>
      </trkpt>
      <trkpt lat="53.12351230211711" lon="-3.9492723631508566">
        <ele>0</ele>
      </trkpt>
      <trkpt lat="53.12347320236506" lon="-3.9495412931527638">
        <ele>0</ele>
      </trkpt>
      <trkpt lat="53.12343696357047" lon="-3.9498559984741446">
        <ele>0</ele>
      </trkpt>
      <trkpt lat="53.12343314896052" lon="-3.9501516307457449">
        <ele>0</ele>
      </trkpt>
      <trkpt lat="53.1234951363723" lon="-3.9503347320236393">
        <ele>0</ele>
      </trkpt>
      <trkpt lat="53.12348464619492" lon="-3.9529734884607937">
        <ele>0</ele>
      </trkpt>
      <trkpt lat="53.12344173183291" lon="-3.9540101087163726">
        <ele>0</ele>
      </trkpt>
      <trkpt lat="53.12343219530803" lon="-3.955095365248892">
        <ele>0</ele>
      </trkpt>
      <trkpt lat="53.12328533282471" lon="-3.9560423421705018">
        <ele>0</ele>
      </trkpt>
      <trkpt lat="53.12316994087354" lon="-3.9569359145527256">
        <ele>0</ele>
      </trkpt>
      <trkpt lat="53.12317661644096" lon="-3.9573717337402137">
        <ele>0</ele>
      </trkpt>
      <trkpt lat="53.12310032424184" lon="-3.9578666793820219">
        <ele>0</ele>
      </trkpt>
      <trkpt lat="53.12301354186534" lon="-3.9579897005531071">
        <ele>0</ele>
      </trkpt>
      <trkpt lat="53.12290291817661" lon="-3.9582376502002559">
        <ele>0</ele>
      </trkpt>
      <trkpt lat="53.12266736601182" lon="-3.9585018119397177">
        <ele>0</ele>
      </trkpt>
      <trkpt lat="53.12229258058363" lon="-3.9586419988556059">
        <ele>0</ele>
      </trkpt>
      <trkpt lat="53.12199599465954" lon="-3.9587612054167347">
        <ele>0</ele>
      </trkpt>
      <trkpt lat="53.12172801831012" lon="-3.9590415792485105">
        <ele>0</ele>
      </trkpt>
      <trkpt lat="53.12141903490367" lon="-3.9593314896051766">
        <ele>0</ele>
      </trkpt>
      <trkpt lat="53.12115296585924" lon="-3.9595317566278734">
        <ele>0</ele>
      </trkpt>
      <trkpt lat="53.12115296585924" lon="-3.9595317566278734">
        <ele>0</ele>
      </trkpt>
      <trkpt lat="53.12119874117871" lon="-3.9599999999999884">
        <ele>0</ele>
      </trkpt>
      <trkpt lat="53.12119874117871" lon="-3.9599999999999991">
        <ele>0</ele>
      </trkpt>
      <trkpt lat="53.12153156589739" lon="-3.96338165172611">
        <ele>0</ele>
      </trkpt>
      <trkpt lat="53.12161453366393" lon="-3.96355903108907">
        <ele>0</ele>
      </trkpt>
      <trkpt lat="53.12161453366393" lon="-3.96355903108907">
        <ele>0</ele>
      </trkpt>
      <trkpt lat="53.12164123593362" lon="-3.9638537097081814">
        <ele>0</ele>
      </trkpt>
      <trkpt lat="53.1222782757963" lon="-3.9655121113866096">
        <ele>0</ele>
      </trkpt>
      <trkpt lat="53.12243562845698" lon="-3.9661872973488448">
        <ele>0</ele>
      </trkpt>
      <trkpt lat="53.12252050352851" lon="-3.9664915124928464">
        <ele>0</ele>
      </trkpt>
      <trkpt lat="53.12252050352851" lon="-3.9664915124928464">
        <ele>0</ele>
      </trkpt>
      <trkpt lat="53.12248426473393" lon="-3.9672496662216279">
        <ele>0</ele>
      </trkpt>
      <trkpt lat="53.1225386229258" lon="-3.96752336448598">
        <ele>0</ele>
      </trkpt>
      <trkpt lat="53.12255102040816" lon="-3.9681556360862089">
        <ele>0</ele>
      </trkpt>
      <trkpt lat="53.12258725920274" lon="-3.9692990654205595">
        <ele>0</ele>
      </trkpt>
      <trkpt lat="53.12312511920656" lon="-3.9723316803356847">
        <ele>0</ele>
      </trkpt>
      <trkpt lat="53.12326053786" lon="-3.9730478733549481">
        <ele>0</ele>
      </trkpt>
      <trkpt lat="53.12333587640664" lon="-3.9737106618348261">
        <ele>0</ele>
      </trkpt>
      <trkpt lat="53.12338737364104" lon="-3.9745098226206359">
        <ele>0</ele>
      </trkpt>
      <trkpt lat="53.12343219530803" lon="-3.9747139042532891">
        <ele>0</ele>
      </trkpt>
      <trkpt lat="53.12353614342933" lon="-3.9754758725920265">
        <ele>0</ele>
      </trkpt>
      <trkpt lat="53.12364199885561" lon="-3.9766412359336245">
        <ele>0</ele>
      </trkpt>
      <trkpt lat="53.12389185580774" lon="-3.9786839595651333">
        <ele>0</ele>
      </trkpt>
      <trkpt lat="53.12394526034713" lon="-3.9792246805264151">
        <ele>0</ele>
      </trkpt>
      <trkpt lat="53.12398626740416" lon="-3.9794955178333002">
        <ele>0</ele>
      </trkpt>
      <trkpt lat="53.12404539385847" lon="-3.9799999999999986">
        <ele>0</ele>
      </trkpt>
      <trkpt lat="53.12404539385847" lon="-3.9800000000000093">
        <ele>0</ele>
      </trkpt>
      <trkpt lat="53.12416746137707" lon="-3.9810385275605662">
        <ele>0</ele>
      </trkpt>
      <trkpt lat="53.12417222963951" lon="-3.981758535189786">
        <ele>0</ele>
      </trkpt>
      <trkpt lat="53.12403013541865" lon="-3.9830230783902438">
        <ele>0</ele>
      </trkpt>
      <trkpt lat="53.12404062559603" lon="-3.9832414648102321">
        <ele>0</ele>
      </trkpt>
      <trkpt lat="53.12401583063131" lon="-3.9834150295632362">
        <ele>0</ele>
      </trkpt>
      <trkpt lat="53.12396719435437" lon="-3.9835370970818325">
        <ele>0</ele>
      </trkpt>
      <trkpt lat="53.12396719435437" lon="-3.9835370970818325">
        <ele>0</ele>
      </trkpt>
      <trkpt lat="53.12389853137516" lon="-3.9842075147816227">
        <ele>0</ele>
      </trkpt>
      <trkpt lat="53.12374403967194" lon="-3.9850982262063797">
        <ele>0</ele>
      </trkpt>
      <trkpt lat="53.12374213236696" lon="-3.9851831012779035">
        <ele>0</ele>
      </trkpt>
      <trkpt lat="53.12377551020408" lon="-3.9856828151821566">
        <ele>0</ele>
      </trkpt>
      <trkpt lat="53.12387850467289" lon="-3.9866975014304877">
        <ele>0</ele>
      </trkpt>
      <trkpt lat="53.12411882510013" lon="-3.989469769216107">
        <ele>0</ele>
      </trkpt>
      <trkpt lat="53.12416269311463" lon="-3.9903223345413021">
        <ele>0</ele>
      </trkpt>
      <trkpt lat="53.1242170513065" lon="-3.9906704176997994">
        <ele>0</ele>
      </trkpt>
      <trkpt lat="53.12444688155636" lon="-3.991150104901783">
        <ele>0</ele>
      </trkpt>
      <trkpt lat="53.12474060652298" lon="-3.991621209231365">
        <ele>0</ele>
      </trkpt>
      <trkpt lat="53.12500572191493" lon="-3.9919292389853229">
        <ele>0</ele>
      </trkpt>
      <trkpt lat="53.12508106046156" lon="-3.9919959946595553">
        <ele>0</ele>
      </trkpt>
      <trkpt lat="53.12517829869191" lon="-3.9920932328898919">
        <ele>0</ele>
      </trkpt>
      <trkpt lat="53.12517829871464" lon="-3.9920932328225911">
        <ele>0</ele>
      </trkpt>
      <trkpt lat="53.12518786954033" lon="-3.9918367346938868">
        <ele>0</ele>
      </trkpt>
      <trkpt lat="53.12520070338098" lon="-3.9914601327698671">
        <ele>0</ele>
      </trkpt>
      <trkpt lat="53.12520070345113" lon="-3.9914601307258244">
        <ele>0</ele>
      </trkpt>
      <trkpt lat="53.12536906351325" lon="-3.9914943734503239">
        <ele>0</ele>
      </trkpt>
      <trkpt lat="53.12536906351325" lon="-3.9914943734503239">
        <ele>0</ele>
      </trkpt>
      <trkpt lat="53.12547110432958" lon="-3.9915182147625496">
        <ele>0</ele>
      </trkpt>
      <trkpt lat="53.12547110432958" lon="-3.9915182147625496">
        <ele>0</ele>
      </trkpt>
      <trkpt lat="53.12601277894335" lon="-3.9916641235933716">
        <ele>0</ele>
      </trkpt>
      <trkpt lat="53.12616154873164" lon="-3.9917175281327575">
        <ele>0</ele>
      </trkpt>
      <trkpt lat="53.12625119206561" lon="-3.9918996757581628">
        <ele>0</ele>
      </trkpt>
      <trkpt lat="53.12634178905206" lon="-3.9921676521075811">
        <ele>0</ele>
      </trkpt>
      <trkpt lat="53.12637325958421" lon="-3.9924041579248613">
        <ele>0</ele>
      </trkpt>
      <trkpt lat="53.12649628075529" lon="-3.9924794964714949">
        <ele>0</ele>
      </trkpt>
      <trkpt lat="53.12666316994087" lon="-3.9925004768262538">
        <ele>0</ele>
      </trkpt>
      <trkpt lat="53.12678619111195" lon="-3.9924365821094883">
        <ele>0</ele>
      </trkpt>
      <trkpt lat="53.12688251001335" lon="-3.9923078390234688">
        <ele>0</ele>
      </trkpt>
      <trkpt lat="53.12704939919892" lon="-3.9920608430288094">
        <ele>0</ele>
      </trkpt>
      <trkpt lat="53.12715239366774" lon="-3.9919330535952788">
        <ele>0</ele>
      </trkpt>
      <trkpt lat="53.12731356093839" lon="-3.9918882319282942">
        <ele>0</ele>
      </trkpt>
      <trkpt lat="53.1274175090597" lon="-3.9919845508296867">
        <ele>0</ele>
      </trkpt>
      <trkpt lat="53.12751001335113" lon="-3.9921895861148289">
        <ele>0</ele>
      </trkpt>
      <trkpt lat="53.12751001335113" lon="-3.9921895861148289">
        <ele>0</ele>
      </trkpt>
      <trkpt lat="53.12761968338737" lon="-3.9923040244135128">
        <ele>0</ele>
      </trkpt>
      <trkpt lat="53.12763684913217" lon="-3.9923135609384031">
        <ele>0</ele>
      </trkpt>
      <trkpt lat="53.12769216097654" lon="-3.9923183292008484">
        <ele>0</ele>
      </trkpt>
      <trkpt lat="53.12776654587068" lon="-3.9922582490940393">
        <ele>0</ele>
      </trkpt>
      <trkpt lat="53.12779706275033" lon="-3.9922611100515062">
        <ele>0</ele>
      </trkpt>
      <trkpt lat="53.1278695403395" lon="-3.9923030707610239">
        <ele>0</ele>
      </trkpt>
      <trkpt lat="53.12789433530421" lon="-3.9923230974632933">
        <ele>0</ele>
      </trkpt>
      <trkpt lat="53.12791436200648" lon="-3.9923507533854754">
        <ele>0</ele>
      </trkpt>
      <trkpt lat="53.12794487888613" lon="-3.9923736410452122">
        <ele>0</ele>
      </trkpt>
      <trkpt lat="53.12797253480831" lon="-3.9923793629601465">
        <ele>0</ele>
      </trkpt>
      <trkpt lat="53.12800209803547" lon="-3.9923698264352563">
        <ele>0</ele>
      </trkpt>
      <trkpt lat="53.12802307839023" lon="-3.9923440778180521">
        <ele>0</ele>
      </trkpt>
      <trkpt lat="53.12804882700743" lon="-3.9922954415411116">
        <ele>0</ele>
      </trkpt>
      <trkpt lat="53.1280602708373" lon="-3.9922859050162214">
        <ele>0</ele>
      </trkpt>
      <trkpt lat="53.12807552927713" lon="-3.9922916269311552">
        <ele>0</ele>
      </trkpt>
      <trkpt lat="53.128086973107" lon="-3.9923059317184908">
        <ele>0</ele>
      </trkpt>
      <trkpt lat="53.12814133129887" lon="-3.9923984360099269">
        <ele>0</ele>
      </trkpt>
      <trkpt lat="53.12816898722105" lon="-3.9924089261873066">
        <ele>0</ele>
      </trkpt>
      <trkpt lat="53.1281909212283" lon="-3.9923993896624159">
        <ele>0</ele>
      </trkpt>
      <trkpt lat="53.12821285523555" lon="-3.9923765020026791">
        <ele>0</ele>
      </trkpt>
      <trkpt lat="53.12823574289528" lon="-3.9923726873927232">
        <ele>0</ele>
      </trkpt>
      <trkpt lat="53.1282424184627" lon="-3.9923850848750808">
        <ele>0</ele>
      </trkpt>
      <trkpt lat="53.12824718672515" lon="-3.9924356284569993">
        <ele>0</ele>
      </trkpt>
      <trkpt lat="53.12824146481022" lon="-3.9925348083158587">
        <ele>0</ele>
      </trkpt>
      <trkpt lat="53.12824527942018" lon="-3.9925805836353323">
        <ele>0</ele>
      </trkpt>
      <trkpt lat="53.12824527942018" lon="-3.9925805836353323">
        <ele>0</ele>
      </trkpt>
      <trkpt lat="53.12817375548349" lon="-3.992689300019082">
        <ele>0</ele>
      </trkpt>
      <trkpt lat="53.12814419225634" lon="-3.9928075529277223">
        <ele>0</ele>
      </trkpt>
      <trkpt lat="53.12811462902918" lon="-3.9929258058363621">
        <ele>0</ele>
      </trkpt>
      <trkpt lat="53.12809841693687" lon="-3.9930450123974914">
        <ele>0</ele>
      </trkpt>
      <trkpt lat="53.12806694640472" lon="-3.9930812511920748">
        <ele>0</ele>
      </trkpt>
      <trkpt lat="53.12803356856761" lon="-3.9931699408735546">
        <ele>0</ele>
      </trkpt>
      <trkpt lat="53.12802689300019" lon="-3.9932662597749471">
        <ele>0</ele>
      </trkpt>
      <trkpt lat="53.12802784665268" lon="-3.9933530421514489">
        <ele>0</ele>
      </trkpt>
      <trkpt lat="53.12802880030517" lon="-3.9934398245279512">
        <ele>0</ele>
      </trkpt>
      <trkpt lat="53.12802212473774" lon="-3.9935027655922273">
        <ele>0</ele>
      </trkpt>
      <trkpt lat="53.12800591264543" lon="-3.9935924089261965">
        <ele>0</ele>
      </trkpt>
      <trkpt lat="53.12796299828342" lon="-3.993689681480078">
        <ele>0</ele>
      </trkpt>
      <trkpt lat="53.12794678619111" lon="-3.9937469006294197">
        <ele>0</ele>
      </trkpt>
      <trkpt lat="53.12794392523364" lon="-3.993866107190549">
        <ele>0</ele>
      </trkpt>
      <trkpt lat="53.12795060080106" lon="-3.9939223726874018">
        <ele>0</ele>
      </trkpt>
      <trkpt lat="53.12794297158115" lon="-3.9940148769788379">
        <ele>0</ele>
      </trkpt>
      <trkpt lat="53.12795918367347" lon="-3.9941169177951648">
        <ele>0</ele>
      </trkpt>
      <trkpt lat="53.12795155445355" lon="-3.9941951172992654">
        <ele>0</ele>
      </trkpt>
      <trkpt lat="53.12795155445355" lon="-3.9941951172992654">
        <ele>0</ele>
      </trkpt>
      <trkpt lat="53.12794392523364" lon="-3.9942370780087826">
        <ele>0</ele>
      </trkpt>
      <trkpt lat="53.12794392523364" lon="-3.9942370780087826">
        <ele>0</ele>
      </trkpt>
      <trkpt lat="53.12792675948884" lon="-3.9942675948884316">
        <ele>0</ele>
      </trkpt>
      <trkpt lat="53.12788765973679" lon="-3.9942971581155917">
        <ele>0</ele>
      </trkpt>
      <trkpt lat="53.12785523555216" lon="-3.994304787335504">
        <ele>0</ele>
      </trkpt>
      <trkpt lat="53.12784569902727" lon="-3.9943267213427518">
        <ele>0</ele>
      </trkpt>
      <trkpt lat="53.12784569902727" lon="-3.9943267213427518">
        <ele>0</ele>
      </trkpt>
      <trkpt lat="53.12781613580011" lon="-3.9943877551020499">
        <ele>0</ele>
      </trkpt>
      <trkpt lat="53.12781613580011" lon="-3.9943877551020499">
        <ele>0</ele>
      </trkpt>
      <trkpt lat="53.12778847987793" lon="-3.9944449742513921">
        <ele>0</ele>
      </trkpt>
      <trkpt lat="53.1277818043105" lon="-3.9945184054930474">
        <ele>0</ele>
      </trkpt>
      <trkpt lat="53.12777608239557" lon="-3.9945918367347031">
        <ele>0</ele>
      </trkpt>
      <trkpt lat="53.12774842647339" lon="-3.9947034140759197">
        <ele>0</ele>
      </trkpt>
      <trkpt lat="53.1276082395575" lon="-3.9950352851421034">
        <ele>0</ele>
      </trkpt>
      <trkpt lat="53.12758630555025" lon="-3.9950982262063794">
        <ele>0</ele>
      </trkpt>
      <trkpt lat="53.12756532519549" lon="-3.9951611672706555">
        <ele>0</ele>
      </trkpt>
      <trkpt lat="53.12755483501812" lon="-3.9954329582300301">
        <ele>0</ele>
      </trkpt>
      <trkpt lat="53.12755769597558" lon="-3.9955369063513348">
        <ele>0</ele>
      </trkpt>
      <trkpt lat="53.12756151058554" lon="-3.9956399008201502">
        <ele>0</ele>
      </trkpt>
      <trkpt lat="53.12757200076292" lon="-3.9957495708563888">
        <ele>0</ele>
      </trkpt>
      <trkpt lat="53.1275824909403" lon="-3.9958592408926279">
        <ele>0</ele>
      </trkpt>
      <trkpt lat="53.12760347129505" lon="-3.9959746328438008">
        <ele>0</ele>
      </trkpt>
      <trkpt lat="53.1276254053023" lon="-3.9960890711424848">
        <ele>0</ele>
      </trkpt>
      <trkpt lat="53.12763303452221" lon="-3.9961701316040528">
        <ele>0</ele>
      </trkpt>
      <trkpt lat="53.12764066374213" lon="-3.9962511920656203">
        <ele>0</ele>
      </trkpt>
      <trkpt lat="53.12764447835208" lon="-3.9963646767118153">
        <ele>0</ele>
      </trkpt>
      <trkpt lat="53.12764924661453" lon="-3.9964772077055213">
        <ele>0</ele>
      </trkpt>
      <trkpt lat="53.12760347129505" lon="-3.9969187488079436">
        <ele>0</ele>
      </trkpt>
      <trkpt lat="53.1276082395575" lon="-3.9970398626740509">
        <ele>0</ele>
      </trkpt>
      <trkpt lat="53.12759679572763" lon="-3.9971075720007718">
        <ele>0</ele>
      </trkpt>
      <trkpt lat="53.12758630555025" lon="-3.9971752813274932">
        <ele>0</ele>
      </trkpt>
      <trkpt lat="53.1275824909403" lon="-3.9972601563990171">
        <ele>0</ele>
      </trkpt>
      <trkpt lat="53.12758821285523" lon="-3.9975481594507052">
        <ele>0</ele>
      </trkpt>
      <trkpt lat="53.12760347129505" lon="-3.9976225443448499">
        <ele>0</ele>
      </trkpt>
      <trkpt lat="53.12760061033759" lon="-3.9976530612244989">
        <ele>0</ele>
      </trkpt>
      <trkpt lat="53.12754815945069" lon="-3.9977732214381172">
        <ele>0</ele>
      </trkpt>
      <trkpt lat="53.12748140377646" lon="-3.9980507343124256">
        <ele>0</ele>
      </trkpt>
      <trkpt lat="53.12746137707419" lon="-3.9981546824337304">
        <ele>0</ele>
      </trkpt>
      <trkpt lat="53.12744135037192" lon="-3.9982586305550347">
        <ele>0</ele>
      </trkpt>
      <trkpt lat="53.12743086019454" lon="-3.9983673469387848">
        <ele>0</ele>
      </trkpt>
      <trkpt lat="53.12741369444974" lon="-3.9984064466908351">
        <ele>0</ele>
      </trkpt>
      <trkpt lat="53.12736028991035" lon="-3.9984665267976442">
        <ele>0</ele>
      </trkpt>
      <trkpt lat="53.12733644859813" lon="-3.9985390043868105">
        <ele>0</ele>
      </trkpt>
      <trkpt lat="53.1273126072859" lon="-3.9986114819759773">
        <ele>0</ele>
      </trkpt>
      <trkpt lat="53.12727636849132" lon="-3.9986887278275889">
        <ele>0</ele>
      </trkpt>
      <trkpt lat="53.12723345412931" lon="-3.9987459469769306">
        <ele>0</ele>
      </trkpt>
      <trkpt lat="53.12719053976731" lon="-3.9987850467289809">
        <ele>0</ele>
      </trkpt>
      <trkpt lat="53.12715811558267" lon="-3.9989013923326433">
        <ele>0</ele>
      </trkpt>
      <trkpt lat="53.12713808888041" lon="-3.9990072477589256">
        <ele>0</ele>
      </trkpt>
      <trkpt lat="53.127129506008" lon="-3.9990997520503622">
        <ele>0</ele>
      </trkpt>
      <trkpt lat="53.1271218767881" lon="-3.9991913026893089">
        <ele>0</ele>
      </trkpt>
      <trkpt lat="53.12709994278084" lon="-3.9992847606332345">
        <ele>0</ele>
      </trkpt>
      <trkpt lat="53.12709422086591" lon="-3.9993991989319184">
        <ele>0</ele>
      </trkpt>
      <trkpt lat="53.12708945260346" lon="-3.9995126835781134">
        <ele>0</ele>
      </trkpt>
      <trkpt lat="53.12709135990845" lon="-3.9996023269120822">
        <ele>0</ele>
      </trkpt>
      <trkpt lat="53.12710185008582" lon="-3.9996643143238693">
        <ele>0</ele>
      </trkpt>
      <trkpt lat="53.1271123402632" lon="-3.9997253480831674">
        <ele>0</ele>
      </trkpt>
      <trkpt lat="53.12714571810032" lon="-3.9998083158497133">
        <ele>0</ele>
      </trkpt>
      <trkpt lat="53.12716860576005" lon="-3.9999046347511058">
        <ele>0</ele>
      </trkpt>
      <trkpt lat="53.12716955941254" lon="-4.0000000000000089">
        <ele>0</ele>
      </trkpt>
      <trkpt lat="53.12716955941254" lon="-3.9999999999999911">
        <ele>0</ele>
      </trkpt>
      <trkpt lat="53.1271647911501" lon="-4.0000696166316905">
        <ele>0</ele>
      </trkpt>
      <trkpt lat="53.12716097654015" lon="-4.0001392332633898">
        <ele>0</ele>
      </trkpt>
      <trkpt lat="53.12714381079534" lon="-4.0002222010299358">
        <ele>0</ele>
      </trkpt>
      <trkpt lat="53.12711138661071" lon="-4.0003232881937727">
        <ele>0</ele>
      </trkpt>
      <trkpt lat="53.12707896242609" lon="-4.0004243753576105">
        <ele>0</ele>
      </trkpt>
      <trkpt lat="53.12706465763875" lon="-4.0004997139042446">
        <ele>0</ele>
      </trkpt>
      <trkpt lat="53.12705035285142" lon="-4.0005740987983884">
        <ele>0</ele>
      </trkpt>
      <trkpt lat="53.12701888231928" lon="-4.0006475300400446">
        <ele>0</ele>
      </trkpt>
      <trkpt lat="53.12694831203509" lon="-4.0008897577722591">
        <ele>0</ele>
      </trkpt>
      <trkpt lat="53.12692256341789" lon="-4.0009622353614249">
        <ele>0</ele>
      </trkpt>
      <trkpt lat="53.12689776845317" lon="-4.0010337592981022">
        <ele>0</ele>
      </trkpt>
      <trkpt lat="53.12688155636086" lon="-4.001136753766918">
        <ele>0</ele>
      </trkpt>
      <trkpt lat="53.12687297348845" lon="-4.0012407018882232">
        <ele>0</ele>
      </trkpt>
      <trkpt lat="53.12685676139614" lon="-4.0013160404348564">
        <ele>0</ele>
      </trkpt>
      <trkpt lat="53.12681861529658" lon="-4.0014266641235841">
        <ele>0</ele>
      </trkpt>
      <trkpt lat="53.12681384703414" lon="-4.0015210757199986">
        <ele>0</ele>
      </trkpt>
      <trkpt lat="53.12681003242418" lon="-4.0016154873164131">
        <ele>0</ele>
      </trkpt>
      <trkpt lat="53.1267995422468" lon="-4.0017242037001628">
        <ele>0</ele>
      </trkpt>
      <trkpt lat="53.12679000572191" lon="-4.001831966431423">
        <ele>0</ele>
      </trkpt>
      <trkpt lat="53.12676330345221" lon="-4.0019244707228596">
        <ele>0</ele>
      </trkpt>
      <trkpt lat="53.12673660118252" lon="-4.0020160213618068">
        <ele>0</ele>
      </trkpt>
      <trkpt lat="53.12671180621781" lon="-4.0020656112912363">
        <ele>0</ele>
      </trkpt>
      <trkpt lat="53.12669082586305" lon="-4.0021476254052928">
        <ele>0</ele>
      </trkpt>
      <trkpt lat="53.12667461377074" lon="-4.0022477589166421">
        <ele>0</ele>
      </trkpt>
      <trkpt lat="53.12667461377074" lon="-4.002363150867815">
        <ele>0</ele>
      </trkpt>
      <trkpt lat="53.12668224299065" lon="-4.0024241846271131">
        <ele>0</ele>
      </trkpt>
      <trkpt lat="53.12669082586305" lon="-4.0024852183864112">
        <ele>0</ele>
      </trkpt>
      <trkpt lat="53.12670322334541" lon="-4.0025042914361917">
        <ele>0</ele>
      </trkpt>
      <trkpt lat="53.12677188632462" lon="-4.0025357619683293">
        <ele>0</ele>
      </trkpt>
      <trkpt lat="53.1267995422468" lon="-4.0026091932099854">
        <ele>0</ele>
      </trkpt>
      <trkpt lat="53.12680717146672" lon="-4.0026950219339978">
        <ele>0</ele>
      </trkpt>
      <trkpt lat="53.12679572763685" lon="-4.0028142284951276">
        <ele>0</ele>
      </trkpt>
      <trkpt lat="53.12679477398436" lon="-4.0028809841693596">
        <ele>0</ele>
      </trkpt>
      <trkpt lat="53.12679382033187" lon="-4.0029477398435915">
        <ele>0</ele>
      </trkpt>
      <trkpt lat="53.12681766164409" lon="-4.0029782567232406">
        <ele>0</ele>
      </trkpt>
      <trkpt lat="53.12684245660881" lon="-4.0030307076101375">
        <ele>0</ele>
      </trkpt>
      <trkpt lat="53.12685962235361" lon="-4.0030955559793924">
        <ele>0</ele>
      </trkpt>
      <trkpt lat="53.12687583444593" lon="-4.0032033187106526">
        <ele>0</ele>
      </trkpt>
      <trkpt lat="53.12692447072286" lon="-4.0032939156971112">
        <ele>0</ele>
      </trkpt>
      <trkpt lat="53.12692828533282" lon="-4.0033253862292488">
        <ele>0</ele>
      </trkpt>
      <trkpt lat="53.12691588785047" lon="-4.0033940492084596">
        <ele>0</ele>
      </trkpt>
      <trkpt lat="53.1269044440206" lon="-4.0034627121876696">
        <ele>0</ele>
      </trkpt>
      <trkpt lat="53.12689681480068" lon="-4.0035275605569236">
        <ele>0</ele>
      </trkpt>
      <trkpt lat="53.12689013923326" lon="-4.0035914552736891">
        <ele>0</ele>
      </trkpt>
      <trkpt lat="53.1268863246233" lon="-4.0037030326149061">
        <ele>0</ele>
      </trkpt>
      <trkpt lat="53.12688346366583" lon="-4.0038136563036337">
        <ele>0</ele>
      </trkpt>
      <trkpt lat="53.12686343696357" lon="-4.0038813656303551">
        <ele>0</ele>
      </trkpt>
      <trkpt lat="53.12675567423231" lon="-4.0041512492847513">
        <ele>0</ele>
      </trkpt>
      <trkpt lat="53.12667652107572" lon="-4.0044602326911987">
        <ele>0</ele>
      </trkpt>
      <trkpt lat="53.1266774747282" lon="-4.0045775319473496">
        <ele>0</ele>
      </trkpt>
      <trkpt lat="53.12669082586305" lon="-4.0046671752813188">
        <ele>0</ele>
      </trkpt>
      <trkpt lat="53.1266870112531" lon="-4.0047463284379079">
        <ele>0</ele>
      </trkpt>
      <trkpt lat="53.12669082586305" lon="-4.0047720770551116">
        <ele>0</ele>
      </trkpt>
      <trkpt lat="53.12670608430287" lon="-4.004809269502184">
        <ele>0</ele>
      </trkpt>
      <trkpt lat="53.12672420370016" lon="-4.0049017737936206">
        <ele>0</ele>
      </trkpt>
      <trkpt lat="53.12674232309746" lon="-4.0049933244325677">
        <ele>0</ele>
      </trkpt>
      <trkpt lat="53.1267909593744" lon="-4.0053671562082682">
        <ele>0</ele>
      </trkpt>
      <trkpt lat="53.12678333015449" lon="-4.0054176997901871">
        <ele>0</ele>
      </trkpt>
      <trkpt lat="53.12675567423231" lon="-4.0054415411024129">
        <ele>0</ele>
      </trkpt>
      <trkpt lat="53.12674041579248" lon="-4.0054672897196166">
        <ele>0</ele>
      </trkpt>
      <trkpt lat="53.12672325004768" lon="-4.0055283234789147">
        <ele>0</ele>
      </trkpt>
      <trkpt lat="53.12671943543772" lon="-4.0056255960327967">
        <ele>0</ele>
      </trkpt>
      <trkpt lat="53.12671562082777" lon="-4.0057219149341892">
        <ele>0</ele>
      </trkpt>
      <trkpt lat="53.12669750143048" lon="-4.0058153728781143">
        <ele>0</ele>
      </trkpt>
      <trkpt lat="53.12660308983406" lon="-4.0061863436963483">
        <ele>0</ele>
      </trkpt>
      <trkpt lat="53.12657829486935" lon="-4.0062635895479595">
        <ele>0</ele>
      </trkpt>
      <trkpt lat="53.12655349990463" lon="-4.0063398817470821">
        <ele>0</ele>
      </trkpt>
      <trkpt lat="53.12644001525844" lon="-4.0065840167842746">
        <ele>0</ele>
      </trkpt>
      <trkpt lat="53.12635418653442" lon="-4.0066879649055789">
        <ele>0</ele>
      </trkpt>
      <trkpt lat="53.12629982834255" lon="-4.0067385084874978">
        <ele>0</ele>
      </trkpt>
      <trkpt lat="53.12626168224298" lon="-4.0067995422467959">
        <ele>0</ele>
      </trkpt>
      <trkpt lat="53.12623688727827" lon="-4.0068615296585834">
        <ele>0</ele>
      </trkpt>
      <trkpt lat="53.12622735075338" lon="-4.0069330535952608">
        <ele>0</ele>
      </trkpt>
      <trkpt lat="53.12621781422849" lon="-4.0070036238794495">
        <ele>0</ele>
      </trkpt>
      <trkpt lat="53.12617203890902" lon="-4.0072630173564665">
        <ele>0</ele>
      </trkpt>
      <trkpt lat="53.12615105855426" lon="-4.0073221438107867">
        <ele>0</ele>
      </trkpt>
      <trkpt lat="53.12611958802212" lon="-4.0073717337402162">
        <ele>0</ele>
      </trkpt>
      <trkpt lat="53.12583539958039" lon="-4.007653061224481">
        <ele>0</ele>
      </trkpt>
      <trkpt lat="53.12576959755864" lon="-4.0077007438489325">
        <ele>0</ele>
      </trkpt>
      <trkpt lat="53.1257037955369" lon="-4.007748426473384">
        <ele>0</ele>
      </trkpt>
      <trkpt lat="53.12562178142284" lon="-4.0077875262254343">
        <ele>0</ele>
      </trkpt>
      <trkpt lat="53.12554072096128" lon="-4.0078266259774846">
        <ele>0</ele>
      </trkpt>
      <trkpt lat="53.12547205798207" lon="-4.0078657257295349">
        <ele>0</ele>
      </trkpt>
      <trkpt lat="53.12540339500286" lon="-4.0079048254815852">
        <ele>0</ele>
      </trkpt>
      <trkpt lat="53.12533759298111" lon="-4.0079486934960808">
        <ele>0</ele>
      </trkpt>
      <trkpt lat="53.12527274461186" lon="-4.0079916078580871">
        <ele>0</ele>
      </trkpt>
      <trkpt lat="53.12518119397291" lon="-4.0080707610146771">
        <ele>0</ele>
      </trkpt>
      <trkpt lat="53.12513255769597" lon="-4.0081327484264646">
        <ele>0</ele>
      </trkpt>
      <trkpt lat="53.12498283425519" lon="-4.0084245660881086">
        <ele>0</ele>
      </trkpt>
      <trkpt lat="53.12495994659545" lon="-4.0084913217623406">
        <ele>0</ele>
      </trkpt>
      <trkpt lat="53.12495231737554" lon="-4.0085761968338645">
        <ele>0</ele>
      </trkpt>
      <trkpt lat="53.12494468815563" lon="-4.0086601182528998">
        <ele>0</ele>
      </trkpt>
      <trkpt lat="53.12492942971581" lon="-4.0087259202746433">
        <ele>0</ele>
      </trkpt>
      <trkpt lat="53.12490844936105" lon="-4.0087640663742041">
        <ele>0</ele>
      </trkpt>
      <trkpt lat="53.12486267404157" lon="-4.0088279610909696">
        <ele>0</ele>
      </trkpt>
      <trkpt lat="53.1248168987221" lon="-4.0088909021552457">
        <ele>0</ele>
      </trkpt>
      <trkpt lat="53.12478638184245" lon="-4.0089433530421426">
        <ele>0</ele>
      </trkpt>
      <trkpt lat="53.12476921609765" lon="-4.0089891283616161">
        <ele>0</ele>
      </trkpt>
      <trkpt lat="53.1247558649628" lon="-4.0090387182910456">
        <ele>0</ele>
      </trkpt>
      <trkpt lat="53.12475300400533" lon="-4.0090844936105192">
        <ele>0</ele>
      </trkpt>
      <trkpt lat="53.12476063322525" lon="-4.0091779515544443">
        <ele>0</ele>
      </trkpt>
      <trkpt lat="53.12475491131031" lon="-4.0092666412359241">
        <ele>0</ele>
      </trkpt>
      <trkpt lat="53.124738699218" lon="-4.0093381651726023">
        <ele>0</ele>
      </trkpt>
      <trkpt lat="53.12471867251573" lon="-4.009400152584389">
        <ele>0</ele>
      </trkpt>
      <trkpt lat="53.12469959946595" lon="-4.0094621399961765">
        <ele>0</ele>
      </trkpt>
      <trkpt lat="53.12467671180622" lon="-4.0095050543581827">
        <ele>0</ele>
      </trkpt>
      <trkpt lat="53.12465763875643" lon="-4.0095832538622833">
        <ele>0</ele>
      </trkpt>
      <trkpt lat="53.12466431432386" lon="-4.0099132176234891">
        <ele>0</ele>
      </trkpt>
      <trkpt lat="53.12467480450123" lon="-4.0100028609574583">
        <ele>0</ele>
      </trkpt>
      <trkpt lat="53.1246862483311" lon="-4.0100925042914275">
        <ele>0</ele>
      </trkpt>
      <trkpt lat="53.12470913599084" lon="-4.0101640282281048">
        <ele>0</ele>
      </trkpt>
      <trkpt lat="53.12470818233835" lon="-4.0102670226969197">
        <ele>0</ele>
      </trkpt>
      <trkpt lat="53.12469959946595" lon="-4.0103347320236411">
        <ele>0</ele>
      </trkpt>
      <trkpt lat="53.12469197024604" lon="-4.010401487697874">
        <ele>0</ele>
      </trkpt>
      <trkpt lat="53.12472248712569" lon="-4.0105206942590028">
        <ele>0</ele>
      </trkpt>
      <trkpt lat="53.12472725538813" lon="-4.0106112912454615">
        <ele>0</ele>
      </trkpt>
      <trkpt lat="53.12471867251573" lon="-4.0107181003242331">
        <ele>0</ele>
      </trkpt>
      <trkpt lat="53.12471008964333" lon="-4.0108249094030048">
        <ele>0</ele>
      </trkpt>
      <trkpt lat="53.12469483120351" lon="-4.0109279038718197">
        <ele>0</ele>
      </trkpt>
      <trkpt lat="53.12466145336639" lon="-4.0110375739080588">
        <ele>0</ele>
      </trkpt>
      <trkpt lat="53.12465763875643" lon="-4.0111367537669178">
        <ele>0</ele>
      </trkpt>
      <trkpt lat="53.12459279038718" lon="-4.0114085447262928">
        <ele>0</ele>
      </trkpt>
      <trkpt lat="53.12457467098989" lon="-4.0115144001525751">
        <ele>0</ele>
      </trkpt>
      <trkpt lat="53.12456513446499" lon="-4.0116059507915223">
        <ele>0</ele>
      </trkpt>
      <trkpt lat="53.1245565515926" lon="-4.0116975014304694">
        <ele>0</ele>
      </trkpt>
      <trkpt lat="53.12453175662788" lon="-4.011759488842257">
        <ele>0</ele>
      </trkpt>
      <trkpt lat="53.12449742513827" lon="-4.0117852374594607">
        <ele>0</ele>
      </trkpt>
      <trkpt lat="53.12447930574098" lon="-4.0118071714667085">
        <ele>0</ele>
      </trkpt>
      <trkpt lat="53.12447739843601" lon="-4.0118872782757871">
        <ele>0</ele>
      </trkpt>
      <trkpt lat="53.12447549113103" lon="-4.0119673850848656">
        <ele>0</ele>
      </trkpt>
      <trkpt lat="53.12448502765591" lon="-4.0120293724966531">
        <ele>0</ele>
      </trkpt>
      <trkpt lat="53.12450982262063" lon="-4.0120713332061708">
        <ele>0</ele>
      </trkpt>
      <trkpt lat="53.12452794201793" lon="-4.0121180621781329">
        <ele>0</ele>
      </trkpt>
      <trkpt lat="53.12453271028037" lon="-4.0121705130650298">
        <ele>0</ele>
      </trkpt>
      <trkpt lat="53.1245298493229" lon="-4.0122458516116639">
        <ele>0</ele>
      </trkpt>
      <trkpt lat="53.12446786191111" lon="-4.0127942017928575">
        <ele>0</ele>
      </trkpt>
      <trkpt lat="53.12444497425138" lon="-4.0128914743467385">
        <ele>0</ele>
      </trkpt>
      <trkpt lat="53.12442304024413" lon="-4.0129887469006205">
        <ele>0</ele>
      </trkpt>
      <trkpt lat="53.12439824527942" lon="-4.0130564562273419">
        <ele>0</ele>
      </trkpt>
      <trkpt lat="53.1243734503147" lon="-4.0131241655540633">
        <ele>0</ele>
      </trkpt>
      <trkpt lat="53.12434484074003" lon="-4.0133997711233933">
        <ele>0</ele>
      </trkpt>
      <trkpt lat="53.12434770169749" lon="-4.0134579439252249">
        <ele>0</ele>
      </trkpt>
      <trkpt lat="53.12437440396719" lon="-4.0135294678619022">
        <ele>0</ele>
      </trkpt>
      <trkpt lat="53.12438584779706" lon="-4.0136057600610249">
        <ele>0</ele>
      </trkpt>
      <trkpt lat="53.12441064276177" lon="-4.0136725157352569">
        <ele>0</ele>
      </trkpt>
      <trkpt lat="53.12441731832919" lon="-4.0137364104520223">
        <ele>0</ele>
      </trkpt>
      <trkpt lat="53.1244087354568" lon="-4.0138060270837217">
        <ele>0</ele>
      </trkpt>
      <trkpt lat="53.12440110623688" lon="-4.013875643715421">
        <ele>0</ele>
      </trkpt>
      <trkpt lat="53.12441159641426" lon="-4.0139490749570763">
        <ele>0</ele>
      </trkpt>
      <trkpt lat="53.12441541102422" lon="-4.014070188823184">
        <ele>0</ele>
      </trkpt>
      <trkpt lat="53.12442304024413" lon="-4.0141169177951461">
        <ele>0</ele>
      </trkpt>
      <trkpt lat="53.12444020598893" lon="-4.0141426664123498">
        <ele>0</ele>
      </trkpt>
      <trkpt lat="53.12444783520885" lon="-4.014169368682043">
        <ele>0</ele>
      </trkpt>
      <trkpt lat="53.12444783520885" lon="-4.0142122830440501">
        <ele>0</ele>
      </trkpt>
      <trkpt lat="53.12443543772649" lon="-4.0142847606332159">
        <ele>0</ele>
      </trkpt>
      <trkpt lat="53.12442399389662" lon="-4.0143562845698932">
        <ele>0</ele>
      </trkpt>
      <trkpt lat="53.12441827198168" lon="-4.0144630936486649">
        <ele>0</ele>
      </trkpt>
      <trkpt lat="53.12441255006675" lon="-4.0145699027274366">
        <ele>0</ele>
      </trkpt>
      <trkpt lat="53.12441445737173" lon="-4.0146252145718009">
        <ele>0</ele>
      </trkpt>
      <trkpt lat="53.1244259012016" lon="-4.014653824146472">
        <ele>0</ele>
      </trkpt>
      <trkpt lat="53.12445069616631" lon="-4.0146900629410549">
        <ele>0</ele>
      </trkpt>
      <trkpt lat="53.12444211329391" lon="-4.014767308792667">
        <ele>0</ele>
      </trkpt>
      <trkpt lat="53.124434484074" lon="-4.0148436009917896">
        <ele>0</ele>
      </trkpt>
      <trkpt lat="53.12443829868396" lon="-4.0148750715239272">
        <ele>0</ele>
      </trkpt>
      <trkpt lat="53.12446976921609" lon="-4.0149027274461098">
        <ele>0</ele>
      </trkpt>
      <trkpt lat="53.1244869349609" lon="-4.0149694831203417">
        <ele>0</ele>
      </trkpt>
      <trkpt lat="53.12449647148578" lon="-4.0150858287240041">
        <ele>0</ele>
      </trkpt>
      <trkpt lat="53.12449647148578" lon="-4.0152040816326435">
        <ele>0</ele>
      </trkpt>
      <trkpt lat="53.12449742513827" lon="-4.0153223345412838">
        <ele>0</ele>
      </trkpt>
      <trkpt lat="53.12448884226588" lon="-4.015428189967567">
        <ele>0</ele>
      </trkpt>
      <trkpt lat="53.1244688155636" lon="-4.0155140186915794">
        <ele>0</ele>
      </trkpt>
      <trkpt lat="53.12446213999618" lon="-4.0155988937631033">
        <ele>0</ele>
      </trkpt>
      <trkpt lat="53.12444402059889" lon="-4.0156952126644958">
        <ele>0</ele>
      </trkpt>
      <trkpt lat="53.12441827198168" lon="-4.0157800877360197">
        <ele>0</ele>
      </trkpt>
      <trkpt lat="53.12439252336448" lon="-4.0158649628075436">
        <ele>0</ele>
      </trkpt>
      <trkpt lat="53.12438584779706" lon="-4.0159536524890243">
        <ele>0</ele>
      </trkpt>
      <trkpt lat="53.12438966240701" lon="-4.0160413885180146">
        <ele>0</ele>
      </trkpt>
      <trkpt lat="53.12439443066946" lon="-4.0161281708945173">
        <ele>0</ele>
      </trkpt>
      <trkpt lat="53.12438966240701" lon="-4.0162082777035959">
        <ele>0</ele>
      </trkpt>
      <trkpt lat="53.12438584779706" lon="-4.016287430860185">
        <ele>0</ele>
      </trkpt>
      <trkpt lat="53.12439729162693" lon="-4.0164047301163368">
        <ele>0</ele>
      </trkpt>
      <trkpt lat="53.12437631127217" lon="-4.0164600419607002">
        <ele>0</ele>
      </trkpt>
      <trkpt lat="53.12436963570475" lon="-4.0165048636276852">
        <ele>0</ele>
      </trkpt>
      <trkpt lat="53.12436963570475" lon="-4.0165687583444498">
        <ele>0</ele>
      </trkpt>
      <trkpt lat="53.12436963570475" lon="-4.0166326530612153">
        <ele>0</ele>
      </trkpt>
      <trkpt lat="53.12440682815182" lon="-4.0167289719626078">
        <ele>0</ele>
      </trkpt>
      <trkpt lat="53.12438394049208" lon="-4.0168434102612913">
        <ele>0</ele>
      </trkpt>
      <trkpt lat="53.12437726492465" lon="-4.0169101659355242">
        <ele>0</ele>
      </trkpt>
      <trkpt lat="53.12437821857715" lon="-4.016996948312026">
        <ele>0</ele>
      </trkpt>
      <trkpt lat="53.12437917222964" lon="-4.0170827770360393">
        <ele>0</ele>
      </trkpt>
      <trkpt lat="53.1243648674423" lon="-4.0171905397672996">
        <ele>0</ele>
      </trkpt>
      <trkpt lat="53.12435056265496" lon="-4.0172973488460713">
        <ele>0</ele>
      </trkpt>
      <trkpt lat="53.12433244325767" lon="-4.0173774556551498">
        <ele>0</ele>
      </trkpt>
      <trkpt lat="53.12433339691016" lon="-4.0174175090596895">
        <ele>0</ele>
      </trkpt>
      <trkpt lat="53.12434674804501" lon="-4.0175100133511261">
        <ele>0</ele>
      </trkpt>
      <trkpt lat="53.12436105283234" lon="-4.0176015639900733">
        <ele>0</ele>
      </trkpt>
      <trkpt lat="53.12442494754911" lon="-4.0176702269692832">
        <ele>0</ele>
      </trkpt>
      <trkpt lat="53.12442208659164" lon="-4.0177140949837788">
        <ele>0</ele>
      </trkpt>
      <trkpt lat="53.12441541102422" lon="-4.0177779897005443">
        <ele>0</ele>
      </trkpt>
      <trkpt lat="53.12437154300972" lon="-4.0178189967575726">
        <ele>0</ele>
      </trkpt>
      <trkpt lat="53.12432767499523" lon="-4.0178981499141626">
        <ele>0</ele>
      </trkpt>
      <trkpt lat="53.12430574098798" lon="-4.0179019645241185">
        <ele>0</ele>
      </trkpt>
      <trkpt lat="53.12427999237077" lon="-4.0179420179286574">
        <ele>0</ele>
      </trkpt>
      <trkpt lat="53.12427331680335" lon="-4.018000190730489">
        <ele>0</ele>
      </trkpt>
      <trkpt lat="53.12427713141331" lon="-4.0181060461567712">
        <ele>0</ele>
      </trkpt>
      <trkpt lat="53.12428762159069" lon="-4.0181689872210473">
        <ele>0</ele>
      </trkpt>
      <trkpt lat="53.12430955559793" lon="-4.0181995041006964">
        <ele>0</ele>
      </trkpt>
      <trkpt lat="53.12432195308029" lon="-4.0183129887468914">
        <ele>0</ele>
      </trkpt>
      <trkpt lat="53.12431718481785" lon="-4.0183759298111674">
        <ele>0</ele>
      </trkpt>
      <trkpt lat="53.12426759488842" lon="-4.0183797444211242">
        <ele>0</ele>
      </trkpt>
      <trkpt lat="53.12425996566851" lon="-4.0184159832157071">
        <ele>0</ele>
      </trkpt>
      <trkpt lat="53.12427903871829" lon="-4.0185142094220776">
        <ele>0</ele>
      </trkpt>
      <trkpt lat="53.12429906542056" lon="-4.0186114819759586">
        <ele>0</ele>
      </trkpt>
      <trkpt lat="53.12436963570475" lon="-4.0188584779706185">
        <ele>0</ele>
      </trkpt>
      <trkpt lat="53.12441445737173" lon="-4.0189471676520983">
        <ele>0</ele>
      </trkpt>
      <trkpt lat="53.12450028609575" lon="-4.0190244135037103">
        <ele>0</ele>
      </trkpt>
      <trkpt lat="53.12451935914552" lon="-4.0190940301354097">
        <ele>0</ele>
      </trkpt>
      <trkpt lat="53.12457753194735" lon="-4.0191827198168895">
        <ele>0</ele>
      </trkpt>
      <trkpt lat="53.1246090024795" lon="-4.0192504291436109">
        <ele>0</ele>
      </trkpt>
      <trkpt lat="53.12464142666412" lon="-4.0193171848178437">
        <ele>0</ele>
      </trkpt>
      <trkpt lat="53.12467575815372" lon="-4.0194220865916366">
        <ele>0</ele>
      </trkpt>
      <trkpt lat="53.12470913599084" lon="-4.0194955178332927">
        <ele>0</ele>
      </trkpt>
      <trkpt lat="53.12474346748044" lon="-4.019568949074948">
        <ele>0</ele>
      </trkpt>
      <trkpt lat="53.12478065992752" lon="-4.0196795727636756">
        <ele>0</ele>
      </trkpt>
      <trkpt lat="53.12480736219721" lon="-4.0197892427999147">
        <ele>0</ele>
      </trkpt>
      <trkpt lat="53.12480450123974" lon="-4.0198712569139712">
        <ele>0</ele>
      </trkpt>
      <trkpt lat="53.12480164028228" lon="-4.0199532710280286">
        <ele>0</ele>
      </trkpt>
      <trkpt lat="53.12481117680716" lon="-4.0199999999999907">
        <ele>0</ele>
      </trkpt>
      <trkpt lat="53.12481117680716" lon="-4.0200000000000014">
        <ele>0</ele>
      </trkpt>
      <trkpt lat="53.12482166698454" lon="-4.0200505435819203">
        <ele>0</ele>
      </trkpt>
      <trkpt lat="53.12483883272935" lon="-4.0203929048254832">
        <ele>0</ele>
      </trkpt>
      <trkpt lat="53.12483311081441" lon="-4.0205617013160415">
        <ele>0</ele>
      </trkpt>
      <trkpt lat="53.12483311081441" lon="-4.0205617013160415">
        <ele>0</ele>
      </trkpt>
      <trkpt lat="53.12479877932481" lon="-4.0205311844363925">
        <ele>0</ele>
      </trkpt>
      <trkpt lat="53.12479877932481" lon="-4.0205311844363925">
        <ele>0</ele>
      </trkpt>
      <trkpt lat="53.12443257676902" lon="-4.0202021743276761">
        <ele>0</ele>
      </trkpt>
      <trkpt lat="53.12443257676902" lon="-4.0202021743276761">
        <ele>0</ele>
      </trkpt>
      <trkpt lat="53.12423517070379" lon="-4.0200000000000014">
        <ele>0</ele>
      </trkpt>
      <trkpt lat="53.12423517070379" lon="-4.0199999999999907">
        <ele>0</ele>
      </trkpt>
      <trkpt lat="53.12384417318329" lon="-4.0195460614152108">
        <ele>0</ele>
      </trkpt>
      <trkpt lat="53.12364867442304" lon="-4.0192160976540059">
        <ele>0</ele>
      </trkpt>
      <trkpt lat="53.12347510967003" lon="-4.0188689681479977">
        <ele>0</ele>
      </trkpt>
      <trkpt lat="53.12347510967003" lon="-4.0188689681479977">
        <ele>0</ele>
      </trkpt>
      <trkpt lat="53.12341121495326" lon="-4.0189595651344563">
        <ele>0</ele>
      </trkpt>
      <trkpt lat="53.12337116154873" lon="-4.0190387182910454">
        <ele>0</ele>
      </trkpt>
      <trkpt lat="53.12335876406637" lon="-4.0190978447453656">
        <ele>0</ele>
      </trkpt>
      <trkpt lat="53.12336734693877" lon="-4.0192132366965385">
        <ele>0</ele>
      </trkpt>
      <trkpt lat="53.12337592981117" lon="-4.0193276749952229">
        <ele>0</ele>
      </trkpt>
      <trkpt lat="53.12337592981117" lon="-4.0193276749952229">
        <ele>0</ele>
      </trkpt>
      <trkpt lat="53.12338165172611" lon="-4.0194020598893676">
        <ele>0</ele>
      </trkpt>
      <trkpt lat="53.12338832729353" lon="-4.0194764447835114">
        <ele>0</ele>
      </trkpt>
      <trkpt lat="53.12338832729353" lon="-4.0194764447835114">
        <ele>0</ele>
      </trkpt>
      <trkpt lat="53.12340543102739" lon="-4.0196680764139074">
        <ele>0</ele>
      </trkpt>
      <trkpt lat="53.12340543102784" lon="-4.0196680764187276">
        <ele>0</ele>
      </trkpt>
      <trkpt lat="53.12326435246995" lon="-4.0196643143238511">
        <ele>0</ele>
      </trkpt>
      <trkpt lat="53.1231213045966" lon="-4.0196690825862964">
        <ele>0</ele>
      </trkpt>
      <trkpt lat="53.12308220484455" lon="-4.0195870684722399">
        <ele>0</ele>
      </trkpt>
      <trkpt lat="53.12308220484455" lon="-4.0195870684722399">
        <ele>0</ele>
      </trkpt>
      <trkpt lat="53.12303166126263" lon="-4.0196242609193122">
        <ele>0</ele>
      </trkpt>
      <trkpt lat="53.1229477398436" lon="-4.019747282090397">
        <ele>0</ele>
      </trkpt>
      <trkpt lat="53.12269788289147" lon="-4.0199999999999907">
        <ele>0</ele>
      </trkpt>
      <trkpt lat="53.12269788289147" lon="-4.0200000000000014">
        <ele>0</ele>
      </trkpt>
      <trkpt lat="53.12266545870684" lon="-4.0200333778371169">
        <ele>0</ele>
      </trkpt>
      <trkpt lat="53.12254529849322" lon="-4.0201220675185976">
        <ele>0</ele>
      </trkpt>
      <trkpt lat="53.1224260919321" lon="-4.0202098035475888">
        <ele>0</ele>
      </trkpt>
      <trkpt lat="53.12234884608048" lon="-4.0202794201792882">
        <ele>0</ele>
      </trkpt>
      <trkpt lat="53.12227160022887" lon="-4.0203480831584981">
        <ele>0</ele>
      </trkpt>
      <trkpt lat="53.12203032614914" lon="-4.0206360862101862">
        <ele>0</ele>
      </trkpt>
      <trkpt lat="53.12203032614914" lon="-4.0207400343314905">
        <ele>0</ele>
      </trkpt>
      <trkpt lat="53.12203032614914" lon="-4.0208430288003063">
        <ele>0</ele>
      </trkpt>
      <trkpt lat="53.12197787526225" lon="-4.0209240892618743">
        <ele>0</ele>
      </trkpt>
      <trkpt lat="53.12192542437536" lon="-4.0210051497234423">
        <ele>0</ele>
      </trkpt>
      <trkpt lat="53.12187297348846" lon="-4.0211043295823012">
        <ele>0</ele>
      </trkpt>
      <trkpt lat="53.12186343696357" lon="-4.0211577341216875">
        <ele>0</ele>
      </trkpt>
      <trkpt lat="53.1218691588785" lon="-4.0212597749380139">
        <ele>0</ele>
      </trkpt>
      <trkpt lat="53.1218519931337" lon="-4.0213293915697133">
        <ele>0</ele>
      </trkpt>
      <trkpt lat="53.12183578104138" lon="-4.0213990082014126">
        <ele>0</ele>
      </trkpt>
      <trkpt lat="53.12182719816898" lon="-4.0214724394430679">
        <ele>0</ele>
      </trkpt>
      <trkpt lat="53.12183387373641" lon="-4.0214857905779144">
        <ele>0</ele>
      </trkpt>
      <trkpt lat="53.12182338355903" lon="-4.0215201220675194">
        <ele>0</ele>
      </trkpt>
      <trkpt lat="53.12178619111195" lon="-4.0215468243372126">
        <ele>0</ele>
      </trkpt>
      <trkpt lat="53.12171657448025" lon="-4.0216631699408749">
        <ele>0</ele>
      </trkpt>
      <trkpt lat="53.12168415029563" lon="-4.0217509059698653">
        <ele>0</ele>
      </trkpt>
      <trkpt lat="53.12165267976349" lon="-4.021837688346368">
        <ele>0</ele>
      </trkpt>
      <trkpt lat="53.12158783139424" lon="-4.0219397291626944">
        <ele>0</ele>
      </trkpt>
      <trkpt lat="53.12154396337974" lon="-4.0220589357238232">
        <ele>0</ele>
      </trkpt>
      <trkpt lat="53.12150104901773" lon="-4.0221781422849521">
        <ele>0</ele>
      </trkpt>
      <trkpt lat="53.12146290291818" lon="-4.0224308601945467">
        <ele>0</ele>
      </trkpt>
      <trkpt lat="53.12142666412359" lon="-4.0225138279610917">
        <ele>0</ele>
      </trkpt>
      <trkpt lat="53.12139137898149" lon="-4.0225967957276376">
        <ele>0</ele>
      </trkpt>
      <trkpt lat="53.12137707419416" lon="-4.0227007438489428">
        <ele>0</ele>
      </trkpt>
      <trkpt lat="53.12136276940682" lon="-4.0228037383177577">
        <ele>0</ele>
      </trkpt>
      <trkpt lat="53.12133892809459" lon="-4.0228857524318151">
        <ele>0</ele>
      </trkpt>
      <trkpt lat="53.12131604043486" lon="-4.0229668128933831">
        <ele>0</ele>
      </trkpt>
      <trkpt lat="53.12127121876787" lon="-4.0230688537097095">
        <ele>0</ele>
      </trkpt>
      <trkpt lat="53.12122735075338" lon="-4.0231708945260358">
        <ele>0</ele>
      </trkpt>
      <trkpt lat="53.12110814419225" lon="-4.023586687011254">
        <ele>0</ele>
      </trkpt>
      <trkpt lat="53.12110051497234" lon="-4.024022506198742">
        <ele>0</ele>
      </trkpt>
      <trkpt lat="53.12108048827007" lon="-4.0241235933625799">
        <ele>0</ele>
      </trkpt>
      <trkpt lat="53.1210604615678" lon="-4.0242246805264177">
        <ele>0</ele>
      </trkpt>
      <trkpt lat="53.12101182529086" lon="-4.0246137707419427">
        <ele>0</ele>
      </trkpt>
      <trkpt lat="53.12098703032614" lon="-4.0246814800686641">
        <ele>0</ele>
      </trkpt>
      <trkpt lat="53.12096223536143" lon="-4.0247482357428961">
        <ele>0</ele>
      </trkpt>
      <trkpt lat="53.12094697692161" lon="-4.0248121304596616">
        <ele>0</ele>
      </trkpt>
      <trkpt lat="53.12093171848178" lon="-4.0248760251764271">
        <ele>0</ele>
      </trkpt>
      <trkpt lat="53.12085733358764" lon="-4.0249704367728407">
        <ele>0</ele>
      </trkpt>
      <trkpt lat="53.12080106809078" lon="-4.0250629410642773">
        <ele>0</ele>
      </trkpt>
      <trkpt lat="53.12071428571428" lon="-4.0251773793629617">
        <ele>0</ele>
      </trkpt>
      <trkpt lat="53.12069044440206" lon="-4.0252918176616452">
        <ele>0</ele>
      </trkpt>
      <trkpt lat="53.12061319855044" lon="-4.0254100705702855">
        <ele>0</ele>
      </trkpt>
      <trkpt lat="53.12055788670608" lon="-4.025394812130461">
        <ele>0</ele>
      </trkpt>
      <trkpt lat="53.12053118443639" lon="-4.025461567804693">
        <ele>0</ele>
      </trkpt>
      <trkpt lat="53.12044917032233" lon="-4.0255531184436402">
        <ele>0</ele>
      </trkpt>
      <trkpt lat="53.12036810986076" lon="-4.0256437154300988">
        <ele>0</ele>
      </trkpt>
      <trkpt lat="53.12018310127789" lon="-4.0259650963189024">
        <ele>0</ele>
      </trkpt>
      <trkpt lat="53.12015353805073" lon="-4.0260823955750533">
        <ele>0</ele>
      </trkpt>
      <trkpt lat="53.12012397482357" lon="-4.0261987411787157">
        <ele>0</ele>
      </trkpt>
      <trkpt lat="53.12007247758916" lon="-4.0262674041579256">
        <ele>0</ele>
      </trkpt>
      <trkpt lat="53.12002193400724" lon="-4.026335113484647">
        <ele>0</ele>
      </trkpt>
      <trkpt lat="53.12" lon="-4.0263980545489231">
        <ele>0</ele>
      </trkpt>
      <trkpt lat="53.12000000000001" lon="-4.0263980545489231">
        <ele>0</ele>
      </trkpt>
      <trkpt lat="53.11995994659547" lon="-4.0265134465000969">
        <ele>0</ele>
      </trkpt>
      <trkpt lat="53.11999141712761" lon="-4.0269816898722119">
        <ele>0</ele>
      </trkpt>
      <trkpt lat="53.11995803929049" lon="-4.0271609765401495">
        <ele>0</ele>
      </trkpt>
      <trkpt lat="53.11991321762351" lon="-4.0277026511539207">
        <ele>0</ele>
      </trkpt>
      <trkpt lat="53.11991703223347" lon="-4.0280507343124174">
        <ele>0</ele>
      </trkpt>
      <trkpt lat="53.11979305740989" lon="-4.0285933625786772">
        <ele>0</ele>
      </trkpt>
      <trkpt lat="53.11979305740989" lon="-4.0285933625786772">
        <ele>0</ele>
      </trkpt>
      <trkpt lat="53.11968624833112" lon="-4.0283930955559804">
        <ele>0</ele>
      </trkpt>
      <trkpt lat="53.11960804882702" lon="-4.0281737554835031">
        <ele>0</ele>
      </trkpt>
      <trkpt lat="53.11952889567043" lon="-4.0277894335304225">
        <ele>0</ele>
      </trkpt>
      <trkpt lat="53.11943448407402" lon="-4.0276482929620459">
        <ele>0</ele>
      </trkpt>
      <trkpt lat="53.11943423754111" lon="-4.0276479240903509">
        <ele>0</ele>
      </trkpt>
      <trkpt lat="53.11943925233646" lon="-4.0275996566851049">
        <ele>0</ele>
      </trkpt>
      <trkpt lat="53.11942494754913" lon="-4.0274966622162891">
        <ele>0</ele>
      </trkpt>
      <trkpt lat="53.11941064276179" lon="-4.0273936677474742">
        <ele>0</ele>
      </trkpt>
      <trkpt lat="53.11939061605952" lon="-4.0272839977112351">
        <ele>0</ele>
      </trkpt>
      <trkpt lat="53.11937154300974" lon="-4.0271743276749961">
        <ele>0</ele>
      </trkpt>
      <trkpt lat="53.11930383368302" lon="-4.0268910928857533">
        <ele>0</ele>
      </trkpt>
      <trkpt lat="53.11926091932101" lon="-4.0266116727064665">
        <ele>0</ele>
      </trkpt>
      <trkpt lat="53.11926378027848" lon="-4.0265315658973879">
        <ele>0</ele>
      </trkpt>
      <trkpt lat="53.11924661453368" lon="-4.0264342933435069">
        <ele>0</ele>
      </trkpt>
      <trkpt lat="53.11922944878887" lon="-4.026337020789625">
        <ele>0</ele>
      </trkpt>
      <trkpt lat="53.11922086591647" lon="-4.0262387945832554">
        <ele>0</ele>
      </trkpt>
      <trkpt lat="53.11921323669656" lon="-4.0261396147243955">
        <ele>0</ele>
      </trkpt>
      <trkpt lat="53.11911214953273" lon="-4.0257066564943749">
        <ele>0</ele>
      </trkpt>
      <trkpt lat="53.11903490368111" lon="-4.0256446690825873">
        <ele>0</ele>
      </trkpt>
      <trkpt lat="53.11903490368111" lon="-4.0256446690825873">
        <ele>0</ele>
      </trkpt>
      <trkpt lat="53.11895575052452" lon="-4.0253871829105483">
        <ele>0</ele>
      </trkpt>
      <trkpt lat="53.11865821094794" lon="-4.0240558840358585">
        <ele>0</ele>
      </trkpt>
      <trkpt lat="53.11859908449362" lon="-4.0239710089643346">
        <ele>0</ele>
      </trkpt>
      <trkpt lat="53.1185409116918" lon="-4.0238851802403213">
        <ele>0</ele>
      </trkpt>
      <trkpt lat="53.11848273888996" lon="-4.0237688346366598">
        <ele>0</ele>
      </trkpt>
      <trkpt lat="53.11846748045014" lon="-4.0236706084302893">
        <ele>0</ele>
      </trkpt>
      <trkpt lat="53.11847892428001" lon="-4.02360099179859">
        <ele>0</ele>
      </trkpt>
      <trkpt lat="53.11850371924472" lon="-4.0235514018691596">
        <ele>0</ele>
      </trkpt>
      <trkpt lat="53.11849895098228" lon="-4.023521838642">
        <ele>0</ele>
      </trkpt>
      <trkpt lat="53.11849895098228" lon="-4.023521838642">
        <ele>0</ele>
      </trkpt>
      <trkpt lat="53.1184445927904" lon="-4.0234588975777239">
        <ele>0</ele>
      </trkpt>
      <trkpt lat="53.1184445927904" lon="-4.0234588975777239">
        <ele>0</ele>
      </trkpt>
      <trkpt lat="53.11841693686822" lon="-4.0234264733930969">
        <ele>0</ele>
      </trkpt>
      <trkpt lat="53.11837306885372" lon="-4.0233997711234037">
        <ele>0</ele>
      </trkpt>
      <trkpt lat="53.11835208849897" lon="-4.0233568567613975">
        <ele>0</ele>
      </trkpt>
      <trkpt lat="53.11834804228717" lon="-4.0233253862251663">
        <ele>0</ele>
      </trkpt>
      <trkpt lat="53.11834732023652" lon="-4.0233253862292591">
        <ele>0</ele>
      </trkpt>
      <trkpt lat="53.11831012778945" lon="-4.0233253862292591">
        <ele>0</ele>
      </trkpt>
      <trkpt lat="53.11826816707993" lon="-4.023341598321573">
        <ele>0</ele>
      </trkpt>
      <trkpt lat="53.11818806027085" lon="-4.0233520884989522">
        <ele>0</ele>
      </trkpt>
      <trkpt lat="53.11810795346177" lon="-4.0233616250238429">
        <ele>0</ele>
      </trkpt>
      <trkpt lat="53.11802307839025" lon="-4.0233787907686454">
        <ele>0</ele>
      </trkpt>
      <trkpt lat="53.11791531565899" lon="-4.0234245660881189">
        <ele>0</ele>
      </trkpt>
      <trkpt lat="53.11780850658022" lon="-4.0234703414075925">
        <ele>0</ele>
      </trkpt>
      <trkpt lat="53.11773030707612" lon="-4.0234798779324823">
        <ele>0</ele>
      </trkpt>
      <trkpt lat="53.11765210757201" lon="-4.0234884608048835">
        <ele>0</ele>
      </trkpt>
      <trkpt lat="53.11753862292582" lon="-4.0235094411596428">
        <ele>0</ele>
      </trkpt>
      <trkpt lat="53.11742609193212" lon="-4.0235304215144012">
        <ele>0</ele>
      </trkpt>
      <trkpt lat="53.11731832920086" lon="-4.0235313751668906">
        <ele>0</ele>
      </trkpt>
      <trkpt lat="53.11720770551212" lon="-4.0235618920465397">
        <ele>0</ele>
      </trkpt>
      <trkpt lat="53.11714094983789" lon="-4.0235876406637434">
        <ele>0</ele>
      </trkpt>
      <trkpt lat="53.11688632462332" lon="-4.02360099179859">
        <ele>0</ele>
      </trkpt>
      <trkpt lat="53.11661167270648" lon="-4.0235571237840944">
        <ele>0</ele>
      </trkpt>
      <trkpt lat="53.11656685103949" lon="-4.0235637993515176">
        <ele>0</ele>
      </trkpt>
      <trkpt lat="53.11647911501051" lon="-4.0235227922944894">
        <ele>0</ele>
      </trkpt>
      <trkpt lat="53.11644382986841" lon="-4.0235123021171093">
        <ele>0</ele>
      </trkpt>
      <trkpt lat="53.11640759107382" lon="-4.0234817852374603">
        <ele>0</ele>
      </trkpt>
      <trkpt lat="53.11612435628459" lon="-4.0234808315849717">
        <ele>0</ele>
      </trkpt>
      <trkpt lat="53.11612435628459" lon="-4.0234808315849717">
        <ele>0</ele>
      </trkpt>
      <trkpt lat="53.11610814419227" lon="-4.0234817852374603">
        <ele>0</ele>
      </trkpt>
      <trkpt lat="53.11610814419227" lon="-4.0234817852374603">
        <ele>0</ele>
      </trkpt>
      <trkpt lat="53.11600896433341" lon="-4.0234913217623509">
        <ele>0</ele>
      </trkpt>
      <trkpt lat="53.11591073812704" lon="-4.0234999046347522">
        <ele>0</ele>
      </trkpt>
      <trkpt lat="53.11579820713333" lon="-4.0234999046347522">
        <ele>0</ele>
      </trkpt>
      <trkpt lat="53.11574194163648" lon="-4.0235227922944894">
        <ele>0</ele>
      </trkpt>
      <trkpt lat="53.11564276177762" lon="-4.0235857333587655">
        <ele>0</ele>
      </trkpt>
      <trkpt lat="53.11557123784095" lon="-4.023667747472822">
        <ele>0</ele>
      </trkpt>
      <trkpt lat="53.11549971390426" lon="-4.0237497615868785">
        <ele>0</ele>
      </trkpt>
      <trkpt lat="53.11539481213048" lon="-4.0238346366584032">
        <ele>0</ele>
      </trkpt>
      <trkpt lat="53.11530135418655" lon="-4.023925233644861">
        <ele>0</ele>
      </trkpt>
      <trkpt lat="53.11522601563991" lon="-4.0240129696738522">
        <ele>0</ele>
      </trkpt>
      <trkpt lat="53.11515163074577" lon="-4.0240997520503541">
        <ele>0</ele>
      </trkpt>
      <trkpt lat="53.11505817280185" lon="-4.024150295632273">
        <ele>0</ele>
      </trkpt>
      <trkpt lat="53.11496471485792" lon="-4.0242008392141919">
        <ele>0</ele>
      </trkpt>
      <trkpt lat="53.11487411787146" lon="-4.0242714094983798">
        <ele>0</ele>
      </trkpt>
      <trkpt lat="53.11478447453749" lon="-4.0243009727255403">
        <ele>0</ele>
      </trkpt>
      <trkpt lat="53.11452984932292" lon="-4.0244602326912089">
        <ele>0</ele>
      </trkpt>
      <trkpt lat="53.11449933244327" lon="-4.024472630173566">
        <ele>0</ele>
      </trkpt>
      <trkpt lat="53.11441064276179" lon="-4.024490749570858">
        <ele>0</ele>
      </trkpt>
      <trkpt lat="53.11435437726494" lon="-4.0245164981880617">
        <ele>0</ele>
      </trkpt>
      <trkpt lat="53.11424375357621" lon="-4.0245050543581931">
        <ele>0</ele>
      </trkpt>
      <trkpt lat="53.11421037573909" lon="-4.0245079153156604">
        <ele>0</ele>
      </trkpt>
      <trkpt lat="53.11410928857526" lon="-4.0245298493229082">
        <ele>0</ele>
      </trkpt>
      <trkpt lat="53.11400915506391" lon="-4.0245508296776666">
        <ele>0</ele>
      </trkpt>
      <trkpt lat="53.1139576578295" lon="-4.0245832538622937">
        <ele>0</ele>
      </trkpt>
      <trkpt lat="53.11391951172994" lon="-4.0246175853518986">
        <ele>0</ele>
      </trkpt>
      <trkpt lat="53.11389757772269" lon="-4.0246519168415045">
        <ele>0</ele>
      </trkpt>
      <trkpt lat="53.11384989509824" lon="-4.0246976921609781">
        <ele>0</ele>
      </trkpt>
      <trkpt lat="53.1138012588213" lon="-4.0247186725157365">
        <ele>0</ele>
      </trkpt>
      <trkpt lat="53.11371829105475" lon="-4.0247272553881377">
        <ele>0</ele>
      </trkpt>
      <trkpt lat="53.1136191111959" lon="-4.0246900629410653">
        <ele>0</ele>
      </trkpt>
      <trkpt lat="53.11359431623118" lon="-4.0246919702460433">
        <ele>0</ele>
      </trkpt>
      <trkpt lat="53.11352374594699" lon="-4.0247711234026333">
        <ele>0</ele>
      </trkpt>
      <trkpt lat="53.11345603662027" lon="-4.0247997329773044">
        <ele>0</ele>
      </trkpt>
      <trkpt lat="53.11338928094604" lon="-4.0248283425519755">
        <ele>0</ele>
      </trkpt>
      <trkpt lat="53.11329391569713" lon="-4.024845508296778">
        <ele>0</ele>
      </trkpt>
      <trkpt lat="53.1132185771505" lon="-4.0248741178714491">
        <ele>0</ele>
      </trkpt>
      <trkpt lat="53.11318233835592" lon="-4.0248941445737181">
        <ele>0</ele>
      </trkpt>
      <trkpt lat="53.11311558268169" lon="-4.0248998664886528">
        <ele>0</ele>
      </trkpt>
      <trkpt lat="53.11304882700745" lon="-4.0249046347510982">
        <ele>0</ele>
      </trkpt>
      <trkpt lat="53.11297253480833" lon="-4.024926568758346">
        <ele>0</ele>
      </trkpt>
      <trkpt lat="53.11289624260921" lon="-4.0249485027655938">
        <ele>0</ele>
      </trkpt>
      <trkpt lat="53.11282757962999" lon="-4.0249914171276">
        <ele>0</ele>
      </trkpt>
      <trkpt lat="53.11277989700555" lon="-4.0250295632271609">
        <ele>0</ele>
      </trkpt>
      <trkpt lat="53.11275033377839" lon="-4.0250305168796503">
        <ele>0</ele>
      </trkpt>
      <trkpt lat="53.11265401487699" lon="-4.0250095365248919">
        <ele>0</ele>
      </trkpt>
      <trkpt lat="53.11260061033761" lon="-4.0250200267022711">
        <ele>0</ele>
      </trkpt>
      <trkpt lat="53.11252431813848" lon="-4.0250467289719634">
        <ele>0</ele>
      </trkpt>
      <trkpt lat="53.1124613770742" lon="-4.0250829677665472">
        <ele>0</ele>
      </trkpt>
      <trkpt lat="53.11234789242801" lon="-4.0251640282281151">
        <ele>0</ele>
      </trkpt>
      <trkpt lat="53.11229353423614" lon="-4.0251811939729176">
        <ele>0</ele>
      </trkpt>
      <trkpt lat="53.11218004958994" lon="-4.025204081632654">
        <ele>0</ele>
      </trkpt>
      <trkpt lat="53.11213522792296" lon="-4.0251802403204282">
        <ele>0</ele>
      </trkpt>
      <trkpt lat="53.11208468434104" lon="-4.0251878695403409">
        <ele>0</ele>
      </trkpt>
      <trkpt lat="53.11205893572384" lon="-4.0251735647530049">
        <ele>0</ele>
      </trkpt>
      <trkpt lat="53.11203414075912" lon="-4.0251707037955384">
        <ele>0</ele>
      </trkpt>
      <trkpt lat="53.11200743848943" lon="-4.0251802403204282">
        <ele>0</ele>
      </trkpt>
      <trkpt lat="53.11196452412742" lon="-4.0252307839023471">
        <ele>0</ele>
      </trkpt>
      <trkpt lat="53.11192256341791" lon="-4.0253127980164036">
        <ele>0</ele>
      </trkpt>
      <trkpt lat="53.11189586114821" lon="-4.025382414648103">
        <ele>0</ele>
      </trkpt>
      <trkpt lat="53.11185676139616" lon="-4.0254348655349999">
        <ele>0</ele>
      </trkpt>
      <trkpt lat="53.11183768834638" lon="-4.0254482166698464">
        <ele>0</ele>
      </trkpt>
      <trkpt lat="53.11173564753005" lon="-4.025461567804693">
        <ele>0</ele>
      </trkpt>
      <trkpt lat="53.11173564753005" lon="-4.025461567804693">
        <ele>0</ele>
      </trkpt>
      <trkpt lat="53.11172038909023" lon="-4.0254768262445175">
        <ele>0</ele>
      </trkpt>
      <trkpt lat="53.11172038909023" lon="-4.0254768262445175">
        <ele>0</ele>
      </trkpt>
      <trkpt lat="53.11169845508298" lon="-4.0254949456418094">
        <ele>0</ele>
      </trkpt>
      <trkpt lat="53.11164123593364" lon="-4.0255111577341225">
        <ele>0</ele>
      </trkpt>
      <trkpt lat="53.11157161930194" lon="-4.025506389471678">
        <ele>0</ele>
      </trkpt>
      <trkpt lat="53.11152775128745" lon="-4.0255292771314144">
        <ele>0</ele>
      </trkpt>
      <trkpt lat="53.11148388327295" lon="-4.0255683768834647">
        <ele>0</ele>
      </trkpt>
      <trkpt lat="53.11140377646387" lon="-4.0255855426282672">
        <ele>0</ele>
      </trkpt>
      <trkpt lat="53.11130745756248" lon="-4.0256322716002302">
        <ele>0</ele>
      </trkpt>
      <trkpt lat="53.11121113866108" lon="-4.0256790005721923">
        <ele>0</ele>
      </trkpt>
      <trkpt lat="53.11114819759681" lon="-4.0257324051115786">
        <ele>0</ele>
      </trkpt>
      <trkpt lat="53.11104329582302" lon="-4.0257991607858106">
        <ele>0</ele>
      </trkpt>
      <trkpt lat="53.11097940110625" lon="-4.0258640091550646">
        <ele>0</ele>
      </trkpt>
      <trkpt lat="53.11097940110625" lon="-4.0258640091550646">
        <ele>0</ele>
      </trkpt>
      <trkpt lat="53.11093744039673" lon="-4.0258830822048459">
        <ele>0</ele>
      </trkpt>
      <trkpt lat="53.11090024794966" lon="-4.0259383940492093">
        <ele>0</ele>
      </trkpt>
      <trkpt lat="53.11081346557316" lon="-4.0260118252908654">
        <ele>0</ele>
      </trkpt>
      <trkpt lat="53.11075147816137" lon="-4.0260347129506018">
        <ele>0</ele>
      </trkpt>
      <trkpt lat="53.11069044440207" lon="-4.0260566469578496">
        <ele>0</ele>
      </trkpt>
      <trkpt lat="53.11064943734505" lon="-4.0260823955750533">
        <ele>0</ele>
      </trkpt>
      <trkpt lat="53.11057123784094" lon="-4.0261539195117306">
        <ele>0</ele>
      </trkpt>
      <trkpt lat="53.11053690635134" lon="-4.0262101850085843">
        <ele>0</ele>
      </trkpt>
      <trkpt lat="53.11043295823004" lon="-4.0263322525271805">
        <ele>0</ele>
      </trkpt>
      <trkpt lat="53.11041197787527" lon="-4.0263990082014125">
        <ele>0</ele>
      </trkpt>
      <trkpt lat="53.11039195117301" lon="-4.0264648102231559">
        <ele>0</ele>
      </trkpt>
      <trkpt lat="53.11037573908069" lon="-4.0265630364295264">
        <ele>0</ele>
      </trkpt>
      <trkpt lat="53.11035094411598" lon="-4.0266212092313571">
        <ele>0</ele>
      </trkpt>
      <trkpt lat="53.110306122449" lon="-4.0266870112531006">
        <ele>0</ele>
      </trkpt>
      <trkpt lat="53.1102622544345" lon="-4.026752813274844">
        <ele>0</ele>
      </trkpt>
      <trkpt lat="53.11024985695214" lon="-4.0268205226015654">
        <ele>0</ele>
      </trkpt>
      <trkpt lat="53.11023745946979" lon="-4.0268882319282868">
        <ele>0</ele>
      </trkpt>
      <trkpt lat="53.11023650581729" lon="-4.0269683387373654">
        <ele>0</ele>
      </trkpt>
      <trkpt lat="53.1102355521648" lon="-4.0270484455464439">
        <ele>0</ele>
      </trkpt>
      <trkpt lat="53.11024413503721" lon="-4.0271247377455666">
        <ele>0</ele>
      </trkpt>
      <trkpt lat="53.11025271790961" lon="-4.0272000762922007">
        <ele>0</ele>
      </trkpt>
      <trkpt lat="53.11024699599467" lon="-4.0272601563990094">
        <ele>0</ele>
      </trkpt>
      <trkpt lat="53.11020884989511" lon="-4.0273250047682634">
        <ele>0</ele>
      </trkpt>
      <trkpt lat="53.11016879649057" lon="-4.0273545679954239">
        <ele>0</ele>
      </trkpt>
      <trkpt lat="53.11013255769599" lon="-4.027368872782759">
        <ele>0</ele>
      </trkpt>
      <trkpt lat="53.11010490177381" lon="-4.0274175090597">
        <ele>0</ele>
      </trkpt>
      <trkpt lat="53.110087736029" lon="-4.0274766355140201">
        <ele>0</ele>
      </trkpt>
      <trkpt lat="53.11008582872402" lon="-4.0275672325004779">
        <ele>0</ele>
      </trkpt>
      <trkpt lat="53.11008392141905" lon="-4.0276568758344471">
        <ele>0</ele>
      </trkpt>
      <trkpt lat="53.11007343124167" lon="-4.0277350753385477">
        <ele>0</ele>
      </trkpt>
      <trkpt lat="53.11003814609958" lon="-4.0278323478924287">
        <ele>0</ele>
      </trkpt>
      <trkpt lat="53.11000286095748" lon="-4.0279286667938212">
        <ele>0</ele>
      </trkpt>
      <trkpt lat="53.10997997329775" lon="-4.0279467861911131">
        <ele>0</ele>
      </trkpt>
      <trkpt lat="53.1099580392905" lon="-4.0279811176807181">
        <ele>0</ele>
      </trkpt>
      <trkpt lat="53.10992942971583" lon="-4.028080297539578">
        <ele>0</ele>
      </trkpt>
      <trkpt lat="53.1098970055312" lon="-4.0281460995613214">
        <ele>0</ele>
      </trkpt>
      <trkpt lat="53.10986553499906" lon="-4.0282109479305754">
        <ele>0</ele>
      </trkpt>
      <trkpt lat="53.10986362769408" lon="-4.0282958230020993">
        <ele>0</ele>
      </trkpt>
      <trkpt lat="53.10983787907688" lon="-4.0283749761586893">
        <ele>0</ele>
      </trkpt>
      <trkpt lat="53.10983120350946" lon="-4.0284178905206955">
        <ele>0</ele>
      </trkpt>
      <trkpt lat="53.1098273888995" lon="-4.0285189776845325">
        <ele>0</ele>
      </trkpt>
      <trkpt lat="53.10981594506963" lon="-4.0285561701316048">
        <ele>0</ele>
      </trkpt>
      <trkpt lat="53.10979782567234" lon="-4.0286677474728219">
        <ele>0</ele>
      </trkpt>
      <trkpt lat="53.10978924279993" lon="-4.028692542437537">
        <ele>0</ele>
      </trkpt>
      <trkpt lat="53.10976730879269" lon="-4.0287201983597187">
        <ele>0</ele>
      </trkpt>
      <trkpt lat="53.10976063322526" lon="-4.028759298111769">
        <ele>0</ele>
      </trkpt>
      <trkpt lat="53.10976540148771" lon="-4.0288222391760451">
        <ele>0</ele>
      </trkpt>
      <trkpt lat="53.10975586496282" lon="-4.0288641998855628">
        <ele>0</ele>
      </trkpt>
      <trkpt lat="53.10977207705513" lon="-4.0289357238222401">
        <ele>0</ele>
      </trkpt>
      <trkpt lat="53.10978924279993" lon="-4.0290062941064289">
        <ele>0</ele>
      </trkpt>
      <trkpt lat="53.1098006866298" lon="-4.0291073812702667">
        <ele>0</ele>
      </trkpt>
      <trkpt lat="53.10979973297732" lon="-4.0292008392141918">
        <ele>0</ele>
      </trkpt>
      <trkpt lat="53.109783520885" lon="-4.0292695021934017">
        <ele>0</ele>
      </trkpt>
      <trkpt lat="53.10976826244518" lon="-4.0293372115201231">
        <ele>0</ele>
      </trkpt>
      <trkpt lat="53.10974728209042" lon="-4.0293944306694653">
        <ele>0</ele>
      </trkpt>
      <trkpt lat="53.10974728209042" lon="-4.0293944306694653">
        <ele>0</ele>
      </trkpt>
      <trkpt lat="53.10975395765784" lon="-4.0295021934007256">
        <ele>0</ele>
      </trkpt>
      <trkpt lat="53.10975395765784" lon="-4.0295021934007256">
        <ele>0</ele>
      </trkpt>
      <trkpt lat="53.10975681861531" lon="-4.0295346175853535">
        <ele>0</ele>
      </trkpt>
      <trkpt lat="53.10975205035287" lon="-4.0296013732595855">
        <ele>0</ele>
      </trkpt>
      <trkpt lat="53.10974728209042" lon="-4.0296671752813289">
        <ele>0</ele>
      </trkpt>
      <trkpt lat="53.10973393095557" lon="-4.0297520503528528">
        <ele>0</ele>
      </trkpt>
      <trkpt lat="53.10972820904064" lon="-4.0298226206370407">
        <ele>0</ele>
      </trkpt>
      <trkpt lat="53.10972248712571" lon="-4.0298931909212294">
        <ele>0</ele>
      </trkpt>
      <trkpt lat="53.10972630173566" lon="-4.0299933244325779">
        <ele>0</ele>
      </trkpt>
      <trkpt lat="53.10973011634562" lon="-4.0300934579439263">
        <ele>0</ele>
      </trkpt>
      <trkpt lat="53.10974251382797" lon="-4.0301888231928293">
        <ele>0</ele>
      </trkpt>
      <trkpt lat="53.10975491131033" lon="-4.0302832347892439">
        <ele>0</ele>
      </trkpt>
      <trkpt lat="53.10976826244518" lon="-4.0305283234789258">
        <ele>0</ele>
      </trkpt>
      <trkpt lat="53.10976730879269" lon="-4.030603662025559">
        <ele>0</ele>
      </trkpt>
      <trkpt lat="53.1097663551402" lon="-4.0306780469197037">
        <ele>0</ele>
      </trkpt>
      <trkpt lat="53.10976063322526" lon="-4.0307209612817099">
        <ele>0</ele>
      </trkpt>
      <trkpt lat="53.10977112340264" lon="-4.0308010680907884">
        <ele>0</ele>
      </trkpt>
      <trkpt lat="53.10980259393478" lon="-4.0308973869921809">
        <ele>0</ele>
      </trkpt>
      <trkpt lat="53.10986076673662" lon="-4.0309956131985514">
        <ele>0</ele>
      </trkpt>
      <trkpt lat="53.10988174709137" lon="-4.0310614152202948">
        <ele>0</ele>
      </trkpt>
      <trkpt lat="53.10989128361626" lon="-4.0311462902918187">
        <ele>0</ele>
      </trkpt>
      <trkpt lat="53.10990082014116" lon="-4.0312302117108541">
        <ele>0</ele>
      </trkpt>
      <trkpt lat="53.10993896624072" lon="-4.0312864772077068">
        <ele>0</ele>
      </trkpt>
      <trkpt lat="53.10995899294299" lon="-4.0313503719244714">
        <ele>0</ele>
      </trkpt>
      <trkpt lat="53.10997043677285" lon="-4.0314505054358207">
        <ele>0</ele>
      </trkpt>
      <trkpt lat="53.10998283425521" lon="-4.0315496852946797">
        <ele>0</ele>
      </trkpt>
      <trkpt lat="53.10998474156019" lon="-4.031621209231357">
        <ele>0</ele>
      </trkpt>
      <trkpt lat="53.10998664886517" lon="-4.0316927331680343">
        <ele>0</ele>
      </trkpt>
      <trkpt lat="53.11002098035478" lon="-4.0317766545870697">
        <ele>0</ele>
      </trkpt>
      <trkpt lat="53.11005245088691" lon="-4.0318224299065433">
        <ele>0</ele>
      </trkpt>
      <trkpt lat="53.11007819950412" lon="-4.0319168415029578">
        <ele>0</ele>
      </trkpt>
      <trkpt lat="53.110087736029" lon="-4.0320379553690646">
        <ele>0</ele>
      </trkpt>
      <trkpt lat="53.11007343124167" lon="-4.032105664695786">
        <ele>0</ele>
      </trkpt>
      <trkpt lat="53.11006008010682" lon="-4.0321733740225074">
        <ele>0</ele>
      </trkpt>
      <trkpt lat="53.11006484836927" lon="-4.0322124737745577">
        <ele>0</ele>
      </trkpt>
      <trkpt lat="53.11008582872402" lon="-4.0322439443066962">
        <ele>0</ele>
      </trkpt>
      <trkpt lat="53.11008582872402" lon="-4.0322439443066962">
        <ele>0</ele>
      </trkpt>
      <trkpt lat="53.11015163074577" lon="-4.0323583826053797">
        <ele>0</ele>
      </trkpt>
      <trkpt lat="53.11015163074577" lon="-4.0323583826053797">
        <ele>0</ele>
      </trkpt>
      <trkpt lat="53.11019454510777" lon="-4.0324613770741955">
        <ele>0</ele>
      </trkpt>
      <trkpt lat="53.11024699599467" lon="-4.0325214571810042">
        <ele>0</ele>
      </trkpt>
      <trkpt lat="53.11027751287432" lon="-4.0326072859050175">
        <ele>0</ele>
      </trkpt>
      <trkpt lat="53.11030802975397" lon="-4.0326931146290299">
        <ele>0</ele>
      </trkpt>
      <trkpt lat="53.11032424184629" lon="-4.0327818043105106">
        <ele>0</ele>
      </trkpt>
      <trkpt lat="53.11032042723633" lon="-4.0328199504100715">
        <ele>0</ele>
      </trkpt>
      <trkpt lat="53.11029944688157" lon="-4.0328437917222972">
        <ele>0</ele>
      </trkpt>
      <trkpt lat="53.11025176425712" lon="-4.0328485599847426">
        <ele>0</ele>
      </trkpt>
      <trkpt lat="53.11022696929241" lon="-4.0328580965096332">
        <ele>0</ele>
      </trkpt>
      <trkpt lat="53.11021171085258" lon="-4.0328847987793264">
        <ele>0</ele>
      </trkpt>
      <trkpt lat="53.11019359145529" lon="-4.0329372496662224">
        <ele>0</ele>
      </trkpt>
      <trkpt lat="53.1101926378028" lon="-4.0329839786381854">
        <ele>0</ele>
      </trkpt>
      <trkpt lat="53.11018024032044" lon="-4.0330202174327683">
        <ele>0</ele>
      </trkpt>
      <trkpt lat="53.11015258439826" lon="-4.0330679000572207">
        <ele>0</ele>
      </trkpt>
      <trkpt lat="53.11015067709328" lon="-4.0330898340644676">
        <ele>0</ele>
      </trkpt>
      <trkpt lat="53.11016688918559" lon="-4.0331346557314527">
        <ele>0</ele>
      </trkpt>
      <trkpt lat="53.11016784283808" lon="-4.0332433721152023">
        <ele>0</ele>
      </trkpt>
      <trkpt lat="53.11014972344079" lon="-4.0333263398817483">
        <ele>0</ele>
      </trkpt>
      <trkpt lat="53.11010871638376" lon="-4.0334102613007827">
        <ele>0</ele>
      </trkpt>
      <trkpt lat="53.11007247758918" lon="-4.0334588975777237">
        <ele>0</ele>
      </trkpt>
      <trkpt lat="53.11003433148962" lon="-4.0334751096700376">
        <ele>0</ele>
      </trkpt>
      <trkpt lat="53.1099923707801" lon="-4.0334760633225262">
        <ele>0</ele>
      </trkpt>
      <trkpt lat="53.10996185390045" lon="-4.0335084875071532">
        <ele>0</ele>
      </trkpt>
      <trkpt lat="53.10994754911312" lon="-4.0335819187488093">
        <ele>0</ele>
      </trkpt>
      <trkpt lat="53.10994468815565" lon="-4.0336448598130854">
        <ele>0</ele>
      </trkpt>
      <trkpt lat="53.10994182719818" lon="-4.0337078008773615">
        <ele>0</ele>
      </trkpt>
      <trkpt lat="53.10992752241085" lon="-4.0337755102040829">
        <ele>0</ele>
      </trkpt>
      <trkpt lat="53.10990272744613" lon="-4.0338146099561332">
        <ele>0</ele>
      </trkpt>
      <trkpt lat="53.10983406446692" lon="-4.0338432195308043">
        <ele>0</ele>
      </trkpt>
      <trkpt lat="53.10981213045967" lon="-4.0338832729353431">
        <ele>0</ele>
      </trkpt>
      <trkpt lat="53.10981213045967" lon="-4.0339366774747294">
        <ele>0</ele>
      </trkpt>
      <trkpt lat="53.10979401106238" lon="-4.0339710089643344">
        <ele>0</ele>
      </trkpt>
      <trkpt lat="53.10977398436011" lon="-4.0339776845317576">
        <ele>0</ele>
      </trkpt>
      <trkpt lat="53.10973774556553" lon="-4.0339681480068679">
        <ele>0</ele>
      </trkpt>
      <trkpt lat="53.10971008964335" lon="-4.0339452603471306">
        <ele>0</ele>
      </trkpt>
      <trkpt lat="53.10968243372117" lon="-4.0339423993896633">
        <ele>0</ele>
      </trkpt>
      <trkpt lat="53.10966717528134" lon="-4.0339567041769993">
        <ele>0</ele>
      </trkpt>
      <trkpt lat="53.10966145336641" lon="-4.0339853137516704">
        <ele>0</ele>
      </trkpt>
      <trkpt lat="53.10967766545872" lon="-4.0340406255960337">
        <ele>0</ele>
      </trkpt>
      <trkpt lat="53.10967766545872" lon="-4.0340711424756828">
        <ele>0</ele>
      </trkpt>
      <trkpt lat="53.10965954606143" lon="-4.0340778180431061">
        <ele>0</ele>
      </trkpt>
      <trkpt lat="53.10963379744422" lon="-4.0340549303833697">
        <ele>0</ele>
      </trkpt>
      <trkpt lat="53.10961472439445" lon="-4.0340110623688741">
        <ele>0</ele>
      </trkpt>
      <trkpt lat="53.10958706847227" lon="-4.0339814991417136">
        <ele>0</ele>
      </trkpt>
      <trkpt lat="53.1095660881175" lon="-4.0339710089643344">
        <ele>0</ele>
      </trkpt>
      <trkpt lat="53.10954320045776" lon="-4.0339919893190936">
        <ele>0</ele>
      </trkpt>
      <trkpt lat="53.10948693496091" lon="-4.0340234598512312">
        <ele>0</ele>
      </trkpt>
      <trkpt lat="53.10943353042153" lon="-4.0340883082204853">
        <ele>0</ele>
      </trkpt>
      <trkpt lat="53.10940778180432" lon="-4.0341054739652886">
        <ele>0</ele>
      </trkpt>
      <trkpt lat="53.10937345031472" lon="-4.0341102422277331">
        <ele>0</ele>
      </trkpt>
      <trkpt lat="53.10934770169752" lon="-4.0341226397100911">
        <ele>0</ele>
      </trkpt>
      <trkpt lat="53.10932004577533" lon="-4.0341474346748054">
        <ele>0</ele>
      </trkpt>
      <trkpt lat="53.10930955559795" lon="-4.0341808125119218">
        <ele>0</ele>
      </trkpt>
      <trkpt lat="53.10931623116538" lon="-4.0342361243562861">
        <ele>0</ele>
      </trkpt>
      <trkpt lat="53.10931241655542" lon="-4.0342618729734898">
        <ele>0</ele>
      </trkpt>
      <trkpt lat="53.10929620446311" lon="-4.0342799923707808">
        <ele>0</ele>
      </trkpt>
      <trkpt lat="53.10927331680337" lon="-4.0342761777608249">
        <ele>0</ele>
      </trkpt>
      <trkpt lat="53.1092361243563" lon="-4.0342342170513072">
        <ele>0</ele>
      </trkpt>
      <trkpt lat="53.10915124928477" lon="-4.0341941636467684">
        <ele>0</ele>
      </trkpt>
      <trkpt lat="53.10913694449744" lon="-4.0342065611291256">
        <ele>0</ele>
      </trkpt>
      <trkpt lat="53.10910356666032" lon="-4.0342590120160224">
        <ele>0</ele>
      </trkpt>
      <trkpt lat="53.10908926187299" lon="-4.0342523364485992">
        <ele>0</ele>
      </trkpt>
      <trkpt lat="53.10907781804312" lon="-4.0342361243562861">
        <ele>0</ele>
      </trkpt>
      <trkpt lat="53.10903776463858" lon="-4.0341646004196079">
        <ele>0</ele>
      </trkpt>
      <trkpt lat="53.10899771123404" lon="-4.0340930764829306">
        <ele>0</ele>
      </trkpt>
      <trkpt lat="53.10895575052452" lon="-4.0340444402059905">
        <ele>0</ele>
      </trkpt>
      <trkpt lat="53.10893953843221" lon="-4.0340024794964728">
        <ele>0</ele>
      </trkpt>
      <trkpt lat="53.10895002860959" lon="-4.0338909021552558">
        <ele>0</ele>
      </trkpt>
      <trkpt lat="53.10896051878697" lon="-4.0337783711615502">
        <ele>0</ele>
      </trkpt>
      <trkpt lat="53.10896051878697" lon="-4.0337783711615502">
        <ele>0</ele>
      </trkpt>
      <trkpt lat="53.10896242609195" lon="-4.0336629792103773">
        <ele>0</ele>
      </trkpt>
      <trkpt lat="53.10893477016976" lon="-4.0335838260537873">
        <ele>0</ele>
      </trkpt>
      <trkpt lat="53.10891283616252" lon="-4.0335809650963199">
        <ele>0</ele>
      </trkpt>
      <trkpt lat="53.10891283616252" lon="-4.0335809650963199">
        <ele>0</ele>
      </trkpt>
      <trkpt lat="53.10883368300593" lon="-4.0335456799542255">
        <ele>0</ele>
      </trkpt>
      <trkpt lat="53.10878600038147" lon="-4.033510394812132">
        <ele>0</ele>
      </trkpt>
      <trkpt lat="53.10868300591266" lon="-4.0334693877551029">
        <ele>0</ele>
      </trkpt>
      <trkpt lat="53.10858096509633" lon="-4.0334274270455861">
        <ele>0</ele>
      </trkpt>
      <trkpt lat="53.10848083158498" lon="-4.0334369635704759">
        <ele>0</ele>
      </trkpt>
      <trkpt lat="53.10838165172613" lon="-4.0334455464428771">
        <ele>0</ele>
      </trkpt>
      <trkpt lat="53.10833301544918" lon="-4.0334150295632281">
        <ele>0</ele>
      </trkpt>
      <trkpt lat="53.10826053786002" lon="-4.0333873736410464">
        <ele>0</ele>
      </trkpt>
      <trkpt lat="53.10819664314325" lon="-4.033396910165937">
        <ele>0</ele>
      </trkpt>
      <trkpt lat="53.10813274842648" lon="-4.0334064466908268">
        <ele>0</ele>
      </trkpt>
      <trkpt lat="53.10805073431243" lon="-4.0334484074003445">
        <ele>0</ele>
      </trkpt>
      <trkpt lat="53.10800209803549" lon="-4.033463665840169">
        <ele>0</ele>
      </trkpt>
      <trkpt lat="53.10789910356667" lon="-4.0335456799542255">
        <ele>0</ele>
      </trkpt>
      <trkpt lat="53.1078533282472" lon="-4.0336324623307283">
        <ele>0</ele>
      </trkpt>
      <trkpt lat="53.10778657257297" lon="-4.033676330345223">
        <ele>0</ele>
      </trkpt>
      <trkpt lat="53.10771981689874" lon="-4.0337201983597186">
        <ele>0</ele>
      </trkpt>
      <trkpt lat="53.10762349799734" lon="-4.0338251001335124">
        <ele>0</ele>
      </trkpt>
      <trkpt lat="53.10752717909595" lon="-4.0339290482548167">
        <ele>0</ele>
      </trkpt>
      <trkpt lat="53.10744802593936" lon="-4.0339948502765601">
        <ele>0</ele>
      </trkpt>
      <trkpt lat="53.1071838641999" lon="-4.0343829868395966">
        <ele>0</ele>
      </trkpt>
      <trkpt lat="53.1071838641999" lon="-4.0343829868395966">
        <ele>0</ele>
      </trkpt>
      <trkpt lat="53.10716765210758" lon="-4.0344611863436972">
        <ele>0</ele>
      </trkpt>
      <trkpt lat="53.10715144001527" lon="-4.0345393858477978">
        <ele>0</ele>
      </trkpt>
      <trkpt lat="53.10711615487318" lon="-4.0346051878695413">
        <ele>0</ele>
      </trkpt>
      <trkpt lat="53.10709994278086" lon="-4.0346881556360872">
        <ele>0</ele>
      </trkpt>
      <trkpt lat="53.10704844554645" lon="-4.0347224871256921">
        <ele>0</ele>
      </trkpt>
      <trkpt lat="53.10701602136183" lon="-4.0347177188632477">
        <ele>0</ele>
      </trkpt>
      <trkpt lat="53.10698741178716" lon="-4.0347482357428968">
        <ele>0</ele>
      </trkpt>
      <trkpt lat="53.10694640473013" lon="-4.0348445546442884">
        <ele>0</ele>
      </trkpt>
      <trkpt lat="53.10689204653826" lon="-4.0349475491131042">
        <ele>0</ele>
      </trkpt>
      <trkpt lat="53.10687488079346" lon="-4.0350181193972929">
        <ele>0</ele>
      </trkpt>
      <trkpt lat="53.10684627121878" lon="-4.0350276559221827">
        <ele>0</ele>
      </trkpt>
      <trkpt lat="53.10673660118254" lon="-4.0353614342933444">
        <ele>0</ele>
      </trkpt>
      <trkpt lat="53.10672325004769" lon="-4.0354281899675772">
        <ele>0</ele>
      </trkpt>
      <trkpt lat="53.10671085256534" lon="-4.0354939919893198">
        <ele>0</ele>
      </trkpt>
      <trkpt lat="53.1066793820332" lon="-4.03556360862102">
        <ele>0</ele>
      </trkpt>
      <trkpt lat="53.10665363341599" lon="-4.0355874499332458">
        <ele>0</ele>
      </trkpt>
      <trkpt lat="53.10664695784858" lon="-4.0356856761396163">
        <ele>0</ele>
      </trkpt>
      <trkpt lat="53.10662407018884" lon="-4.035727636849133">
        <ele>0</ele>
      </trkpt>
      <trkpt lat="53.1065925996567" lon="-4.0358182338355917">
        <ele>0</ele>
      </trkpt>
      <trkpt lat="53.1065744802594" lon="-4.0359031089071156">
        <ele>0</ele>
      </trkpt>
      <trkpt lat="53.10655159259967" lon="-4.0359250429143634">
        <ele>0</ele>
      </trkpt>
      <trkpt lat="53.10652012206753" lon="-4.0360204081632665">
        <ele>0</ele>
      </trkpt>
      <trkpt lat="53.10648865153539" lon="-4.0361157734121695">
        <ele>0</ele>
      </trkpt>
      <trkpt lat="53.10648674423042" lon="-4.0362092313560947">
        <ele>0</ele>
      </trkpt>
      <trkpt lat="53.10645241274081" lon="-4.0362750333778381">
        <ele>0</ele>
      </trkpt>
      <trkpt lat="53.10642284951365" lon="-4.0363532328819387">
        <ele>0</ele>
      </trkpt>
      <trkpt lat="53.10641426664125" lon="-4.036473393095557">
        <ele>0</ele>
      </trkpt>
      <trkpt lat="53.10642094220867" lon="-4.0365811558268181">
        <ele>0</ele>
      </trkpt>
      <trkpt lat="53.10641235933627" lon="-4.0367003623879469">
        <ele>0</ele>
      </trkpt>
      <trkpt lat="53.10639328628649" lon="-4.0367165744802609">
        <ele>0</ele>
      </trkpt>
      <trkpt lat="53.10637898149916" lon="-4.0367442304024426">
        <ele>0</ele>
      </trkpt>
      <trkpt lat="53.10640663742134" lon="-4.0371237840930778">
        <ele>0</ele>
      </trkpt>
      <trkpt lat="53.10642380316614" lon="-4.0371934007247772">
        <ele>0</ele>
      </trkpt>
      <trkpt lat="53.10644192256343" lon="-4.0372630173564765">
        <ele>0</ele>
      </trkpt>
      <trkpt lat="53.10649341979784" lon="-4.0373583826053796">
        <ele>0</ele>
      </trkpt>
      <trkpt lat="53.10652393667749" lon="-4.0374508868968162">
        <ele>0</ele>
      </trkpt>
      <trkpt lat="53.10652202937251" lon="-4.0375433911882519">
        <ele>0</ele>
      </trkpt>
      <trkpt lat="53.10652107572002" lon="-4.0376358954796885">
        <ele>0</ele>
      </trkpt>
      <trkpt lat="53.10656589738701" lon="-4.0377465191684161">
        <ele>0</ele>
      </trkpt>
      <trkpt lat="53.10658878504674" lon="-4.0378352088498959">
        <ele>0</ele>
      </trkpt>
      <trkpt lat="53.10661167270648" lon="-4.0379229448788871">
        <ele>0</ele>
      </trkpt>
      <trkpt lat="53.10661548731643" lon="-4.038042151440016">
        <ele>0</ele>
      </trkpt>
      <trkpt lat="53.10662025557888" lon="-4.0381604043486563">
        <ele>0</ele>
      </trkpt>
      <trkpt lat="53.10663646767119" lon="-4.0382557695975594">
        <ele>0</ele>
      </trkpt>
      <trkpt lat="53.10665363341599" lon="-4.0383511348464634">
        <ele>0</ele>
      </trkpt>
      <trkpt lat="53.10665649437346" lon="-4.0384169368682068">
        <ele>0</ele>
      </trkpt>
      <trkpt lat="53.10666030898342" lon="-4.0384827388899494">
        <ele>0</ele>
      </trkpt>
      <trkpt lat="53.10664028228115" lon="-4.0385504482166708">
        <ele>0</ele>
      </trkpt>
      <trkpt lat="53.10662025557888" lon="-4.0386181575433922">
        <ele>0</ele>
      </trkpt>
      <trkpt lat="53.10662407018884" lon="-4.0387097081823393">
        <ele>0</ele>
      </trkpt>
      <trkpt lat="53.10664409689111" lon="-4.0387869540339514">
        <ele>0</ele>
      </trkpt>
      <trkpt lat="53.10664409689111" lon="-4.0387869540339514">
        <ele>0</ele>
      </trkpt>
      <trkpt lat="53.10663265306124" lon="-4.0388413122258262">
        <ele>0</ele>
      </trkpt>
      <trkpt lat="53.10661739462142" lon="-4.0391312225824922">
        <ele>0</ele>
      </trkpt>
      <trkpt lat="53.10655636086211" lon="-4.0393734503147067">
        <ele>0</ele>
      </trkpt>
      <trkpt lat="53.10644096891095" lon="-4.0396833873736417">
        <ele>0</ele>
      </trkpt>
      <trkpt lat="53.10643143238605" lon="-4.0397377455655175">
        <ele>0</ele>
      </trkpt>
      <trkpt lat="53.10643524699601" lon="-4.0397787526225457">
        <ele>0</ele>
      </trkpt>
      <trkpt lat="53.10641808125121" lon="-4.0398683959565149">
        <ele>0</ele>
      </trkpt>
      <trkpt lat="53.10641617394623" lon="-4.0400000000000009">
        <ele>0</ele>
      </trkpt>
      <trkpt lat="53.10641617394623" lon="-4.0399999999999832">
        <ele>0</ele>
      </trkpt>
      <trkpt lat="53.10641426664125" lon="-4.0400658020217266">
        <ele>0</ele>
      </trkpt>
      <trkpt lat="53.10642189586116" lon="-4.0401907304977893">
        <ele>0</ele>
      </trkpt>
      <trkpt lat="53.10642952508108" lon="-4.0402317375548176">
        <ele>0</ele>
      </trkpt>
      <trkpt lat="53.10641426664125" lon="-4.0404262826625805">
        <ele>0</ele>
      </trkpt>
      <trkpt lat="53.10641903490369" lon="-4.0404930383368134">
        <ele>0</ele>
      </trkpt>
      <trkpt lat="53.10644192256343" lon="-4.0405950791531398">
        <ele>0</ele>
      </trkpt>
      <trkpt lat="53.10648197596797" lon="-4.0406151058554096">
        <ele>0</ele>
      </trkpt>
      <trkpt lat="53.10652107572002" lon="-4.0406742323097289">
        <ele>0</ele>
      </trkpt>
      <trkpt lat="53.1065744802594" lon="-4.0408230020980183">
        <ele>0</ele>
      </trkpt>
      <trkpt lat="53.1065744802594" lon="-4.0409536524890157">
        <ele>0</ele>
      </trkpt>
      <trkpt lat="53.10653442685486" lon="-4.0410776273125899">
        <ele>0</ele>
      </trkpt>
      <trkpt lat="53.10643143238605" lon="-4.0413074575624472">
        <ele>0</ele>
      </trkpt>
      <trkpt lat="53.1063055502575" lon="-4.0414829296204289">
        <ele>0</ele>
      </trkpt>
      <trkpt lat="53.10619015830633" lon="-4.041720389090198">
        <ele>0</ele>
      </trkpt>
      <trkpt lat="53.10604043486555" lon="-4.0421104329582134">
        <ele>0</ele>
      </trkpt>
      <trkpt lat="53.105914552737" lon="-4.0424890329963592">
        <ele>0</ele>
      </trkpt>
      <trkpt lat="53.10566660308985" lon="-4.0430173564752829">
        <ele>0</ele>
      </trkpt>
      <trkpt lat="53.10551878695405" lon="-4.0432815182147452">
        <ele>0</ele>
      </trkpt>
      <trkpt lat="53.10549399198933" lon="-4.0432929620446139">
        <ele>0</ele>
      </trkpt>
      <trkpt lat="53.10546633606715" lon="-4.0433749761586704">
        <ele>0</ele>
      </trkpt>
      <trkpt lat="53.10544917032234" lon="-4.0436296013732429">
        <ele>0</ele>
      </trkpt>
      <trkpt lat="53.10543200457754" lon="-4.0437907686438894">
        <ele>0</ele>
      </trkpt>
      <trkpt lat="53.1053747854282" lon="-4.0439185580774195">
        <ele>0</ele>
      </trkpt>
      <trkpt lat="53.10531279801641" lon="-4.0440778180430881">
        <ele>0</ele>
      </trkpt>
      <trkpt lat="53.1052708373069" lon="-4.044239938966224">
        <ele>0</ele>
      </trkpt>
      <trkpt lat="53.10525748617205" lon="-4.044612817089436">
        <ele>0</ele>
      </trkpt>
      <trkpt lat="53.10524222773223" lon="-4.0447682624451478">
        <ele>0</ele>
      </trkpt>
      <trkpt lat="53.10520598893765" lon="-4.044971390425312">
        <ele>0</ele>
      </trkpt>
      <trkpt lat="53.10522792294489" lon="-4.0453070761014516">
        <ele>0</ele>
      </trkpt>
      <trkpt lat="53.10519549876027" lon="-4.0453948121304428">
        <ele>0</ele>
      </trkpt>
      <trkpt lat="53.10517356475302" lon="-4.045518786954017">
        <ele>0</ele>
      </trkpt>
      <trkpt lat="53.10522315468245" lon="-4.0459021552546082">
        <ele>0</ele>
      </trkpt>
      <trkpt lat="53.10520884989511" lon="-4.0462454701506596">
        <ele>0</ele>
      </trkpt>
      <trkpt lat="53.10517070379555" lon="-4.0465678046919535">
        <ele>0</ele>
      </trkpt>
      <trkpt lat="53.10504386801451" lon="-4.0469988556169962">
        <ele>0</ele>
      </trkpt>
      <trkpt lat="53.10502860957468" lon="-4.0471161548731471">
        <ele>0</ele>
      </trkpt>
      <trkpt lat="53.10499046347513" lon="-4.0472239176044082">
        <ele>0</ele>
      </trkpt>
      <trkpt lat="53.10494087354569" lon="-4.0474680526416007">
        <ele>0</ele>
      </trkpt>
      <trkpt lat="53.104871256914" lon="-4.0476139614724227">
        <ele>0</ele>
      </trkpt>
      <trkpt lat="53.10476063322527" lon="-4.0477474728208866">
        <ele>0</ele>
      </trkpt>
      <trkpt lat="53.10461472439444" lon="-4.0482529086400749">
        <ele>0</ele>
      </trkpt>
      <trkpt lat="53.10452222010301" lon="-4.0483473202364886">
        <ele>0</ele>
      </trkpt>
      <trkpt lat="53.10444592790389" lon="-4.0484712950600628">
        <ele>0</ele>
      </trkpt>
      <trkpt lat="53.10435819187489" lon="-4.0487287812321018">
        <ele>0</ele>
      </trkpt>
      <trkpt lat="53.10422849513638" lon="-4.0492227732214214">
        <ele>0</ele>
      </trkpt>
      <trkpt lat="53.10417699790198" lon="-4.0495861148197427">
        <ele>0</ele>
      </trkpt>
      <trkpt lat="53.10416364676713" lon="-4.0498626740415622">
        <ele>0</ele>
      </trkpt>
      <trkpt lat="53.10408353995805" lon="-4.0501049017737767">
        <ele>0</ele>
      </trkpt>
      <trkpt lat="53.10401296967387" lon="-4.0506570665649271">
        <ele>0</ele>
      </trkpt>
      <trkpt lat="53.10395098226208" lon="-4.0507695975586326">
        <ele>0</ele>
      </trkpt>
      <trkpt lat="53.10384894144575" lon="-4.0508687774174916">
        <ele>0</ele>
      </trkpt>
      <trkpt lat="53.10372019835973" lon="-4.0510452031279627">
        <ele>0</ele>
      </trkpt>
      <trkpt lat="53.10362006484839" lon="-4.0512235361434126">
        <ele>0</ele>
      </trkpt>
      <trkpt lat="53.10351230211712" lon="-4.0514667175281156">
        <ele>0</ele>
      </trkpt>
      <trkpt lat="53.10346557314516" lon="-4.0516288384512515">
        <ele>0</ele>
      </trkpt>
      <trkpt lat="53.10341693686822" lon="-4.0520122067518427">
        <ele>0</ele>
      </trkpt>
      <trkpt lat="53.10335208849897" lon="-4.0522334541292979">
        <ele>0</ele>
      </trkpt>
      <trkpt lat="53.1032881937822" lon="-4.0523822239175873">
        <ele>0</ele>
      </trkpt>
      <trkpt lat="53.10321094793058" lon="-4.0525853518977515">
        <ele>0</ele>
      </trkpt>
      <trkpt lat="53.10312607285906" lon="-4.0531317947739671">
        <ele>0</ele>
      </trkpt>
      <trkpt lat="53.1030793438871" lon="-4.0536210185008414">
        <ele>0</ele>
      </trkpt>
      <trkpt lat="53.10310318519933" lon="-4.0541865344268375">
        <ele>0</ele>
      </trkpt>
      <trkpt lat="53.10314228495137" lon="-4.0545327102803572">
        <ele>0</ele>
      </trkpt>
      <trkpt lat="53.10307743658213" lon="-4.0548569521266282">
        <ele>0</ele>
      </trkpt>
      <trkpt lat="53.10292962044633" lon="-4.055125882128535">
        <ele>0</ele>
      </trkpt>
      <trkpt lat="53.10277894335306" lon="-4.0553566660308809">
        <ele>0</ele>
      </trkpt>
      <trkpt lat="53.10263684913219" lon="-4.0556503909975037">
        <ele>0</ele>
      </trkpt>
      <trkpt lat="53.10254339118826" lon="-4.0559612817089281">
        <ele>0</ele>
      </trkpt>
      <trkpt lat="53.1024966622163" lon="-4.0561949265687414">
        <ele>0</ele>
      </trkpt>
      <trkpt lat="53.10241369444976" lon="-4.0563017356475131">
        <ele>0</ele>
      </trkpt>
      <trkpt lat="53.1023230974633" lon="-4.0564543200457583">
        <ele>0</ele>
      </trkpt>
      <trkpt lat="53.10216193019265" lon="-4.0567823765019853">
        <ele>0</ele>
      </trkpt>
      <trkpt lat="53.10207800877362" lon="-4.0570770551210966">
        <ele>0</ele>
      </trkpt>
      <trkpt lat="53.10207324051117" lon="-4.0574470722868412">
        <ele>0</ele>
      </trkpt>
      <trkpt lat="53.10210375739082" lon="-4.0575119206560961">
        <ele>0</ele>
      </trkpt>
      <trkpt lat="53.10210375739082" lon="-4.0577503337783538">
        <ele>0</ele>
      </trkpt>
      <trkpt lat="53.10213808888042" lon="-4.0579086400915338">
        <ele>0</ele>
      </trkpt>
      <trkpt lat="53.1021409498379" lon="-4.058101277894318">
        <ele>0</ele>
      </trkpt>
      <trkpt lat="53.10205607476637" lon="-4.0584074003432979">
        <ele>0</ele>
      </trkpt>
      <trkpt lat="53.10203509441161" lon="-4.0585256532519383">
        <ele>0</ele>
      </trkpt>
      <trkpt lat="53.10195403395004" lon="-4.0586458134655565">
        <ele>0</ele>
      </trkpt>
      <trkpt lat="53.1017928666794" lon="-4.0589118825099959">
        <ele>0</ele>
      </trkpt>
      <trkpt lat="53.10165935533093" lon="-4.0591855807743489">
        <ele>0</ele>
      </trkpt>
      <trkpt lat="53.1015144001526" lon="-4.0591131031851821">
        <ele>0</ele>
      </trkpt>
      <trkpt lat="53.10129124547016" lon="-4.0595308029753783">
        <ele>0</ele>
      </trkpt>
      <trkpt lat="53.101218767881" lon="-4.0597539576578123">
        <ele>0</ele>
      </trkpt>
      <trkpt lat="53.10110337592982" lon="-4.0599999999999827">
        <ele>0</ele>
      </trkpt>
      <trkpt lat="53.10110337592982" lon="-4.0599999999999934">
        <ele>0</ele>
      </trkpt>
      <trkpt lat="53.10104997139044" lon="-4.0601039481212977">
        <ele>0</ele>
      </trkpt>
      <trkpt lat="53.10099752050354" lon="-4.0602069425901135">
        <ele>0</ele>
      </trkpt>
      <trkpt lat="53.10093744039673" lon="-4.0603023078390166">
        <ele>0</ele>
      </trkpt>
      <trkpt lat="53.10087736028992" lon="-4.0603967194354311">
        <ele>0</ele>
      </trkpt>
      <trkpt lat="53.10076006103377" lon="-4.060434865534992">
        <ele>0</ele>
      </trkpt>
      <trkpt lat="53.10076769025368" lon="-4.0605416746137637">
        <ele>0</ele>
      </trkpt>
      <trkpt lat="53.1007753194736" lon="-4.0606484836925354">
        <ele>0</ele>
      </trkpt>
      <trkpt lat="53.10079820713334" lon="-4.0607152393667683">
        <ele>0</ele>
      </trkpt>
      <trkpt lat="53.10082109479307" lon="-4.0607819950410002">
        <ele>0</ele>
      </trkpt>
      <trkpt lat="53.10088880411979" lon="-4.0610337592981045">
        <ele>0</ele>
      </trkpt>
      <trkpt lat="53.10083921419037" lon="-4.0611043295822933">
        <ele>0</ele>
      </trkpt>
      <trkpt lat="53.10087736028992" lon="-4.0611844363913718">
        <ele>0</ele>
      </trkpt>
      <trkpt lat="53.10086305550259" lon="-4.0612464238031594">
        <ele>0</ele>
      </trkpt>
      <trkpt lat="53.10084875071525" lon="-4.061308411214946">
        <ele>0</ele>
      </trkpt>
      <trkpt lat="53.10082300209805" lon="-4.0613847034140687">
        <ele>0</ele>
      </trkpt>
      <trkpt lat="53.10085637993517" lon="-4.0614838832729285">
        <ele>0</ele>
      </trkpt>
      <trkpt lat="53.10079439252338" lon="-4.0620608430287932">
        <ele>0</ele>
      </trkpt>
      <trkpt lat="53.10076578294871" lon="-4.0621819568949009">
        <ele>0</ele>
      </trkpt>
      <trkpt lat="53.10076006103377" lon="-4.0623002098035403">
        <ele>0</ele>
      </trkpt>
      <trkpt lat="53.10063799351518" lon="-4.0627179095937374">
        <ele>0</ele>
      </trkpt>
      <trkpt lat="53.10066851039483" lon="-4.0628237650200196">
        <ele>0</ele>
      </trkpt>
      <trkpt lat="53.10066088117491" lon="-4.0629448788861273">
        <ele>0</ele>
      </trkpt>
      <trkpt lat="53.10069044440208" lon="-4.0630459660499643">
        <ele>0</ele>
      </trkpt>
      <trkpt lat="53.10072000762923" lon="-4.0631460995613127">
        <ele>0</ele>
      </trkpt>
      <trkpt lat="53.10079439252338" lon="-4.063521838641992">
        <ele>0</ele>
      </trkpt>
      <trkpt lat="53.10082586305552" lon="-4.063633415983209">
        <ele>0</ele>
      </trkpt>
      <trkpt lat="53.10082109479307" lon="-4.063746900629404">
        <ele>0</ele>
      </trkpt>
      <trkpt lat="53.10081728018312" lon="-4.063860385275599">
        <ele>0</ele>
      </trkpt>
      <trkpt lat="53.10080202174329" lon="-4.063961472439436">
        <ele>0</ele>
      </trkpt>
      <trkpt lat="53.10078676330347" lon="-4.0640616059507844">
        <ele>0</ele>
      </trkpt>
      <trkpt lat="53.10074098798399" lon="-4.0641445737173303">
        <ele>0</ele>
      </trkpt>
      <trkpt lat="53.10068853709709" lon="-4.0642609193209926">
        <ele>0</ele>
      </trkpt>
      <trkpt lat="53.1006360862102" lon="-4.064377264924655">
        <ele>0</ele>
      </trkpt>
      <trkpt lat="53.10056456227352" lon="-4.0644659546061348">
        <ele>0</ele>
      </trkpt>
      <trkpt lat="53.10067613961474" lon="-4.0648302498569455">
        <ele>0</ele>
      </trkpt>
      <trkpt lat="53.10050352851422" lon="-4.0652031279801575">
        <ele>0</ele>
      </trkpt>
      <trkpt lat="53.10045489223728" lon="-4.0652975395765711">
        <ele>0</ele>
      </trkpt>
      <trkpt lat="53.10040625596034" lon="-4.0653909975204972">
        <ele>0</ele>
      </trkpt>
      <trkpt lat="53.10023936677476" lon="-4.0657419416364604">
        <ele>0</ele>
      </trkpt>
      <trkpt lat="53.10019645241275" lon="-4.0658220484455398">
        <ele>0</ele>
      </trkpt>
      <trkpt lat="53.10015353805075" lon="-4.065901201602129">
        <ele>0</ele>
      </trkpt>
      <trkpt lat="53.10013637230595" lon="-4.0659879839786317">
        <ele>0</ele>
      </trkpt>
      <trkpt lat="53.10012016021363" lon="-4.0660738127026441">
        <ele>0</ele>
      </trkpt>
      <trkpt lat="53.10017642571049" lon="-4.0661787144764379">
        <ele>0</ele>
      </trkpt>
      <trkpt lat="53.10011062368874" lon="-4.0662921991226328">
        <ele>0</ele>
      </trkpt>
      <trkpt lat="53.10004577531949" lon="-4.0664056837688278">
        <ele>0</ele>
      </trkpt>
      <trkpt lat="53.1000972725539" lon="-4.0665201220675113">
        <ele>0</ele>
      </trkpt>
      <trkpt lat="53.10004863627695" lon="-4.06661071905397">
        <ele>0</ele>
      </trkpt>
      <trkpt lat="53.10000000000002" lon="-4.0667013160404277">
        <ele>0</ele>
      </trkpt>
      <trkpt lat="53.1" lon="-4.0667013160404277">
        <ele>0</ele>
      </trkpt>
      <trkpt lat="53.1" lon="-4.066709898912829">
        <ele>0</ele>
      </trkpt>
      <trkpt lat="53.10000000000002" lon="-4.066709898912829">
        <ele>0</ele>
      </trkpt>
      <trkpt lat="53.10003433148962" lon="-4.0667919130268864">
        <ele>0</ele>
      </trkpt>
      <trkpt lat="53.10000000000002" lon="-4.0668319664314252">
        <ele>0</ele>
      </trkpt>
      <trkpt lat="53.1" lon="-4.0668319664314252">
        <ele>0</ele>
      </trkpt>
      <trkpt lat="53.09993705893573" lon="-4.0669063513255699">
        <ele>0</ele>
      </trkpt>
      <trkpt lat="53.09982929620447" lon="-4.06734026320808">
        <ele>0</ele>
      </trkpt>
      <trkpt lat="53.09978733549495" lon="-4.0674680526416109">
        <ele>0</ele>
      </trkpt>
      <trkpt lat="53.09978924279993" lon="-4.0676883463665776">
        <ele>0</ele>
      </trkpt>
      <trkpt lat="53.09977016975014" lon="-4.0680583635323222">
        <ele>0</ele>
      </trkpt>
      <trkpt lat="53.09974346748045" lon="-4.0682300209803479">
        <ele>0</ele>
      </trkpt>
      <trkpt lat="53.09966812893382" lon="-4.0683835590310826">
        <ele>0</ele>
      </trkpt>
      <trkpt lat="53.09936009917986" lon="-4.0687402250619806">
        <ele>0</ele>
      </trkpt>
      <trkpt lat="53.09926664123594" lon="-4.0689509822620566">
        <ele>0</ele>
      </trkpt>
      <trkpt lat="53.09918939538433" lon="-4.0690625596032737">
        <ele>0</ele>
      </trkpt>
      <trkpt lat="53.09908888885136" lon="-4.0691105076740488">
        <ele>0</ele>
      </trkpt>
      <trkpt lat="53.09908888881861" lon="-4.0691105076767782">
        <ele>0</ele>
      </trkpt>
      <trkpt lat="53.09907400343315" lon="-4.0691436200648416">
        <ele>0</ele>
      </trkpt>
      <trkpt lat="53.09902727446119" lon="-4.0692466145336574">
        <ele>0</ele>
      </trkpt>
      <trkpt lat="53.09900534045394" lon="-4.0693324432576699">
        <ele>0</ele>
      </trkpt>
      <trkpt lat="53.09898531375167" lon="-4.0693829868395888">
        <ele>0</ele>
      </trkpt>
      <trkpt lat="53.09895002860958" lon="-4.0694230402441285">
        <ele>0</ele>
      </trkpt>
      <trkpt lat="53.09885180240321" lon="-4.0694907495708499">
        <ele>0</ele>
      </trkpt>
      <trkpt lat="53.0987745565516" lon="-4.0695737173373958">
        <ele>0</ele>
      </trkpt>
      <trkpt lat="53.09867346938776" lon="-4.069665267976343">
        <ele>0</ele>
      </trkpt>
      <trkpt lat="53.09861815754339" lon="-4.069732023650575">
        <ele>0</ele>
      </trkpt>
      <trkpt lat="53.09859240892619" lon="-4.0697959183673404">
        <ele>0</ele>
      </trkpt>
      <trkpt lat="53.09859240892619" lon="-4.0697959183673404">
        <ele>0</ele>
      </trkpt>
      <trkpt lat="53.0985742895289" lon="-4.0698674423040178">
        <ele>0</ele>
      </trkpt>
      <trkpt lat="53.0985571237841" lon="-4.0699380125882056">
        <ele>0</ele>
      </trkpt>
      <trkpt lat="53.09853900438681" lon="-4.0699809269502127">
        <ele>0</ele>
      </trkpt>
      <trkpt lat="53.09851707037956" lon="-4.070007629219905">
        <ele>0</ele>
      </trkpt>
      <trkpt lat="53.0983997711234" lon="-4.0701020408163195">
        <ele>0</ele>
      </trkpt>
      <trkpt lat="53.09828342551975" lon="-4.0701954987602447">
        <ele>0</ele>
      </trkpt>
      <trkpt lat="53.09821094793057" lon="-4.0702632080869661">
        <ele>0</ele>
      </trkpt>
      <trkpt lat="53.09812511920656" lon="-4.0703652489032924">
        <ele>0</ele>
      </trkpt>
      <trkpt lat="53.09805645622735" lon="-4.0704262826625905">
        <ele>0</ele>
      </trkpt>
      <trkpt lat="53.09754372730931" lon="-4.0707779498944854">
        <ele>0</ele>
      </trkpt>
      <trkpt lat="53.09754372723977" lon="-4.0707779497238938">
        <ele>0</ele>
      </trkpt>
      <trkpt lat="53.09762159069236" lon="-4.0709689109288503">
        <ele>0</ele>
      </trkpt>
      <trkpt lat="53.09776177760824" lon="-4.0713560938393982">
        <ele>0</ele>
      </trkpt>
      <trkpt lat="53.09789528895671" lon="-4.0716707991607786">
        <ele>0</ele>
      </trkpt>
      <trkpt lat="53.09807457562464" lon="-4.0719683387373573">
        <ele>0</ele>
      </trkpt>
      <trkpt lat="53.09845508296777" lon="-4.0724566088117422">
        <ele>0</ele>
      </trkpt>
      <trkpt lat="53.09945546442876" lon="-4.0737125691397988">
        <ele>0</ele>
      </trkpt>
      <trkpt lat="53.09959565134465" lon="-4.0739252336448528">
        <ele>0</ele>
      </trkpt>
      <trkpt lat="53.099695784856" lon="-4.0741131031851925">
        <ele>0</ele>
      </trkpt>
      <trkpt lat="53.09980450123975" lon="-4.0743610528323408">
        <ele>0</ele>
      </trkpt>
      <trkpt lat="53.09988365439634" lon="-4.0745813465573075">
        <ele>0</ele>
      </trkpt>
      <trkpt lat="53.09993801258822" lon="-4.0747701697501366">
        <ele>0</ele>
      </trkpt>
      <trkpt lat="53.1" lon="-4.0750410070570213">
        <ele>0</ele>
      </trkpt>
      <trkpt lat="53.10000000000002" lon="-4.0750410070570213">
        <ele>0</ele>
      </trkpt>
      <trkpt lat="53.10003433148962" lon="-4.0752555788670541">
        <ele>0</ele>
      </trkpt>
      <trkpt lat="53.10016307457564" lon="-4.0765725729544089">
        <ele>0</ele>
      </trkpt>
      <trkpt lat="53.10020694259013" lon="-4.0769311462902849">
        <ele>0</ele>
      </trkpt>
      <trkpt lat="53.10027179095939" lon="-4.077298302498563">
        <ele>0</ele>
      </trkpt>
      <trkpt lat="53.10031279801642" lon="-4.0774709135990781">
        <ele>0</ele>
      </trkpt>
      <trkpt lat="53.10039862674043" lon="-4.0777598703032547">
        <ele>0</ele>
      </trkpt>
      <trkpt lat="53.1004625214572" lon="-4.077942971581149">
        <ele>0</ele>
      </trkpt>
      <trkpt lat="53.10054644287623" lon="-4.0781537287812251">
        <ele>0</ele>
      </trkpt>
      <trkpt lat="53.10068949074959" lon="-4.0784560366202491">
        <ele>0</ele>
      </trkpt>
      <trkpt lat="53.10084207514783" lon="-4.0787144764447767">
        <ele>0</ele>
      </trkpt>
      <trkpt lat="53.10097177188634" lon="-4.0789195117299188">
        <ele>0</ele>
      </trkpt>
      <trkpt lat="53.10111577341218" lon="-4.0791035666603026">
        <ele>0</ele>
      </trkpt>
      <trkpt lat="53.10172134274272" lon="-4.0797024604234151">
        <ele>0</ele>
      </trkpt>
      <trkpt lat="53.10201125309938" lon="-4.079999999999993">
        <ele>0</ele>
      </trkpt>
      <trkpt lat="53.10201125309938" lon="-4.0800000000000036">
        <ele>0</ele>
      </trkpt>
      <trkpt lat="53.10271028037385" lon="-4.0807200076292229">
        <ele>0</ele>
      </trkpt>
      <trkpt lat="53.10282757963" lon="-4.0808325386229294">
        <ele>0</ele>
      </trkpt>
      <trkpt lat="53.10307743658213" lon="-4.0811081441922594">
        <ele>0</ele>
      </trkpt>
      <trkpt lat="53.1032443257677" lon="-4.0813084112149562">
        <ele>0</ele>
      </trkpt>
      <trkpt lat="53.10336925424377" lon="-4.0814733930955596">
        <ele>0</ele>
      </trkpt>
      <trkpt lat="53.10363436963572" lon="-4.0818672515735299">
        <ele>0</ele>
      </trkpt>
      <trkpt lat="53.10380411977876" lon="-4.08215334732024">
        <ele>0</ele>
      </trkpt>
      <trkpt lat="53.10398912836164" lon="-4.0825090596986495">
        <ele>0</ele>
      </trkpt>
      <trkpt lat="53.10398912836164" lon="-4.0825090596986495">
        <ele>0</ele>
      </trkpt>
      <trkpt lat="53.10403777195592" lon="-4.0824483448438684">
        <ele>0</ele>
      </trkpt>
    </trkseg>
  </trk>
  <trk>
    <name>Day 2 - Peaks (old)</name>
    <extensions>
      <gpxx:TrackExtension>
        <gpxx:DisplayColor>Green</gpxx:DisplayColor>
      </gpxx:TrackExtension>
    </extensions>
    <trkseg>
      <trkpt lat="53.12337474762887" lon="-4.0196672581947555">
        <ele>0</ele>
      </trkpt>
      <trkpt lat="53.12326435246995" lon="-4.0196643143238511">
        <ele>0</ele>
      </trkpt>
      <trkpt lat="53.1231213045966" lon="-4.0196690825862964">
        <ele>0</ele>
      </trkpt>
      <trkpt lat="53.12308220484455" lon="-4.0195870684722399">
        <ele>0</ele>
      </trkpt>
      <trkpt lat="53.12304215144001" lon="-4.0194173183291921">
        <ele>0</ele>
      </trkpt>
      <trkpt lat="53.12291054739652" lon="-4.0192675948884133">
        <ele>0</ele>
      </trkpt>
      <trkpt lat="53.12286000381461" lon="-4.0191512492847519">
        <ele>0</ele>
      </trkpt>
      <trkpt lat="53.12271218767881" lon="-4.0190158306313091">
        <ele>0</ele>
      </trkpt>
      <trkpt lat="53.12245565515926" lon="-4.0188689681479977">
        <ele>0</ele>
      </trkpt>
      <trkpt lat="53.12245565515926" lon="-4.0188689681479977">
        <ele>0</ele>
      </trkpt>
      <trkpt lat="53.12235361434293" lon="-4.0188003051687877">
        <ele>0</ele>
      </trkpt>
      <trkpt lat="53.12235361434293" lon="-4.0188003051687877">
        <ele>0</ele>
      </trkpt>
      <trkpt lat="53.12229830249856" lon="-4.0187745565515831">
        <ele>0</ele>
      </trkpt>
      <trkpt lat="53.12226111005149" lon="-4.0187173374022418">
        <ele>0</ele>
      </trkpt>
      <trkpt lat="53.12225252717909" lon="-4.0186238794583167">
        <ele>0</ele>
      </trkpt>
      <trkpt lat="53.12225443448407" lon="-4.0185218386419894">
        <ele>0</ele>
      </trkpt>
      <trkpt lat="53.12220293724966" lon="-4.0183692542437441">
        <ele>0</ele>
      </trkpt>
      <trkpt lat="53.12213904253289" lon="-4.0182281136753675">
        <ele>0</ele>
      </trkpt>
      <trkpt lat="53.12188060270837" lon="-4.0181003242418374">
        <ele>0</ele>
      </trkpt>
      <trkpt lat="53.12174136944497" lon="-4.0176368491321668">
        <ele>0</ele>
      </trkpt>
      <trkpt lat="53.12171562082776" lon="-4.0174785428189876">
        <ele>0</ele>
      </trkpt>
      <trkpt lat="53.12166984550829" lon="-4.0173879458325299">
        <ele>0</ele>
      </trkpt>
      <trkpt lat="53.12160690444401" lon="-4.0171361815754247">
        <ele>0</ele>
      </trkpt>
      <trkpt lat="53.1215821094793" lon="-4.0170627503337695">
        <ele>0</ele>
      </trkpt>
      <trkpt lat="53.12153442685485" lon="-4.0169797825672235">
        <ele>0</ele>
      </trkpt>
      <trkpt lat="53.12137993515162" lon="-4.0168052641617304">
        <ele>0</ele>
      </trkpt>
      <trkpt lat="53.12124928476063" lon="-4.0164714857905688">
        <ele>0</ele>
      </trkpt>
      <trkpt lat="53.12124928476063" lon="-4.0164714857905688">
        <ele>0</ele>
      </trkpt>
      <trkpt lat="53.12124737745565" lon="-4.0163236696547688">
        <ele>0</ele>
      </trkpt>
      <trkpt lat="53.12119683387373" lon="-4.016155826816699">
        <ele>0</ele>
      </trkpt>
      <trkpt lat="53.12071047110432" lon="-4.0155025748617117">
        <ele>0</ele>
      </trkpt>
      <trkpt lat="53.12024222773221" lon="-4.0146728971962524">
        <ele>0</ele>
      </trkpt>
      <trkpt lat="53.12" lon="-4.014461186343687">
        <ele>0</ele>
      </trkpt>
      <trkpt lat="53.12000000000001" lon="-4.014461186343687">
        <ele>0</ele>
      </trkpt>
      <trkpt lat="53.1197663551402" lon="-4.0142580583635237">
        <ele>0</ele>
      </trkpt>
      <trkpt lat="53.11868205226017" lon="-4.0132338355903014">
        <ele>0</ele>
      </trkpt>
      <trkpt lat="53.11855235552166" lon="-4.0129076864390525">
        <ele>0</ele>
      </trkpt>
      <trkpt lat="53.11825195498761" lon="-4.0126158687774085">
        <ele>0</ele>
      </trkpt>
      <trkpt lat="53.11800209803549" lon="-4.0123917604424859">
        <ele>0</ele>
      </trkpt>
      <trkpt lat="53.11794201792868" lon="-4.0123469387755009">
        <ele>0</ele>
      </trkpt>
      <trkpt lat="53.11790482548161" lon="-4.0121962616822335">
        <ele>0</ele>
      </trkpt>
      <trkpt lat="53.11786858668702" lon="-4.0121714667175192">
        <ele>0</ele>
      </trkpt>
      <trkpt lat="53.11778561892048" lon="-4.0118958611481883">
        <ele>0</ele>
      </trkpt>
      <trkpt lat="53.11776082395576" lon="-4.011680335685667">
        <ele>0</ele>
      </trkpt>
      <trkpt lat="53.11770646576389" lon="-4.0116088117489896">
        <ele>0</ele>
      </trkpt>
      <trkpt lat="53.11765210757201" lon="-4.0116164409689015">
        <ele>0</ele>
      </trkpt>
      <trkpt lat="53.11762159069237" lon="-4.0115449170322242">
        <ele>0</ele>
      </trkpt>
      <trkpt lat="53.1175491131032" lon="-4.0115430097272462">
        <ele>0</ele>
      </trkpt>
      <trkpt lat="53.11750333778372" lon="-4.0113703986267311">
        <ele>0</ele>
      </trkpt>
      <trkpt lat="53.1174623307267" lon="-4.0113570474918845">
        <ele>0</ele>
      </trkpt>
      <trkpt lat="53.1174709135991" lon="-4.0113141331298783">
        <ele>0</ele>
      </trkpt>
      <trkpt lat="53.11741274079727" lon="-4.0111844363913702">
        <ele>0</ele>
      </trkpt>
      <trkpt lat="53.11739557505246" lon="-4.0112359336257777">
        <ele>0</ele>
      </trkpt>
      <trkpt lat="53.11722391760444" lon="-4.0109269502193312">
        <ele>0</ele>
      </trkpt>
      <trkpt lat="53.11722391760444" lon="-4.0109269502193312">
        <ele>0</ele>
      </trkpt>
      <trkpt lat="53.11724966622165" lon="-4.0108344459278946">
        <ele>0</ele>
      </trkpt>
      <trkpt lat="53.11736315086784" lon="-4.010758153728772">
        <ele>0</ele>
      </trkpt>
      <trkpt lat="53.11739557505246" lon="-4.0106036620255487">
        <ele>0</ele>
      </trkpt>
      <trkpt lat="53.11744897959185" lon="-4.0104415411024128">
        <ele>0</ele>
      </trkpt>
      <trkpt lat="53.11780469197026" lon="-4.0101220675185871">
        <ele>0</ele>
      </trkpt>
      <trkpt lat="53.1180354758726" lon="-4.0098292962044537">
        <ele>0</ele>
      </trkpt>
      <trkpt lat="53.11844745374787" lon="-4.0090043868014407">
        <ele>0</ele>
      </trkpt>
      <trkpt lat="53.11862292580585" lon="-4.0087182910547305">
        <ele>0</ele>
      </trkpt>
      <trkpt lat="53.11884226587833" lon="-4.0085056265496766">
        <ele>0</ele>
      </trkpt>
      <trkpt lat="53.11899485027657" lon="-4.0081728018310034">
        <ele>0</ele>
      </trkpt>
      <trkpt lat="53.11907400343316" lon="-4.0081661262635802">
        <ele>0</ele>
      </trkpt>
      <trkpt lat="53.11935819187489" lon="-4.0077865725729449">
        <ele>0</ele>
      </trkpt>
      <trkpt lat="53.11946595460616" lon="-4.0077140949837791">
        <ele>0</ele>
      </trkpt>
      <trkpt lat="53.11970246042343" lon="-4.0074060652298211">
        <ele>0</ele>
      </trkpt>
      <trkpt lat="53.11970247280865" lon="-4.007406049129405">
        <ele>0</ele>
      </trkpt>
      <trkpt lat="53.11967194354379" lon="-4.0073517070379463">
        <ele>0</ele>
      </trkpt>
      <trkpt lat="53.11967194354379" lon="-4.0073517070379463">
        <ele>0</ele>
      </trkpt>
      <trkpt lat="53.11956513446501" lon="-4.0073641045203034">
        <ele>0</ele>
      </trkpt>
      <trkpt lat="53.11945832538624" lon="-4.0073765020026615">
        <ele>0</ele>
      </trkpt>
      <trkpt lat="53.11931527751289" lon="-4.0069435437726399">
        <ele>0</ele>
      </trkpt>
      <trkpt lat="53.11893286286479" lon="-4.0062979210375644">
        <ele>0</ele>
      </trkpt>
      <trkpt lat="53.11860289910358" lon="-4.0060375739080589">
        <ele>0</ele>
      </trkpt>
      <trkpt lat="53.11856093839406" lon="-4.0060595079153067">
        <ele>0</ele>
      </trkpt>
      <trkpt lat="53.11852183864201" lon="-4.0059765401487608">
        <ele>0</ele>
      </trkpt>
      <trkpt lat="53.11848369254245" lon="-4.0058935723822149">
        <ele>0</ele>
      </trkpt>
      <trkpt lat="53.11836162502385" lon="-4.0058554262826531">
        <ele>0</ele>
      </trkpt>
      <trkpt lat="53.11829773030709" lon="-4.005938394049199">
        <ele>0</ele>
      </trkpt>
      <trkpt lat="53.11802689300021" lon="-4.0056866297920948">
        <ele>0</ele>
      </trkpt>
      <trkpt lat="53.11785905016213" lon="-4.0059336257867546">
        <ele>0</ele>
      </trkpt>
      <trkpt lat="53.11778180431052" lon="-4.0059574670989804">
        <ele>0</ele>
      </trkpt>
      <trkpt lat="53.11767880984171" lon="-4.0060223154682344">
        <ele>0</ele>
      </trkpt>
      <trkpt lat="53.1173488460805" lon="-4.0052374594697602">
        <ele>0</ele>
      </trkpt>
      <trkpt lat="53.11679095937442" lon="-4.004239938966232">
        <ele>0</ele>
      </trkpt>
      <trkpt lat="53.11678619111197" lon="-4.0033616250238326">
        <ele>0</ele>
      </trkpt>
      <trkpt lat="53.11639042532902" lon="-4.0028886133892723">
        <ele>0</ele>
      </trkpt>
      <trkpt lat="53.11637898149915" lon="-4.0027798970055217">
        <ele>0</ele>
      </trkpt>
      <trkpt lat="53.11636849132178" lon="-4.0026711806217721">
        <ele>0</ele>
      </trkpt>
      <trkpt lat="53.11636849132178" lon="-4.0025987030326062">
        <ele>0</ele>
      </trkpt>
      <trkpt lat="53.11636849132178" lon="-4.0025262254434395">
        <ele>0</ele>
      </trkpt>
      <trkpt lat="53.11631985504484" lon="-4.002478542818988">
        <ele>0</ele>
      </trkpt>
      <trkpt lat="53.11624547015069" lon="-4.0024403967194262">
        <ele>0</ele>
      </trkpt>
      <trkpt lat="53.11619111195881" lon="-4.0024403967194262">
        <ele>0</ele>
      </trkpt>
      <trkpt lat="53.11616250238414" lon="-4.0023822239175955">
        <ele>0</ele>
      </trkpt>
      <trkpt lat="53.11613675376694" lon="-4.0023927140949747">
        <ele>0</ele>
      </trkpt>
      <trkpt lat="53.11610719053978" lon="-4.0023545679954138">
        <ele>0</ele>
      </trkpt>
      <trkpt lat="53.11609860766738" lon="-4.0022687392714005">
        <ele>0</ele>
      </trkpt>
      <trkpt lat="53.11609097844747" lon="-4.0021829105473872">
        <ele>0</ele>
      </trkpt>
      <trkpt lat="53.11606904444022" lon="-4.0020923135609294">
        <ele>0</ele>
      </trkpt>
      <trkpt lat="53.11599752050354" lon="-4.0020656112912363">
        <ele>0</ele>
      </trkpt>
      <trkpt lat="53.1159927522411" lon="-4.0019931337020695">
        <ele>0</ele>
      </trkpt>
      <trkpt lat="53.11598798397865" lon="-4.0019206561129037">
        <ele>0</ele>
      </trkpt>
      <trkpt lat="53.11596604997141" lon="-4.0018777417508966">
        <ele>0</ele>
      </trkpt>
      <trkpt lat="53.11587831394241" lon="-4.001914934197969">
        <ele>0</ele>
      </trkpt>
      <trkpt lat="53.11586400915508" lon="-4.00181575433911">
        <ele>0</ele>
      </trkpt>
      <trkpt lat="53.11584970436774" lon="-4.0017165744802501">
        <ele>0</ele>
      </trkpt>
      <trkpt lat="53.11578867060845" lon="-4.0017165744802501">
        <ele>0</ele>
      </trkpt>
      <trkpt lat="53.11577722677858" lon="-4.0016259774937923">
        <ele>0</ele>
      </trkpt>
      <trkpt lat="53.11576578294871" lon="-4.0015344268548452">
        <ele>0</ele>
      </trkpt>
      <trkpt lat="53.11578580965098" lon="-4.0014648102231458">
        <ele>0</ele>
      </trkpt>
      <trkpt lat="53.11575338546635" lon="-4.001398054548913">
        <ele>0</ele>
      </trkpt>
      <trkpt lat="53.11572096128172" lon="-4.0013303452221916">
        <ele>0</ele>
      </trkpt>
      <trkpt lat="53.11572763684914" lon="-4.0012120923135521">
        <ele>0</ele>
      </trkpt>
      <trkpt lat="53.11568853709709" lon="-4.0011424756818528">
        <ele>0</ele>
      </trkpt>
      <trkpt lat="53.11565039099754" lon="-4.0010728590501534">
        <ele>0</ele>
      </trkpt>
      <trkpt lat="53.11563417890522" lon="-4.0010089643333879">
        <ele>0</ele>
      </trkpt>
      <trkpt lat="53.11561796681291" lon="-4.0009441159641339">
        <ele>0</ele>
      </trkpt>
      <trkpt lat="53.11558268167082" lon="-4.0008582872401206">
        <ele>0</ele>
      </trkpt>
      <trkpt lat="53.11549208468436" lon="-4.0008153728781144">
        <ele>0</ele>
      </trkpt>
      <trkpt lat="53.11538622925807" lon="-4.0007886706084212">
        <ele>0</ele>
      </trkpt>
      <trkpt lat="53.11536715620829" lon="-4.0007238222391672">
        <ele>0</ele>
      </trkpt>
      <trkpt lat="53.11537955369065" lon="-4.0006332252527086">
        <ele>0</ele>
      </trkpt>
      <trkpt lat="53.1153929048255" lon="-4.0005416746137614">
        <ele>0</ele>
      </trkpt>
      <trkpt lat="53.11539385847799" lon="-4.0004482166698363">
        <ele>0</ele>
      </trkpt>
      <trkpt lat="53.11539576578296" lon="-4.0003538050734218">
        <ele>0</ele>
      </trkpt>
      <trkpt lat="53.11540530230786" lon="-4.0002498569521174">
        <ele>0</ele>
      </trkpt>
      <trkpt lat="53.11541483883274" lon="-4.0001449551783237">
        <ele>0</ele>
      </trkpt>
      <trkpt lat="53.11541769979021" lon="-4.0000724775891578">
        <ele>0</ele>
      </trkpt>
      <trkpt lat="53.11542151440017" lon="-3.9999999999999911">
        <ele>0</ele>
      </trkpt>
      <trkpt lat="53.11542151440017" lon="-4.0000000000000089">
        <ele>0</ele>
      </trkpt>
      <trkpt lat="53.11542818996759" lon="-3.9998712569139898">
        <ele>0</ele>
      </trkpt>
      <trkpt lat="53.11543200457754" lon="-3.9994917032233546">
        <ele>0</ele>
      </trkpt>
      <trkpt lat="53.11543200457754" lon="-3.9994917032233546">
        <ele>0</ele>
      </trkpt>
      <trkpt lat="53.11540625596034" lon="-3.9991359908449451">
        <ele>0</ele>
      </trkpt>
      <trkpt lat="53.11528037383179" lon="-3.9988489414457464">
        <ele>0</ele>
      </trkpt>
      <trkpt lat="53.11533568567615" lon="-3.9981480068663071">
        <ele>0</ele>
      </trkpt>
      <trkpt lat="53.11527369826437" lon="-3.9979000572191583">
        <ele>0</ele>
      </trkpt>
      <trkpt lat="53.11527369826437" lon="-3.9979000572191583">
        <ele>0</ele>
      </trkpt>
      <trkpt lat="53.11515449170324" lon="-3.997860957467108">
        <ele>0</ele>
      </trkpt>
      <trkpt lat="53.11514114056839" lon="-3.9977837116154964">
        <ele>0</ele>
      </trkpt>
      <trkpt lat="53.11509917985887" lon="-3.9976578294869443">
        <ele>0</ele>
      </trkpt>
      <trkpt lat="53.11505435819189" lon="-3.9976378027846744">
        <ele>0</ele>
      </trkpt>
      <trkpt lat="53.1148970055312" lon="-3.9973755483501905">
        <ele>0</ele>
      </trkpt>
      <trkpt lat="53.1148970055312" lon="-3.9973755483501905">
        <ele>0</ele>
      </trkpt>
      <trkpt lat="53.11495422468054" lon="-3.9976902536715713">
        <ele>0</ele>
      </trkpt>
      <trkpt lat="53.11497615868779" lon="-3.9978476063322614">
        <ele>0</ele>
      </trkpt>
      <trkpt lat="53.11496280755294" lon="-3.9979115010490269">
        <ele>0</ele>
      </trkpt>
      <trkpt lat="53.11496280755294" lon="-3.9979115010490269">
        <ele>0</ele>
      </trkpt>
      <trkpt lat="53.11492942971582" lon="-3.9979706275033471">
        <ele>0</ele>
      </trkpt>
      <trkpt lat="53.11488174709137" lon="-3.9980097272553974">
        <ele>0</ele>
      </trkpt>
      <trkpt lat="53.11482071333207" lon="-3.9980173564753096">
        <ele>0</ele>
      </trkpt>
      <trkpt lat="53.11482071333207" lon="-3.9980173564753096">
        <ele>0</ele>
      </trkpt>
      <trkpt lat="53.11477970627504" lon="-3.9980230783902435">
        <ele>0</ele>
      </trkpt>
      <trkpt lat="53.1147224871257" lon="-3.9980135418653533">
        <ele>0</ele>
      </trkpt>
      <trkpt lat="53.11461949265689" lon="-3.9980745756246514">
        <ele>0</ele>
      </trkpt>
      <trkpt lat="53.11451649818807" lon="-3.9981346557314605">
        <ele>0</ele>
      </trkpt>
      <trkpt lat="53.11443257676904" lon="-3.9982099942780942">
        <ele>0</ele>
      </trkpt>
      <trkpt lat="53.1143400724776" lon="-3.9982452794201886">
        <ele>0</ele>
      </trkpt>
      <trkpt lat="53.11424756818617" lon="-3.9982805645622825">
        <ele>0</ele>
      </trkpt>
      <trkpt lat="53.114175090597" lon="-3.9982805645622825">
        <ele>0</ele>
      </trkpt>
      <trkpt lat="53.1141054739653" lon="-3.9982099942780942">
        <ele>0</ele>
      </trkpt>
      <trkpt lat="53.11405397673089" lon="-3.9982042723631599">
        <ele>0</ele>
      </trkpt>
      <trkpt lat="53.11398531375168" lon="-3.9982929620446401">
        <ele>0</ele>
      </trkpt>
      <trkpt lat="53.11391760442496" lon="-3.9983806980736309">
        <ele>0</ele>
      </trkpt>
      <trkpt lat="53.11385084875073" lon="-3.9984770169750234">
        <ele>0</ele>
      </trkpt>
      <trkpt lat="53.11382986839597" lon="-3.9985981308411307">
        <ele>0</ele>
      </trkpt>
      <trkpt lat="53.11378886133894" lon="-3.9986582109479398">
        <ele>0</ele>
      </trkpt>
      <trkpt lat="53.11374308601947" lon="-3.998748807934398">
        <ele>0</ele>
      </trkpt>
      <trkpt lat="53.11366393286288" lon="-3.9988651535380599">
        <ele>0</ele>
      </trkpt>
      <trkpt lat="53.11362292580585" lon="-3.9989567041770071">
        <ele>0</ele>
      </trkpt>
      <trkpt lat="53.11353614342935" lon="-3.999218004959002">
        <ele>0</ele>
      </trkpt>
      <trkpt lat="53.11349895098228" lon="-3.9992571047110523">
        <ele>0</ele>
      </trkpt>
      <trkpt lat="53.11344745374787" lon="-3.9992380316612719">
        <ele>0</ele>
      </trkpt>
      <trkpt lat="53.11339023459853" lon="-3.9991741369445064">
        <ele>0</ele>
      </trkpt>
      <trkpt lat="53.1133225252718" lon="-3.9991283616250328">
        <ele>0</ele>
      </trkpt>
      <trkpt lat="53.11320522601565" lon="-3.9991426664123684">
        <ele>0</ele>
      </trkpt>
      <trkpt lat="53.11318138470343" lon="-3.9991817661644187">
        <ele>0</ele>
      </trkpt>
      <trkpt lat="53.11316803356858" lon="-3.9992647339309646">
        <ele>0</ele>
      </trkpt>
      <trkpt lat="53.11315563608623" lon="-3.9993477016975105">
        <ele>0</ele>
      </trkpt>
      <trkpt lat="53.11312798016404" lon="-3.9993915697120062">
        <ele>0</ele>
      </trkpt>
      <trkpt lat="53.11308888041199" lon="-3.9994001525844074">
        <ele>0</ele>
      </trkpt>
      <trkpt lat="53.11307648292964" lon="-3.9993848941445829">
        <ele>0</ele>
      </trkpt>
      <trkpt lat="53.11305740987985" lon="-3.9992981117680806">
        <ele>0</ele>
      </trkpt>
      <trkpt lat="53.113044058745" lon="-3.9992885752431904">
        <ele>0</ele>
      </trkpt>
      <trkpt lat="53.1129925615106" lon="-3.9993190921228394">
        <ele>0</ele>
      </trkpt>
      <trkpt lat="53.11295632271602" lon="-3.9993257676902627">
        <ele>0</ele>
      </trkpt>
      <trkpt lat="53.11291054739655" lon="-3.9993181384703504">
        <ele>0</ele>
      </trkpt>
      <trkpt lat="53.11289242799925" lon="-3.9993362578676419">
        <ele>0</ele>
      </trkpt>
      <trkpt lat="53.11289242799925" lon="-3.9993362578676419">
        <ele>0</ele>
      </trkpt>
      <trkpt lat="53.11278275796301" lon="-3.9993438870875542">
        <ele>0</ele>
      </trkpt>
      <trkpt lat="53.11265210757202" lon="-3.9995041007057117">
        <ele>0</ele>
      </trkpt>
      <trkpt lat="53.11247568186155" lon="-3.9996442876215998">
        <ele>0</ele>
      </trkpt>
      <trkpt lat="53.11228018310129" lon="-3.9996433339691109">
        <ele>0</ele>
      </trkpt>
      <trkpt lat="53.11228018310129" lon="-3.9996433339691109">
        <ele>0</ele>
      </trkpt>
      <trkpt lat="53.11226587831396" lon="-4.0000000000000089">
        <ele>0</ele>
      </trkpt>
      <trkpt lat="53.11226587831396" lon="-3.9999999999999911">
        <ele>0</ele>
      </trkpt>
      <trkpt lat="53.112262063704" lon="-4.0000791531565802">
        <ele>0</ele>
      </trkpt>
      <trkpt lat="53.11225920274654" lon="-4.0001583063131703">
        <ele>0</ele>
      </trkpt>
      <trkpt lat="53.11218577150488" lon="-4.0002069425901112">
        <ele>0</ele>
      </trkpt>
      <trkpt lat="53.11211234026322" lon="-4.0002555788670522">
        <ele>0</ele>
      </trkpt>
      <trkpt lat="53.11200457753196" lon="-4.0003070761014596">
        <ele>0</ele>
      </trkpt>
      <trkpt lat="53.11170989891285" lon="-4.0004949456417993">
        <ele>0</ele>
      </trkpt>
      <trkpt lat="53.11163932862866" lon="-4.0005912645431918">
        <ele>0</ele>
      </trkpt>
      <trkpt lat="53.11151916841504" lon="-4.0006055693305269">
        <ele>0</ele>
      </trkpt>
      <trkpt lat="53.11145527369828" lon="-4.000589357238213">
        <ele>0</ele>
      </trkpt>
      <trkpt lat="53.111392332634" lon="-4.0005721914934105">
        <ele>0</ele>
      </trkpt>
      <trkpt lat="53.11135704749191" lon="-4.0005502574861627">
        <ele>0</ele>
      </trkpt>
      <trkpt lat="53.11131604043488" lon="-4.0005435819187394">
        <ele>0</ele>
      </trkpt>
      <trkpt lat="53.111218767881" lon="-4.000601754720571">
        <ele>0</ele>
      </trkpt>
      <trkpt lat="53.11116250238415" lon="-4.0006456227350666">
        <ele>0</ele>
      </trkpt>
      <trkpt lat="53.11110909784476" lon="-4.0006980736219635">
        <ele>0</ele>
      </trkpt>
      <trkpt lat="53.11104043486555" lon="-4.0006923517070287">
        <ele>0</ele>
      </trkpt>
      <trkpt lat="53.11097177188634" lon="-4.0006856761396055">
        <ele>0</ele>
      </trkpt>
      <trkpt lat="53.11087449933245" lon="-4.0006694640472924">
        <ele>0</ele>
      </trkpt>
      <trkpt lat="53.11081918748809" lon="-4.0006456227350666">
        <ele>0</ele>
      </trkpt>
      <trkpt lat="53.1107314514591" lon="-4.0005521647911406">
        <ele>0</ele>
      </trkpt>
      <trkpt lat="53.11065229830251" lon="-4.0004958992942878">
        <ele>0</ele>
      </trkpt>
      <trkpt lat="53.11036810986078" lon="-4.000344268548532">
        <ele>0</ele>
      </trkpt>
      <trkpt lat="53.11032710280375" lon="-4.0003814609956043">
        <ele>0</ele>
      </trkpt>
      <trkpt lat="53.11026320808698" lon="-4.000411024222764">
        <ele>0</ele>
      </trkpt>
      <trkpt lat="53.11022887659738" lon="-4.0004863627693981">
        <ele>0</ele>
      </trkpt>
      <trkpt lat="53.11022887659738" lon="-4.0004863627693981">
        <ele>0</ele>
      </trkpt>
      <trkpt lat="53.11017451840551" lon="-4.0005187869540251">
        <ele>0</ele>
      </trkpt>
      <trkpt lat="53.11011539195119" lon="-4.0006303642952421">
        <ele>0</ele>
      </trkpt>
      <trkpt lat="53.11005721914935" lon="-4.0007419416364582">
        <ele>0</ele>
      </trkpt>
      <trkpt lat="53.10998569521268" lon="-4.0008220484455377">
        <ele>0</ele>
      </trkpt>
      <trkpt lat="53.10987793248142" lon="-4.0009221819568861">
        <ele>0</ele>
      </trkpt>
      <trkpt lat="53.1097663551402" lon="-4.0009307648292873">
        <ele>0</ele>
      </trkpt>
      <trkpt lat="53.10967861911121" lon="-4.0009832157161842">
        <ele>0</ele>
      </trkpt>
      <trkpt lat="53.10957753194737" lon="-4.0010785809650873">
        <ele>0</ele>
      </trkpt>
      <trkpt lat="53.10947644478353" lon="-4.0011739462139904">
        <ele>0</ele>
      </trkpt>
      <trkpt lat="53.10941636467673" lon="-4.0011977875262161">
        <ele>0</ele>
      </trkpt>
      <trkpt lat="53.10941636467673" lon="-4.0011977875262161">
        <ele>0</ele>
      </trkpt>
      <trkpt lat="53.10939347701699" lon="-4.0011243562845609">
        <ele>0</ele>
      </trkpt>
      <trkpt lat="53.10937154300974" lon="-4.001106236887269">
        <ele>0</ele>
      </trkpt>
      <trkpt lat="53.10936772839978" lon="-4.0010785809650873">
        <ele>0</ele>
      </trkpt>
      <trkpt lat="53.10921228304407" lon="-4.0009507915315572">
        <ele>0</ele>
      </trkpt>
      <trkpt lat="53.10913408353997" lon="-4.0008954796871929">
        <ele>0</ele>
      </trkpt>
      <trkpt lat="53.10913408353997" lon="-4.0008954796871929">
        <ele>0</ele>
      </trkpt>
      <trkpt lat="53.10904348655351" lon="-4.0008926187297256">
        <ele>0</ele>
      </trkpt>
      <trkpt lat="53.10904348655351" lon="-4.0008926187297256">
        <ele>0</ele>
      </trkpt>
      <trkpt lat="53.10892237268741" lon="-4.000924089261864">
        <ele>0</ele>
      </trkpt>
      <trkpt lat="53.10886706084304" lon="-4.000925996566842">
        <ele>0</ele>
      </trkpt>
      <trkpt lat="53.108609574671" lon="-4.0010289910356578">
        <ele>0</ele>
      </trkpt>
      <trkpt lat="53.10852183864201" lon="-4.0010919320999339">
        <ele>0</ele>
      </trkpt>
      <trkpt lat="53.10827770360482" lon="-4.0014190349036722">
        <ele>0</ele>
      </trkpt>
      <trkpt lat="53.10818806027085" lon="-4.0015000953652402">
        <ele>0</ele>
      </trkpt>
      <trkpt lat="53.10814514590884" lon="-4.0015649437344942">
        <ele>0</ele>
      </trkpt>
      <trkpt lat="53.10810318519933" lon="-4.0016288384512588">
        <ele>0</ele>
      </trkpt>
      <trkpt lat="53.10804024413505" lon="-4.0016364676711715">
        <ele>0</ele>
      </trkpt>
      <trkpt lat="53.10799065420562" lon="-4.0016707991607765">
        <ele>0</ele>
      </trkpt>
      <trkpt lat="53.10794678619113" lon="-4.0017413694449653">
        <ele>0</ele>
      </trkpt>
      <trkpt lat="53.10790291817663" lon="-4.0018109860766646">
        <ele>0</ele>
      </trkpt>
      <trkpt lat="53.10786954033951" lon="-4.0018767880984081">
        <ele>0</ele>
      </trkpt>
      <trkpt lat="53.10783616250239" lon="-4.0019416364676621">
        <ele>0</ele>
      </trkpt>
      <trkpt lat="53.10776273126074" lon="-4.0019845508296683">
        <ele>0</ele>
      </trkpt>
      <trkpt lat="53.10769120732407" lon="-4.0020160213618068">
        <ele>0</ele>
      </trkpt>
      <trkpt lat="53.10762063703988" lon="-4.0020465382414558">
        <ele>0</ele>
      </trkpt>
      <trkpt lat="53.1075491131032" lon="-4.0020293724966534">
        <ele>0</ele>
      </trkpt>
      <trkpt lat="53.10750143047875" lon="-4.0020293724966534">
        <ele>0</ele>
      </trkpt>
      <trkpt lat="53.10745660881176" lon="-4.0020579820713245">
        <ele>0</ele>
      </trkpt>
      <trkpt lat="53.10740034331491" lon="-4.0021628838451173">
        <ele>0</ele>
      </trkpt>
      <trkpt lat="53.10734503147054" lon="-4.0022668319664225">
        <ele>0</ele>
      </trkpt>
      <trkpt lat="53.1072706465764" lon="-4.0022582490940213">
        <ele>0</ele>
      </trkpt>
      <trkpt lat="53.10723250047684" lon="-4.0022429906541968">
        <ele>0</ele>
      </trkpt>
      <trkpt lat="53.10720770551212" lon="-4.002186725157344">
        <ele>0</ele>
      </trkpt>
      <trkpt lat="53.10717814228497" lon="-4.0021628838451173">
        <ele>0</ele>
      </trkpt>
      <trkpt lat="53.10711996948314" lon="-4.0021495327102716">
        <ele>0</ele>
      </trkpt>
      <trkpt lat="53.10704367728401" lon="-4.0021914934197884">
        <ele>0</ele>
      </trkpt>
      <trkpt lat="53.10695403395004" lon="-4.0022086591645909">
        <ele>0</ele>
      </trkpt>
      <trkpt lat="53.10686439061607" lon="-4.0022019835971685">
        <ele>0</ele>
      </trkpt>
      <trkpt lat="53.10679477398438" lon="-4.0022916269311368">
        <ele>0</ele>
      </trkpt>
      <trkpt lat="53.10675281327486" lon="-4.0023717337402163">
        <ele>0</ele>
      </trkpt>
      <trkpt lat="53.10669273316805" lon="-4.0024222773221343">
        <ele>0</ele>
      </trkpt>
      <trkpt lat="53.10665458706848" lon="-4.0024108334922666">
        <ele>0</ele>
      </trkpt>
      <trkpt lat="53.10659450696168" lon="-4.0023526606904349">
        <ele>0</ele>
      </trkpt>
      <trkpt lat="53.10653538050736" lon="-4.002363150867815">
        <ele>0</ele>
      </trkpt>
      <trkpt lat="53.10647625405304" lon="-4.0024527942017833">
        <ele>0</ele>
      </trkpt>
      <trkpt lat="53.1064533663933" lon="-4.0025529277131326">
        <ele>0</ele>
      </trkpt>
      <trkpt lat="53.10646767118064" lon="-4.0026711806217721">
        <ele>0</ele>
      </trkpt>
      <trkpt lat="53.10648579057793" lon="-4.002756055693296">
        <ele>0</ele>
      </trkpt>
      <trkpt lat="53.10647625405304" lon="-4.0028180431050835">
        <ele>0</ele>
      </trkpt>
      <trkpt lat="53.10646767118064" lon="-4.0028790768643816">
        <ele>0</ele>
      </trkpt>
      <trkpt lat="53.10647625405304" lon="-4.002948693496081">
        <ele>0</ele>
      </trkpt>
      <trkpt lat="53.10648579057793" lon="-4.0030183101277803">
        <ele>0</ele>
      </trkpt>
      <trkpt lat="53.10648674423042" lon="-4.0031041388517936">
        <ele>0</ele>
      </trkpt>
      <trkpt lat="53.1064447835209" lon="-4.0031861529658501">
        <ele>0</ele>
      </trkpt>
      <trkpt lat="53.10644955178334" lon="-4.0032309746328343">
        <ele>0</ele>
      </trkpt>
      <trkpt lat="53.10650390997522" lon="-4.0032586305550169">
        <ele>0</ele>
      </trkpt>
      <trkpt lat="53.1065315658974" lon="-4.0033263398817382">
        <ele>0</ele>
      </trkpt>
      <trkpt lat="53.10650200267024" lon="-4.0034045393858388">
        <ele>0</ele>
      </trkpt>
      <trkpt lat="53.10650581728019" lon="-4.0035065802021652">
        <ele>0</ele>
      </trkpt>
      <trkpt lat="53.10648197596797" lon="-4.0035561701315947">
        <ele>0</ele>
      </trkpt>
      <trkpt lat="53.10644382986841" lon="-4.003597177188623">
        <ele>0</ele>
      </trkpt>
      <trkpt lat="53.10641522029374" lon="-4.0037097081823294">
        <ele>0</ele>
      </trkpt>
      <trkpt lat="53.10642857142859" lon="-4.0038251001335023">
        <ele>0</ele>
      </trkpt>
      <trkpt lat="53.10644859813085" lon="-4.0038603852755967">
        <ele>0</ele>
      </trkpt>
      <trkpt lat="53.10644764447837" lon="-4.003980545489215">
        <ele>0</ele>
      </trkpt>
      <trkpt lat="53.10644764447837" lon="-4.0040997520503439">
        <ele>0</ele>
      </trkpt>
      <trkpt lat="53.10643524699601" lon="-4.0041646004195979">
        <ele>0</ele>
      </trkpt>
      <trkpt lat="53.10642284951365" lon="-4.0042294487888519">
        <ele>0</ele>
      </trkpt>
      <trkpt lat="53.10642284951365" lon="-4.0043086019454419">
        <ele>0</ele>
      </trkpt>
      <trkpt lat="53.10642380316614" lon="-4.0043877551020319">
        <ele>0</ele>
      </trkpt>
      <trkpt lat="53.10636944497426" lon="-4.0044640473011546">
        <ele>0</ele>
      </trkpt>
      <trkpt lat="53.10630268930003" lon="-4.0045193591455179">
        <ele>0</ele>
      </trkpt>
      <trkpt lat="53.10621113866109" lon="-4.004564180812503">
        <ele>0</ele>
      </trkpt>
      <trkpt lat="53.10616059507917" lon="-4.0046242609193117">
        <ele>0</ele>
      </trkpt>
      <trkpt lat="53.10611577341218" lon="-4.0047272553881275">
        <ele>0</ele>
      </trkpt>
      <trkpt lat="53.10600896433341" lon="-4.0047997329772942">
        <ele>0</ele>
      </trkpt>
      <trkpt lat="53.10591646004197" lon="-4.0049036810985985">
        <ele>0</ele>
      </trkpt>
      <trkpt lat="53.10591646004197" lon="-4.0049036810985985">
        <ele>0</ele>
      </trkpt>
      <trkpt lat="53.10586496280757" lon="-4.0051420942208571">
        <ele>0</ele>
      </trkpt>
      <trkpt lat="53.10585065802023" lon="-4.0053833683005822">
        <ele>0</ele>
      </trkpt>
      <trkpt lat="53.1057753194736" lon="-4.005887850467281">
        <ele>0</ele>
      </trkpt>
      <trkpt lat="53.10546824337213" lon="-4.0067928666793726">
        <ele>0</ele>
      </trkpt>
      <trkpt lat="53.10536334159833" lon="-4.0069588022124645">
        <ele>0</ele>
      </trkpt>
      <trkpt lat="53.10521743276751" lon="-4.0070741941636374">
        <ele>0</ele>
      </trkpt>
      <trkpt lat="53.10510871638376" lon="-4.0071333206179576">
        <ele>0</ele>
      </trkpt>
      <trkpt lat="53.10504291436202" lon="-4.0072325004768174">
        <ele>0</ele>
      </trkpt>
      <trkpt lat="53.10503814609957" lon="-4.0073726873927047">
        <ele>0</ele>
      </trkpt>
      <trkpt lat="53.1050972725539" lon="-4.0075529277131325">
        <ele>0</ele>
      </trkpt>
      <trkpt lat="53.10509059698647" lon="-4.0076788098416847">
        <ele>0</ele>
      </trkpt>
      <trkpt lat="53.10509059698647" lon="-4.0079506008010588">
        <ele>0</ele>
      </trkpt>
      <trkpt lat="53.10514495517835" lon="-4.0082176234979885">
        <ele>0</ele>
      </trkpt>
      <trkpt lat="53.10514495517835" lon="-4.0082176234979885">
        <ele>0</ele>
      </trkpt>
      <trkpt lat="53.1051058554263" lon="-4.0084531756627797">
        <ele>0</ele>
      </trkpt>
      <trkpt lat="53.10493896624072" lon="-4.0088060270837218">
        <ele>0</ele>
      </trkpt>
      <trkpt lat="53.10474823574291" lon="-4.0092513827960996">
        <ele>0</ele>
      </trkpt>
      <trkpt lat="53.10454129315279" lon="-4.0098054548922279">
        <ele>0</ele>
      </trkpt>
      <trkpt lat="53.10430288003053" lon="-4.0107343124165462">
        <ele>0</ele>
      </trkpt>
      <trkpt lat="53.10409403013544" lon="-4.0111815754339029">
        <ele>0</ele>
      </trkpt>
      <trkpt lat="53.10401201602138" lon="-4.0112826625977407">
        <ele>0</ele>
      </trkpt>
      <trkpt lat="53.10392523364487" lon="-4.01127312607285">
        <ele>0</ele>
      </trkpt>
      <trkpt lat="53.1037488079344" lon="-4.0111081441922476">
        <ele>0</ele>
      </trkpt>
      <trkpt lat="53.10358287240131" lon="-4.0112998283425432">
        <ele>0</ele>
      </trkpt>
      <trkpt lat="53.10346366584018" lon="-4.0114047301163369">
        <ele>0</ele>
      </trkpt>
      <trkpt lat="53.1032538622926" lon="-4.0115611291245381">
        <ele>0</ele>
      </trkpt>
      <trkpt lat="53.10315754339121" lon="-4.0116879649055797">
        <ele>0</ele>
      </trkpt>
      <trkpt lat="53.10302689300021" lon="-4.0118348273888902">
        <ele>0</ele>
      </trkpt>
      <trkpt lat="53.10296395193593" lon="-4.0120226969292299">
        <ele>0</ele>
      </trkpt>
      <trkpt lat="53.10301354186536" lon="-4.012389853137508">
        <ele>0</ele>
      </trkpt>
      <trkpt lat="53.1030621781423" lon="-4.0126368491321669">
        <ele>0</ele>
      </trkpt>
      <trkpt lat="53.10302593934772" lon="-4.0128695403394916">
        <ele>0</ele>
      </trkpt>
      <trkpt lat="53.10294583253864" lon="-4.0131165363341506">
        <ele>0</ele>
      </trkpt>
      <trkpt lat="53.10293438870877" lon="-4.0132233454129222">
        <ele>0</ele>
      </trkpt>
      <trkpt lat="53.1029401106237" lon="-4.0133101277894241">
        <ele>0</ele>
      </trkpt>
      <trkpt lat="53.10296013732597" lon="-4.0133597177188545">
        <ele>0</ele>
      </trkpt>
      <trkpt lat="53.10299828342553" lon="-4.0133959565134374">
        <ele>0</ele>
      </trkpt>
      <trkpt lat="53.10303929048256" lon="-4.0134131222582399">
        <ele>0</ele>
      </trkpt>
      <trkpt lat="53.10307743658213" lon="-4.0134846461949172">
        <ele>0</ele>
      </trkpt>
      <trkpt lat="53.10310890711426" lon="-4.0135761968338644">
        <ele>0</ele>
      </trkpt>
      <trkpt lat="53.10314705321382" lon="-4.0137039862673953">
        <ele>0</ele>
      </trkpt>
      <trkpt lat="53.10324909403015" lon="-4.013828914743458">
        <ele>0</ele>
      </trkpt>
      <trkpt lat="53.10337783711617" lon="-4.0139691016593462">
        <ele>0</ele>
      </trkpt>
      <trkpt lat="53.10343982452795" lon="-4.0139938966240614">
        <ele>0</ele>
      </trkpt>
      <trkpt lat="53.10352946786193" lon="-4.014214190349028">
        <ele>0</ele>
      </trkpt>
      <trkpt lat="53.10357619683388" lon="-4.01436009917985">
        <ele>0</ele>
      </trkpt>
      <trkpt lat="53.10353805073433" lon="-4.0148426473393002">
        <ele>0</ele>
      </trkpt>
      <trkpt lat="53.10354567995424" lon="-4.0153290101087071">
        <ele>0</ele>
      </trkpt>
      <trkpt lat="53.10351039481215" lon="-4.0156484836925337">
        <ele>0</ele>
      </trkpt>
      <trkpt lat="53.10337020789625" lon="-4.0163351134846375">
        <ele>0</ele>
      </trkpt>
      <trkpt lat="53.10328247186727" lon="-4.0166812893381563">
        <ele>0</ele>
      </trkpt>
      <trkpt lat="53.10316898722107" lon="-4.0174632843791631">
        <ele>0</ele>
      </trkpt>
      <trkpt lat="53.10313847034142" lon="-4.0177741750905875">
        <ele>0</ele>
      </trkpt>
      <trkpt lat="53.10309841693688" lon="-4.0180802975395675">
        <ele>0</ele>
      </trkpt>
      <trkpt lat="53.10309364867444" lon="-4.018194735838251">
        <ele>0</ele>
      </trkpt>
      <trkpt lat="53.10305454892239" lon="-4.0184255197405978">
        <ele>0</ele>
      </trkpt>
      <trkpt lat="53.1029925615106" lon="-4.0186906351325486">
        <ele>0</ele>
      </trkpt>
      <trkpt lat="53.10287621590694" lon="-4.0188947167652014">
        <ele>0</ele>
      </trkpt>
      <trkpt lat="53.1025834445928" lon="-4.0194392523364391">
        <ele>0</ele>
      </trkpt>
      <trkpt lat="53.10253576196835" lon="-4.0196128170894436">
        <ele>0</ele>
      </trkpt>
      <trkpt lat="53.10251096700364" lon="-4.019763494182711">
        <ele>0</ele>
      </trkpt>
      <trkpt lat="53.10245946976923" lon="-4.0199999999999907">
        <ele>0</ele>
      </trkpt>
      <trkpt lat="53.10245946976923" lon="-4.0200000000000014">
        <ele>0</ele>
      </trkpt>
      <trkpt lat="53.10244516498189" lon="-4.0201172992561522">
        <ele>0</ele>
      </trkpt>
      <trkpt lat="53.10243086019456" lon="-4.0202336448598146">
        <ele>0</ele>
      </trkpt>
      <trkpt lat="53.10236887278277" lon="-4.0205454892237285">
        <ele>0</ele>
      </trkpt>
      <trkpt lat="53.10230783902347" lon="-4.0209403013541873">
        <ele>0</ele>
      </trkpt>
      <trkpt lat="53.10228113675378" lon="-4.0210394812130472">
        <ele>0</ele>
      </trkpt>
      <trkpt lat="53.10225538813658" lon="-4.0211377074194177">
        <ele>0</ele>
      </trkpt>
      <trkpt lat="53.10218100324244" lon="-4.0215573145145918">
        <ele>0</ele>
      </trkpt>
      <trkpt lat="53.10216383749763" lon="-4.0216345603662038">
        <ele>0</ele>
      </trkpt>
      <trkpt lat="53.10214762540532" lon="-4.021711806217815">
        <ele>0</ele>
      </trkpt>
      <trkpt lat="53.10211329391571" lon="-4.0219778752622553">
        <ele>0</ele>
      </trkpt>
      <trkpt lat="53.10211234026322" lon="-4.0220656112912465">
        <ele>0</ele>
      </trkpt>
      <trkpt lat="53.10211234026322" lon="-4.0221523936677483">
        <ele>0</ele>
      </trkpt>
      <trkpt lat="53.10204939919895" lon="-4.0224718672515749">
        <ele>0</ele>
      </trkpt>
      <trkpt lat="53.10200553118445" lon="-4.0227808506580214">
        <ele>0</ele>
      </trkpt>
      <trkpt lat="53.10203223345415" lon="-4.0233892809460245">
        <ele>0</ele>
      </trkpt>
      <trkpt lat="53.10203986267405" lon="-4.0234922754148403">
        <ele>0</ele>
      </trkpt>
      <trkpt lat="53.10204749189397" lon="-4.0235952698836552">
        <ele>0</ele>
      </trkpt>
      <trkpt lat="53.10205988937633" lon="-4.0236782376502012">
        <ele>0</ele>
      </trkpt>
      <trkpt lat="53.10207324051117" lon="-4.0237602517642586">
        <ele>0</ele>
      </trkpt>
      <trkpt lat="53.10208086973108" lon="-4.0238756437154315">
        <ele>0</ele>
      </trkpt>
      <trkpt lat="53.102088498951" lon="-4.023990082014115">
        <ele>0</ele>
      </trkpt>
      <trkpt lat="53.10206847224872" lon="-4.0243562845699037">
        <ele>0</ele>
      </trkpt>
      <trkpt lat="53.10205512111388" lon="-4.0244268548540925">
        <ele>0</ele>
      </trkpt>
      <trkpt lat="53.10204081632654" lon="-4.0244564180812521">
        <ele>0</ele>
      </trkpt>
      <trkpt lat="53.10203032614916" lon="-4.0244630936486754">
        <ele>0</ele>
      </trkpt>
      <trkpt lat="53.10200362387947" lon="-4.0245632271600238">
        <ele>0</ele>
      </trkpt>
      <trkpt lat="53.10197978256725" lon="-4.0248788861338936">
        <ele>0</ele>
      </trkpt>
      <trkpt lat="53.10198073621974" lon="-4.0257161930192646">
        <ele>0</ele>
      </trkpt>
      <trkpt lat="53.1019664314324" lon="-4.025787716955942">
        <ele>0</ele>
      </trkpt>
      <trkpt lat="53.1019311462903" lon="-4.0258725920274667">
        <ele>0</ele>
      </trkpt>
      <trkpt lat="53.10191684150297" lon="-4.0259412550066767">
        <ele>0</ele>
      </trkpt>
      <trkpt lat="53.10190349036812" lon="-4.0260099179858875">
        <ele>0</ele>
      </trkpt>
      <trkpt lat="53.10188346366586" lon="-4.0260537860003822">
        <ele>0</ele>
      </trkpt>
      <trkpt lat="53.10186629792105" lon="-4.0260766736601195">
        <ele>0</ele>
      </trkpt>
      <trkpt lat="53.10185390043869" lon="-4.026122448979593">
        <ele>0</ele>
      </trkpt>
      <trkpt lat="53.10184436391381" lon="-4.0261806217814238">
        <ele>0</ele>
      </trkpt>
      <trkpt lat="53.10184531756629" lon="-4.0262645432004591">
        <ele>0</ele>
      </trkpt>
      <trkpt lat="53.10184627121878" lon="-4.0263475109670051">
        <ele>0</ele>
      </trkpt>
      <trkpt lat="53.10183482738891" lon="-4.0264152202937264">
        <ele>0</ele>
      </trkpt>
      <trkpt lat="53.1018186152966" lon="-4.0264686248331119">
        <ele>0</ele>
      </trkpt>
      <trkpt lat="53.10176425710473" lon="-4.0265878313942407">
        <ele>0</ele>
      </trkpt>
      <trkpt lat="53.10172611100516" lon="-4.0266564943734515">
        <ele>0</ele>
      </trkpt>
      <trkpt lat="53.10168891855809" lon="-4.0267242037001729">
        <ele>0</ele>
      </trkpt>
      <trkpt lat="53.10167366011827" lon="-4.026770932672135">
        <ele>0</ele>
      </trkpt>
      <trkpt lat="53.10166316994088" lon="-4.0268548540911704">
        <ele>0</ele>
      </trkpt>
      <trkpt lat="53.10165267976351" lon="-4.0269387755102048">
        <ele>0</ele>
      </trkpt>
      <trkpt lat="53.10162979210377" lon="-4.0270389090215533">
        <ele>0</ele>
      </trkpt>
      <trkpt lat="53.10160690444403" lon="-4.0271380888804131">
        <ele>0</ele>
      </trkpt>
      <trkpt lat="53.10158592408928" lon="-4.0272534808315861">
        <ele>0</ele>
      </trkpt>
      <trkpt lat="53.101565897387" lon="-4.027368872782759">
        <ele>0</ele>
      </trkpt>
      <trkpt lat="53.10155540720962" lon="-4.0274594697692176">
        <ele>0</ele>
      </trkpt>
      <trkpt lat="53.10154587068474" lon="-4.0275500667556754">
        <ele>0</ele>
      </trkpt>
      <trkpt lat="53.10154300972727" lon="-4.0276444783520899">
        <ele>0</ele>
      </trkpt>
      <trkpt lat="53.1015401487698" lon="-4.0277388899485036">
        <ele>0</ele>
      </trkpt>
      <trkpt lat="53.10154110242229" lon="-4.0278151821476262">
        <ele>0</ele>
      </trkpt>
      <trkpt lat="53.10154205607478" lon="-4.0278914743467489">
        <ele>0</ele>
      </trkpt>
      <trkpt lat="53.10155254625216" lon="-4.027984932290674">
        <ele>0</ele>
      </trkpt>
      <trkpt lat="53.10156303642954" lon="-4.0280774365821106">
        <ele>0</ele>
      </trkpt>
      <trkpt lat="53.10156112912456" lon="-4.0281708945260357">
        <ele>0</ele>
      </trkpt>
      <trkpt lat="53.10154777798972" lon="-4.0282691207324062">
        <ele>0</ele>
      </trkpt>
      <trkpt lat="53.10150867823766" lon="-4.0283654396337987">
        <ele>0</ele>
      </trkpt>
      <trkpt lat="53.1014705321381" lon="-4.0284608048827018">
        <ele>0</ele>
      </trkpt>
      <trkpt lat="53.10142094220867" lon="-4.0284770169750157">
        <ele>0</ele>
      </trkpt>
      <trkpt lat="53.10138661071907" lon="-4.0285628456990281">
        <ele>0</ele>
      </trkpt>
      <trkpt lat="53.10135323288195" lon="-4.0286486744230414">
        <ele>0</ele>
      </trkpt>
      <trkpt lat="53.10132080869732" lon="-4.0287697882891482">
        <ele>0</ele>
      </trkpt>
      <trkpt lat="53.10128933816519" lon="-4.0288899485027665">
        <ele>0</ele>
      </trkpt>
      <trkpt lat="53.10130173564755" lon="-4.0291550638947182">
        <ele>0</ele>
      </trkpt>
      <trkpt lat="53.10132843791724" lon="-4.0294287621590703">
        <ele>0</ele>
      </trkpt>
      <trkpt lat="53.10128933816519" lon="-4.0295460614152212">
        <ele>0</ele>
      </trkpt>
      <trkpt lat="53.1012969673851" lon="-4.0296118634369646">
        <ele>0</ele>
      </trkpt>
      <trkpt lat="53.1013055502575" lon="-4.0296776654587081">
        <ele>0</ele>
      </trkpt>
      <trkpt lat="53.10127121876789" lon="-4.0297911501049031">
        <ele>0</ele>
      </trkpt>
      <trkpt lat="53.10122067518598" lon="-4.029861720389091">
        <ele>0</ele>
      </trkpt>
      <trkpt lat="53.10117871447646" lon="-4.0299523173755496">
        <ele>0</ele>
      </trkpt>
      <trkpt lat="53.10109288575244" lon="-4.0303652489033004">
        <ele>0</ele>
      </trkpt>
      <trkpt lat="53.1010013351135" lon="-4.0304730116345615">
        <ele>0</ele>
      </trkpt>
      <trkpt lat="53.10096414266643" lon="-4.0305302307839037">
        <ele>0</ele>
      </trkpt>
      <trkpt lat="53.10095842075149" lon="-4.030587449933245">
        <ele>0</ele>
      </trkpt>
      <trkpt lat="53.10097367919132" lon="-4.0306732786572583">
        <ele>0</ele>
      </trkpt>
      <trkpt lat="53.10097367919132" lon="-4.0306732786572583">
        <ele>0</ele>
      </trkpt>
      <trkpt lat="53.1009403013542" lon="-4.0309460232691219">
        <ele>0</ele>
      </trkpt>
      <trkpt lat="53.1009755864963" lon="-4.0310604615678054">
        <ele>0</ele>
      </trkpt>
      <trkpt lat="53.10101182529088" lon="-4.0311739462140004">
        <ele>0</ele>
      </trkpt>
      <trkpt lat="53.10110432958231" lon="-4.031266450505437">
        <ele>0</ele>
      </trkpt>
      <trkpt lat="53.10110719053978" lon="-4.0316574480259408">
        <ele>0</ele>
      </trkpt>
      <trkpt lat="53.10114533663934" lon="-4.0317566278847998">
        <ele>0</ele>
      </trkpt>
      <trkpt lat="53.10120255578868" lon="-4.0318472248712585">
        <ele>0</ele>
      </trkpt>
      <trkpt lat="53.10126072859052" lon="-4.0319368682052268">
        <ele>0</ele>
      </trkpt>
      <trkpt lat="53.1012883845127" lon="-4.0320026702269702">
        <ele>0</ele>
      </trkpt>
      <trkpt lat="53.10131699408737" lon="-4.0320684722487137">
        <ele>0</ele>
      </trkpt>
      <trkpt lat="53.1014180812512" lon="-4.0323583826053797">
        <ele>0</ele>
      </trkpt>
      <trkpt lat="53.10187774175092" lon="-4.0332128552355533">
        <ele>0</ele>
      </trkpt>
      <trkpt lat="53.10198073621974" lon="-4.0332424184627129">
        <ele>0</ele>
      </trkpt>
      <trkpt lat="53.10209803547588" lon="-4.0333044058745005">
        <ele>0</ele>
      </trkpt>
      <trkpt lat="53.10216002288767" lon="-4.0334074003433162">
        <ele>0</ele>
      </trkpt>
      <trkpt lat="53.10216193019265" lon="-4.0334760633225262">
        <ele>0</ele>
      </trkpt>
      <trkpt lat="53.10216479115012" lon="-4.0335437726492476">
        <ele>0</ele>
      </trkpt>
      <trkpt lat="53.10217909593745" lon="-4.0336353232881947">
        <ele>0</ele>
      </trkpt>
      <trkpt lat="53.10219435437728" lon="-4.0337259202746534">
        <ele>0</ele>
      </trkpt>
      <trkpt lat="53.10222677856191" lon="-4.0338079343887099">
        <ele>0</ele>
      </trkpt>
      <trkpt lat="53.10226015639902" lon="-4.0338889948502779">
        <ele>0</ele>
      </trkpt>
      <trkpt lat="53.10234979973299" lon="-4.0340062941064287">
        <ele>0</ele>
      </trkpt>
      <trkpt lat="53.10244039671945" lon="-4.0341226397100911">
        <ele>0</ele>
      </trkpt>
      <trkpt lat="53.10248521838643" lon="-4.0342122830440603">
        <ele>0</ele>
      </trkpt>
      <trkpt lat="53.10259488842267" lon="-4.0343333969101671">
        <ele>0</ele>
      </trkpt>
      <trkpt lat="53.10270455845891" lon="-4.0344535571237854">
        <ele>0</ele>
      </trkpt>
      <trkpt lat="53.10277798970057" lon="-4.0345422468052652">
        <ele>0</ele>
      </trkpt>
      <trkpt lat="53.10285237459471" lon="-4.034630936486745">
        <ele>0</ele>
      </trkpt>
      <trkpt lat="53.10292485218388" lon="-4.0347386992180061">
        <ele>0</ele>
      </trkpt>
      <trkpt lat="53.10301735647531" lon="-4.034855998474157">
        <ele>0</ele>
      </trkpt>
      <trkpt lat="53.10310986076675" lon="-4.0349723440778194">
        <ele>0</ele>
      </trkpt>
      <trkpt lat="53.10315086782378" lon="-4.0350429143620072">
        <ele>0</ele>
      </trkpt>
      <trkpt lat="53.10319187488081" lon="-4.0351125309937066">
        <ele>0</ele>
      </trkpt>
      <trkpt lat="53.10323383559032" lon="-4.035228876597369">
        <ele>0</ele>
      </trkpt>
      <trkpt lat="53.10327674995233" lon="-4.0353442685485419">
        <ele>0</ele>
      </trkpt>
      <trkpt lat="53.10333969101661" lon="-4.0354463093648683">
        <ele>0</ele>
      </trkpt>
      <trkpt lat="53.10340263208089" lon="-4.0355483501811955">
        <ele>0</ele>
      </trkpt>
      <trkpt lat="53.10340263208089" lon="-4.0355483501811955">
        <ele>0</ele>
      </trkpt>
      <trkpt lat="53.10348273888996" lon="-4.0356913980545501">
        <ele>0</ele>
      </trkpt>
      <trkpt lat="53.10348273888996" lon="-4.0356913980545501">
        <ele>0</ele>
      </trkpt>
      <trkpt lat="53.10351897768454" lon="-4.0357552927713156">
        <ele>0</ele>
      </trkpt>
      <trkpt lat="53.10354091169179" lon="-4.0357734121686066">
        <ele>0</ele>
      </trkpt>
      <trkpt lat="53.10355521647913" lon="-4.0357753194735846">
        <ele>0</ele>
      </trkpt>
      <trkpt lat="53.10361720389091" lon="-4.0357266831966445">
        <ele>0</ele>
      </trkpt>
      <trkpt lat="53.1036791913027" lon="-4.0356770932672141">
        <ele>0</ele>
      </trkpt>
      <trkpt lat="53.10371733740227" lon="-4.0356713713522803">
        <ele>0</ele>
      </trkpt>
      <trkpt lat="53.10374594697694" lon="-4.0356980736219734">
        <ele>0</ele>
      </trkpt>
      <trkpt lat="53.10377837116156" lon="-4.0358010680907892">
        <ele>0</ele>
      </trkpt>
      <trkpt lat="53.10382510013353" lon="-4.035920274651918">
        <ele>0</ele>
      </trkpt>
      <trkpt lat="53.10387182910549" lon="-4.0359841693686835">
        <ele>0</ele>
      </trkpt>
      <trkpt lat="53.10391951172994" lon="-4.0360480640854481">
        <ele>0</ele>
      </trkpt>
      <trkpt lat="53.1039834064467" lon="-4.0360270837306897">
        <ele>0</ele>
      </trkpt>
      <trkpt lat="53.10408258630557" lon="-4.0359412550066764">
        <ele>0</ele>
      </trkpt>
      <trkpt lat="53.10418558077438" lon="-4.0358783139424004">
        <ele>0</ele>
      </trkpt>
      <trkpt lat="53.10422754148389" lon="-4.035857333587642">
        <ele>0</ele>
      </trkpt>
      <trkpt lat="53.10427427045586" lon="-4.0358582872401305">
        <ele>0</ele>
      </trkpt>
      <trkpt lat="53.10437440396721" lon="-4.0358163265306137">
        <ele>0</ele>
      </trkpt>
      <trkpt lat="53.1044096891093" lon="-4.035792485218388">
        <ele>0</ele>
      </trkpt>
      <trkpt lat="53.1044096891093" lon="-4.035792485218388">
        <ele>0</ele>
      </trkpt>
      <trkpt lat="53.10448216669847" lon="-4.0357877169559426">
        <ele>0</ele>
      </trkpt>
      <trkpt lat="53.10452889567043" lon="-4.0357972534808324">
        <ele>0</ele>
      </trkpt>
      <trkpt lat="53.10456513446501" lon="-4.0358277703604815">
        <ele>0</ele>
      </trkpt>
      <trkpt lat="53.10460518786955" lon="-4.035887850467291">
        <ele>0</ele>
      </trkpt>
      <trkpt lat="53.1046538241465" lon="-4.0359412550066764">
        <ele>0</ele>
      </trkpt>
      <trkpt lat="53.10470818233837" lon="-4.0359755864962823">
        <ele>0</ele>
      </trkpt>
      <trkpt lat="53.10477970627505" lon="-4.036003242418464">
        <ele>0</ele>
      </trkpt>
      <trkpt lat="53.1048092695022" lon="-4.0360080106809093">
        <ele>0</ele>
      </trkpt>
      <trkpt lat="53.10482548159452" lon="-4.036003242418464">
        <ele>0</ele>
      </trkpt>
      <trkpt lat="53.1048617203891" lon="-4.0359374403967205">
        <ele>0</ele>
      </trkpt>
      <trkpt lat="53.10488365439635" lon="-4.0359183673469401">
        <ele>0</ele>
      </trkpt>
      <trkpt lat="53.10491512492849" lon="-4.0359431623116544">
        <ele>0</ele>
      </trkpt>
      <trkpt lat="53.10493896624072" lon="-4.0359450696166332">
        <ele>0</ele>
      </trkpt>
      <trkpt lat="53.10496852946788" lon="-4.0359364867442311">
        <ele>0</ele>
      </trkpt>
      <trkpt lat="53.1050190730498" lon="-4.0358849895098237">
        <ele>0</ele>
      </trkpt>
      <trkpt lat="53.10504386801451" lon="-4.0358764066374224">
        <ele>0</ele>
      </trkpt>
      <trkpt lat="53.10507247758918" lon="-4.0358764066374224">
        <ele>0</ele>
      </trkpt>
      <trkpt lat="53.10508773602901" lon="-4.0358525653251967">
        <ele>0</ele>
      </trkpt>
      <trkpt lat="53.1050963189014" lon="-4.0358220484455476">
        <ele>0</ele>
      </trkpt>
      <trkpt lat="53.10513351134848" lon="-4.0357962998283439">
        <ele>0</ele>
      </trkpt>
      <trkpt lat="53.10517547205799" lon="-4.0357829486934973">
        <ele>0</ele>
      </trkpt>
      <trkpt lat="53.10520694259014" lon="-4.0357819950410079">
        <ele>0</ele>
      </trkpt>
      <trkpt lat="53.10524604234219" lon="-4.0357915315658985">
        <ele>0</ele>
      </trkpt>
      <trkpt lat="53.10526988365441" lon="-4.0357848559984753">
        <ele>0</ele>
      </trkpt>
      <trkpt lat="53.10532424184628" lon="-4.0357161930192653">
        <ele>0</ele>
      </trkpt>
      <trkpt lat="53.105349036811" lon="-4.0357076101468632">
        <ele>0</ele>
      </trkpt>
      <trkpt lat="53.10538241464812" lon="-4.0356570665649452">
        <ele>0</ele>
      </trkpt>
      <trkpt lat="53.10540816326532" lon="-4.0356399008201427">
        <ele>0</ele>
      </trkpt>
      <trkpt lat="53.10543391188252" lon="-4.0356360862101859">
        <ele>0</ele>
      </trkpt>
      <trkpt lat="53.10546061415221" lon="-4.0356475300400545">
        <ele>0</ele>
      </trkpt>
      <trkpt lat="53.1054882700744" lon="-4.0356761396147256">
        <ele>0</ele>
      </trkpt>
      <trkpt lat="53.10550925042916" lon="-4.0356799542246815">
        <ele>0</ele>
      </trkpt>
      <trkpt lat="53.10562178142286" lon="-4.0356446690825871">
        <ele>0</ele>
      </trkpt>
      <trkpt lat="53.10565039099753" lon="-4.0356227350753393">
        <ele>0</ele>
      </trkpt>
      <trkpt lat="53.10568186152967" lon="-4.0356122448979601">
        <ele>0</ele>
      </trkpt>
      <trkpt lat="53.1057057028419" lon="-4.0356189204653834">
        <ele>0</ele>
      </trkpt>
      <trkpt lat="53.10574575624644" lon="-4.0356837688346374">
        <ele>0</ele>
      </trkpt>
      <trkpt lat="53.10576387564373" lon="-4.0356961663169955">
        <ele>0</ele>
      </trkpt>
      <trkpt lat="53.10578485599849" lon="-4.0356913980545501">
        <ele>0</ele>
      </trkpt>
      <trkpt lat="53.10581918748809" lon="-4.0357009345794408">
        <ele>0</ele>
      </trkpt>
      <trkpt lat="53.1059403013542" lon="-4.0357648292962054">
        <ele>0</ele>
      </trkpt>
      <trkpt lat="53.10598607667367" lon="-4.0358115582681684">
        <ele>0</ele>
      </trkpt>
      <trkpt lat="53.10600896433341" lon="-4.0358497043677293">
        <ele>0</ele>
      </trkpt>
      <trkpt lat="53.10608048827009" lon="-4.0360976540148785">
        <ele>0</ele>
      </trkpt>
      <trkpt lat="53.10611672706467" lon="-4.0361396147243953">
        <ele>0</ele>
      </trkpt>
      <trkpt lat="53.10612721724205" lon="-4.0362101850085841">
        <ele>0</ele>
      </trkpt>
      <trkpt lat="53.10613770741943" lon="-4.0362798016402834">
        <ele>0</ele>
      </trkpt>
      <trkpt lat="53.10613580011445" lon="-4.0363875643715446">
        <ele>0</ele>
      </trkpt>
      <trkpt lat="53.10615105855427" lon="-4.0364485981308427">
        <ele>0</ele>
      </trkpt>
      <trkpt lat="53.10619874117873" lon="-4.0365134465000967">
        <ele>0</ele>
      </trkpt>
      <trkpt lat="53.10624737745567" lon="-4.0365773412168613">
        <ele>0</ele>
      </trkpt>
      <trkpt lat="53.10635227922946" lon="-4.0366326530612255">
        <ele>0</ele>
      </trkpt>
      <trkpt lat="53.10639328628649" lon="-4.0367165744802609">
        <ele>0</ele>
      </trkpt>
      <trkpt lat="53.10639328628649" lon="-4.0367165744802609">
        <ele>0</ele>
      </trkpt>
      <trkpt lat="53.10637898149916" lon="-4.0367442304024426">
        <ele>0</ele>
      </trkpt>
      <trkpt lat="53.10640663742134" lon="-4.0371237840930778">
        <ele>0</ele>
      </trkpt>
      <trkpt lat="53.10642380316614" lon="-4.0371934007247772">
        <ele>0</ele>
      </trkpt>
      <trkpt lat="53.10644192256343" lon="-4.0372630173564765">
        <ele>0</ele>
      </trkpt>
      <trkpt lat="53.10649341979784" lon="-4.0373583826053796">
        <ele>0</ele>
      </trkpt>
      <trkpt lat="53.10652393667749" lon="-4.0374508868968162">
        <ele>0</ele>
      </trkpt>
      <trkpt lat="53.10652202937251" lon="-4.0375433911882519">
        <ele>0</ele>
      </trkpt>
      <trkpt lat="53.10652107572002" lon="-4.0376358954796885">
        <ele>0</ele>
      </trkpt>
      <trkpt lat="53.10656589738701" lon="-4.0377465191684161">
        <ele>0</ele>
      </trkpt>
      <trkpt lat="53.10658878504674" lon="-4.0378352088498959">
        <ele>0</ele>
      </trkpt>
      <trkpt lat="53.10661167270648" lon="-4.0379229448788871">
        <ele>0</ele>
      </trkpt>
      <trkpt lat="53.10661548731643" lon="-4.038042151440016">
        <ele>0</ele>
      </trkpt>
      <trkpt lat="53.10662025557888" lon="-4.0381604043486563">
        <ele>0</ele>
      </trkpt>
      <trkpt lat="53.10663646767119" lon="-4.0382557695975594">
        <ele>0</ele>
      </trkpt>
      <trkpt lat="53.10665363341599" lon="-4.0383511348464634">
        <ele>0</ele>
      </trkpt>
      <trkpt lat="53.10665649437346" lon="-4.0384169368682068">
        <ele>0</ele>
      </trkpt>
      <trkpt lat="53.10666030898342" lon="-4.0384827388899494">
        <ele>0</ele>
      </trkpt>
      <trkpt lat="53.10664028228115" lon="-4.0385504482166708">
        <ele>0</ele>
      </trkpt>
      <trkpt lat="53.10662025557888" lon="-4.0386181575433922">
        <ele>0</ele>
      </trkpt>
      <trkpt lat="53.10662407018884" lon="-4.0387097081823393">
        <ele>0</ele>
      </trkpt>
      <trkpt lat="53.10664409689111" lon="-4.0387869540339514">
        <ele>0</ele>
      </trkpt>
      <trkpt lat="53.10671180621783" lon="-4.0388575243181393">
        <ele>0</ele>
      </trkpt>
      <trkpt lat="53.10678046919704" lon="-4.038928094602328">
        <ele>0</ele>
      </trkpt>
      <trkpt lat="53.10683292008393" lon="-4.0389662407018898">
        <ele>0</ele>
      </trkpt>
      <trkpt lat="53.10691111958803" lon="-4.0389509822620653">
        <ele>0</ele>
      </trkpt>
      <trkpt lat="53.10699313370209" lon="-4.0389595651344665">
        <ele>0</ele>
      </trkpt>
      <trkpt lat="53.10706847224873" lon="-4.0390186915887858">
        <ele>0</ele>
      </trkpt>
      <trkpt lat="53.10713808888043" lon="-4.0390530230783916">
        <ele>0</ele>
      </trkpt>
      <trkpt lat="53.10721533473204" lon="-4.0390806790005733">
        <ele>0</ele>
      </trkpt>
      <trkpt lat="53.10729258058365" lon="-4.039108334922755">
        <ele>0</ele>
      </trkpt>
      <trkpt lat="53.10739080679002" lon="-4.0391626931146298">
        <ele>0</ele>
      </trkpt>
      <trkpt lat="53.10750143047875" lon="-4.0392790387182922">
        <ele>0</ele>
      </trkpt>
      <trkpt lat="53.1075920274652" lon="-4.0393276749952332">
        <ele>0</ele>
      </trkpt>
      <trkpt lat="53.10786954033951" lon="-4.0394478352088514">
        <ele>0</ele>
      </trkpt>
      <trkpt lat="53.1079315277513" lon="-4.0394602326912086">
        <ele>0</ele>
      </trkpt>
      <trkpt lat="53.10799351516309" lon="-4.0394726301735657">
        <ele>0</ele>
      </trkpt>
      <trkpt lat="53.1083921419035" lon="-4.0396662216288393">
        <ele>0</ele>
      </trkpt>
      <trkpt lat="53.10850085828725" lon="-4.0396948312035104">
        <ele>0</ele>
      </trkpt>
      <trkpt lat="53.1086009917986" lon="-4.0397310699980942">
        <ele>0</ele>
      </trkpt>
      <trkpt lat="53.10888518024034" lon="-4.0399485027655935">
        <ele>0</ele>
      </trkpt>
      <trkpt lat="53.10894239938968" lon="-4.0400000000000009">
        <ele>0</ele>
      </trkpt>
      <trkpt lat="53.10894239938968" lon="-4.0399999999999832">
        <ele>0</ele>
      </trkpt>
      <trkpt lat="53.10900629410644" lon="-4.0400410070570114">
        <ele>0</ele>
      </trkpt>
      <trkpt lat="53.1090701888232" lon="-4.0401058554262654">
        <ele>0</ele>
      </trkpt>
      <trkpt lat="53.10911977875264" lon="-4.0401668891855635">
        <ele>0</ele>
      </trkpt>
      <trkpt lat="53.10916936868207" lon="-4.0402279229448617">
        <ele>0</ele>
      </trkpt>
      <trkpt lat="53.10927808506582" lon="-4.0403223345412762">
        <ele>0</ele>
      </trkpt>
      <trkpt lat="53.10938775510206" lon="-4.0404167461376908">
        <ele>0</ele>
      </trkpt>
      <trkpt lat="53.10944020598895" lon="-4.0404224680526246">
        <ele>0</ele>
      </trkpt>
      <trkpt lat="53.10948884226589" lon="-4.0404768262444994">
        <ele>0</ele>
      </trkpt>
      <trkpt lat="53.10955845889759" lon="-4.0405826816707817">
        <ele>0</ele>
      </trkpt>
      <trkpt lat="53.10980354758728" lon="-4.0408258630554856">
        <ele>0</ele>
      </trkpt>
      <trkpt lat="53.10990177379364" lon="-4.0409469769215924">
        <ele>0</ele>
      </trkpt>
      <trkpt lat="53.11000000000001" lon="-4.0410671371352107">
        <ele>0</ele>
      </trkpt>
      <trkpt lat="53.11025557886708" lon="-4.0413360671371183">
        <ele>0</ele>
      </trkpt>
      <trkpt lat="53.11037764638567" lon="-4.0414476444783354">
        <ele>0</ele>
      </trkpt>
      <trkpt lat="53.11049971390427" lon="-4.041558268167063">
        <ele>0</ele>
      </trkpt>
      <trkpt lat="53.11058840358574" lon="-4.0415945069616459">
        <ele>0</ele>
      </trkpt>
      <trkpt lat="53.11067709326723" lon="-4.0416755674232139">
        <ele>0</ele>
      </trkpt>
      <trkpt lat="53.11090215525464" lon="-4.0419454510776101">
        <ele>0</ele>
      </trkpt>
      <trkpt lat="53.11096318901394" lon="-4.0420064848369082">
        <ele>0</ele>
      </trkpt>
      <trkpt lat="53.11103375929812" lon="-4.0420541674613597">
        <ele>0</ele>
      </trkpt>
      <trkpt lat="53.11134274270457" lon="-4.0424623307266661">
        <ele>0</ele>
      </trkpt>
      <trkpt lat="53.11142666412361" lon="-4.0425824909402843">
        <ele>0</ele>
      </trkpt>
      <trkpt lat="53.11151058554264" lon="-4.0427016975014132">
        <ele>0</ele>
      </trkpt>
      <trkpt lat="53.11160404348657" lon="-4.0427970627503171">
        <ele>0</ele>
      </trkpt>
      <trkpt lat="53.11169845508298" lon="-4.0428914743467308">
        <ele>0</ele>
      </trkpt>
      <trkpt lat="53.11174327674997" lon="-4.0429248521838472">
        <ele>0</ele>
      </trkpt>
      <trkpt lat="53.11178237650201" lon="-4.0429982834255025">
        <ele>0</ele>
      </trkpt>
      <trkpt lat="53.11187774175092" lon="-4.0430822048445378">
        <ele>0</ele>
      </trkpt>
      <trkpt lat="53.11195021934009" lon="-4.0431985504481993">
        <ele>0</ele>
      </trkpt>
      <trkpt lat="53.11198073621973" lon="-4.0432767499522999">
        <ele>0</ele>
      </trkpt>
      <trkpt lat="53.11201125309938" lon="-4.043353995803912">
        <ele>0</ele>
      </trkpt>
      <trkpt lat="53.11205130650392" lon="-4.0433797444211157">
        <ele>0</ele>
      </trkpt>
      <trkpt lat="53.1121142475682" lon="-4.0434074003432983">
        <ele>0</ele>
      </trkpt>
      <trkpt lat="53.11218863246234" lon="-4.0434903681098433">
        <ele>0</ele>
      </trkpt>
      <trkpt lat="53.11222201029946" lon="-4.0435542628266088">
        <ele>0</ele>
      </trkpt>
      <trkpt lat="53.11225538813657" lon="-4.0436172038908849">
        <ele>0</ele>
      </trkpt>
      <trkpt lat="53.11230116345605" lon="-4.0436820522601398">
        <ele>0</ele>
      </trkpt>
      <trkpt lat="53.11234789242801" lon="-4.0437459469769044">
        <ele>0</ele>
      </trkpt>
      <trkpt lat="53.11245851611674" lon="-4.0438260537859829">
        <ele>0</ele>
      </trkpt>
      <trkpt lat="53.11252813274844" lon="-4.0438880411977705">
        <ele>0</ele>
      </trkpt>
      <trkpt lat="53.11259774938014" lon="-4.043950028609558">
        <ele>0</ele>
      </trkpt>
      <trkpt lat="53.11266736601184" lon="-4.0440301354186365">
        <ele>0</ele>
      </trkpt>
      <trkpt lat="53.11269979019647" lon="-4.0441035666602918">
        <ele>0</ele>
      </trkpt>
      <trkpt lat="53.11273316803359" lon="-4.0441769979019471">
        <ele>0</ele>
      </trkpt>
      <trkpt lat="53.11277894335306" lon="-4.044259965668493">
        <ele>0</ele>
      </trkpt>
      <trkpt lat="53.11281041388519" lon="-4.0442675948884057">
        <ele>0</ele>
      </trkpt>
      <trkpt lat="53.11286381842458" lon="-4.0442513827960918">
        <ele>0</ele>
      </trkpt>
      <trkpt lat="53.11288289147436" lon="-4.0442666412359163">
        <ele>0</ele>
      </trkpt>
      <trkpt lat="53.11289433530423" lon="-4.0443114629029013">
        <ele>0</ele>
      </trkpt>
      <trkpt lat="53.11289910356668" lon="-4.0443887087545125">
        <ele>0</ele>
      </trkpt>
      <trkpt lat="53.11291054739655" lon="-4.0444068281518044">
        <ele>0</ele>
      </trkpt>
      <trkpt lat="53.1129229448789" lon="-4.0444125500667383">
        <ele>0</ele>
      </trkpt>
      <trkpt lat="53.11293724966624" lon="-4.0444020598893591">
        <ele>0</ele>
      </trkpt>
      <trkpt lat="53.11295441541104" lon="-4.0443724966621994">
        <ele>0</ele>
      </trkpt>
      <trkpt lat="53.11297062750335" lon="-4.0443620064848202">
        <ele>0</ele>
      </trkpt>
      <trkpt lat="53.11299923707802" lon="-4.0443591455273529">
        <ele>0</ele>
      </trkpt>
      <trkpt lat="53.11301831012781" lon="-4.0443810795346007">
        <ele>0</ele>
      </trkpt>
      <trkpt lat="53.11303929048256" lon="-4.0444831203509271">
        <ele>0</ele>
      </trkpt>
      <trkpt lat="53.11306027083732" lon="-4.0445842075147649">
        <ele>0</ele>
      </trkpt>
      <trkpt lat="53.11307552927715" lon="-4.0445832538622755">
        <ele>0</ele>
      </trkpt>
      <trkpt lat="53.11310986076675" lon="-4.0445603662025391">
        <ele>0</ele>
      </trkpt>
      <trkpt lat="53.11313465573146" lon="-4.0445775319473416">
        <ele>0</ele>
      </trkpt>
      <trkpt lat="53.11316231165365" lon="-4.0446395193591282">
        <ele>0</ele>
      </trkpt>
      <trkpt lat="53.11318996757583" lon="-4.0447015067709158">
        <ele>0</ele>
      </trkpt>
      <trkpt lat="53.11320331871067" lon="-4.044791150104885">
        <ele>0</ele>
      </trkpt>
      <trkpt lat="53.11323955750526" lon="-4.044855998474139">
        <ele>0</ele>
      </trkpt>
      <trkpt lat="53.11328151821478" lon="-4.0448970055311673">
        <ele>0</ele>
      </trkpt>
      <trkpt lat="53.11336734693879" lon="-4.0448941445736999">
        <ele>0</ele>
      </trkpt>
      <trkpt lat="53.1134531756628" lon="-4.044890329963744">
        <ele>0</ele>
      </trkpt>
      <trkpt lat="53.11348941445738" lon="-4.0449294297157943">
        <ele>0</ele>
      </trkpt>
      <trkpt lat="53.11350658020219" lon="-4.0449856952126471">
        <ele>0</ele>
      </trkpt>
      <trkpt lat="53.11353518977686" lon="-4.0449856952126471">
        <ele>0</ele>
      </trkpt>
      <trkpt lat="53.11359717718864" lon="-4.0449999999999831">
        <ele>0</ele>
      </trkpt>
      <trkpt lat="53.11365916460043" lon="-4.0450143047873182">
        <ele>0</ele>
      </trkpt>
      <trkpt lat="53.11371352279231" lon="-4.0450591264543032">
        <ele>0</ele>
      </trkpt>
      <trkpt lat="53.11379649055885" lon="-4.0451563990081842">
        <ele>0</ele>
      </trkpt>
      <trkpt lat="53.11382033187108" lon="-4.0452365058172628">
        <ele>0</ele>
      </trkpt>
      <trkpt lat="53.11384608048829" lon="-4.0452641617394454">
        <ele>0</ele>
      </trkpt>
      <trkpt lat="53.1139052069426" lon="-4.0452412740797081">
        <ele>0</ele>
      </trkpt>
      <trkpt lat="53.11393953843221" lon="-4.0452536715620662">
        <ele>0</ele>
      </trkpt>
      <trkpt lat="53.11397768453177" lon="-4.0452975395765609">
        <ele>0</ele>
      </trkpt>
      <trkpt lat="53.1140625596033" lon="-4.0455588403585558">
        <ele>0</ele>
      </trkpt>
      <trkpt lat="53.11411119588023" lon="-4.0456151058554095">
        <ele>0</ele>
      </trkpt>
      <trkpt lat="53.11415887850469" lon="-4.0456313179477226">
        <ele>0</ele>
      </trkpt>
      <trkpt lat="53.11420083921421" lon="-4.0456608811748831">
        <ele>0</ele>
      </trkpt>
      <trkpt lat="53.11422944878888" lon="-4.0457448025939176">
        <ele>0</ele>
      </trkpt>
      <trkpt lat="53.11424279992372" lon="-4.0458601945450905">
        <ele>0</ele>
      </trkpt>
      <trkpt lat="53.11425710471106" lon="-4.0459746328437749">
        <ele>0</ele>
      </trkpt>
      <trkpt lat="53.11428571428573" lon="-4.0460318519931162">
        <ele>0</ele>
      </trkpt>
      <trkpt lat="53.11431527751289" lon="-4.0460461567804522">
        <ele>0</ele>
      </trkpt>
      <trkpt lat="53.11437821857717" lon="-4.0460318519931162">
        <ele>0</ele>
      </trkpt>
      <trkpt lat="53.11444402059891" lon="-4.0460366202555615">
        <ele>0</ele>
      </trkpt>
      <trkpt lat="53.11448979591838" lon="-4.0460757200076118">
        <ele>0</ele>
      </trkpt>
      <trkpt lat="53.11451268357812" lon="-4.0461358001144214">
        <ele>0</ele>
      </trkpt>
      <trkpt lat="53.11452508106048" lon="-4.0462187678809673">
        <ele>0</ele>
      </trkpt>
      <trkpt lat="53.11453843219532" lon="-4.0463007819950239">
        <ele>0</ele>
      </trkpt>
      <trkpt lat="53.11456227350754" lon="-4.046394239938949">
        <ele>0</ele>
      </trkpt>
      <trkpt lat="53.11460518786956" lon="-4.0464285714285539">
        <ele>0</ele>
      </trkpt>
      <trkpt lat="53.11469769216099" lon="-4.0464810223154508">
        <ele>0</ele>
      </trkpt>
      <trkpt lat="53.11479019645243" lon="-4.0465334732023477">
        <ele>0</ele>
      </trkpt>
      <trkpt lat="53.1148359717719" lon="-4.0465830631317781">
        <ele>0</ele>
      </trkpt>
      <trkpt lat="53.11487316421897" lon="-4.0466784283806811">
        <ele>0</ele>
      </trkpt>
      <trkpt lat="53.11490844936107" lon="-4.0467356475300233">
        <ele>0</ele>
      </trkpt>
      <trkpt lat="53.11495422468054" lon="-4.0467566278847817">
        <ele>0</ele>
      </trkpt>
      <trkpt lat="53.11501049017739" lon="-4.0467404157924678">
        <ele>0</ele>
      </trkpt>
      <trkpt lat="53.11505245088691" lon="-4.0467442304024246">
        <ele>0</ele>
      </trkpt>
      <trkpt lat="53.11515830631319" lon="-4.0467938203318541">
        <ele>0</ele>
      </trkpt>
      <trkpt lat="53.11526416173947" lon="-4.0468434102612836">
        <ele>0</ele>
      </trkpt>
      <trkpt lat="53.11533473202366" lon="-4.0468977684531584">
        <ele>0</ele>
      </trkpt>
      <trkpt lat="53.11540530230786" lon="-4.0469521266450332">
        <ele>0</ele>
      </trkpt>
      <trkpt lat="53.1157228685867" lon="-4.0470608430287829">
        <ele>0</ele>
      </trkpt>
      <trkpt lat="53.11580679000573" lon="-4.0471428571428403">
        <ele>0</ele>
      </trkpt>
      <trkpt lat="53.11589071142477" lon="-4.0472239176044082">
        <ele>0</ele>
      </trkpt>
      <trkpt lat="53.11596986458136" lon="-4.047282090406239">
        <ele>0</ele>
      </trkpt>
      <trkpt lat="53.1160623688728" lon="-4.0474032042723458">
        <ele>0</ele>
      </trkpt>
      <trkpt lat="53.11613866107192" lon="-4.0474365821094622">
        <ele>0</ele>
      </trkpt>
      <trkpt lat="53.11622067518598" lon="-4.0474623307266659">
        <ele>0</ele>
      </trkpt>
      <trkpt lat="53.11630364295252" lon="-4.0474880793438697">
        <ele>0</ele>
      </trkpt>
      <trkpt lat="53.1163398817471" lon="-4.0475109670036069">
        <ele>0</ele>
      </trkpt>
      <trkpt lat="53.11643047873356" lon="-4.047604424947532">
        <ele>0</ele>
      </trkpt>
      <trkpt lat="53.11647720770553" lon="-4.0476301735647358">
        <ele>0</ele>
      </trkpt>
      <trkpt lat="53.11654300972727" lon="-4.0476234979973125">
        <ele>0</ele>
      </trkpt>
      <trkpt lat="53.11663456036622" lon="-4.0476463856570497">
        <ele>0</ele>
      </trkpt>
      <trkpt lat="53.11673564753006" lon="-4.0476606904443848">
        <ele>0</ele>
      </trkpt>
      <trkpt lat="53.11683768834638" lon="-4.0476740415792314">
        <ele>0</ele>
      </trkpt>
      <trkpt lat="53.11694163646769" lon="-4.0476740415792314">
        <ele>0</ele>
      </trkpt>
      <trkpt lat="53.11742132366967" lon="-4.0477436582109307">
        <ele>0</ele>
      </trkpt>
      <trkpt lat="53.11749475491133" lon="-4.0477999237077835">
        <ele>0</ele>
      </trkpt>
      <trkpt lat="53.11756341789054" lon="-4.0478733549494397">
        <ele>0</ele>
      </trkpt>
      <trkpt lat="53.11763303452224" lon="-4.0479458325386055">
        <ele>0</ele>
      </trkpt>
      <trkpt lat="53.11760251764259" lon="-4.048056456227334">
        <ele>0</ele>
      </trkpt>
      <trkpt lat="53.11757295441542" lon="-4.0481670799160616">
        <ele>0</ele>
      </trkpt>
      <trkpt lat="53.11762540530232" lon="-4.0482290673278483">
        <ele>0</ele>
      </trkpt>
      <trkpt lat="53.11767785618922" lon="-4.0482901010871464">
        <ele>0</ele>
      </trkpt>
      <trkpt lat="53.11761682242992" lon="-4.0485637993514993">
        <ele>0</ele>
      </trkpt>
      <trkpt lat="53.11771218767883" lon="-4.0486143429334183">
        <ele>0</ele>
      </trkpt>
      <trkpt lat="53.11780755292773" lon="-4.0486648865153372">
        <ele>0</ele>
      </trkpt>
      <trkpt lat="53.11779038718292" lon="-4.0487440396719263">
        <ele>0</ele>
      </trkpt>
      <trkpt lat="53.11777322143812" lon="-4.0488222391760269">
        <ele>0</ele>
      </trkpt>
      <trkpt lat="53.11784379172231" lon="-4.0489166507724415">
        <ele>0</ele>
      </trkpt>
      <trkpt lat="53.1179143620065" lon="-4.049011062368856">
        <ele>0</ele>
      </trkpt>
      <trkpt lat="53.11794964714859" lon="-4.049092122830424">
        <ele>0</ele>
      </trkpt>
      <trkpt lat="53.11798588594318" lon="-4.0491731832919911">
        <ele>0</ele>
      </trkpt>
      <trkpt lat="53.11802212473776" lon="-4.049268548540895">
        <ele>0</ele>
      </trkpt>
      <trkpt lat="53.11805931718483" lon="-4.0493629601373087">
        <ele>0</ele>
      </trkpt>
      <trkpt lat="53.11811748998666" lon="-4.0494459279038546">
        <ele>0</ele>
      </trkpt>
      <trkpt lat="53.11821094793059" lon="-4.0495203127979993">
        <ele>0</ele>
      </trkpt>
      <trkpt lat="53.1182014114057" lon="-4.0495889757772101">
        <ele>0</ele>
      </trkpt>
      <trkpt lat="53.11827674995233" lon="-4.0495966049971219">
        <ele>0</ele>
      </trkpt>
      <trkpt lat="53.11829296204464" lon="-4.0496633606713539">
        <ele>0</ele>
      </trkpt>
      <trkpt lat="53.11831012778945" lon="-4.0497301163455868">
        <ele>0</ele>
      </trkpt>
      <trkpt lat="53.11838165172612" lon="-4.0497606332252358">
        <ele>0</ele>
      </trkpt>
      <trkpt lat="53.11844650009538" lon="-4.0498083158496874">
        <ele>0</ele>
      </trkpt>
      <trkpt lat="53.11851134846464" lon="-4.0498550448216504">
        <ele>0</ele>
      </trkpt>
      <trkpt lat="53.11848941445739" lon="-4.0499227541483709">
        <ele>0</ele>
      </trkpt>
      <trkpt lat="53.11856189204655" lon="-4.0499675758153559">
        <ele>0</ele>
      </trkpt>
      <trkpt lat="53.11855235552166" lon="-4.0500686629791929">
        <ele>0</ele>
      </trkpt>
      <trkpt lat="53.11862960137327" lon="-4.0501249284760465">
        <ele>0</ele>
      </trkpt>
      <trkpt lat="53.11865725729545" lon="-4.0501935914552565">
        <ele>0</ele>
      </trkpt>
      <trkpt lat="53.11868491321763" lon="-4.0502622544344673">
        <ele>0</ele>
      </trkpt>
      <trkpt lat="53.11876502002671" lon="-4.0503585733358589">
        <ele>0</ele>
      </trkpt>
      <trkpt lat="53.1188098416937" lon="-4.0504310509250256">
        <ele>0</ele>
      </trkpt>
      <trkpt lat="53.11883082204846" lon="-4.0504968529467691">
        <ele>0</ele>
      </trkpt>
      <trkpt lat="53.11885180240322" lon="-4.0505626549685125">
        <ele>0</ele>
      </trkpt>
      <trkpt lat="53.11886515353807" lon="-4.0506599275223936">
        <ele>0</ele>
      </trkpt>
      <trkpt lat="53.1188794583254" lon="-4.0507562464237861">
        <ele>0</ele>
      </trkpt>
      <trkpt lat="53.11890425329011" lon="-4.0508277703604634">
        <ele>0</ele>
      </trkpt>
      <trkpt lat="53.11897386992182" lon="-4.0509107381270093">
        <ele>0</ele>
      </trkpt>
      <trkpt lat="53.11899866488653" lon="-4.0509937058935552">
        <ele>0</ele>
      </trkpt>
      <trkpt lat="53.11901296967387" lon="-4.0511148197596629">
        <ele>0</ele>
      </trkpt>
      <trkpt lat="53.11902822811369" lon="-4.0512359336257697">
        <ele>0</ele>
      </trkpt>
      <trkpt lat="53.11905493038338" lon="-4.0513198550448042">
        <ele>0</ele>
      </trkpt>
      <trkpt lat="53.11910738127028" lon="-4.0514152202937082">
        <ele>0</ele>
      </trkpt>
      <trkpt lat="53.11916078580966" lon="-4.0515105855426112">
        <ele>0</ele>
      </trkpt>
      <trkpt lat="53.11920274651918" lon="-4.0516107190539596">
        <ele>0</ele>
      </trkpt>
      <trkpt lat="53.11924566088119" lon="-4.0517108525653081">
        <ele>0</ele>
      </trkpt>
      <trkpt lat="53.11928762159071" lon="-4.0517356475300232">
        <ele>0</ele>
      </trkpt>
      <trkpt lat="53.1193314896052" lon="-4.0518062178142111">
        <ele>0</ele>
      </trkpt>
      <trkpt lat="53.11935628456992" lon="-4.0518195689490577">
        <ele>0</ele>
      </trkpt>
      <trkpt lat="53.11941064276179" lon="-4.0518138470341238">
        <ele>0</ele>
      </trkpt>
      <trkpt lat="53.11948502765593" lon="-4.0518500858287068">
        <ele>0</ele>
      </trkpt>
      <trkpt lat="53.11952984932292" lon="-4.0518500858287068">
        <ele>0</ele>
      </trkpt>
      <trkpt lat="53.11959946595462" lon="-4.0518891855807571">
        <ele>0</ele>
      </trkpt>
      <trkpt lat="53.11962902918178" lon="-4.0518815563608452">
        <ele>0</ele>
      </trkpt>
      <trkpt lat="53.11965954606143" lon="-4.0518863246232906">
        <ele>0</ele>
      </trkpt>
      <trkpt lat="53.11972153347322" lon="-4.0519492656875666">
        <ele>0</ele>
      </trkpt>
      <trkpt lat="53.11976730879269" lon="-4.0520141140568207">
        <ele>0</ele>
      </trkpt>
      <trkpt lat="53.11981403776466" lon="-4.0520789624260747">
        <ele>0</ele>
      </trkpt>
      <trkpt lat="53.11987697882893" lon="-4.0520970818233666">
        <ele>0</ele>
      </trkpt>
      <trkpt lat="53.11993991989321" lon="-4.0521152012206585">
        <ele>0</ele>
      </trkpt>
      <trkpt lat="53.12000000000001" lon="-4.0521476254052855">
        <ele>0</ele>
      </trkpt>
      <trkpt lat="53.12" lon="-4.0521476254052855">
        <ele>0</ele>
      </trkpt>
      <trkpt lat="53.12005340453938" lon="-4.0521762349799566">
        <ele>0</ele>
      </trkpt>
      <trkpt lat="53.12008392141903" lon="-4.0522696929238817">
        <ele>0</ele>
      </trkpt>
      <trkpt lat="53.12025748617204" lon="-4.0523517070379382">
        <ele>0</ele>
      </trkpt>
      <trkpt lat="53.12054835018119" lon="-4.0528552355521477">
        <ele>0</ele>
      </trkpt>
      <trkpt lat="53.12093076482929" lon="-4.0528714476444616">
        <ele>0</ele>
      </trkpt>
      <trkpt lat="53.12134274270456" lon="-4.0530478733549327">
        <ele>0</ele>
      </trkpt>
      <trkpt lat="53.12156208277703" lon="-4.0530431050924873">
        <ele>0</ele>
      </trkpt>
      <trkpt lat="53.12156208277703" lon="-4.0530431050924873">
        <ele>0</ele>
      </trkpt>
      <trkpt lat="53.1218777417509" lon="-4.0534121686057434">
        <ele>0</ele>
      </trkpt>
      <trkpt lat="53.12208182338355" lon="-4.053603852756039">
        <ele>0</ele>
      </trkpt>
      <trkpt lat="53.12243848941446" lon="-4.0537259202746352">
        <ele>0</ele>
      </trkpt>
      <trkpt lat="53.12287144764447" lon="-4.0539433530421345">
        <ele>0</ele>
      </trkpt>
      <trkpt lat="53.12333396910166" lon="-4.0541865344268375">
        <ele>0</ele>
      </trkpt>
      <trkpt lat="53.12375834445928" lon="-4.0544745374785256">
        <ele>0</ele>
      </trkpt>
      <trkpt lat="53.12472057982071" lon="-4.0551459088308048">
        <ele>0</ele>
      </trkpt>
      <trkpt lat="53.12533187106618" lon="-4.0554310509250255">
        <ele>0</ele>
      </trkpt>
      <trkpt lat="53.12556265496853" lon="-4.0554358191874709">
        <ele>0</ele>
      </trkpt>
      <trkpt lat="53.12619683387373" lon="-4.0551306503909803">
        <ele>0</ele>
      </trkpt>
      <trkpt lat="53.12705512111386" lon="-4.054801640282264">
        <ele>0</ele>
      </trkpt>
      <trkpt lat="53.12757200076292" lon="-4.05473679191301">
        <ele>0</ele>
      </trkpt>
      <trkpt lat="53.12788384512683" lon="-4.0546013732595672">
        <ele>0</ele>
      </trkpt>
      <trkpt lat="53.12830535952698" lon="-4.0546547777989534">
        <ele>0</ele>
      </trkpt>
      <trkpt lat="53.12844173183291" lon="-4.0545966049971218">
        <ele>0</ele>
      </trkpt>
      <trkpt lat="53.1285561701316" lon="-4.0546662216288212">
        <ele>0</ele>
      </trkpt>
      <trkpt lat="53.12887945832538" lon="-4.0547253480831413">
        <ele>0</ele>
      </trkpt>
      <trkpt lat="53.12946213999618" lon="-4.0546585924089094">
        <ele>0</ele>
      </trkpt>
      <trkpt lat="53.12979305740988" lon="-4.0545432004577364">
        <ele>0</ele>
      </trkpt>
      <trkpt lat="53.13001144382986" lon="-4.0545880221247206">
        <ele>0</ele>
      </trkpt>
      <trkpt lat="53.13016593553309" lon="-4.0544802593934604">
        <ele>0</ele>
      </trkpt>
      <trkpt lat="53.13064657638756" lon="-4.0544888422658616">
        <ele>0</ele>
      </trkpt>
      <trkpt lat="53.13102326912072" lon="-4.0545670417699622">
        <ele>0</ele>
      </trkpt>
      <trkpt lat="53.13102326912072" lon="-4.0545670417699622">
        <ele>0</ele>
      </trkpt>
      <trkpt lat="53.13103375929811" lon="-4.0546252145717929">
        <ele>0</ele>
      </trkpt>
      <trkpt lat="53.13119588022124" lon="-4.0547854281899509">
        <ele>0</ele>
      </trkpt>
      <trkpt lat="53.13148769788289" lon="-4.0548941445737006">
        <ele>0</ele>
      </trkpt>
      <trkpt lat="53.13179382033186" lon="-4.0550982262063533">
        <ele>0</ele>
      </trkpt>
      <trkpt lat="53.13191970246042" lon="-4.0552069425901029">
        <ele>0</ele>
      </trkpt>
      <trkpt lat="53.13213427427045" lon="-4.0552508106045986">
        <ele>0</ele>
      </trkpt>
      <trkpt lat="53.13233454129315" lon="-4.0553595269883482">
        <ele>0</ele>
      </trkpt>
      <trkpt lat="53.13256627884798" lon="-4.0555855426282488">
        <ele>0</ele>
      </trkpt>
      <trkpt lat="53.13308315849704" lon="-4.0558477970627331">
        <ele>0</ele>
      </trkpt>
      <trkpt lat="53.13316803356857" lon="-4.0558907114247393">
        <ele>0</ele>
      </trkpt>
      <trkpt lat="53.13328342551974" lon="-4.0560518786953867">
        <ele>0</ele>
      </trkpt>
      <trkpt lat="53.1333559031089" lon="-4.0561520122067352">
        <ele>0</ele>
      </trkpt>
      <trkpt lat="53.13355235552164" lon="-4.0563265306122283">
        <ele>0</ele>
      </trkpt>
      <trkpt lat="53.13365248903299" lon="-4.0565382414647928">
        <ele>0</ele>
      </trkpt>
      <trkpt lat="53.13365248903299" lon="-4.0565382414647928">
        <ele>0</ele>
      </trkpt>
      <trkpt lat="53.13395002860957" lon="-4.0574556551592433">
        <ele>0</ele>
      </trkpt>
      <trkpt lat="53.13396719435437" lon="-4.0577169559412383">
        <ele>0</ele>
      </trkpt>
      <trkpt lat="53.13401296967385" lon="-4.057821857715032">
        <ele>0</ele>
      </trkpt>
      <trkpt lat="53.1340339500286" lon="-4.0580879267594714">
        <ele>0</ele>
      </trkpt>
      <trkpt lat="53.13413599084493" lon="-4.0585151630745582">
        <ele>0</ele>
      </trkpt>
      <trkpt lat="53.13411310318519" lon="-4.0588146099561149">
        <ele>0</ele>
      </trkpt>
      <trkpt lat="53.1341474346748" lon="-4.058920465382398">
        <ele>0</ele>
      </trkpt>
      <trkpt lat="53.13419607095174" lon="-4.0594888422658615">
        <ele>0</ele>
      </trkpt>
      <trkpt lat="53.13412359336257" lon="-4.0599999999999827">
        <ele>0</ele>
      </trkpt>
      <trkpt lat="53.13412359336257" lon="-4.0599999999999934">
        <ele>0</ele>
      </trkpt>
      <trkpt lat="53.13403967194354" lon="-4.060593171848172">
        <ele>0</ele>
      </trkpt>
      <trkpt lat="53.13398054548922" lon="-4.0607018882319217">
        <ele>0</ele>
      </trkpt>
      <trkpt lat="53.13393477016974" lon="-4.0606542056074701">
        <ele>0</ele>
      </trkpt>
      <trkpt lat="53.13390520694259" lon="-4.0607295441541034">
        <ele>0</ele>
      </trkpt>
      <trkpt lat="53.13394526034713" lon="-4.0609546061415154">
        <ele>0</ele>
      </trkpt>
      <trkpt lat="53.13388041197787" lon="-4.0612969673850783">
        <ele>0</ele>
      </trkpt>
      <trkpt lat="53.13390043868014" lon="-4.0615878313942329">
        <ele>0</ele>
      </trkpt>
      <trkpt lat="53.13385752431813" lon="-4.0617470913599014">
        <ele>0</ele>
      </trkpt>
      <trkpt lat="53.13385752431813" lon="-4.0620322334541221">
        <ele>0</ele>
      </trkpt>
      <trkpt lat="53.13380507343124" lon="-4.0620246042342103">
        <ele>0</ele>
      </trkpt>
      <trkpt lat="53.13370112530993" lon="-4.0626883463665768">
        <ele>0</ele>
      </trkpt>
      <trkpt lat="53.13362960137326" lon="-4.0627694068281448">
        <ele>0</ele>
      </trkpt>
      <trkpt lat="53.13355903108906" lon="-4.0628504672897128">
        <ele>0</ele>
      </trkpt>
      <trkpt lat="53.13353232881937" lon="-4.0629439252336379">
        <ele>0</ele>
      </trkpt>
      <trkpt lat="53.13331680335686" lon="-4.063309174136938">
        <ele>0</ele>
      </trkpt>
      <trkpt lat="53.13317280183101" lon="-4.0637898149914102">
        <ele>0</ele>
      </trkpt>
      <trkpt lat="53.13286667938203" lon="-4.0640291817661574">
        <ele>0</ele>
      </trkpt>
      <trkpt lat="53.13269692923898" lon="-4.0646624070188757">
        <ele>0</ele>
      </trkpt>
      <trkpt lat="53.13253576196833" lon="-4.0651420942208594">
        <ele>0</ele>
      </trkpt>
      <trkpt lat="53.13236982643524" lon="-4.0657972534808247">
        <ele>0</ele>
      </trkpt>
      <trkpt lat="53.13221724203699" lon="-4.0664438298683887">
        <ele>0</ele>
      </trkpt>
      <trkpt lat="53.1322258249094" lon="-4.0668367346938705">
        <ele>0</ele>
      </trkpt>
      <trkpt lat="53.13211234026321" lon="-4.0670837306885304">
        <ele>0</ele>
      </trkpt>
      <trkpt lat="53.13210089643334" lon="-4.0671972153347253">
        <ele>0</ele>
      </trkpt>
      <trkpt lat="53.13209040625595" lon="-4.0673097463284309">
        <ele>0</ele>
      </trkpt>
      <trkpt lat="53.13195498760251" lon="-4.067644478352082">
        <ele>0</ele>
      </trkpt>
      <trkpt lat="53.13191970246042" lon="-4.0682405111577271">
        <ele>0</ele>
      </trkpt>
      <trkpt lat="53.13192923898531" lon="-4.0689166507724517">
        <ele>0</ele>
      </trkpt>
      <trkpt lat="53.13173278657257" lon="-4.0694840740034266">
        <ele>0</ele>
      </trkpt>
      <trkpt lat="53.13147053213808" lon="-4.0700152584398177">
        <ele>0</ele>
      </trkpt>
      <trkpt lat="53.13137898149914" lon="-4.0704157924852113">
        <ele>0</ele>
      </trkpt>
      <trkpt lat="53.13129601373259" lon="-4.0711424756818548">
        <ele>0</ele>
      </trkpt>
      <trkpt lat="53.1313131794774" lon="-4.0712483311081371">
        <ele>0</ele>
      </trkpt>
      <trkpt lat="53.13133129887468" lon="-4.0713532328819309">
        <ele>0</ele>
      </trkpt>
      <trkpt lat="53.13141426664123" lon="-4.071623116536327">
        <ele>0</ele>
      </trkpt>
      <trkpt lat="53.13140473011634" lon="-4.0717356475300335">
        <ele>0</ele>
      </trkpt>
      <trkpt lat="53.13139614724394" lon="-4.071848178523739">
        <ele>0</ele>
      </trkpt>
      <trkpt lat="53.13142761777608" lon="-4.0721132939156899">
        <ele>0</ele>
      </trkpt>
      <trkpt lat="53.1313732595842" lon="-4.0724032042723559">
        <ele>0</ele>
      </trkpt>
      <trkpt lat="53.13132366965478" lon="-4.0727179095937371">
        <ele>0</ele>
      </trkpt>
      <trkpt lat="53.13130745756246" lon="-4.0730354758725849">
        <ele>0</ele>
      </trkpt>
      <trkpt lat="53.13120350944116" lon="-4.0735170703795465">
        <ele>0</ele>
      </trkpt>
      <trkpt lat="53.13120541674613" lon="-4.0735847797062679">
        <ele>0</ele>
      </trkpt>
      <trkpt lat="53.13120732405111" lon="-4.0736524890329893">
        <ele>0</ele>
      </trkpt>
      <trkpt lat="53.13119015830631" lon="-4.0737011253099302">
        <ele>0</ele>
      </trkpt>
      <trkpt lat="53.13118825100133" lon="-4.0737745565515855">
        <ele>0</ele>
      </trkpt>
      <trkpt lat="53.13118634369635" lon="-4.0738470341407522">
        <ele>0</ele>
      </trkpt>
      <trkpt lat="53.13119397291626" lon="-4.0741150104901704">
        <ele>0</ele>
      </trkpt>
      <trkpt lat="53.13115487316421" lon="-4.0742046538241397">
        <ele>0</ele>
      </trkpt>
      <trkpt lat="53.13117966812893" lon="-4.074290482548153">
        <ele>0</ele>
      </trkpt>
      <trkpt lat="53.13117203890901" lon="-4.0743429334350498">
        <ele>0</ele>
      </trkpt>
      <trkpt lat="53.13120350944116" lon="-4.0744602326912007">
        <ele>0</ele>
      </trkpt>
      <trkpt lat="53.13118348273888" lon="-4.0745288956704107">
        <ele>0</ele>
      </trkpt>
      <trkpt lat="53.13116440968911" lon="-4.0745966049971321">
        <ele>0</ele>
      </trkpt>
      <trkpt lat="53.13120350944116" lon="-4.0747072286858597">
        <ele>0</ele>
      </trkpt>
      <trkpt lat="53.13119397291626" lon="-4.0747625405302239">
        <ele>0</ele>
      </trkpt>
      <trkpt lat="53.13120064848369" lon="-4.0748426473393025">
        <ele>0</ele>
      </trkpt>
      <trkpt lat="53.13120732405111" lon="-4.0749227541483819">
        <ele>0</ele>
      </trkpt>
      <trkpt lat="53.13118825100133" lon="-4.0750314705321316">
        <ele>0</ele>
      </trkpt>
      <trkpt lat="53.13116822429906" lon="-4.0750991798588529">
        <ele>0</ele>
      </trkpt>
      <trkpt lat="53.13114819759679" lon="-4.0751668891855743">
        <ele>0</ele>
      </trkpt>
      <trkpt lat="53.1310604615678" lon="-4.0752222010299377">
        <ele>0</ele>
      </trkpt>
      <trkpt lat="53.13102422277322" lon="-4.0753366393286221">
        <ele>0</ele>
      </trkpt>
      <trkpt lat="53.13096128170894" lon="-4.075439633797437">
        <ele>0</ele>
      </trkpt>
      <trkpt lat="53.13089834064466" lon="-4.0755426282662528">
        <ele>0</ele>
      </trkpt>
      <trkpt lat="53.13088212855235" lon="-4.0756074766355068">
        <ele>0</ele>
      </trkpt>
      <trkpt lat="53.13086687011253" lon="-4.0756723250047617">
        <ele>0</ele>
      </trkpt>
      <trkpt lat="53.13090501621209" lon="-4.0757495708563729">
        <ele>0</ele>
      </trkpt>
      <trkpt lat="53.13089643333969" lon="-4.0758516116726993">
        <ele>0</ele>
      </trkpt>
      <trkpt lat="53.13085542628266" lon="-4.075891665077239">
        <ele>0</ele>
      </trkpt>
      <trkpt lat="53.13083539958039" lon="-4.0759736791912955">
        <ele>0</ele>
      </trkpt>
      <trkpt lat="53.13081632653061" lon="-4.0760547396528635">
        <ele>0</ele>
      </trkpt>
      <trkpt lat="53.13075910738127" lon="-4.0761443829868327">
        <ele>0</ele>
      </trkpt>
      <trkpt lat="53.13072477589166" lon="-4.0762263971008892">
        <ele>0</ele>
      </trkpt>
      <trkpt lat="53.13069044440206" lon="-4.0763084112149466">
        <ele>0</ele>
      </trkpt>
      <trkpt lat="53.1306780469197" lon="-4.0762063703986202">
        <ele>0</ele>
      </trkpt>
      <trkpt lat="53.1306170131604" lon="-4.0761367537669209">
        <ele>0</ele>
      </trkpt>
      <trkpt lat="53.1305559794011" lon="-4.0760671371352215">
        <ele>0</ele>
      </trkpt>
      <trkpt lat="53.13052260156399" lon="-4.0759813084112082">
        <ele>0</ele>
      </trkpt>
      <trkpt lat="53.13043677283997" lon="-4.0760671371352215">
        <ele>0</ele>
      </trkpt>
      <trkpt lat="53.13040244135037" lon="-4.0761291245470082">
        <ele>0</ele>
      </trkpt>
      <trkpt lat="53.13036906351325" lon="-4.0761911119587957">
        <ele>0</ele>
      </trkpt>
      <trkpt lat="53.13030993705893" lon="-4.0762616822429836">
        <ele>0</ele>
      </trkpt>
      <trkpt lat="53.13019835971772" lon="-4.0762931527751221">
        <ele>0</ele>
      </trkpt>
      <trkpt lat="53.13011157734121" lon="-4.0763732595842006">
        <ele>0</ele>
      </trkpt>
      <trkpt lat="53.13004100705702" lon="-4.0763885180240251">
        <ele>0</ele>
      </trkpt>
      <trkpt lat="53.12997043677284" lon="-4.0764037764638497">
        <ele>0</ele>
      </trkpt>
      <trkpt lat="53.12995422468052" lon="-4.0764934197978189">
        <ele>0</ele>
      </trkpt>
      <trkpt lat="53.12991703223345" lon="-4.0764934197978189">
        <ele>0</ele>
      </trkpt>
      <trkpt lat="53.12981880602708" lon="-4.0765420560747598">
        <ele>0</ele>
      </trkpt>
      <trkpt lat="53.12979305740988" lon="-4.0764762540530164">
        <ele>0</ele>
      </trkpt>
      <trkpt lat="53.12976730879267" lon="-4.0764094983787835">
        <ele>0</ele>
      </trkpt>
      <trkpt lat="53.12966717528132" lon="-4.0764257104710975">
        <ele>0</ele>
      </trkpt>
      <trkpt lat="53.12962139996185" lon="-4.0763627694068214">
        <ele>0</ele>
      </trkpt>
      <trkpt lat="53.12957657829487" lon="-4.0762988746900559">
        <ele>0</ele>
      </trkpt>
      <trkpt lat="53.12951363723059" lon="-4.0763084112149466">
        <ele>0</ele>
      </trkpt>
      <trkpt lat="53.1294173183292" lon="-4.0762063703986202">
        <ele>0</ele>
      </trkpt>
      <trkpt lat="53.12938775510204" lon="-4.0761358001144314">
        <ele>0</ele>
      </trkpt>
      <trkpt lat="53.12931718481785" lon="-4.0761472439443001">
        <ele>0</ele>
      </trkpt>
      <trkpt lat="53.12928380698073" lon="-4.0760862101850019">
        <ele>0</ele>
      </trkpt>
      <trkpt lat="53.12922658783139" lon="-4.0761234026320743">
        <ele>0</ele>
      </trkpt>
      <trkpt lat="53.12916364676711" lon="-4.0760061033759234">
        <ele>0</ele>
      </trkpt>
      <trkpt lat="53.12911214953271" lon="-4.0759870303261421">
        <ele>0</ele>
      </trkpt>
      <trkpt lat="53.12904634751096" lon="-4.0760165935533026">
        <ele>0</ele>
      </trkpt>
      <trkpt lat="53.12898054548922" lon="-4.0760461567804622">
        <ele>0</ele>
      </trkpt>
      <trkpt lat="53.12896624070189" lon="-4.0759689109288511">
        <ele>0</ele>
      </trkpt>
      <trkpt lat="53.12893477016974" lon="-4.0760089643333899">
        <ele>0</ele>
      </trkpt>
      <trkpt lat="53.12888613389281" lon="-4.0760146862483246">
        <ele>0</ele>
      </trkpt>
      <trkpt lat="53.12878409307648" lon="-4.0761014686248265">
        <ele>0</ele>
      </trkpt>
      <trkpt lat="53.12870493991989" lon="-4.0761262635895408">
        <ele>0</ele>
      </trkpt>
      <trkpt lat="53.12862674041579" lon="-4.076151058554256">
        <ele>0</ele>
      </trkpt>
      <trkpt lat="53.12843314896051" lon="-4.0764161739462068">
        <ele>0</ele>
      </trkpt>
      <trkpt lat="53.12836830059126" lon="-4.0764466908258559">
        <ele>0</ele>
      </trkpt>
      <trkpt lat="53.12832920083921" lon="-4.0765086782376434">
        <ele>0</ele>
      </trkpt>
      <trkpt lat="53.12829963761205" lon="-4.0764810223154617">
        <ele>0</ele>
      </trkpt>
      <trkpt lat="53.12823860385275" lon="-4.0764962807552863">
        <ele>0</ele>
      </trkpt>
      <trkpt lat="53.12821953080297" lon="-4.076554453557117">
        <ele>0</ele>
      </trkpt>
      <trkpt lat="53.12812702651154" lon="-4.076635514018685">
        <ele>0</ele>
      </trkpt>
      <trkpt lat="53.1280345222201" lon="-4.0767156208277635">
        <ele>0</ele>
      </trkpt>
      <trkpt lat="53.12796013732596" lon="-4.0767556742323032">
        <ele>0</ele>
      </trkpt>
      <trkpt lat="53.1278867060843" lon="-4.0767957276368421">
        <ele>0</ele>
      </trkpt>
      <trkpt lat="53.12782948693496" lon="-4.0767585351897697">
        <ele>0</ele>
      </trkpt>
      <trkpt lat="53.12771123402631" lon="-4.0768043105092433">
        <ele>0</ele>
      </trkpt>
      <trkpt lat="53.1276778561892" lon="-4.076909212283037">
        <ele>0</ele>
      </trkpt>
      <trkpt lat="53.12761300781995" lon="-4.0769807362197144">
        <ele>0</ele>
      </trkpt>
      <trkpt lat="53.12759393477017" lon="-4.0770579820713264">
        <ele>0</ele>
      </trkpt>
      <trkpt lat="53.1275128743086" lon="-4.0771228304405804">
        <ele>0</ele>
      </trkpt>
      <trkpt lat="53.12741655540721" lon="-4.0771228304405804">
        <ele>0</ele>
      </trkpt>
      <trkpt lat="53.12734312416555" lon="-4.0771695594125434">
        <ele>0</ele>
      </trkpt>
      <trkpt lat="53.12727064657638" lon="-4.077215334732017">
        <ele>0</ele>
      </trkpt>
      <trkpt lat="53.12716860576005" lon="-4.0773250047682552">
        <ele>0</ele>
      </trkpt>
      <trkpt lat="53.12706656494373" lon="-4.0774337211520058">
        <ele>0</ele>
      </trkpt>
      <trkpt lat="53.12698359717719" lon="-4.0775100133511284">
        <ele>0</ele>
      </trkpt>
      <trkpt lat="53.12690062941063" lon="-4.0775853518977616">
        <ele>0</ele>
      </trkpt>
      <trkpt lat="53.12682147625405" lon="-4.0776425710471038">
        <ele>0</ele>
      </trkpt>
      <trkpt lat="53.12674327674995" lon="-4.0776988365439566">
        <ele>0</ele>
      </trkpt>
      <trkpt lat="53.12664123593362" lon="-4.077800877360283">
        <ele>0</ele>
      </trkpt>
      <trkpt lat="53.12656875834445" lon="-4.0778132748426401">
        <ele>0</ele>
      </trkpt>
      <trkpt lat="53.12648197596796" lon="-4.0777980164028156">
        <ele>0</ele>
      </trkpt>
      <trkpt lat="53.12642380316612" lon="-4.077865725729537">
        <ele>0</ele>
      </trkpt>
      <trkpt lat="53.12636563036429" lon="-4.0779334350562584">
        <ele>0</ele>
      </trkpt>
      <trkpt lat="53.12626168224298" lon="-4.0779858859431553">
        <ele>0</ele>
      </trkpt>
      <trkpt lat="53.12619301926377" lon="-4.0780726683196571">
        <ele>0</ele>
      </trkpt>
      <trkpt lat="53.12607858096509" lon="-4.0781308411214887">
        <ele>0</ele>
      </trkpt>
      <trkpt lat="53.12598416936868" lon="-4.0781708945260275">
        <ele>0</ele>
      </trkpt>
      <trkpt lat="53.12586591646004" lon="-4.0782481403776396">
        <ele>0</ele>
      </trkpt>
      <trkpt lat="53.12580106809078" lon="-4.0782996376120471">
        <ele>0</ele>
      </trkpt>
      <trkpt lat="53.12573621972153" lon="-4.078350181193966">
        <ele>0</ele>
      </trkpt>
      <trkpt lat="53.1256341789052" lon="-4.0783902345985057">
        <ele>0</ele>
      </trkpt>
      <trkpt lat="53.12554930383368" lon="-4.0784474537478479">
        <ele>0</ele>
      </trkpt>
      <trkpt lat="53.12546538241465" lon="-4.0785046728971892">
        <ele>0</ele>
      </trkpt>
      <trkpt lat="53.12545679954224" lon="-4.0785447263017289">
        <ele>0</ele>
      </trkpt>
      <trkpt lat="53.12538622925805" lon="-4.0785571237840861">
        <ele>0</ele>
      </trkpt>
      <trkpt lat="53.12531565897387" lon="-4.0785695212664441">
        <ele>0</ele>
      </trkpt>
      <trkpt lat="53.12523078390234" lon="-4.0786305550257422">
        <ele>0</ele>
      </trkpt>
      <trkpt lat="53.12512016021361" lon="-4.0785933625786699">
        <ele>0</ele>
      </trkpt>
      <trkpt lat="53.12502860957466" lon="-4.0786858668701056">
        <ele>0</ele>
      </trkpt>
      <trkpt lat="53.12496757581537" lon="-4.0786982643524627">
        <ele>0</ele>
      </trkpt>
      <trkpt lat="53.12490654205607" lon="-4.0787106618348208">
        <ele>0</ele>
      </trkpt>
      <trkpt lat="53.12460328056456" lon="-4.0788222391760378">
        <ele>0</ele>
      </trkpt>
      <trkpt lat="53.12451459088308" lon="-4.078899485027649">
        <ele>0</ele>
      </trkpt>
      <trkpt lat="53.12442208659164" lon="-4.0788899485027592">
        <ele>0</ele>
      </trkpt>
      <trkpt lat="53.12431813847034" lon="-4.0789147434674735">
        <ele>0</ele>
      </trkpt>
      <trkpt lat="53.12426282662597" lon="-4.0789814991417064">
        <ele>0</ele>
      </trkpt>
      <trkpt lat="53.12420751478161" lon="-4.0790473011634489">
        <ele>0</ele>
      </trkpt>
      <trkpt lat="53.12418271981689" lon="-4.079122639710083">
        <ele>0</ele>
      </trkpt>
      <trkpt lat="53.12415887850467" lon="-4.0791979782567163">
        <ele>0</ele>
      </trkpt>
      <trkpt lat="53.1240606522983" lon="-4.0792666412359271">
        <ele>0</ele>
      </trkpt>
      <trkpt lat="53.12402727446118" lon="-4.0793648674422975">
        <ele>0</ele>
      </trkpt>
      <trkpt lat="53.12401296967385" lon="-4.0794793057409811">
        <ele>0</ele>
      </trkpt>
      <trkpt lat="53.123999618539" lon="-4.079592790387176">
        <ele>0</ele>
      </trkpt>
      <trkpt lat="53.12396147243944" lon="-4.0796652679763428">
        <ele>0</ele>
      </trkpt>
      <trkpt lat="53.12392427999237" lon="-4.0797377455655095">
        <ele>0</ele>
      </trkpt>
      <trkpt lat="53.12381842456608" lon="-4.0797625405302238">
        <ele>0</ele>
      </trkpt>
      <trkpt lat="53.12382033187106" lon="-4.0798369254243685">
        <ele>0</ele>
      </trkpt>
      <trkpt lat="53.12378504672897" lon="-4.0798340644669011">
        <ele>0</ele>
      </trkpt>
      <trkpt lat="53.12371829105474" lon="-4.0798512302117036">
        <ele>0</ele>
      </trkpt>
      <trkpt lat="53.1236515353805" lon="-4.0798674423040175">
        <ele>0</ele>
      </trkpt>
      <trkpt lat="53.12355235552165" lon="-4.0798397863818359">
        <ele>0</ele>
      </trkpt>
      <trkpt lat="53.12343314896052" lon="-4.0798340644669011">
        <ele>0</ele>
      </trkpt>
      <trkpt lat="53.12338546633606" lon="-4.0798950982261992">
        <ele>0</ele>
      </trkpt>
      <trkpt lat="53.12327388899485" lon="-4.0798588594316163">
        <ele>0</ele>
      </trkpt>
      <trkpt lat="53.12317947739843" lon="-4.079886515353798">
        <ele>0</ele>
      </trkpt>
      <trkpt lat="53.12308506580202" lon="-4.0799141712759806">
        <ele>0</ele>
      </trkpt>
      <trkpt lat="53.12296872019836" lon="-4.0798950982261992">
        <ele>0</ele>
      </trkpt>
      <trkpt lat="53.12294869349608" lon="-4.0799694831203439">
        <ele>0</ele>
      </trkpt>
      <trkpt lat="53.12285237459469" lon="-4.0799046347510899">
        <ele>0</ele>
      </trkpt>
      <trkpt lat="53.12277989700553" lon="-4.0797844745374716">
        <ele>0</ele>
      </trkpt>
      <trkpt lat="53.12267213427427" lon="-4.0797501430478667">
        <ele>0</ele>
      </trkpt>
      <trkpt lat="53.12260919320999" lon="-4.0797491893953772">
        <ele>0</ele>
      </trkpt>
      <trkpt lat="53.12254625214571" lon="-4.0797472820903993">
        <ele>0</ele>
      </trkpt>
      <trkpt lat="53.12242799923708" lon="-4.079852183864193">
        <ele>0</ele>
      </trkpt>
      <trkpt lat="53.12235456799542" lon="-4.0798273888994778">
        <ele>0</ele>
      </trkpt>
      <trkpt lat="53.12224871256914" lon="-4.0798273888994778">
        <ele>0</ele>
      </trkpt>
      <trkpt lat="53.12214381079534" lon="-4.0798340644669011">
        <ele>0</ele>
      </trkpt>
      <trkpt lat="53.12203986267404" lon="-4.0798397863818359">
        <ele>0</ele>
      </trkpt>
      <trkpt lat="53.12195880221247" lon="-4.079852183864193">
        <ele>0</ele>
      </trkpt>
      <trkpt lat="53.12187869540339" lon="-4.0798645813465502">
        <ele>0</ele>
      </trkpt>
      <trkpt lat="53.12179000572191" lon="-4.0799294297158051">
        <ele>0</ele>
      </trkpt>
      <trkpt lat="53.12170894526034" lon="-4.079999999999993">
        <ele>0</ele>
      </trkpt>
      <trkpt lat="53.12170894526034" lon="-4.0800000000000036">
        <ele>0</ele>
      </trkpt>
      <trkpt lat="53.12167270646576" lon="-4.0800314705321412">
        <ele>0</ele>
      </trkpt>
      <trkpt lat="53.1215821094793" lon="-4.0801697501430514">
        <ele>0</ele>
      </trkpt>
      <trkpt lat="53.12147339309555" lon="-4.0802098035475911">
        <ele>0</ele>
      </trkpt>
      <trkpt lat="53.12137039862674" lon="-4.0800000000000036">
        <ele>0</ele>
      </trkpt>
      <trkpt lat="53.12137039862674" lon="-4.079999999999993">
        <ele>0</ele>
      </trkpt>
      <trkpt lat="53.12136181575433" lon="-4.0799818806027019">
        <ele>0</ele>
      </trkpt>
      <trkpt lat="53.12121590692351" lon="-4.079852183864193">
        <ele>0</ele>
      </trkpt>
      <trkpt lat="53.12102326912073" lon="-4.0799322906732716">
        <ele>0</ele>
      </trkpt>
      <trkpt lat="53.12092027465192" lon="-4.079999999999993">
        <ele>0</ele>
      </trkpt>
      <trkpt lat="53.12092027465192" lon="-4.0800000000000036">
        <ele>0</ele>
      </trkpt>
      <trkpt lat="53.12080869731069" lon="-4.0800648483692576">
        <ele>0</ele>
      </trkpt>
      <trkpt lat="53.12069711996948" lon="-4.0801296967385117">
        <ele>0</ele>
      </trkpt>
      <trkpt lat="53.12057886706084" lon="-4.0800839214190381">
        <ele>0</ele>
      </trkpt>
      <trkpt lat="53.12050448216669" lon="-4.0800000000000036">
        <ele>0</ele>
      </trkpt>
      <trkpt lat="53.12050448216669" lon="-4.079999999999993">
        <ele>0</ele>
      </trkpt>
      <trkpt lat="53.12046728971962" lon="-4.0799570856379868">
        <ele>0</ele>
      </trkpt>
      <trkpt lat="53.12038813656303" lon="-4.0799790196452346">
        <ele>0</ele>
      </trkpt>
      <trkpt lat="53.12030993705893" lon="-4.079999999999993">
        <ele>0</ele>
      </trkpt>
      <trkpt lat="53.12030993705893" lon="-4.0800000000000036">
        <ele>0</ele>
      </trkpt>
      <trkpt lat="53.12022220102994" lon="-4.0800238413122294">
        <ele>0</ele>
      </trkpt>
      <trkpt lat="53.12015163074575" lon="-4.0800505435819225">
        <ele>0</ele>
      </trkpt>
      <trkpt lat="53.12008106046157" lon="-4.0800772458516148">
        <ele>0</ele>
      </trkpt>
      <trkpt lat="53.12" lon="-4.0800467289719657">
        <ele>0</ele>
      </trkpt>
      <trkpt lat="53.12000000000001" lon="-4.0800467289719657">
        <ele>0</ele>
      </trkpt>
      <trkpt lat="53.11987983978639" lon="-4.0800000000000036">
        <ele>0</ele>
      </trkpt>
      <trkpt lat="53.11987983978639" lon="-4.079999999999993">
        <ele>0</ele>
      </trkpt>
      <trkpt lat="53.11983215716194" lon="-4.0799818806027019">
        <ele>0</ele>
      </trkpt>
      <trkpt lat="53.11969483120352" lon="-4.0798617203890837">
        <ele>0</ele>
      </trkpt>
      <trkpt lat="53.11941731832921" lon="-4.0797587259202679">
        <ele>0</ele>
      </trkpt>
      <trkpt lat="53.1192618729735" lon="-4.0798130841121427">
        <ele>0</ele>
      </trkpt>
      <trkpt lat="53.11903490368111" lon="-4.0798254815944999">
        <ele>0</ele>
      </trkpt>
      <trkpt lat="53.1183311081442" lon="-4.0799218004958924">
        <ele>0</ele>
      </trkpt>
      <trkpt lat="53.11814419225635" lon="-4.0799151249284691">
        <ele>0</ele>
      </trkpt>
      <trkpt lat="53.11779038718292" lon="-4.0797949647148508">
        <ele>0</ele>
      </trkpt>
      <trkpt lat="53.11745088689683" lon="-4.0797110432958164">
        <ele>0</ele>
      </trkpt>
      <trkpt lat="53.11736505817282" lon="-4.0795851611672642">
        <ele>0</ele>
      </trkpt>
      <trkpt lat="53.11715525462523" lon="-4.0796805264161673">
        <ele>0</ele>
      </trkpt>
      <trkpt lat="53.11705035285144" lon="-4.0797835208849831">
        <ele>0</ele>
      </trkpt>
      <trkpt lat="53.11693209994279" lon="-4.0798130841121427">
        <ele>0</ele>
      </trkpt>
      <trkpt lat="53.11668319664316" lon="-4.079999999999993">
        <ele>0</ele>
      </trkpt>
      <trkpt lat="53.11668319664316" lon="-4.0800000000000036">
        <ele>0</ele>
      </trkpt>
      <trkpt lat="53.11649914171277" lon="-4.0801983597177225">
        <ele>0</ele>
      </trkpt>
      <trkpt lat="53.11595365248905" lon="-4.0803538050734343">
        <ele>0</ele>
      </trkpt>
      <trkpt lat="53.11591836734695" lon="-4.0802880030516917">
        <ele>0</ele>
      </trkpt>
      <trkpt lat="53.11579153156591" lon="-4.0802517642571079">
        <ele>0</ele>
      </trkpt>
      <trkpt lat="53.11566564943736" lon="-4.0802880030516917">
        <ele>0</ele>
      </trkpt>
      <trkpt lat="53.11555693305361" lon="-4.0803662025557923">
        <ele>0</ele>
      </trkpt>
      <trkpt lat="53.1154529849323" lon="-4.0805407209612854">
        <ele>0</ele>
      </trkpt>
      <trkpt lat="53.11538432195309" lon="-4.0805044821667016">
        <ele>0</ele>
      </trkpt>
      <trkpt lat="53.11519168415031" lon="-4.0805025748617236">
        <ele>0</ele>
      </trkpt>
      <trkpt lat="53.11519168415031" lon="-4.0805025748617236">
        <ele>0</ele>
      </trkpt>
      <trkpt lat="53.11509250429145" lon="-4.0805130650391028">
        <ele>0</ele>
      </trkpt>
      <trkpt lat="53.11509250429145" lon="-4.0805130650391028">
        <ele>0</ele>
      </trkpt>
      <trkpt lat="53.11505245088691" lon="-4.0806246423803199">
        <ele>0</ele>
      </trkpt>
      <trkpt lat="53.11505245088691" lon="-4.0806246423803199">
        <ele>0</ele>
      </trkpt>
      <trkpt lat="53.11497806599277" lon="-4.0810185008582902">
        <ele>0</ele>
      </trkpt>
      <trkpt lat="53.11500000000002" lon="-4.0812731260728627">
        <ele>0</ele>
      </trkpt>
      <trkpt lat="53.11500190730499" lon="-4.0814056837688382">
        <ele>0</ele>
      </trkpt>
      <trkpt lat="53.11479973297732" lon="-4.0825786763303489">
        <ele>0</ele>
      </trkpt>
      <trkpt lat="53.1146013732596" lon="-4.0829753957657866">
        <ele>0</ele>
      </trkpt>
      <trkpt lat="53.11432672134276" lon="-4.0832099942780884">
        <ele>0</ele>
      </trkpt>
      <trkpt lat="53.1140272744612" lon="-4.0833301544917067">
        <ele>0</ele>
      </trkpt>
      <trkpt lat="53.11375643715431" lon="-4.0834255197406097">
        <ele>0</ele>
      </trkpt>
      <trkpt lat="53.11363913789816" lon="-4.0834007247758954">
        <ele>0</ele>
      </trkpt>
      <trkpt lat="53.11332347892429" lon="-4.083207133320621">
        <ele>0</ele>
      </trkpt>
      <trkpt lat="53.11326625977495" lon="-4.0831308411214984">
        <ele>0</ele>
      </trkpt>
      <trkpt lat="53.11298493229069" lon="-4.0828123211901621">
        <ele>0</ele>
      </trkpt>
      <trkpt lat="53.11269979019647" lon="-4.0826683196643181">
        <ele>0</ele>
      </trkpt>
      <trkpt lat="53.11250143047874" lon="-4.082493801258825">
        <ele>0</ele>
      </trkpt>
      <trkpt lat="53.11232119015832" lon="-4.082414648102235">
        <ele>0</ele>
      </trkpt>
      <trkpt lat="53.11226015639902" lon="-4.0824985695212694">
        <ele>0</ele>
      </trkpt>
      <trkpt lat="53.11197692160978" lon="-4.0830888804119816">
        <ele>0</ele>
      </trkpt>
      <trkpt lat="53.11195975586497" lon="-4.0831136753766959">
        <ele>0</ele>
      </trkpt>
      <trkpt lat="53.11191111958804" lon="-4.0831251192065645">
        <ele>0</ele>
      </trkpt>
      <trkpt lat="53.11151153919513" lon="-4.0829858859431658">
        <ele>0</ele>
      </trkpt>
      <trkpt lat="53.11132653061226" lon="-4.0829649055884074">
        <ele>0</ele>
      </trkpt>
      <trkpt lat="53.11124165554074" lon="-4.0830984169368714">
        <ele>0</ele>
      </trkpt>
      <trkpt lat="53.11122067518598" lon="-4.083156589738703">
        <ele>0</ele>
      </trkpt>
      <trkpt lat="53.11108334922756" lon="-4.0832691207324086">
        <ele>0</ele>
      </trkpt>
      <trkpt lat="53.11106809078773" lon="-4.0833454129315312">
        <ele>0</ele>
      </trkpt>
      <trkpt lat="53.11098130841123" lon="-4.0833892809460268">
        <ele>0</ele>
      </trkpt>
      <trkpt lat="53.11090501621211" lon="-4.083480831584974">
        <ele>0</ele>
      </trkpt>
      <trkpt lat="53.11072191493421" lon="-4.0835208849895128">
        <ele>0</ele>
      </trkpt>
      <trkpt lat="53.11059794011064" lon="-4.0836200648483727">
        <ele>0</ele>
      </trkpt>
      <trkpt lat="53.11053023078392" lon="-4.0837669273316841">
        <ele>0</ele>
      </trkpt>
      <trkpt lat="53.10985790577915" lon="-4.0847196261682281">
        <ele>0</ele>
      </trkpt>
      <trkpt lat="53.10985790577915" lon="-4.0847196261682281">
        <ele>0</ele>
      </trkpt>
      <trkpt lat="53.10979973297732" lon="-4.0846452412740835">
        <ele>0</ele>
      </trkpt>
      <trkpt lat="53.10969578485602" lon="-4.0845432004577562">
        <ele>0</ele>
      </trkpt>
      <trkpt lat="53.1095927903872" lon="-4.0844402059889413">
        <ele>0</ele>
      </trkpt>
      <trkpt lat="53.10953366393288" lon="-4.0843515163074606">
        <ele>0</ele>
      </trkpt>
      <trkpt lat="53.10947453747855" lon="-4.0842628266259808">
        <ele>0</ele>
      </trkpt>
      <trkpt lat="53.10932576769027" lon="-4.0839757772267822">
        <ele>0</ele>
      </trkpt>
      <trkpt lat="53.10926950219341" lon="-4.0838928094602363">
        <ele>0</ele>
      </trkpt>
      <trkpt lat="53.10919702460425" lon="-4.0838441731832953">
        <ele>0</ele>
      </trkpt>
      <trkpt lat="53.10912550066757" lon="-4.0837955369063543">
        <ele>0</ele>
      </trkpt>
      <trkpt lat="53.10905397673089" lon="-4.0837640663742167">
        <ele>0</ele>
      </trkpt>
      <trkpt lat="53.1089834064467" lon="-4.0837325958420783">
        <ele>0</ele>
      </trkpt>
      <trkpt lat="53.10890425329011" lon="-4.0837230593171885">
        <ele>0</ele>
      </trkpt>
      <trkpt lat="53.10883749761588" lon="-4.0837020789624292">
        <ele>0</ele>
      </trkpt>
      <trkpt lat="53.10872019835973" lon="-4.0836362769406866">
        <ele>0</ele>
      </trkpt>
      <trkpt lat="53.10869444974253" lon="-4.083659164600423">
        <ele>0</ele>
      </trkpt>
      <trkpt lat="53.10863723059319" lon="-4.083756437154304">
        <ele>0</ele>
      </trkpt>
      <trkpt lat="53.10858001144384" lon="-4.0838527560556965">
        <ele>0</ele>
      </trkpt>
      <trkpt lat="53.10849418271983" lon="-4.0839595651344682">
        <ele>0</ele>
      </trkpt>
      <trkpt lat="53.10840930764831" lon="-4.0840654205607514">
        <ele>0</ele>
      </trkpt>
      <trkpt lat="53.10834255197408" lon="-4.0841302689300054">
        <ele>0</ele>
      </trkpt>
      <trkpt lat="53.10827579629984" lon="-4.0841941636467709">
        <ele>0</ele>
      </trkpt>
      <trkpt lat="53.10823192828535" lon="-4.0842065611291281">
        <ele>0</ele>
      </trkpt>
      <trkpt lat="53.10813084112151" lon="-4.084210375739084">
        <ele>0</ele>
      </trkpt>
      <trkpt lat="53.10801354186536" lon="-4.0842046538241501">
        <ele>0</ele>
      </trkpt>
      <trkpt lat="53.10789624260921" lon="-4.0841979782567268">
        <ele>0</ele>
      </trkpt>
      <trkpt lat="53.10780564562275" lon="-4.0841874880793476">
        <ele>0</ele>
      </trkpt>
      <trkpt lat="53.10771981689874" lon="-4.0841550638947206">
        <ele>0</ele>
      </trkpt>
      <trkpt lat="53.10760442494756" lon="-4.0840892618729772">
        <ele>0</ele>
      </trkpt>
      <trkpt lat="53.10749475491132" lon="-4.0840120160213651">
        <ele>0</ele>
      </trkpt>
      <trkpt lat="53.10675853518979" lon="-4.0833702078962464">
        <ele>0</ele>
      </trkpt>
      <trkpt lat="53.10668415029565" lon="-4.083322525271794">
        <ele>0</ele>
      </trkpt>
      <trkpt lat="53.10659069235172" lon="-4.0832853328247225">
        <ele>0</ele>
      </trkpt>
      <trkpt lat="53.10649055884037" lon="-4.0832748426473424">
        <ele>0</ele>
      </trkpt>
      <trkpt lat="53.10639137898151" lon="-4.0832633988174747">
        <ele>0</ele>
      </trkpt>
      <trkpt lat="53.10630650390999" lon="-4.0832443257676934">
        <ele>0</ele>
      </trkpt>
      <trkpt lat="53.10622830440589" lon="-4.083207133320621">
        <ele>0</ele>
      </trkpt>
      <trkpt lat="53.10614152202939" lon="-4.0831508678237682">
        <ele>0</ele>
      </trkpt>
      <trkpt lat="53.10602422277324" lon="-4.0830526416173978">
        <ele>0</ele>
      </trkpt>
      <trkpt lat="53.10590596986459" lon="-4.0829658592408959">
        <ele>0</ele>
      </trkpt>
      <trkpt lat="53.1058363532329" lon="-4.0829324814037795">
        <ele>0</ele>
      </trkpt>
      <trkpt lat="53.10576101468626" lon="-4.0829095937440432">
        <ele>0</ele>
      </trkpt>
      <trkpt lat="53.10565515925998" lon="-4.0829038718291093">
        <ele>0</ele>
      </trkpt>
      <trkpt lat="53.10556456227352" lon="-4.0829095937440432">
        <ele>0</ele>
      </trkpt>
      <trkpt lat="53.10547396528706" lon="-4.0829143620064885">
        <ele>0</ele>
      </trkpt>
      <trkpt lat="53.10535666603091" lon="-4.0829420179286702">
        <ele>0</ele>
      </trkpt>
      <trkpt lat="53.10529944688157" lon="-4.082963951935918">
        <ele>0</ele>
      </trkpt>
      <trkpt lat="53.10527179095939" lon="-4.0829973297730344">
        <ele>0</ele>
      </trkpt>
      <trkpt lat="53.10525557886707" lon="-4.0830478733549525">
        <ele>0</ele>
      </trkpt>
      <trkpt lat="53.10524699599468" lon="-4.0831289338165204">
        <ele>0</ele>
      </trkpt>
      <trkpt lat="53.10521266450507" lon="-4.0836324623307299">
        <ele>0</ele>
      </trkpt>
      <trkpt lat="53.10519073049782" lon="-4.0837211520122105">
        <ele>0</ele>
      </trkpt>
      <trkpt lat="53.10516975014306" lon="-4.0838098416936903">
        <ele>0</ele>
      </trkpt>
      <trkpt lat="53.10512874308603" lon="-4.0838937631127248">
        <ele>0</ele>
      </trkpt>
      <trkpt lat="53.10487400029312" lon="-4.0842411396485234">
        <ele>0</ele>
      </trkpt>
    </trkseg>
  </trk>
  <trk>
    <name>Day 1 - Carnedd Llewelyn</name>
    <extensions>
      <gpxx:TrackExtension>
        <gpxx:DisplayColor>DarkCyan</gpxx:DisplayColor>
      </gpxx:TrackExtension>
      <mapout:extension>
        <mapout:color>0592F6</mapout:color>
      </mapout:extension>
    </extensions>
    <trkseg>
      <trkpt lat="53.17751027949959" lon="-3.9633241345312618">
        <ele>0</ele>
      </trkpt>
      <trkpt lat="53.1774537478543" lon="-3.963303452222009">
        <ele>0</ele>
      </trkpt>
      <trkpt lat="53.17733263398819" lon="-3.9633139423993886">
        <ele>0</ele>
      </trkpt>
      <trkpt lat="53.17721247377457" lon="-3.9633234789242788">
        <ele>0</ele>
      </trkpt>
      <trkpt lat="53.17715144001527" lon="-3.9633168033568555">
        <ele>0</ele>
      </trkpt>
      <trkpt lat="53.17709040625598" lon="-3.9633091741369433">
        <ele>0</ele>
      </trkpt>
      <trkpt lat="53.17698359717721" lon="-3.963270074384893">
        <ele>0</ele>
      </trkpt>
      <trkpt lat="53.17688918558079" lon="-3.9632033187106606">
        <ele>0</ele>
      </trkpt>
      <trkpt lat="53.17679477398438" lon="-3.9631356093839392">
        <ele>0</ele>
      </trkpt>
      <trkpt lat="53.17670036238796" lon="-3.9630612244897949">
        <ele>0</ele>
      </trkpt>
      <trkpt lat="53.17662502384132" lon="-3.9629906542056061">
        <ele>0</ele>
      </trkpt>
      <trkpt lat="53.17655063894718" lon="-3.9629191302689288">
        <ele>0</ele>
      </trkpt>
      <trkpt lat="53.17646004196072" lon="-3.9628609574670977">
        <ele>0</ele>
      </trkpt>
      <trkpt lat="53.17636944497427" lon="-3.9628027846652669">
        <ele>0</ele>
      </trkpt>
      <trkpt lat="53.17625977493803" lon="-3.9627264924661443">
        <ele>0</ele>
      </trkpt>
      <trkpt lat="53.17615105855428" lon="-3.9626502002670216">
        <ele>0</ele>
      </trkpt>
      <trkpt lat="53.17607476635516" lon="-3.9626111005149713">
        <ele>0</ele>
      </trkpt>
      <trkpt lat="53.17599847415603" lon="-3.962572000762921">
        <ele>0</ele>
      </trkpt>
      <trkpt lat="53.17592885752433" lon="-3.9625557886706071">
        <ele>0</ele>
      </trkpt>
      <trkpt lat="53.17585924089263" lon="-3.9625395765782936">
        <ele>0</ele>
      </trkpt>
      <trkpt lat="53.17576482929622" lon="-3.9625452984932279">
        <ele>0</ele>
      </trkpt>
      <trkpt lat="53.17567137135229" lon="-3.9625500667556732">
        <ele>0</ele>
      </trkpt>
      <trkpt lat="53.17522601563991" lon="-3.962608239557504">
        <ele>0</ele>
      </trkpt>
      <trkpt lat="53.17484741560177" lon="-3.9626740415792474">
        <ele>0</ele>
      </trkpt>
      <trkpt lat="53.17477207705514" lon="-3.9626759488842254">
        <ele>0</ele>
      </trkpt>
      <trkpt lat="53.17469769216099" lon="-3.9626778561892033">
        <ele>0</ele>
      </trkpt>
      <trkpt lat="53.17463284379174" lon="-3.9626568758344449">
        <ele>0</ele>
      </trkpt>
      <trkpt lat="53.17456799542249" lon="-3.9626349418271971">
        <ele>0</ele>
      </trkpt>
      <trkpt lat="53.174479305741" lon="-3.9625433911882499">
        <ele>0</ele>
      </trkpt>
      <trkpt lat="53.17444592790389" lon="-3.9625348083158487">
        <ele>0</ele>
      </trkpt>
      <trkpt lat="53.17441255006677" lon="-3.9625433911882499">
        <ele>0</ele>
      </trkpt>
      <trkpt lat="53.17438489414459" lon="-3.9625700934579426">
        <ele>0</ele>
      </trkpt>
      <trkpt lat="53.17434484074005" lon="-3.9626406637421314">
        <ele>0</ele>
      </trkpt>
      <trkpt lat="53.17429811176809" lon="-3.9626511539195106">
        <ele>0</ele>
      </trkpt>
      <trkpt lat="53.17425710471106" lon="-3.9626912073240499">
        <ele>0</ele>
      </trkpt>
      <trkpt lat="53.17423993896626" lon="-3.9627341216860565">
        <ele>0</ele>
      </trkpt>
      <trkpt lat="53.17423707800879" lon="-3.9627598703032603">
        <ele>0</ele>
      </trkpt>
      <trkpt lat="53.17425996566853" lon="-3.9628437917222952">
        <ele>0</ele>
      </trkpt>
      <trkpt lat="53.17425805836355" lon="-3.9628943353042141">
        <ele>0</ele>
      </trkpt>
      <trkpt lat="53.17421514400154" lon="-3.9629992370780078">
        <ele>0</ele>
      </trkpt>
      <trkpt lat="53.17405111577343" lon="-3.9633120350944107">
        <ele>0</ele>
      </trkpt>
      <trkpt lat="53.17393858477972" lon="-3.9633978638184235">
        <ele>0</ele>
      </trkpt>
      <trkpt lat="53.173870875453" lon="-3.9634617585351886">
        <ele>0</ele>
      </trkpt>
      <trkpt lat="53.17380316612628" lon="-3.9635256532519541">
        <ele>0</ele>
      </trkpt>
      <trkpt lat="53.17373259584209" lon="-3.9636372305931706">
        <ele>0</ele>
      </trkpt>
      <trkpt lat="53.1736620255579" lon="-3.9637478542818987">
        <ele>0</ele>
      </trkpt>
      <trkpt lat="53.17335685676141" lon="-3.9641979782567223">
        <ele>0</ele>
      </trkpt>
      <trkpt lat="53.17329391569714" lon="-3.9642838069807351">
        <ele>0</ele>
      </trkpt>
      <trkpt lat="53.17323192828535" lon="-3.964368682052259">
        <ele>0</ele>
      </trkpt>
      <trkpt lat="53.17317661644098" lon="-3.9644268548540902">
        <ele>0</ele>
      </trkpt>
      <trkpt lat="53.17311558268169" lon="-3.9644793057409871">
        <ele>0</ele>
      </trkpt>
      <trkpt lat="53.17301258821287" lon="-3.9644936105283222">
        <ele>0</ele>
      </trkpt>
      <trkpt lat="53.17291054739655" lon="-3.9645079153156577">
        <ele>0</ele>
      </trkpt>
      <trkpt lat="53.17284093076484" lon="-3.9645088689681467">
        <ele>0</ele>
      </trkpt>
      <trkpt lat="53.17277226778563" lon="-3.9645098226206361">
        <ele>0</ele>
      </trkpt>
      <trkpt lat="53.17268643906162" lon="-3.9645060080106798">
        <ele>0</ele>
      </trkpt>
      <trkpt lat="53.17260061033761" lon="-3.9645012397482344">
        <ele>0</ele>
      </trkpt>
      <trkpt lat="53.17253576196835" lon="-3.9644907495708552">
        <ele>0</ele>
      </trkpt>
      <trkpt lat="53.17247758916653" lon="-3.9644659546061405">
        <ele>0</ele>
      </trkpt>
      <trkpt lat="53.17236982643526" lon="-3.9644030135418644">
        <ele>0</ele>
      </trkpt>
      <trkpt lat="53.17225634178907" lon="-3.9643448407400332">
        <ele>0</ele>
      </trkpt>
      <trkpt lat="53.17214285714287" lon="-3.9642857142857131">
        <ele>0</ele>
      </trkpt>
      <trkpt lat="53.17197596795729" lon="-3.9642208659164591">
        <ele>0</ele>
      </trkpt>
      <trkpt lat="53.17085065802024" lon="-3.9638956704176986">
        <ele>0</ele>
      </trkpt>
      <trkpt lat="53.17055216479117" lon="-3.9638298683959552">
        <ele>0</ele>
      </trkpt>
      <trkpt lat="53.17016307457564" lon="-3.9637669273316791">
        <ele>0</ele>
      </trkpt>
      <trkpt lat="53.1696881556361" lon="-3.9637221056646945">
        <ele>0</ele>
      </trkpt>
      <trkpt lat="53.16960041960711" lon="-3.9637087545298484">
        <ele>0</ele>
      </trkpt>
      <trkpt lat="53.16951268357812" lon="-3.9636954033950018">
        <ele>0</ele>
      </trkpt>
      <trkpt lat="53.16945641808127" lon="-3.9636963570474908">
        <ele>0</ele>
      </trkpt>
      <trkpt lat="53.16938298683962" lon="-3.963707800877359">
        <ele>0</ele>
      </trkpt>
      <trkpt lat="53.16931050925044" lon="-3.9637192447072276">
        <ele>0</ele>
      </trkpt>
      <trkpt lat="53.16919702460425" lon="-3.9637602517642558">
        <ele>0</ele>
      </trkpt>
      <trkpt lat="53.16884894144575" lon="-3.9639166507724575">
        <ele>0</ele>
      </trkpt>
      <trkpt lat="53.16851707037957" lon="-3.9640892618729722">
        <ele>0</ele>
      </trkpt>
      <trkpt lat="53.16811748998666" lon="-3.9643591455273688">
        <ele>0</ele>
      </trkpt>
      <trkpt lat="53.16773698264354" lon="-3.9646366584016772">
        <ele>0</ele>
      </trkpt>
      <trkpt lat="53.16763112721726" lon="-3.9647053213808876">
        <ele>0</ele>
      </trkpt>
      <trkpt lat="53.16752527179098" lon="-3.964773984360098">
        <ele>0</ele>
      </trkpt>
      <trkpt lat="53.16745088689683" lon="-3.964853137516688">
        <ele>0</ele>
      </trkpt>
      <trkpt lat="53.16737650200269" lon="-3.9649322906732776">
        <ele>0</ele>
      </trkpt>
      <trkpt lat="53.16716860576008" lon="-3.9651983597177178">
        <ele>0</ele>
      </trkpt>
      <trkpt lat="53.16706275033379" lon="-3.9653156589738687">
        <ele>0</ele>
      </trkpt>
      <trkpt lat="53.16695784856" lon="-3.9654320045775306">
        <ele>0</ele>
      </trkpt>
      <trkpt lat="53.16687297348847" lon="-3.9654854091169165">
        <ele>0</ele>
      </trkpt>
      <trkpt lat="53.16661071905399" lon="-3.9656027083730678">
        <ele>0</ele>
      </trkpt>
      <trkpt lat="53.16648960518788" lon="-3.9657238222391751">
        <ele>0</ele>
      </trkpt>
      <trkpt lat="53.16640282281138" lon="-3.9657552927713131">
        <ele>0</ele>
      </trkpt>
      <trkpt lat="53.16631604043488" lon="-3.9657867633034511">
        <ele>0</ele>
      </trkpt>
      <trkpt lat="53.16624070188825" lon="-3.9658029753957647">
        <ele>0</ele>
      </trkpt>
      <trkpt lat="53.16616536334161" lon="-3.9658191874880782">
        <ele>0</ele>
      </trkpt>
      <trkpt lat="53.16607381270267" lon="-3.9658630555025738">
        <ele>0</ele>
      </trkpt>
      <trkpt lat="53.16598321571621" lon="-3.96590596986458">
        <ele>0</ele>
      </trkpt>
      <trkpt lat="53.16573717337404" lon="-3.9660709517451829">
        <ele>0</ele>
      </trkpt>
      <trkpt lat="53.16565897386994" lon="-3.9661682242990643">
        <ele>0</ele>
      </trkpt>
      <trkpt lat="53.16558172801832" lon="-3.9662645432004564">
        <ele>0</ele>
      </trkpt>
      <trkpt lat="53.16551878695405" lon="-3.966309364867441">
        <ele>0</ele>
      </trkpt>
      <trkpt lat="53.16545584588977" lon="-3.9663532328819366">
        <ele>0</ele>
      </trkpt>
      <trkpt lat="53.16538622925808" lon="-3.9663684913217612">
        <ele>0</ele>
      </trkpt>
      <trkpt lat="53.16533663932864" lon="-3.9663646767118053">
        <ele>0</ele>
      </trkpt>
      <trkpt lat="53.16529563227162" lon="-3.9663456036620244">
        <ele>0</ele>
      </trkpt>
      <trkpt lat="53.16523269120734" lon="-3.9663646767118053">
        <ele>0</ele>
      </trkpt>
      <trkpt lat="53.16514495517835" lon="-3.9664114056837678">
        <ele>0</ele>
      </trkpt>
      <trkpt lat="53.16505721914936" lon="-3.9664581346557304">
        <ele>0</ele>
      </trkpt>
      <trkpt lat="53.16500476826246" lon="-3.9664934197978243">
        <ele>0</ele>
      </trkpt>
      <trkpt lat="53.16495994659547" lon="-3.9665468243372102">
        <ele>0</ele>
      </trkpt>
      <trkpt lat="53.16492942971583" lon="-3.966568758344458">
        <ele>0</ele>
      </trkpt>
      <trkpt lat="53.16490082014116" lon="-3.9665802021743266">
        <ele>0</ele>
      </trkpt>
      <trkpt lat="53.16487602517644" lon="-3.9665811558268156">
        <ele>0</ele>
      </trkpt>
      <trkpt lat="53.1648540911692" lon="-3.9665945069616622">
        <ele>0</ele>
      </trkpt>
      <trkpt lat="53.16483501811941" lon="-3.9666212092313549">
        <ele>0</ele>
      </trkpt>
      <trkpt lat="53.16481785237461" lon="-3.966682242990653">
        <ele>0</ele>
      </trkpt>
      <trkpt lat="53.1648016402823" lon="-3.9667432767499511">
        <ele>0</ele>
      </trkpt>
      <trkpt lat="53.16477398436012" lon="-3.966827198168986">
        <ele>0</ele>
      </trkpt>
      <trkpt lat="53.16475586496282" lon="-3.9668624833110804">
        <ele>0</ele>
      </trkpt>
      <trkpt lat="53.16472630173566" lon="-3.9668996757581527">
        <ele>0</ele>
      </trkpt>
      <trkpt lat="53.16465096318903" lon="-3.9669206561129111">
        <ele>0</ele>
      </trkpt>
      <trkpt lat="53.16461758535191" lon="-3.9669464047301153">
        <ele>0</ele>
      </trkpt>
      <trkpt lat="53.16454224680528" lon="-3.9670141140568367">
        <ele>0</ele>
      </trkpt>
      <trkpt lat="53.16446690825865" lon="-3.9670818233835581">
        <ele>0</ele>
      </trkpt>
      <trkpt lat="53.16439538432197" lon="-3.9671590692351697">
        <ele>0</ele>
      </trkpt>
      <trkpt lat="53.16436009917987" lon="-3.967229639519358">
        <ele>0</ele>
      </trkpt>
      <trkpt lat="53.16432767499525" lon="-3.9673183292008383">
        <ele>0</ele>
      </trkpt>
      <trkpt lat="53.16429525081062" lon="-3.9674060652298291">
        <ele>0</ele>
      </trkpt>
      <trkpt lat="53.1642532901011" lon="-3.9674661453366382">
        <ele>0</ele>
      </trkpt>
      <trkpt lat="53.16418462712189" lon="-3.9675472057982062">
        <ele>0</ele>
      </trkpt>
      <trkpt lat="53.16411691779517" lon="-3.9676273126072847">
        <ele>0</ele>
      </trkpt>
      <trkpt lat="53.16405493038339" lon="-3.967667366011824">
        <ele>0</ele>
      </trkpt>
      <trkpt lat="53.16399198931911" lon="-3.9677331680335675">
        <ele>0</ele>
      </trkpt>
      <trkpt lat="53.16393000190732" lon="-3.9677980164028215">
        <ele>0</ele>
      </trkpt>
      <trkpt lat="53.16389090215527" lon="-3.9678657257295429">
        <ele>0</ele>
      </trkpt>
      <trkpt lat="53.16385275605571" lon="-3.9679324814037753">
        <ele>0</ele>
      </trkpt>
      <trkpt lat="53.16382319282855" lon="-3.9679591836734684">
        <ele>0</ele>
      </trkpt>
      <trkpt lat="53.16378123211904" lon="-3.9679677665458697">
        <ele>0</ele>
      </trkpt>
      <trkpt lat="53.16373641045205" lon="-3.9679916078580955">
        <ele>0</ele>
      </trkpt>
      <trkpt lat="53.16366679382035" lon="-3.9680450123974813">
        <ele>0</ele>
      </trkpt>
      <trkpt lat="53.16364676711808" lon="-3.9680507343124156">
        <ele>0</ele>
      </trkpt>
      <trkpt lat="53.16363150867825" lon="-3.9680698073621961">
        <ele>0</ele>
      </trkpt>
      <trkpt lat="53.16360385275607" lon="-3.9681260728590488">
        <ele>0</ele>
      </trkpt>
      <trkpt lat="53.16354949456419" lon="-3.9681642189586102">
        <ele>0</ele>
      </trkpt>
      <trkpt lat="53.16351802403206" lon="-3.9681794773984347">
        <ele>0</ele>
      </trkpt>
      <trkpt lat="53.16348369254246" lon="-3.968185199313369">
        <ele>0</ele>
      </trkpt>
      <trkpt lat="53.16345508296778" lon="-3.9682309746328426">
        <ele>0</ele>
      </trkpt>
      <trkpt lat="53.16337497615871" lon="-3.9683282471867241">
        <ele>0</ele>
      </trkpt>
      <trkpt lat="53.16333396910168" lon="-3.9683578104138841">
        <ele>0</ele>
      </trkpt>
      <trkpt lat="53.163262445165" lon="-3.9683940492084675">
        <ele>0</ele>
      </trkpt>
      <trkpt lat="53.16321285523557" lon="-3.968441731832919">
        <ele>0</ele>
      </trkpt>
      <trkpt lat="53.16317661644099" lon="-3.9684827388899473">
        <ele>0</ele>
      </trkpt>
      <trkpt lat="53.16313465573147" lon="-3.968557123784092">
        <ele>0</ele>
      </trkpt>
      <trkpt lat="53.16307171466719" lon="-3.9686496280755281">
        <ele>0</ele>
      </trkpt>
      <trkpt lat="53.16303166126265" lon="-3.9686858668701115">
        <ele>0</ele>
      </trkpt>
      <trkpt lat="53.16296204463095" lon="-3.968733549494563">
        <ele>0</ele>
      </trkpt>
      <trkpt lat="53.16289242799925" lon="-3.9687812321190146">
        <ele>0</ele>
      </trkpt>
      <trkpt lat="53.16285618920467" lon="-3.9688270074384882">
        <ele>0</ele>
      </trkpt>
      <trkpt lat="53.16279038718292" lon="-3.9688956704176985">
        <ele>0</ele>
      </trkpt>
      <trkpt lat="53.16272458516119" lon="-3.9689643333969089">
        <ele>0</ele>
      </trkpt>
      <trkpt lat="53.16267499523175" lon="-3.9690282281136744">
        <ele>0</ele>
      </trkpt>
      <trkpt lat="53.16264924661455" lon="-3.9690864009155051">
        <ele>0</ele>
      </trkpt>
      <trkpt lat="53.16257295441542" lon="-3.9691865344268535">
        <ele>0</ele>
      </trkpt>
      <trkpt lat="53.16250810604618" lon="-3.96921991226397">
        <ele>0</ele>
      </trkpt>
      <trkpt lat="53.16244421132941" lon="-3.969252336448597">
        <ele>0</ele>
      </trkpt>
      <trkpt lat="53.16235647530041" lon="-3.9693515163074564">
        <ele>0</ele>
      </trkpt>
      <trkpt lat="53.16231928285335" lon="-3.9694259012016011">
        <ele>0</ele>
      </trkpt>
      <trkpt lat="53.16228209040627" lon="-3.9695002860957458">
        <ele>0</ele>
      </trkpt>
      <trkpt lat="53.16225634178907" lon="-3.9695384321953071">
        <ele>0</ele>
      </trkpt>
      <trkpt lat="53.16222105664697" lon="-3.9695527369826422">
        <ele>0</ele>
      </trkpt>
      <trkpt lat="53.16215620827772" lon="-3.9696032805645611">
        <ele>0</ele>
      </trkpt>
      <trkpt lat="53.16211806217816" lon="-3.9696519168415016">
        <ele>0</ele>
      </trkpt>
      <trkpt lat="53.16206179668131" lon="-3.969737745565515">
        <ele>0</ele>
      </trkpt>
      <trkpt lat="53.16200648483694" lon="-3.9698235742895278">
        <ele>0</ele>
      </trkpt>
      <trkpt lat="53.16193305359528" lon="-3.9698941445737161">
        <ele>0</ele>
      </trkpt>
      <trkpt lat="53.16191302689302" lon="-3.9699237078008762">
        <ele>0</ele>
      </trkpt>
      <trkpt lat="53.16185580774368" lon="-3.969979973297729">
        <ele>0</ele>
      </trkpt>
      <trkpt lat="53.16176521075722" lon="-3.97002860957467">
        <ele>0</ele>
      </trkpt>
      <trkpt lat="53.1616879649056" lon="-3.9700886896814791">
        <ele>0</ele>
      </trkpt>
      <trkpt lat="53.16161930192639" lon="-3.9701516307457552">
        <ele>0</ele>
      </trkpt>
      <trkpt lat="53.16155063894718" lon="-3.9702145718100312">
        <ele>0</ele>
      </trkpt>
      <trkpt lat="53.16151535380509" lon="-3.9702345985123011">
        <ele>0</ele>
      </trkpt>
      <trkpt lat="53.16149246614535" lon="-3.9702355521647901">
        <ele>0</ele>
      </trkpt>
      <trkpt lat="53.16146671752815" lon="-3.9702260156398999">
        <ele>0</ele>
      </trkpt>
      <trkpt lat="53.16143524699601" lon="-3.9702231546824325">
        <ele>0</ele>
      </trkpt>
      <trkpt lat="53.16139805454894" lon="-3.9702336448598121">
        <ele>0</ele>
      </trkpt>
      <trkpt lat="53.16133797444213" lon="-3.9702937249666208">
        <ele>0</ele>
      </trkpt>
      <trkpt lat="53.16128456990274" lon="-3.9703623879458312">
        <ele>0</ele>
      </trkpt>
      <trkpt lat="53.16123497997332" lon="-3.9703948121304586">
        <ele>0</ele>
      </trkpt>
      <trkpt lat="53.16118252908642" lon="-3.9704091169177942">
        <ele>0</ele>
      </trkpt>
      <trkpt lat="53.16106618348275" lon="-3.9704053023078378">
        <ele>0</ele>
      </trkpt>
      <trkpt lat="53.16095079153158" lon="-3.9704014876978819">
        <ele>0</ele>
      </trkpt>
      <trkpt lat="53.1608535189777" lon="-3.9703623879458312">
        <ele>0</ele>
      </trkpt>
      <trkpt lat="53.16056265496854" lon="-3.9703251954987593">
        <ele>0</ele>
      </trkpt>
      <trkpt lat="53.16044917032235" lon="-3.9702794201792857">
        <ele>0</ele>
      </trkpt>
      <trkpt lat="53.16037776956482" lon="-3.9702503758033396">
        <ele>0</ele>
      </trkpt>
    </trkseg>
  </trk>
  <trk>
    <name>Day 1 - Aber Falls, Carnedd Lleweyn</name>
    <extensions>
      <gpxx:TrackExtension>
        <gpxx:DisplayColor>Red</gpxx:DisplayColor>
      </gpxx:TrackExtension>
    </extensions>
    <trkseg>
      <trkpt lat="53.25889001711347" lon="-3.9823157128118227">
        <ele>0</ele>
      </trkpt>
      <trkpt lat="53.25891188251001" lon="-3.9823221438108045">
        <ele>0</ele>
      </trkpt>
      <trkpt lat="53.25908258630555" lon="-3.9825414838832822">
        <ele>0</ele>
      </trkpt>
      <trkpt lat="53.2592256341789" lon="-3.9826177760824049">
        <ele>0</ele>
      </trkpt>
      <trkpt lat="53.25939156971199" lon="-3.9828914743467569">
        <ele>0</ele>
      </trkpt>
      <trkpt lat="53.25945355712378" lon="-3.9830316612626451">
        <ele>0</ele>
      </trkpt>
      <trkpt lat="53.25937249666222" lon="-3.9833053595269976">
        <ele>0</ele>
      </trkpt>
      <trkpt lat="53.2592437535762" lon="-3.9835885943162403">
        <ele>0</ele>
      </trkpt>
      <trkpt lat="53.25906637421323" lon="-3.9838651535380598">
        <ele>0</ele>
      </trkpt>
      <trkpt lat="53.25890616059508" lon="-3.9840349036811076">
        <ele>0</ele>
      </trkpt>
      <trkpt lat="53.25875071523937" lon="-3.9841617394621491">
        <ele>0</ele>
      </trkpt>
      <trkpt lat="53.25853995803929" lon="-3.984246614533673">
        <ele>0</ele>
      </trkpt>
      <trkpt lat="53.25840167842838" lon="-3.9843295823002189">
        <ele>0</ele>
      </trkpt>
      <trkpt lat="53.25837116154873" lon="-3.9843038336830152">
        <ele>0</ele>
      </trkpt>
      <trkpt lat="53.25826530612245" lon="-3.9843095555979491">
        <ele>0</ele>
      </trkpt>
      <trkpt lat="53.25812035094412" lon="-3.9841989319092215">
        <ele>0</ele>
      </trkpt>
      <trkpt lat="53.25804882700744" lon="-3.9840797253480922">
        <ele>0</ele>
      </trkpt>
      <trkpt lat="53.2580001907305" lon="-3.983922372687402">
        <ele>0</ele>
      </trkpt>
      <trkpt lat="53.25798588594316" lon="-3.9837745565516016">
        <ele>0</ele>
      </trkpt>
      <trkpt lat="53.25798588594316" lon="-3.9837745565516016">
        <ele>0</ele>
      </trkpt>
      <trkpt lat="53.25753290101087" lon="-3.9846042342170604">
        <ele>0</ele>
      </trkpt>
      <trkpt lat="53.25724489795918" lon="-3.98531470532139">
        <ele>0</ele>
      </trkpt>
      <trkpt lat="53.2569216097654" lon="-3.9859879839786472">
        <ele>0</ele>
      </trkpt>
      <trkpt lat="53.25670322334541" lon="-3.9865458706847314">
        <ele>0</ele>
      </trkpt>
      <trkpt lat="53.25650390997521" lon="-3.9871113866107279">
        <ele>0</ele>
      </trkpt>
      <trkpt lat="53.25605664695785" lon="-3.9882443257676994">
        <ele>0</ele>
      </trkpt>
      <trkpt lat="53.25598416936868" lon="-3.988468434102622">
        <ele>0</ele>
      </trkpt>
      <trkpt lat="53.25579916078581" lon="-3.9895060080106899">
        <ele>0</ele>
      </trkpt>
      <trkpt lat="53.25566755674232" lon="-3.9909794011062458">
        <ele>0</ele>
      </trkpt>
      <trkpt lat="53.25552355521648" lon="-3.9920093457944015">
        <ele>0</ele>
      </trkpt>
      <trkpt lat="53.25533473202365" lon="-3.9927455655159352">
        <ele>0</ele>
      </trkpt>
      <trkpt lat="53.25462902918176" lon="-3.9947348846080577">
        <ele>0</ele>
      </trkpt>
      <trkpt lat="53.2543734503147" lon="-3.9954196070951835">
        <ele>0</ele>
      </trkpt>
      <trkpt lat="53.2541998855617" lon="-3.9957705512111477">
        <ele>0</ele>
      </trkpt>
      <trkpt lat="53.25401964524127" lon="-3.9960127789433622">
        <ele>0</ele>
      </trkpt>
      <trkpt lat="53.25370780087736" lon="-3.9962941064276269">
        <ele>0</ele>
      </trkpt>
      <trkpt lat="53.25331871066184" lon="-3.9964323860385367">
        <ele>0</ele>
      </trkpt>
      <trkpt lat="53.25297730307076" lon="-3.9962340263208178">
        <ele>0</ele>
      </trkpt>
      <trkpt lat="53.25264066374213" lon="-3.9959145527369917">
        <ele>0</ele>
      </trkpt>
      <trkpt lat="53.25184722487126" lon="-3.9949094030135508">
        <ele>0</ele>
      </trkpt>
      <trkpt lat="53.25140473011635" lon="-3.9949055884035949">
        <ele>0</ele>
      </trkpt>
      <trkpt lat="53.25082490940301" lon="-3.9951373259584297">
        <ele>0</ele>
      </trkpt>
      <trkpt lat="53.25021361815755" lon="-3.9957009345794483">
        <ele>0</ele>
      </trkpt>
      <trkpt lat="53.24953843219531" lon="-3.9967222963952027">
        <ele>0</ele>
      </trkpt>
      <trkpt lat="53.24905683768834" lon="-3.9976664123593455">
        <ele>0</ele>
      </trkpt>
      <trkpt lat="53.24897959183674" lon="-3.9983921419034996">
        <ele>0</ele>
      </trkpt>
      <trkpt lat="53.2490692351707" lon="-3.9986639328628737">
        <ele>0</ele>
      </trkpt>
      <trkpt lat="53.2490692351707" lon="-3.9986639328628737">
        <ele>0</ele>
      </trkpt>
      <trkpt lat="53.24899675758154" lon="-3.9986849132176325">
        <ele>0</ele>
      </trkpt>
      <trkpt lat="53.24892427999237" lon="-3.9987058935723914">
        <ele>0</ele>
      </trkpt>
      <trkpt lat="53.24888422658783" lon="-3.9987745565516017">
        <ele>0</ele>
      </trkpt>
      <trkpt lat="53.24883749761587" lon="-3.9987755102040907">
        <ele>0</ele>
      </trkpt>
      <trkpt lat="53.24882319282853" lon="-3.998816517261119">
        <ele>0</ele>
      </trkpt>
      <trkpt lat="53.24882319282853" lon="-3.998816517261119">
        <ele>0</ele>
      </trkpt>
      <trkpt lat="53.24902441350372" lon="-3.9990539767308886">
        <ele>0</ele>
      </trkpt>
      <trkpt lat="53.24901583063131" lon="-3.9992752241083442">
        <ele>0</ele>
      </trkpt>
      <trkpt lat="53.24892046538241" lon="-3.9994354377265013">
        <ele>0</ele>
      </trkpt>
      <trkpt lat="53.24884512683578" lon="-3.9995842075147907">
        <ele>0</ele>
      </trkpt>
      <trkpt lat="53.24884512683578" lon="-3.9995842075147907">
        <ele>0</ele>
      </trkpt>
      <trkpt lat="53.24862960137326" lon="-4.0000000000000089">
        <ele>0</ele>
      </trkpt>
      <trkpt lat="53.24862960137326" lon="-3.9999999999999911">
        <ele>0</ele>
      </trkpt>
      <trkpt lat="53.24855235552165" lon="-4.0001468624833016">
        <ele>0</ele>
      </trkpt>
      <trkpt lat="53.24844840740035" lon="-4.00078008773602">
        <ele>0</ele>
      </trkpt>
      <trkpt lat="53.24836067137135" lon="-4.0014218958611387">
        <ele>0</ele>
      </trkpt>
      <trkpt lat="53.248217623498" lon="-4.0020284188441639">
        <ele>0</ele>
      </trkpt>
      <trkpt lat="53.24791626931146" lon="-4.0024880793438777">
        <ele>0</ele>
      </trkpt>
      <trkpt lat="53.24763398817471" lon="-4.0029830249856859">
        <ele>0</ele>
      </trkpt>
      <trkpt lat="53.24722391760442" lon="-4.0042199122639621">
        <ele>0</ele>
      </trkpt>
      <trkpt lat="53.24717718863246" lon="-4.0050734312416463">
        <ele>0</ele>
      </trkpt>
      <trkpt lat="53.2472344077818" lon="-4.0056799542246715">
        <ele>0</ele>
      </trkpt>
      <trkpt lat="53.24720675185962" lon="-4.0060318519931242">
        <ele>0</ele>
      </trkpt>
      <trkpt lat="53.24693305359527" lon="-4.0068510394812042">
        <ele>0</ele>
      </trkpt>
      <trkpt lat="53.24686057600611" lon="-4.0073888994850186">
        <ele>0</ele>
      </trkpt>
      <trkpt lat="53.24664695784856" lon="-4.0082138088880317">
        <ele>0</ele>
      </trkpt>
      <trkpt lat="53.24618825100134" lon="-4.008605760061025">
        <ele>0</ele>
      </trkpt>
      <trkpt lat="53.24596414266641" lon="-4.0087240129696644">
        <ele>0</ele>
      </trkpt>
      <trkpt lat="53.24548064085447" lon="-4.0088041197787438">
        <ele>0</ele>
      </trkpt>
      <trkpt lat="53.24480736219721" lon="-4.0089786381842369">
        <ele>0</ele>
      </trkpt>
      <trkpt lat="53.24465477779897" lon="-4.0091607858096419">
        <ele>0</ele>
      </trkpt>
      <trkpt lat="53.24450982262064" lon="-4.0094249475491042">
        <ele>0</ele>
      </trkpt>
      <trkpt lat="53.24411882510013" lon="-4.0104596604997047">
        <ele>0</ele>
      </trkpt>
      <trkpt lat="53.24407591073813" lon="-4.0106322716002198">
        <ele>0</ele>
      </trkpt>
      <trkpt lat="53.24390234598512" lon="-4.0121762349799646">
        <ele>0</ele>
      </trkpt>
      <trkpt lat="53.2438346366584" lon="-4.0130001907304891">
        <ele>0</ele>
      </trkpt>
      <trkpt lat="53.24372878123212" lon="-4.0144907495708475">
        <ele>0</ele>
      </trkpt>
      <trkpt lat="53.24366393286287" lon="-4.0158792675948796">
        <ele>0</ele>
      </trkpt>
      <trkpt lat="53.24352851420942" lon="-4.0173106999809178">
        <ele>0</ele>
      </trkpt>
      <trkpt lat="53.24348750715239" lon="-4.0182386038527467">
        <ele>0</ele>
      </trkpt>
      <trkpt lat="53.24347129506008" lon="-4.0188804119778663">
        <ele>0</ele>
      </trkpt>
      <trkpt lat="53.24347701697501" lon="-4.0192275414838745">
        <ele>0</ele>
      </trkpt>
      <trkpt lat="53.24324814037764" lon="-4.0199999999999907">
        <ele>0</ele>
      </trkpt>
      <trkpt lat="53.24324814037764" lon="-4.0200000000000014">
        <ele>0</ele>
      </trkpt>
      <trkpt lat="53.24318615296586" lon="-4.0202069425901215">
        <ele>0</ele>
      </trkpt>
      <trkpt lat="53.24274270455846" lon="-4.0212483311081453">
        <ele>0</ele>
      </trkpt>
      <trkpt lat="53.24266450505436" lon="-4.0217861911119597">
        <ele>0</ele>
      </trkpt>
      <trkpt lat="53.24251954987602" lon="-4.0226273126072867">
        <ele>0</ele>
      </trkpt>
      <trkpt lat="53.24188346366584" lon="-4.0246738508487523">
        <ele>0</ele>
      </trkpt>
      <trkpt lat="53.24180526416174" lon="-4.0251335113484661">
        <ele>0</ele>
      </trkpt>
      <trkpt lat="53.24167366011825" lon="-4.0253843219530818">
        <ele>0</ele>
      </trkpt>
      <trkpt lat="53.24167366011825" lon="-4.0253843219530818">
        <ele>0</ele>
      </trkpt>
      <trkpt lat="53.24155540720961" lon="-4.0256465763875653">
        <ele>0</ele>
      </trkpt>
      <trkpt lat="53.24155540720961" lon="-4.0256465763875653">
        <ele>0</ele>
      </trkpt>
      <trkpt lat="53.24139423993897" lon="-4.0260518786954043">
        <ele>0</ele>
      </trkpt>
      <trkpt lat="53.24115582681671" lon="-4.0264123593362591">
        <ele>0</ele>
      </trkpt>
      <trkpt lat="53.24080297539577" lon="-4.0263799351516321">
        <ele>0</ele>
      </trkpt>
      <trkpt lat="53.24049399198932" lon="-4.0259908449361061">
        <ele>0</ele>
      </trkpt>
      <trkpt lat="53.24040339500286" lon="-4.0259374403967207">
        <ele>0</ele>
      </trkpt>
      <trkpt lat="53.24033473202365" lon="-4.025946023269122">
        <ele>0</ele>
      </trkpt>
      <trkpt lat="53.24016975014305" lon="-4.0262979210375747">
        <ele>0</ele>
      </trkpt>
      <trkpt lat="53.24006008010681" lon="-4.0266669845508307">
        <ele>0</ele>
      </trkpt>
      <trkpt lat="53.24" lon="-4.0268033568567629">
        <ele>0</ele>
      </trkpt>
      <trkpt lat="53.23999999999999" lon="-4.0268033568567629">
        <ele>0</ele>
      </trkpt>
      <trkpt lat="53.23998569521265" lon="-4.0268348273889005">
        <ele>0</ele>
      </trkpt>
      <trkpt lat="53.23958420751477" lon="-4.0272000762922007">
        <ele>0</ele>
      </trkpt>
      <trkpt lat="53.23952222010298" lon="-4.0273269120732413">
        <ele>0</ele>
      </trkpt>
      <trkpt lat="53.23943639137897" lon="-4.0277779897005539">
        <ele>0</ele>
      </trkpt>
      <trkpt lat="53.23936582109479" lon="-4.0280354758725929">
        <ele>0</ele>
      </trkpt>
      <trkpt lat="53.2392942971581" lon="-4.0281708945260357">
        <ele>0</ele>
      </trkpt>
      <trkpt lat="53.23919416364676" lon="-4.0282691207324062">
        <ele>0</ele>
      </trkpt>
      <trkpt lat="53.23891665077245" lon="-4.028256723250049">
        <ele>0</ele>
      </trkpt>
      <trkpt lat="53.2385733358764" lon="-4.0281050925042923">
        <ele>0</ele>
      </trkpt>
      <trkpt lat="53.2381117680717" lon="-4.0280192637802799">
        <ele>0</ele>
      </trkpt>
      <trkpt lat="53.23791150104901" lon="-4.0280974632843805">
        <ele>0</ele>
      </trkpt>
      <trkpt lat="53.23791150104901" lon="-4.0280974632843805">
        <ele>0</ele>
      </trkpt>
      <trkpt lat="53.23784093076482" lon="-4.0276711806217822">
        <ele>0</ele>
      </trkpt>
      <trkpt lat="53.23765306122448" lon="-4.0263093648674433">
        <ele>0</ele>
      </trkpt>
      <trkpt lat="53.23762254434483" lon="-4.0260308983406459">
        <ele>0</ele>
      </trkpt>
      <trkpt lat="53.23760251764256" lon="-4.0259269502193415">
        <ele>0</ele>
      </trkpt>
      <trkpt lat="53.23753576196833" lon="-4.0257791340835407">
        <ele>0</ele>
      </trkpt>
      <trkpt lat="53.23753576196833" lon="-4.0257791340835407">
        <ele>0</ele>
      </trkpt>
      <trkpt lat="53.23744897959183" lon="-4.025672325004769">
        <ele>0</ele>
      </trkpt>
      <trkpt lat="53.23744897959183" lon="-4.025672325004769">
        <ele>0</ele>
      </trkpt>
      <trkpt lat="53.23738317757008" lon="-4.0255931718481799">
        <ele>0</ele>
      </trkpt>
      <trkpt lat="53.23735075338546" lon="-4.0254176997901974">
        <ele>0</ele>
      </trkpt>
      <trkpt lat="53.23732023650581" lon="-4.0251277894335313">
        <ele>0</ele>
      </trkpt>
      <trkpt lat="53.23728113675376" lon="-4.0250390997520515">
        <ele>0</ele>
      </trkpt>
      <trkpt lat="53.2371562082777" lon="-4.0249017737936308">
        <ele>0</ele>
      </trkpt>
      <trkpt lat="53.23675472057981" lon="-4.0242742704558472">
        <ele>0</ele>
      </trkpt>
      <trkpt lat="53.23660404348654" lon="-4.0240282281136768">
        <ele>0</ele>
      </trkpt>
      <trkpt lat="53.23652679763493" lon="-4.0238708754529862">
        <ele>0</ele>
      </trkpt>
      <trkpt lat="53.23640282281136" lon="-4.0234255197406075">
        <ele>0</ele>
      </trkpt>
      <trkpt lat="53.23636467671179" lon="-4.0231661262635905">
        <ele>0</ele>
      </trkpt>
      <trkpt lat="53.23636467671179" lon="-4.0231661262635905">
        <ele>0</ele>
      </trkpt>
      <trkpt lat="53.2362254434484" lon="-4.0228352088498962">
        <ele>0</ele>
      </trkpt>
      <trkpt lat="53.23610051497234" lon="-4.0224613770741957">
        <ele>0</ele>
      </trkpt>
      <trkpt lat="53.23575624642379" lon="-4.0215945069616641">
        <ele>0</ele>
      </trkpt>
      <trkpt lat="53.23510871638374" lon="-4.0205483501811949">
        <ele>0</ele>
      </trkpt>
      <trkpt lat="53.23510871638374" lon="-4.0205483501811949">
        <ele>0</ele>
      </trkpt>
      <trkpt lat="53.23516784283806" lon="-4.0203900438680158">
        <ele>0</ele>
      </trkpt>
      <trkpt lat="53.23520026702268" lon="-4.0202269692923913">
        <ele>0</ele>
      </trkpt>
      <trkpt lat="53.23522410833491" lon="-4.0200000000000014">
        <ele>0</ele>
      </trkpt>
      <trkpt lat="53.23522410833491" lon="-4.0199999999999907">
        <ele>0</ele>
      </trkpt>
      <trkpt lat="53.23523841312225" lon="-4.0198703032614826">
        <ele>0</ele>
      </trkpt>
      <trkpt lat="53.23524127407971" lon="-4.0194869349608915">
        <ele>0</ele>
      </trkpt>
      <trkpt lat="53.23518405493037" lon="-4.0190759107381178">
        <ele>0</ele>
      </trkpt>
      <trkpt lat="53.23507819950409" lon="-4.0188346366583927">
        <ele>0</ele>
      </trkpt>
      <trkpt lat="53.23495803929048" lon="-4.0186067137135133">
        <ele>0</ele>
      </trkpt>
      <trkpt lat="53.23481499141712" lon="-4.0184112149532618">
        <ele>0</ele>
      </trkpt>
      <trkpt lat="53.23464524127407" lon="-4.0182853328247097">
        <ele>0</ele>
      </trkpt>
      <trkpt lat="53.2344859813084" lon="-4.0182204844554557">
        <ele>0</ele>
      </trkpt>
      <trkpt lat="53.23448380475641" lon="-4.018219597959428">
        <ele>0</ele>
      </trkpt>
      <trkpt lat="53.23455464428761" lon="-4.017402250619865">
        <ele>0</ele>
      </trkpt>
      <trkpt lat="53.23462426091931" lon="-4.0170036238794493">
        <ele>0</ele>
      </trkpt>
      <trkpt lat="53.23473202365057" lon="-4.0165115391951085">
        <ele>0</ele>
      </trkpt>
      <trkpt lat="53.23473202365057" lon="-4.0165115391951085">
        <ele>0</ele>
      </trkpt>
      <trkpt lat="53.23460709517451" lon="-4.0164104520312707">
        <ele>0</ele>
      </trkpt>
      <trkpt lat="53.2345555979401" lon="-4.0162864772076965">
        <ele>0</ele>
      </trkpt>
      <trkpt lat="53.23455178333015" lon="-4.0160957467098894">
        <ele>0</ele>
      </trkpt>
      <trkpt lat="53.23456322716001" lon="-4.0158544726301644">
        <ele>0</ele>
      </trkpt>
      <trkpt lat="53.23456322716001" lon="-4.0158544726301644">
        <ele>0</ele>
      </trkpt>
      <trkpt lat="53.23452603471294" lon="-4.015833492275406">
        <ele>0</ele>
      </trkpt>
      <trkpt lat="53.23393381651725" lon="-4.0152241083349134">
        <ele>0</ele>
      </trkpt>
      <trkpt lat="53.23388708754529" lon="-4.0151640282281047">
        <ele>0</ele>
      </trkpt>
      <trkpt lat="53.23369254243752" lon="-4.0149609002479405">
        <ele>0</ele>
      </trkpt>
      <trkpt lat="53.2335294678619" lon="-4.0147091359908362">
        <ele>0</ele>
      </trkpt>
      <trkpt lat="53.23339691016592" lon="-4.0144650009536438">
        <ele>0</ele>
      </trkpt>
      <trkpt lat="53.23328914743467" lon="-4.0141073812702563">
        <ele>0</ele>
      </trkpt>
      <trkpt lat="53.23326912073239" lon="-4.0138689681479978">
        <ele>0</ele>
      </trkpt>
      <trkpt lat="53.23315372878123" lon="-4.013539004386792">
        <ele>0</ele>
      </trkpt>
      <trkpt lat="53.23299542246804" lon="-4.0131632653061136">
        <ele>0</ele>
      </trkpt>
      <trkpt lat="53.23289528895669" lon="-4.0129496471485702">
        <ele>0</ele>
      </trkpt>
      <trkpt lat="53.23279134083539" lon="-4.0127818043105004">
        <ele>0</ele>
      </trkpt>
      <trkpt lat="53.23255483501811" lon="-4.0125872592027374">
        <ele>0</ele>
      </trkpt>
      <trkpt lat="53.23238413122257" lon="-4.0124566088117399">
        <ele>0</ele>
      </trkpt>
      <trkpt lat="53.23213427427044" lon="-4.0123431241655449">
        <ele>0</ele>
      </trkpt>
      <trkpt lat="53.23202555788669" lon="-4.0121943543772556">
        <ele>0</ele>
      </trkpt>
      <trkpt lat="53.23188060270837" lon="-4.0118882319282765">
        <ele>0</ele>
      </trkpt>
      <trkpt lat="53.23174232309745" lon="-4.0115239366774658">
        <ele>0</ele>
      </trkpt>
      <trkpt lat="53.2313208086973" lon="-4.0107324051115683">
        <ele>0</ele>
      </trkpt>
      <trkpt lat="53.2312511920656" lon="-4.0104472630173476">
        <ele>0</ele>
      </trkpt>
      <trkpt lat="53.23120064848369" lon="-4.0101201602136092">
        <ele>0</ele>
      </trkpt>
      <trkpt lat="53.23108334922753" lon="-4.0094564180812418">
        <ele>0</ele>
      </trkpt>
      <trkpt lat="53.23100514972343" lon="-4.0091026130078111">
        <ele>0</ele>
      </trkpt>
      <trkpt lat="53.2308859431623" lon="-4.0088785046728885">
        <ele>0</ele>
      </trkpt>
      <trkpt lat="53.23071047110432" lon="-4.0086601182528998">
        <ele>0</ele>
      </trkpt>
      <trkpt lat="53.23052832347891" lon="-4.0084970436772753">
        <ele>0</ele>
      </trkpt>
      <trkpt lat="53.23016784283806" lon="-4.0080440587449839">
        <ele>0</ele>
      </trkpt>
      <trkpt lat="53.2299208468434" lon="-4.0072162883845035">
        <ele>0</ele>
      </trkpt>
      <trkpt lat="53.22983501811939" lon="-4.0068472248712474">
        <ele>0</ele>
      </trkpt>
      <trkpt lat="53.229738699218" lon="-4.0060328056456136">
        <ele>0</ele>
      </trkpt>
      <trkpt lat="53.22948502765591" lon="-4.0057428952889476">
        <ele>0</ele>
      </trkpt>
      <trkpt lat="53.22872019835971" lon="-4.0055082967766458">
        <ele>0</ele>
      </trkpt>
      <trkpt lat="53.22848464619491" lon="-4.0054148388327206">
        <ele>0</ele>
      </trkpt>
      <trkpt lat="53.22820045775318" lon="-4.0052069425901111">
        <ele>0</ele>
      </trkpt>
      <trkpt lat="53.22819759679572" lon="-4.0050429143619972">
        <ele>0</ele>
      </trkpt>
      <trkpt lat="53.22819759679572" lon="-4.0050429143619972">
        <ele>0</ele>
      </trkpt>
      <trkpt lat="53.2282510013351" lon="-4.0047692160976451">
        <ele>0</ele>
      </trkpt>
      <trkpt lat="53.2282510013351" lon="-4.0047692160976451">
        <ele>0</ele>
      </trkpt>
      <trkpt lat="53.22827102803738" lon="-4.0042695021933916">
        <ele>0</ele>
      </trkpt>
      <trkpt lat="53.22827102803738" lon="-4.0042695021933916">
        <ele>0</ele>
      </trkpt>
      <trkpt lat="53.22826291643152" lon="-4.004471906072844">
        <ele>0</ele>
      </trkpt>
      <trkpt lat="53.22826244516497" lon="-4.0044716765210664">
        <ele>0</ele>
      </trkpt>
      <trkpt lat="53.2276339881747" lon="-4.0041655540720873">
        <ele>0</ele>
      </trkpt>
      <trkpt lat="53.2273202365058" lon="-4.0039862674041489">
        <ele>0</ele>
      </trkpt>
      <trkpt lat="53.2270770551211" lon="-4.0037907686438974">
        <ele>0</ele>
      </trkpt>
      <trkpt lat="53.22697024604233" lon="-4.003593362578667">
        <ele>0</ele>
      </trkpt>
      <trkpt lat="53.22690158306312" lon="-4.0033635323288106">
        <ele>0</ele>
      </trkpt>
      <trkpt lat="53.22690158306312" lon="-4.0033635323288106">
        <ele>0</ele>
      </trkpt>
      <trkpt lat="53.22679763494182" lon="-4.0033253862292488">
        <ele>0</ele>
      </trkpt>
      <trkpt lat="53.22679763494182" lon="-4.0033253862292488">
        <ele>0</ele>
      </trkpt>
      <trkpt lat="53.22674804501239" lon="-4.0033120350944023">
        <ele>0</ele>
      </trkpt>
      <trkpt lat="53.22674804501239" lon="-4.0033120350944023">
        <ele>0</ele>
      </trkpt>
      <trkpt lat="53.22662693114628" lon="-4.0032586305550169">
        <ele>0</ele>
      </trkpt>
      <trkpt lat="53.22645527369826" lon="-4.0031146290291728">
        <ele>0</ele>
      </trkpt>
      <trkpt lat="53.22629792103756" lon="-4.0029229448788772">
        <ele>0</ele>
      </trkpt>
      <trkpt lat="53.22618062178141" lon="-4.0026978828914652">
        <ele>0</ele>
      </trkpt>
      <trkpt lat="53.22607095174517" lon="-4.0024051115773318">
        <ele>0</ele>
      </trkpt>
      <trkpt lat="53.22603948121304" lon="-4.0023383559030998">
        <ele>0</ele>
      </trkpt>
      <trkpt lat="53.22590596986457" lon="-4.0021371352279136">
        <ele>0</ele>
      </trkpt>
      <trkpt lat="53.22576196833873" lon="-4.0019368682052168">
        <ele>0</ele>
      </trkpt>
      <trkpt lat="53.2256170131604" lon="-4.0018081251191973">
        <ele>0</ele>
      </trkpt>
      <trkpt lat="53.22552355521647" lon="-4.0017804691970156">
        <ele>0</ele>
      </trkpt>
      <trkpt lat="53.22534045393857" lon="-4.0018119397291532">
        <ele>0</ele>
      </trkpt>
      <trkpt lat="53.22472820904061" lon="-4.0018109860766646">
        <ele>0</ele>
      </trkpt>
      <trkpt lat="53.224346748045" lon="-4.0020141140568288">
        <ele>0</ele>
      </trkpt>
      <trkpt lat="53.22401201602136" lon="-4.0019750143047785">
        <ele>0</ele>
      </trkpt>
      <trkpt lat="53.22376692733167" lon="-4.0019549876025087">
        <ele>0</ele>
      </trkpt>
      <trkpt lat="53.22352756055692" lon="-4.0020484455464338">
        <ele>0</ele>
      </trkpt>
      <trkpt lat="53.22346080488269" lon="-4.0020112530993615">
        <ele>0</ele>
      </trkpt>
      <trkpt lat="53.22337116154872" lon="-4.0019292389853049">
        <ele>0</ele>
      </trkpt>
      <trkpt lat="53.22314514590882" lon="-4.0015592218195595">
        <ele>0</ele>
      </trkpt>
      <trkpt lat="53.22285714285713" lon="-4.0013074575624552">
        <ele>0</ele>
      </trkpt>
      <trkpt lat="53.2226254053023" lon="-4.0011176807171376">
        <ele>0</ele>
      </trkpt>
      <trkpt lat="53.22254434484073" lon="-4.0010156399008112">
        <ele>0</ele>
      </trkpt>
      <trkpt lat="53.22251287430859" lon="-4.0007829486934874">
        <ele>0</ele>
      </trkpt>
      <trkpt lat="53.22236887278275" lon="-4.0002174327674904">
        <ele>0</ele>
      </trkpt>
      <trkpt lat="53.22220579820712" lon="-4.0000658020217346">
        <ele>0</ele>
      </trkpt>
      <trkpt lat="53.22206370398626" lon="-3.9999999999999911">
        <ele>0</ele>
      </trkpt>
      <trkpt lat="53.22206370398626" lon="-4.0000000000000089">
        <ele>0</ele>
      </trkpt>
      <trkpt lat="53.22175376692732" lon="-3.9998903299637703">
        <ele>0</ele>
      </trkpt>
      <trkpt lat="53.22167938203318" lon="-3.9998722105664788">
        <ele>0</ele>
      </trkpt>
      <trkpt lat="53.22159736791912" lon="-3.9998626740415881">
        <ele>0</ele>
      </trkpt>
      <trkpt lat="53.22151916841502" lon="-3.9998960518787046">
        <ele>0</ele>
      </trkpt>
      <trkpt lat="53.22143238603852" lon="-3.9999647148579149">
        <ele>0</ele>
      </trkpt>
      <trkpt lat="53.22139710089643" lon="-4.0000000000000089">
        <ele>0</ele>
      </trkpt>
      <trkpt lat="53.22139710089643" lon="-3.9999999999999911">
        <ele>0</ele>
      </trkpt>
      <trkpt lat="53.22132557695974" lon="-4.0000724775891578">
        <ele>0</ele>
      </trkpt>
      <trkpt lat="53.22127980164027" lon="-4.0001621209231262">
        <ele>0</ele>
      </trkpt>
      <trkpt lat="53.22122735075337" lon="-4.0002393667747382">
        <ele>0</ele>
      </trkpt>
      <trkpt lat="53.22118062178141" lon="-4.0002832347892339">
        <ele>0</ele>
      </trkpt>
      <trkpt lat="53.2211386610719" lon="-4.0002908640091457">
        <ele>0</ele>
      </trkpt>
      <trkpt lat="53.22110623688727" lon="-4.0002660690444314">
        <ele>0</ele>
      </trkpt>
      <trkpt lat="53.22100610337592" lon="-4.0001535380507249">
        <ele>0</ele>
      </trkpt>
      <trkpt lat="53.22100610337592" lon="-4.0001535380507249">
        <ele>0</ele>
      </trkpt>
      <trkpt lat="53.2207991607858" lon="-4.0001735647529948">
        <ele>0</ele>
      </trkpt>
      <trkpt lat="53.22051783330154" lon="-4.0001134846461861">
        <ele>0</ele>
      </trkpt>
      <trkpt lat="53.22042818996756" lon="-4.0001163456036526">
        <ele>0</ele>
      </trkpt>
      <trkpt lat="53.22033377837115" lon="-4.0000963189013836">
        <ele>0</ele>
      </trkpt>
      <trkpt lat="53.22020026702268" lon="-4.0000152584398156">
        <ele>0</ele>
      </trkpt>
      <trkpt lat="53.22016307457562" lon="-3.9999999999999911">
        <ele>0</ele>
      </trkpt>
      <trkpt lat="53.22016307457562" lon="-4.0000000000000089">
        <ele>0</ele>
      </trkpt>
      <trkpt lat="53.21999999999999" lon="-3.9999351516307549">
        <ele>0</ele>
      </trkpt>
      <trkpt lat="53.22000000000001" lon="-3.9999351516307549">
        <ele>0</ele>
      </trkpt>
      <trkpt lat="53.21974728209042" lon="-3.9998474156017636">
        <ele>0</ele>
      </trkpt>
      <trkpt lat="53.21935342361245" lon="-3.9995021934007338">
        <ele>0</ele>
      </trkpt>
      <trkpt lat="53.21897959183674" lon="-3.9993295823002191">
        <ele>0</ele>
      </trkpt>
      <trkpt lat="53.21888231928286" lon="-3.9992942971581247">
        <ele>0</ele>
      </trkpt>
      <trkpt lat="53.21878600038147" lon="-3.9992580583635413">
        <ele>0</ele>
      </trkpt>
      <trkpt lat="53.21869731069999" lon="-3.9991693686820615">
        <ele>0</ele>
      </trkpt>
      <trkpt lat="53.21860862101851" lon="-3.9990806790005813">
        <ele>0</ele>
      </trkpt>
      <trkpt lat="53.21852469959948" lon="-3.9990291817661734">
        <ele>0</ele>
      </trkpt>
      <trkpt lat="53.21844173183293" lon="-3.9989767308792765">
        <ele>0</ele>
      </trkpt>
      <trkpt lat="53.21834827388901" lon="-3.9989347701697593">
        <ele>0</ele>
      </trkpt>
      <trkpt lat="53.21825481594508" lon="-3.9988928094602416">
        <ele>0</ele>
      </trkpt>
      <trkpt lat="53.21816040434867" lon="-3.9989042532901102">
        <ele>0</ele>
      </trkpt>
      <trkpt lat="53.21806599275225" lon="-3.9989147434674894">
        <ele>0</ele>
      </trkpt>
      <trkpt lat="53.21797062750335" lon="-3.9988870875453078">
        <ele>0</ele>
      </trkpt>
      <trkpt lat="53.21787621590693" lon="-3.9988584779706366">
        <ele>0</ele>
      </trkpt>
      <trkpt lat="53.21758439824529" lon="-3.9986629792103847">
        <ele>0</ele>
      </trkpt>
      <trkpt lat="53.21746805264163" lon="-3.9985962235361527">
        <ele>0</ele>
      </trkpt>
      <trkpt lat="53.21735170703796" lon="-3.9985294678619203">
        <ele>0</ele>
      </trkpt>
      <trkpt lat="53.21724585161168" lon="-3.9984274270455935">
        <ele>0</ele>
      </trkpt>
      <trkpt lat="53.2171399961854" lon="-3.9983244325767782">
        <ele>0</ele>
      </trkpt>
      <trkpt lat="53.21705893572383" lon="-3.9982891474346838">
        <ele>0</ele>
      </trkpt>
      <trkpt lat="53.21697882891475" lon="-3.9982529086401009">
        <ele>0</ele>
      </trkpt>
      <trkpt lat="53.21689300019074" lon="-3.9982223917604518">
        <ele>0</ele>
      </trkpt>
      <trkpt lat="53.21680812511921" lon="-3.9981918748808027">
        <ele>0</ele>
      </trkpt>
      <trkpt lat="53.2167308792676" lon="-3.9981298874690152">
        <ele>0</ele>
      </trkpt>
      <trkpt lat="53.21665363341599" lon="-3.9980669464047391">
        <ele>0</ele>
      </trkpt>
      <trkpt lat="53.21619015830632" lon="-3.9976549685294769">
        <ele>0</ele>
      </trkpt>
      <trkpt lat="53.21585542628267" lon="-3.9974670989891377">
        <ele>0</ele>
      </trkpt>
      <trkpt lat="53.21575910738128" lon="-3.9974022506198832">
        <ele>0</ele>
      </trkpt>
      <trkpt lat="53.21564180812513" lon="-3.9974270455845979">
        <ele>0</ele>
      </trkpt>
      <trkpt lat="53.21552164791151" lon="-3.9974384894144666">
        <ele>0</ele>
      </trkpt>
      <trkpt lat="53.21540244135038" lon="-3.9974489795918458">
        <ele>0</ele>
      </trkpt>
      <trkpt lat="53.2152880030517" lon="-3.9974670989891377">
        <ele>0</ele>
      </trkpt>
      <trkpt lat="53.21517356475301" lon="-3.9974852183864291">
        <ele>0</ele>
      </trkpt>
      <trkpt lat="53.21510394812131" lon="-3.9974775891665169">
        <ele>0</ele>
      </trkpt>
      <trkpt lat="53.2150352851421" lon="-3.9974690062941156">
        <ele>0</ele>
      </trkpt>
      <trkpt lat="53.21496280755294" lon="-3.9974394430669555">
        <ele>0</ele>
      </trkpt>
      <trkpt lat="53.21489032996377" lon="-3.9974089261873065">
        <ele>0</ele>
      </trkpt>
      <trkpt lat="53.21478542818998" lon="-3.9973526606904537">
        <ele>0</ele>
      </trkpt>
      <trkpt lat="53.21468052641618" lon="-3.9972963951936005">
        <ele>0</ele>
      </trkpt>
      <trkpt lat="53.21456513446501" lon="-3.9972553881365722">
        <ele>0</ele>
      </trkpt>
      <trkpt lat="53.21448407400344" lon="-3.9972592027465281">
        <ele>0</ele>
      </trkpt>
      <trkpt lat="53.21440301354188" lon="-3.9972630173564845">
        <ele>0</ele>
      </trkpt>
      <trkpt lat="53.21413503719246" lon="-3.9970913599084583">
        <ele>0</ele>
      </trkpt>
      <trkpt lat="53.21387182910548" lon="-3.9969101659355424">
        <ele>0</ele>
      </trkpt>
      <trkpt lat="53.2138003051688" lon="-3.9968987221056738">
        <ele>0</ele>
      </trkpt>
      <trkpt lat="53.21372973488462" lon="-3.9968872782758056">
        <ele>0</ele>
      </trkpt>
      <trkpt lat="53.21363913789816" lon="-3.9968224299065511">
        <ele>0</ele>
      </trkpt>
      <trkpt lat="53.21360194545109" lon="-3.9968090787717045">
        <ele>0</ele>
      </trkpt>
      <trkpt lat="53.21355330917415" lon="-3.9968224299065511">
        <ele>0</ele>
      </trkpt>
      <trkpt lat="53.21350371924471" lon="-3.9967985885943254">
        <ele>0</ele>
      </trkpt>
      <trkpt lat="53.21346652679765" lon="-3.9967585351897861">
        <ele>0</ele>
      </trkpt>
      <trkpt lat="53.21341502956324" lon="-3.9966746137707512">
        <ele>0</ele>
      </trkpt>
      <trkpt lat="53.21337974442114" lon="-3.9966002288766065">
        <ele>0</ele>
      </trkpt>
      <trkpt lat="53.21334541293154" lon="-3.9965258439824618">
        <ele>0</ele>
      </trkpt>
      <trkpt lat="53.21329105473966" lon="-3.99646862483312">
        <ele>0</ele>
      </trkpt>
      <trkpt lat="53.21322143810796" lon="-3.9964848369254335">
        <ele>0</ele>
      </trkpt>
      <trkpt lat="53.21311081441923" lon="-3.9965611291245562">
        <ele>0</ele>
      </trkpt>
      <trkpt lat="53.21283234789244" lon="-3.9965992752241175">
        <ele>0</ele>
      </trkpt>
      <trkpt lat="53.2127226778562" lon="-3.9965096318901483">
        <ele>0</ele>
      </trkpt>
      <trkpt lat="53.21266927331681" lon="-3.9964218958611575">
        <ele>0</ele>
      </trkpt>
      <trkpt lat="53.21257200076293" lon="-3.9964218958611575">
        <ele>0</ele>
      </trkpt>
      <trkpt lat="53.21247377455656" lon="-3.9963742132367055">
        <ele>0</ele>
      </trkpt>
      <trkpt lat="53.21241178714477" lon="-3.9963332061796772">
        <ele>0</ele>
      </trkpt>
      <trkpt lat="53.21235075338547" lon="-3.996292199122649">
        <ele>0</ele>
      </trkpt>
      <trkpt lat="53.21228209040626" lon="-3.9962807552927804">
        <ele>0</ele>
      </trkpt>
      <trkpt lat="53.21221438107954" lon="-3.9962683578104228">
        <ele>0</ele>
      </trkpt>
      <trkpt lat="53.21213522792295" lon="-3.9962607285905105">
        <ele>0</ele>
      </trkpt>
      <trkpt lat="53.21205702841885" lon="-3.9962521457181093">
        <ele>0</ele>
      </trkpt>
      <trkpt lat="53.21195498760252" lon="-3.9962006484837018">
        <ele>0</ele>
      </trkpt>
      <trkpt lat="53.21185390043869" lon="-3.9961491512492939">
        <ele>0</ele>
      </trkpt>
      <trkpt lat="53.21175185962236" lon="-3.9960699980927039">
        <ele>0</ele>
      </trkpt>
      <trkpt lat="53.21164981880604" lon="-3.9959898912836254">
        <ele>0</ele>
      </trkpt>
      <trkpt lat="53.21164981880604" lon="-3.9959898912836254">
        <ele>0</ele>
      </trkpt>
      <trkpt lat="53.2118529467862" lon="-3.9960633225252811">
        <ele>0</ele>
      </trkpt>
      <trkpt lat="53.21224871256915" lon="-3.9960318519931426">
        <ele>0</ele>
      </trkpt>
      <trkpt lat="53.21277322143811" lon="-3.9956818615296679">
        <ele>0</ele>
      </trkpt>
      <trkpt lat="53.2129572763685" lon="-3.9953318710661927">
        <ele>0</ele>
      </trkpt>
      <trkpt lat="53.21336734693878" lon="-3.9950972725538905">
        <ele>0</ele>
      </trkpt>
      <trkpt lat="53.21389567041771" lon="-3.9945985123021264">
        <ele>0</ele>
      </trkpt>
      <trkpt lat="53.21389567041771" lon="-3.9945985123021264">
        <ele>0</ele>
      </trkpt>
      <trkpt lat="53.21314323860386" lon="-3.9942904825481684">
        <ele>0</ele>
      </trkpt>
      <trkpt lat="53.21273221438108" lon="-3.9941302689300109">
        <ele>0</ele>
      </trkpt>
      <trkpt lat="53.21238222391761" lon="-3.9942027465191776">
        <ele>0</ele>
      </trkpt>
      <trkpt lat="53.21130555025749" lon="-3.9939404920846933">
        <ele>0</ele>
      </trkpt>
      <trkpt lat="53.2111748998665" lon="-3.9943639137898241">
        <ele>0</ele>
      </trkpt>
      <trkpt lat="53.21072859050163" lon="-3.9943639137898241">
        <ele>0</ele>
      </trkpt>
      <trkpt lat="53.21027369826436" lon="-3.994451649818815">
        <ele>0</ele>
      </trkpt>
      <trkpt lat="53.20987125691399" lon="-3.9947587259202839">
        <ele>0</ele>
      </trkpt>
      <trkpt lat="53.20924089261874" lon="-3.9943639137898241">
        <ele>0</ele>
      </trkpt>
      <trkpt lat="53.20874213236697" lon="-3.9936915887850559">
        <ele>0</ele>
      </trkpt>
      <trkpt lat="53.20819092122832" lon="-3.9933854663360764">
        <ele>0</ele>
      </trkpt>
      <trkpt lat="53.20786858668702" lon="-3.9933768834636751">
        <ele>0</ele>
      </trkpt>
      <trkpt lat="53.20738603852757" lon="-3.9929172229639609">
        <ele>0</ele>
      </trkpt>
      <trkpt lat="53.20728971962617" lon="-3.9925376692733261">
        <ele>0</ele>
      </trkpt>
      <trkpt lat="53.20701888231929" lon="-3.9920989891283707">
        <ele>0</ele>
      </trkpt>
      <trkpt lat="53.20674709135992" lon="-3.9919530802975487">
        <ele>0</ele>
      </trkpt>
      <trkpt lat="53.20671275987031" lon="-3.9916469578485692">
        <ele>0</ele>
      </trkpt>
      <trkpt lat="53.20641522029374" lon="-3.9912225824909493">
        <ele>0</ele>
      </trkpt>
      <trkpt lat="53.20633606713714" lon="-3.9909889376311365">
        <ele>0</ele>
      </trkpt>
      <trkpt lat="53.20636276940684" lon="-3.9905073431241744">
        <ele>0</ele>
      </trkpt>
      <trkpt lat="53.20613484646196" lon="-3.9899227541483975">
        <ele>0</ele>
      </trkpt>
      <trkpt lat="53.20576769025368" lon="-3.9896309364867535">
        <ele>0</ele>
      </trkpt>
      <trkpt lat="53.20572382223919" lon="-3.9892942971581249">
        <ele>0</ele>
      </trkpt>
      <trkpt lat="53.205522601564" lon="-3.9890310890711516">
        <ele>0</ele>
      </trkpt>
      <trkpt lat="53.20540816326531" lon="-3.9887974442113383">
        <ele>0</ele>
      </trkpt>
      <trkpt lat="53.20530326149152" lon="-3.9887535761968431">
        <ele>0</ele>
      </trkpt>
      <trkpt lat="53.20524222773222" lon="-3.9880383368300683">
        <ele>0</ele>
      </trkpt>
      <trkpt lat="53.20427140949839" lon="-3.9856418081251284">
        <ele>0</ele>
      </trkpt>
      <trkpt lat="53.20351802403205" lon="-3.9854520312798107">
        <ele>0</ele>
      </trkpt>
      <trkpt lat="53.20323002098036" lon="-3.9839910356666124">
        <ele>0</ele>
      </trkpt>
      <trkpt lat="53.20355330917415" lon="-3.9823555216479205">
        <ele>0</ele>
      </trkpt>
      <trkpt lat="53.20311558268168" lon="-3.9815077245851702">
        <ele>0</ele>
      </trkpt>
      <trkpt lat="53.20290577913409" lon="-3.9803538050734404">
        <ele>0</ele>
      </trkpt>
      <trkpt lat="53.20296681289339" lon="-3.9801201602136271">
        <ele>0</ele>
      </trkpt>
      <trkpt lat="53.20291150104902" lon="-3.9800000000000093">
        <ele>0</ele>
      </trkpt>
      <trkpt lat="53.20291150104902" lon="-3.9799999999999986">
        <ele>0</ele>
      </trkpt>
      <trkpt lat="53.2027570093458" lon="-3.9796671752813264">
        <ele>0</ele>
      </trkpt>
      <trkpt lat="53.20287144764448" lon="-3.9793457943925223">
        <ele>0</ele>
      </trkpt>
      <trkpt lat="53.20259107381271" lon="-3.9788785046728963">
        <ele>0</ele>
      </trkpt>
      <trkpt lat="53.2028094602327" lon="-3.9787469006294094">
        <ele>0</ele>
      </trkpt>
      <trkpt lat="53.20292389853138" lon="-3.978790768643905">
        <ele>0</ele>
      </trkpt>
      <trkpt lat="53.20301068090789" lon="-3.9786000381460984">
        <ele>0</ele>
      </trkpt>
      <trkpt lat="53.20298493229068" lon="-3.9784255197406053">
        <ele>0</ele>
      </trkpt>
      <trkpt lat="53.20316803356857" lon="-3.9783816517261097">
        <ele>0</ele>
      </trkpt>
      <trkpt lat="53.20351802403205" lon="-3.9786000381460984">
        <ele>0</ele>
      </trkpt>
      <trkpt lat="53.20360576006104" lon="-3.9784102613007808">
        <ele>0</ele>
      </trkpt>
      <trkpt lat="53.20350944115965" lon="-3.9782357428952877">
        <ele>0</ele>
      </trkpt>
      <trkpt lat="53.20362387945833" lon="-3.978176616440968">
        <ele>0</ele>
      </trkpt>
      <trkpt lat="53.20391188251002" lon="-3.9785132557695966">
        <ele>0</ele>
      </trkpt>
      <trkpt lat="53.20404348655351" lon="-3.9780011443829859">
        <ele>0</ele>
      </trkpt>
      <trkpt lat="53.20348369254245" lon="-3.9773736410452019">
        <ele>0</ele>
      </trkpt>
      <trkpt lat="53.20346557314515" lon="-3.9770961281708934">
        <ele>0</ele>
      </trkpt>
      <trkpt lat="53.20368491321763" lon="-3.9768615296585912">
        <ele>0</ele>
      </trkpt>
      <trkpt lat="53.20406065229831" lon="-3.9768615296585912">
        <ele>0</ele>
      </trkpt>
      <trkpt lat="53.2041569711997" lon="-3.976657448025938">
        <ele>0</ele>
      </trkpt>
      <trkpt lat="53.20428857524319" lon="-3.9766135800114428">
        <ele>0</ele>
      </trkpt>
      <trkpt lat="53.20434960900248" lon="-3.9761310318519918">
        <ele>0</ele>
      </trkpt>
      <trkpt lat="53.2042447072287" lon="-3.9757810413885171">
        <ele>0</ele>
      </trkpt>
      <trkpt lat="53.20448121304597" lon="-3.9752841884417305">
        <ele>0</ele>
      </trkpt>
      <trkpt lat="53.20468243372116" lon="-3.9751964524127397">
        <ele>0</ele>
      </trkpt>
      <trkpt lat="53.20475205035286" lon="-3.974977112340262">
        <ele>0</ele>
      </trkpt>
      <trkpt lat="53.20455941255008" lon="-3.9743200457753183">
        <ele>0</ele>
      </trkpt>
      <trkpt lat="53.20479591836735" lon="-3.9731365630364284">
        <ele>0</ele>
      </trkpt>
      <trkpt lat="53.20498855617014" lon="-3.9729029181766151">
        <ele>0</ele>
      </trkpt>
      <trkpt lat="53.20497139042534" lon="-3.9720265115391942">
        <ele>0</ele>
      </trkpt>
      <trkpt lat="53.20516402822812" lon="-3.9716173946213988">
        <ele>0</ele>
      </trkpt>
      <trkpt lat="53.20483978638185" lon="-3.9712082777036035">
        <ele>0</ele>
      </trkpt>
      <trkpt lat="53.20483978638185" lon="-3.9703604806408532">
        <ele>0</ele>
      </trkpt>
      <trkpt lat="53.20457753194736" lon="-3.9694115964142656">
        <ele>0</ele>
      </trkpt>
      <trkpt lat="53.20465573145147" lon="-3.9692218195689479">
        <ele>0</ele>
      </trkpt>
      <trkpt lat="53.20450696166318" lon="-3.968038336830058">
        <ele>0</ele>
      </trkpt>
      <trkpt lat="53.20462139996186" lon="-3.9673803166126254">
        <ele>0</ele>
      </trkpt>
      <trkpt lat="53.20474346748045" lon="-3.96697119969483">
        <ele>0</ele>
      </trkpt>
      <trkpt lat="53.20477875262255" lon="-3.9667671180621769">
        <ele>0</ele>
      </trkpt>
      <trkpt lat="53.20466526797636" lon="-3.9662998283425508">
        <ele>0</ele>
      </trkpt>
      <trkpt lat="53.20443734503148" lon="-3.96499904634751">
        <ele>0</ele>
      </trkpt>
      <trkpt lat="53.20445451077628" lon="-3.9646490558840348">
        <ele>0</ele>
      </trkpt>
      <trkpt lat="53.204087354568" lon="-3.9638308220484446">
        <ele>0</ele>
      </trkpt>
      <trkpt lat="53.20404348655351" lon="-3.9633635323288181">
        <ele>0</ele>
      </trkpt>
      <trkpt lat="53.20386896814802" lon="-3.9628514209422074">
        <ele>0</ele>
      </trkpt>
      <trkpt lat="53.20386896814802" lon="-3.962427999237077">
        <ele>0</ele>
      </trkpt>
      <trkpt lat="53.20305454892238" lon="-3.9616975014304776">
        <ele>0</ele>
      </trkpt>
      <trkpt lat="53.20205702841885" lon="-3.9605435819187478">
        <ele>0</ele>
      </trkpt>
      <trkpt lat="53.20171848178524" lon="-3.9599999999999991">
        <ele>0</ele>
      </trkpt>
      <trkpt lat="53.20171848178524" lon="-3.9599999999999884">
        <ele>0</ele>
      </trkpt>
      <trkpt lat="53.20117299256152" lon="-3.9591264543200344">
        <ele>0</ele>
      </trkpt>
      <trkpt lat="53.20115582681672" lon="-3.9588193782185659">
        <ele>0</ele>
      </trkpt>
      <trkpt lat="53.20047301163457" lon="-3.9576215906923404">
        <ele>0</ele>
      </trkpt>
      <trkpt lat="53.20006198741179" lon="-3.9568472248712454">
        <ele>0</ele>
      </trkpt>
      <trkpt lat="53.20000000000001" lon="-3.9567718863246117">
        <ele>0</ele>
      </trkpt>
      <trkpt lat="53.2" lon="-3.9567718863246117">
        <ele>0</ele>
      </trkpt>
      <trkpt lat="53.19973774556551" lon="-3.9564533663932751">
        <ele>0</ele>
      </trkpt>
      <trkpt lat="53.19938775510204" lon="-3.9554882700743734">
        <ele>0</ele>
      </trkpt>
      <trkpt lat="53.19874022506198" lon="-3.9553280564562159">
        <ele>0</ele>
      </trkpt>
      <trkpt lat="53.19860957467099" lon="-3.9553862292580471">
        <ele>0</ele>
      </trkpt>
      <trkpt lat="53.19806694640473" lon="-3.9549923707800763">
        <ele>0</ele>
      </trkpt>
      <trkpt lat="53.19735742895288" lon="-3.9543782185771392">
        <ele>0</ele>
      </trkpt>
      <trkpt lat="53.19670131604043" lon="-3.9544802593934656">
        <ele>0</ele>
      </trkpt>
      <trkpt lat="53.19664886515353" lon="-3.9543057409879725">
        <ele>0</ele>
      </trkpt>
      <trkpt lat="53.19682338355903" lon="-3.9536629792103644">
        <ele>0</ele>
      </trkpt>
      <trkpt lat="53.19652584398245" lon="-3.9536038527560442">
        <ele>0</ele>
      </trkpt>
      <trkpt lat="53.19643906160595" lon="-3.9529763494182606">
        <ele>0</ele>
      </trkpt>
      <trkpt lat="53.19650963189014" lon="-3.952637802784654">
        <ele>0</ele>
      </trkpt>
      <trkpt lat="53.19650963189014" lon="-3.952637802784654">
        <ele>0</ele>
      </trkpt>
      <trkpt lat="53.19644669082586" lon="-3.9525863055502461">
        <ele>0</ele>
      </trkpt>
      <trkpt lat="53.19642189586114" lon="-3.9525824909402898">
        <ele>0</ele>
      </trkpt>
      <trkpt lat="53.19633415983215" lon="-3.9525481594506848">
        <ele>0</ele>
      </trkpt>
      <trkpt lat="53.19624260919321" lon="-3.9524880793438757">
        <ele>0</ele>
      </trkpt>
      <trkpt lat="53.19613675376692" lon="-3.9524079725347971">
        <ele>0</ele>
      </trkpt>
      <trkpt lat="53.19602899103567" lon="-3.9523898531375052">
        <ele>0</ele>
      </trkpt>
      <trkpt lat="53.1959221819569" lon="-3.9523717337402138">
        <ele>0</ele>
      </trkpt>
      <trkpt lat="53.19529753957658" lon="-3.952526225443437">
        <ele>0</ele>
      </trkpt>
      <trkpt lat="53.19521266450505" lon="-3.9525395765782836">
        <ele>0</ele>
      </trkpt>
      <trkpt lat="53.19512874308602" lon="-3.9525529277131302">
        <ele>0</ele>
      </trkpt>
      <trkpt lat="53.19503623879458" lon="-3.9525843982452682">
        <ele>0</ele>
      </trkpt>
      <trkpt lat="53.1949561319855" lon="-3.9525977493801143">
        <ele>0</ele>
      </trkpt>
      <trkpt lat="53.19487602517642" lon="-3.9526111005149609">
        <ele>0</ele>
      </trkpt>
      <trkpt lat="53.19476349418272" lon="-3.9525786763303339">
        <ele>0</ele>
      </trkpt>
      <trkpt lat="53.1946519168415" lon="-3.9525462521457069">
        <ele>0</ele>
      </trkpt>
      <trkpt lat="53.1946519168415" lon="-3.9525462521457069">
        <ele>0</ele>
      </trkpt>
      <trkpt lat="53.19456704176998" lon="-3.952557695975575">
        <ele>0</ele>
      </trkpt>
      <trkpt lat="53.19448025939347" lon="-3.9525805836353118">
        <ele>0</ele>
      </trkpt>
      <trkpt lat="53.19439347701697" lon="-3.9526025176425597">
        <ele>0</ele>
      </trkpt>
      <trkpt lat="53.19431432386038" lon="-3.9526482929620332">
        <ele>0</ele>
      </trkpt>
      <trkpt lat="53.19423707800877" lon="-3.9527436582109368">
        <ele>0</ele>
      </trkpt>
      <trkpt lat="53.19416078580965" lon="-3.9528390234598398">
        <ele>0</ele>
      </trkpt>
      <trkpt lat="53.19397100896433" lon="-3.9531222582490826">
        <ele>0</ele>
      </trkpt>
      <trkpt lat="53.19391951172992" lon="-3.9532262063703874">
        <ele>0</ele>
      </trkpt>
      <trkpt lat="53.193868968148" lon="-3.9533301544916917">
        <ele>0</ele>
      </trkpt>
      <trkpt lat="53.19383177570094" lon="-3.9534178905206829">
        <ele>0</ele>
      </trkpt>
      <trkpt lat="53.19379458325386" lon="-3.9535046728971848">
        <ele>0</ele>
      </trkpt>
      <trkpt lat="53.19371829105474" lon="-3.9536143429334238">
        <ele>0</ele>
      </trkpt>
      <trkpt lat="53.19364009155063" lon="-3.9537097081823269">
        <ele>0</ele>
      </trkpt>
      <trkpt lat="53.19352756055693" lon="-3.9537802784665153">
        <ele>0</ele>
      </trkpt>
      <trkpt lat="53.19345603662025" lon="-3.9538165172610986">
        <ele>0</ele>
      </trkpt>
      <trkpt lat="53.19338546633607" lon="-3.953851802403193">
        <ele>0</ele>
      </trkpt>
      <trkpt lat="53.19330726683197" lon="-3.9539042532900899">
        <ele>0</ele>
      </trkpt>
      <trkpt lat="53.19303356856761" lon="-3.9540339500285984">
        <ele>0</ele>
      </trkpt>
      <trkpt lat="53.19293248140377" lon="-3.954062559603269">
        <ele>0</ele>
      </trkpt>
      <trkpt lat="53.19283616250238" lon="-3.9541131031851879">
        <ele>0</ele>
      </trkpt>
      <trkpt lat="53.1924861720389" lon="-3.9543381651726">
        <ele>0</ele>
      </trkpt>
      <trkpt lat="53.19239080679" lon="-3.9543810795346062">
        <ele>0</ele>
      </trkpt>
      <trkpt lat="53.19229639519359" lon="-3.9544230402441238">
        <ele>0</ele>
      </trkpt>
      <trkpt lat="53.19195403395003" lon="-3.95451554453556">
        <ele>0</ele>
      </trkpt>
      <trkpt lat="53.1918777417509" lon="-3.9546213999618427">
        <ele>0</ele>
      </trkpt>
      <trkpt lat="53.19180621781423" lon="-3.9546652679763379">
        <ele>0</ele>
      </trkpt>
      <trkpt lat="53.19173564753004" lon="-3.9547091359908335">
        <ele>0</ele>
      </trkpt>
      <trkpt lat="53.19165363341598" lon="-3.9547005531184323">
        <ele>0</ele>
      </trkpt>
      <trkpt lat="53.19156685103948" lon="-3.9546748045012285">
        <ele>0</ele>
      </trkpt>
      <trkpt lat="53.19148102231546" lon="-3.9546490558840244">
        <ele>0</ele>
      </trkpt>
      <trkpt lat="53.19138756437154" lon="-3.9546366584016672">
        <ele>0</ele>
      </trkpt>
      <trkpt lat="53.19129410642761" lon="-3.9546233072668207">
        <ele>0</ele>
      </trkpt>
      <trkpt lat="53.19119778752622" lon="-3.9546194926568643">
        <ele>0</ele>
      </trkpt>
      <trkpt lat="53.19108621018501" lon="-3.9546576387564256">
        <ele>0</ele>
      </trkpt>
      <trkpt lat="53.19098130841121" lon="-3.9547091359908335">
        <ele>0</ele>
      </trkpt>
      <trkpt lat="53.19087640663742" lon="-3.9547606332252414">
        <ele>0</ele>
      </trkpt>
      <trkpt lat="53.19082490940301" lon="-3.9547892427999125">
        <ele>0</ele>
      </trkpt>
      <trkpt lat="53.19071714667175" lon="-3.9548655349990351">
        <ele>0</ele>
      </trkpt>
      <trkpt lat="53.19038050734312" lon="-3.9551478161357889">
        <ele>0</ele>
      </trkpt>
      <trkpt lat="53.19030612244898" lon="-3.9552593934770055">
        <ele>0</ele>
      </trkpt>
      <trkpt lat="53.19020217432767" lon="-3.9553452222010184">
        <ele>0</ele>
      </trkpt>
      <trkpt lat="53.19009917985885" lon="-3.9554310509250317">
        <ele>0</ele>
      </trkpt>
      <trkpt lat="53.19000190730497" lon="-3.9554806408544612">
        <ele>0</ele>
      </trkpt>
      <trkpt lat="53.18990558840358" lon="-3.9555540720961169">
        <ele>0</ele>
      </trkpt>
      <trkpt lat="53.18980926950219" lon="-3.9556275033377721">
        <ele>0</ele>
      </trkpt>
      <trkpt lat="53.18974632843791" lon="-3.9556942590120046">
        <ele>0</ele>
      </trkpt>
      <trkpt lat="53.18968338737364" lon="-3.955760061033748">
        <ele>0</ele>
      </trkpt>
      <trkpt lat="53.18962521457181" lon="-3.9558621018500744">
        <ele>0</ele>
      </trkpt>
      <trkpt lat="53.18956799542246" lon="-3.9559641426664012">
        <ele>0</ele>
      </trkpt>
      <trkpt lat="53.18949265687584" lon="-3.9560595079153043">
        <ele>0</ele>
      </trkpt>
      <trkpt lat="53.18941827198169" lon="-3.9561548731642078">
        <ele>0</ele>
      </trkpt>
      <trkpt lat="53.18936582109479" lon="-3.9562473774556439">
        <ele>0</ele>
      </trkpt>
      <trkpt lat="53.18931146290291" lon="-3.9563608621018389">
        <ele>0</ele>
      </trkpt>
      <trkpt lat="53.18927522410834" lon="-3.9564161739462027">
        <ele>0</ele>
      </trkpt>
      <trkpt lat="53.18915792485218" lon="-3.9564991417127486">
        <ele>0</ele>
      </trkpt>
      <trkpt lat="53.18905111577341" lon="-3.9566040434865419">
        <ele>0</ele>
      </trkpt>
      <trkpt lat="53.18894526034713" lon="-3.9567079916078467">
        <ele>0</ele>
      </trkpt>
      <trkpt lat="53.18866297921037" lon="-3.9571399961853788">
        <ele>0</ele>
      </trkpt>
      <trkpt lat="53.18861529658592" lon="-3.9572048445546328">
        <ele>0</ele>
      </trkpt>
      <trkpt lat="53.18856761396147" lon="-3.9572687392713983">
        <ele>0</ele>
      </trkpt>
      <trkpt lat="53.18848941445737" lon="-3.9573497997329659">
        <ele>0</ele>
      </trkpt>
      <trkpt lat="53.18841121495327" lon="-3.9574308601945338">
        <ele>0</ele>
      </trkpt>
      <trkpt lat="53.18833778371161" lon="-3.9575262254434369">
        <ele>0</ele>
      </trkpt>
      <trkpt lat="53.18826435246996" lon="-3.9576206370398515">
        <ele>0</ele>
      </trkpt>
      <trkpt lat="53.18818710661834" lon="-3.9577398436009803">
        <ele>0</ele>
      </trkpt>
      <trkpt lat="53.18810986076674" lon="-3.9578580965096206">
        <ele>0</ele>
      </trkpt>
      <trkpt lat="53.18798970055312" lon="-3.9581146290291702">
        <ele>0</ele>
      </trkpt>
      <trkpt lat="53.18786095746709" lon="-3.9583692542437423">
        <ele>0</ele>
      </trkpt>
      <trkpt lat="53.18737936296014" lon="-3.9592494754911196">
        <ele>0</ele>
      </trkpt>
      <trkpt lat="53.18733263398817" lon="-3.9593429334350447">
        <ele>0</ele>
      </trkpt>
      <trkpt lat="53.1872868586687" lon="-3.9594363913789703">
        <ele>0</ele>
      </trkpt>
      <trkpt lat="53.18718577150486" lon="-3.9595508296776543">
        <ele>0</ele>
      </trkpt>
      <trkpt lat="53.18708563799351" lon="-3.9596643143238488">
        <ele>0</ele>
      </trkpt>
      <trkpt lat="53.18698550448217" lon="-3.9597634941827082">
        <ele>0</ele>
      </trkpt>
      <trkpt lat="53.186913026893" lon="-3.9598817470913485">
        <ele>0</ele>
      </trkpt>
      <trkpt lat="53.18684054930383" lon="-3.9599999999999884">
        <ele>0</ele>
      </trkpt>
      <trkpt lat="53.18684054930383" lon="-3.9599999999999991">
        <ele>0</ele>
      </trkpt>
      <trkpt lat="53.18658687774175" lon="-3.9604472630173553">
        <ele>0</ele>
      </trkpt>
      <trkpt lat="53.18648388327293" lon="-3.9605617013160392">
        <ele>0</ele>
      </trkpt>
      <trkpt lat="53.1863818424566" lon="-3.9606761396147232">
        <ele>0</ele>
      </trkpt>
      <trkpt lat="53.18629696738508" lon="-3.9607467098989115">
        <ele>0</ele>
      </trkpt>
      <trkpt lat="53.18621209231356" lon="-3.9608172801831003">
        <ele>0</ele>
      </trkpt>
      <trkpt lat="53.18609383940492" lon="-3.9609317184817843">
        <ele>0</ele>
      </trkpt>
      <trkpt lat="53.18602422277322" lon="-3.9610089643333959">
        <ele>0</ele>
      </trkpt>
      <trkpt lat="53.18583539958039" lon="-3.961392332633987">
        <ele>0</ele>
      </trkpt>
      <trkpt lat="53.18580583635323" lon="-3.9614905588403575">
        <ele>0</ele>
      </trkpt>
      <trkpt lat="53.18577627312607" lon="-3.961588785046728">
        <ele>0</ele>
      </trkpt>
      <trkpt lat="53.18574384894144" lon="-3.9616660308983396">
        <ele>0</ele>
      </trkpt>
      <trkpt lat="53.18571237840931" lon="-3.9617423230974622">
        <ele>0</ele>
      </trkpt>
      <trkpt lat="53.18566564943734" lon="-3.9618157543391175">
        <ele>0</ele>
      </trkpt>
      <trkpt lat="53.18561987411787" lon="-3.9618882319282842">
        <ele>0</ele>
      </trkpt>
      <trkpt lat="53.1855559794011" lon="-3.9619654777798958">
        <ele>0</ele>
      </trkpt>
      <trkpt lat="53.18549303833683" lon="-3.9620427236315074">
        <ele>0</ele>
      </trkpt>
      <trkpt lat="53.18539385847797" lon="-3.9621466717528122">
        <ele>0</ele>
      </trkpt>
      <trkpt lat="53.1852956322716" lon="-3.9622506198741165">
        <ele>0</ele>
      </trkpt>
      <trkpt lat="53.18522696929239" lon="-3.9623097463284367">
        <ele>0</ele>
      </trkpt>
      <trkpt lat="53.18515925996567" lon="-3.9623679191302679">
        <ele>0</ele>
      </trkpt>
      <trkpt lat="53.18509727255388" lon="-3.9624327674995219">
        <ele>0</ele>
      </trkpt>
      <trkpt lat="53.18503623879458" lon="-3.9624966622162874">
        <ele>0</ele>
      </trkpt>
      <trkpt lat="53.18495422468052" lon="-3.9626044249475481">
        <ele>0</ele>
      </trkpt>
      <trkpt lat="53.18487316421896" lon="-3.9627112340263198">
        <ele>0</ele>
      </trkpt>
      <trkpt lat="53.18481213045966" lon="-3.9628104138851792">
        <ele>0</ele>
      </trkpt>
      <trkpt lat="53.18475109670036" lon="-3.9629095937440386">
        <ele>0</ele>
      </trkpt>
      <trkpt lat="53.18470913599084" lon="-3.9629887469006282">
        <ele>0</ele>
      </trkpt>
      <trkpt lat="53.18466812893382" lon="-3.9630669464047288">
        <ele>0</ele>
      </trkpt>
      <trkpt lat="53.18464714857905" lon="-3.9631289338165163">
        <ele>0</ele>
      </trkpt>
      <trkpt lat="53.18462712187679" lon="-3.9631899675758144">
        <ele>0</ele>
      </trkpt>
      <trkpt lat="53.18457276368491" lon="-3.9632939156971188">
        <ele>0</ele>
      </trkpt>
      <trkpt lat="53.18452889567042" lon="-3.9633444592790377">
        <ele>0</ele>
      </trkpt>
      <trkpt lat="53.1844869349609" lon="-3.963380698073621">
        <ele>0</ele>
      </trkpt>
      <trkpt lat="53.18441541102422" lon="-3.9636248331108135">
        <ele>0</ele>
      </trkpt>
      <trkpt lat="53.18426759488842" lon="-3.9638851802403194">
        <ele>0</ele>
      </trkpt>
      <trkpt lat="53.18402918176616" lon="-3.9643715430097259">
        <ele>0</ele>
      </trkpt>
      <trkpt lat="53.18397959183673" lon="-3.9644402059889363">
        <ele>0</ele>
      </trkpt>
      <trkpt lat="53.1839300019073" lon="-3.9645079153156577">
        <ele>0</ele>
      </trkpt>
      <trkpt lat="53.18382223917605" lon="-3.9646070951745171">
        <ele>0</ele>
      </trkpt>
      <trkpt lat="53.18371447644478" lon="-3.9647062750333766">
        <ele>0</ele>
      </trkpt>
      <trkpt lat="53.18366679382033" lon="-3.9647816135800102">
        <ele>0</ele>
      </trkpt>
      <trkpt lat="53.18351897768453" lon="-3.9650524508868958">
        <ele>0</ele>
      </trkpt>
      <trkpt lat="53.18325100133511" lon="-3.9656513446500083">
        <ele>0</ele>
      </trkpt>
      <trkpt lat="53.18315563608621" lon="-3.9656370398626728">
        <ele>0</ele>
      </trkpt>
      <trkpt lat="53.1830602708373" lon="-3.9656217814228483">
        <ele>0</ele>
      </trkpt>
      <trkpt lat="53.18299828342552" lon="-3.9655788670608421">
        <ele>0</ele>
      </trkpt>
      <trkpt lat="53.18293629601373" lon="-3.9655349990463464">
        <ele>0</ele>
      </trkpt>
      <trkpt lat="53.18285332824718" lon="-3.9654424947549103">
        <ele>0</ele>
      </trkpt>
      <trkpt lat="53.18277131413313" lon="-3.9653499904634741">
        <ele>0</ele>
      </trkpt>
      <trkpt lat="53.18256818615296" lon="-3.9650762921991216">
        <ele>0</ele>
      </trkpt>
      <trkpt lat="53.1824871256914" lon="-3.9650038146099549">
        <ele>0</ele>
      </trkpt>
      <trkpt lat="53.18243276749952" lon="-3.9649713904253279">
        <ele>0</ele>
      </trkpt>
      <trkpt lat="53.18234884608049" lon="-3.964951363723058">
        <ele>0</ele>
      </trkpt>
      <trkpt lat="53.18227541483883" lon="-3.9648970055311832">
        <ele>0</ele>
      </trkpt>
      <trkpt lat="53.18223822239176" lon="-3.964885561701315">
        <ele>0</ele>
      </trkpt>
      <trkpt lat="53.18217242037002" lon="-3.9648893763112709">
        <ele>0</ele>
      </trkpt>
      <trkpt lat="53.18210661834827" lon="-3.9648922372687383">
        <ele>0</ele>
      </trkpt>
      <trkpt lat="53.18207514781614" lon="-3.964887469006293">
        <ele>0</ele>
      </trkpt>
      <trkpt lat="53.18204558458898" lon="-3.9648579057791329">
        <ele>0</ele>
      </trkpt>
      <trkpt lat="53.1819912263971" lon="-3.9647692160976531">
        <ele>0</ele>
      </trkpt>
      <trkpt lat="53.18144859813084" lon="-3.9642723631508665">
        <ele>0</ele>
      </trkpt>
      <trkpt lat="53.18138184245661" lon="-3.9642351707037946">
        <ele>0</ele>
      </trkpt>
      <trkpt lat="53.18131508678238" lon="-3.9641979782567223">
        <ele>0</ele>
      </trkpt>
      <trkpt lat="53.18127026511539" lon="-3.9641789052069414">
        <ele>0</ele>
      </trkpt>
      <trkpt lat="53.18117203890902" lon="-3.9641779515544524">
        <ele>0</ele>
      </trkpt>
      <trkpt lat="53.18107476635514" lon="-3.9641760442494745">
        <ele>0</ele>
      </trkpt>
      <trkpt lat="53.18044726301736" lon="-3.964303833683005">
        <ele>0</ele>
      </trkpt>
      <trkpt lat="53.18037287812321" lon="-3.964304787335494">
        <ele>0</ele>
      </trkpt>
      <trkpt lat="53.18029944688156" lon="-3.964304787335494">
        <ele>0</ele>
      </trkpt>
      <trkpt lat="53.18022410833492" lon="-3.9643114629029172">
        <ele>0</ele>
      </trkpt>
      <trkpt lat="53.18014972344078" lon="-3.9643171848178511">
        <ele>0</ele>
      </trkpt>
      <trkpt lat="53.18006675567423" lon="-3.9643105092504278">
        <ele>0</ele>
      </trkpt>
      <trkpt lat="53.18" lon="-3.9643248140377634">
        <ele>0</ele>
      </trkpt>
      <trkpt lat="53.18000000000001" lon="-3.9643248140377634">
        <ele>0</ele>
      </trkpt>
      <trkpt lat="53.17991131031854" lon="-3.9643457943925222">
        <ele>0</ele>
      </trkpt>
      <trkpt lat="53.17981785237461" lon="-3.9643438870875443">
        <ele>0</ele>
      </trkpt>
      <trkpt lat="53.17975395765784" lon="-3.9643286286477197">
        <ele>0</ele>
      </trkpt>
      <trkpt lat="53.17969006294108" lon="-3.9643124165554062">
        <ele>0</ele>
      </trkpt>
      <trkpt lat="53.17961758535191" lon="-3.9643143238603842">
        <ele>0</ele>
      </trkpt>
      <trkpt lat="53.17954606141524" lon="-3.9643162311653621">
        <ele>0</ele>
      </trkpt>
      <trkpt lat="53.17944878886136" lon="-3.9642914362006474">
        <ele>0</ele>
      </trkpt>
      <trkpt lat="53.17935246995997" lon="-3.9642656875834437">
        <ele>0</ele>
      </trkpt>
      <trkpt lat="53.1790539767309" lon="-3.9642008392141892">
        <ele>0</ele>
      </trkpt>
      <trkpt lat="53.17893572382226" lon="-3.9641502956322703">
        <ele>0</ele>
      </trkpt>
      <trkpt lat="53.1788184245661" lon="-3.9640997520503518">
        <ele>0</ele>
      </trkpt>
      <trkpt lat="53.17835685676141" lon="-3.9637926759488833">
        <ele>0</ele>
      </trkpt>
      <trkpt lat="53.17828623804956" lon="-3.9637416428953949">
        <ele>0</ele>
      </trkpt>
      <trkpt lat="53.17828623616604" lon="-3.9637416414020388">
        <ele>0</ele>
      </trkpt>
      <trkpt lat="53.17702269692926" lon="-3.9619235170703786">
        <ele>0</ele>
      </trkpt>
      <trkpt lat="53.17523364485983" lon="-3.960991798588593">
        <ele>0</ele>
      </trkpt>
      <trkpt lat="53.17356761396149" lon="-3.9604911310318509">
        <ele>0</ele>
      </trkpt>
      <trkpt lat="53.17320617966814" lon="-3.9599999999999991">
        <ele>0</ele>
      </trkpt>
      <trkpt lat="53.17320617966814" lon="-3.9599999999999884">
        <ele>0</ele>
      </trkpt>
      <trkpt lat="53.17211996948313" lon="-3.9585237459469655">
        <ele>0</ele>
      </trkpt>
      <trkpt lat="53.17107476635515" lon="-3.956746137707408">
        <ele>0</ele>
      </trkpt>
      <trkpt lat="53.16978161358003" lon="-3.9555388136562923">
        <ele>0</ele>
      </trkpt>
      <trkpt lat="53.16832538622928" lon="-3.9525224108334811">
        <ele>0</ele>
      </trkpt>
      <trkpt lat="53.1670713332062" lon="-3.9510337592981002">
        <ele>0</ele>
      </trkpt>
      <trkpt lat="53.16647148579059" lon="-3.9486181575433799">
        <ele>0</ele>
      </trkpt>
      <trkpt lat="53.1652193400725" lon="-3.9461844363913676">
        <ele>0</ele>
      </trkpt>
      <trkpt lat="53.16457753194737" lon="-3.9454596604997025">
        <ele>0</ele>
      </trkpt>
      <trkpt lat="53.16374976158689" lon="-3.9444411596414155">
        <ele>0</ele>
      </trkpt>
      <trkpt lat="53.163305359527" lon="-3.9439929429715699">
        <ele>0</ele>
      </trkpt>
      <trkpt lat="53.16188727827581" lon="-3.943389280946012">
        <ele>0</ele>
      </trkpt>
      <trkpt lat="53.16083253862294" lon="-3.9435609383940378">
        <ele>0</ele>
      </trkpt>
      <trkpt lat="53.16000000000002" lon="-3.944053976730868">
        <ele>0</ele>
      </trkpt>
      <trkpt lat="53.16" lon="-3.944053976730868">
        <ele>0</ele>
      </trkpt>
      <trkpt lat="53.15969387755103" lon="-3.944234217051295">
        <ele>0</ele>
      </trkpt>
      <trkpt lat="53.15793438870876" lon="-3.9440787716955827">
        <ele>0</ele>
      </trkpt>
      <trkpt lat="53.15677570093459" lon="-3.9441827198168875">
        <ele>0</ele>
      </trkpt>
      <trkpt lat="53.15549303833684" lon="-3.94419988556169">
        <ele>0</ele>
      </trkpt>
      <trkpt lat="53.15494373450315" lon="-3.9434579439252224">
        <ele>0</ele>
      </trkpt>
      <trkpt lat="53.15427140949839" lon="-3.9420255578866947">
        <ele>0</ele>
      </trkpt>
      <trkpt lat="53.15382414648103" lon="-3.9416498188060158">
        <ele>0</ele>
      </trkpt>
      <trkpt lat="53.15382414648103" lon="-3.9416498188060158">
        <ele>0</ele>
      </trkpt>
      <trkpt lat="53.15387755102041" lon="-3.9399999999999888">
        <ele>0</ele>
      </trkpt>
      <trkpt lat="53.15387755102041" lon="-3.9400000000000066">
        <ele>0</ele>
      </trkpt>
      <trkpt lat="53.15400152584399" lon="-3.9362101850085898">
        <ele>0</ele>
      </trkpt>
      <trkpt lat="53.15412550066756" lon="-3.9351945451077697">
        <ele>0</ele>
      </trkpt>
      <trkpt lat="53.15409403013543" lon="-3.9334770169750213">
        <ele>0</ele>
      </trkpt>
      <trkpt lat="53.15422754148389" lon="-3.9318119397291693">
        <ele>0</ele>
      </trkpt>
      <trkpt lat="53.15458516116728" lon="-3.9304920846843476">
        <ele>0</ele>
      </trkpt>
      <trkpt lat="53.15535952698837" lon="-3.9262941064276244">
        <ele>0</ele>
      </trkpt>
      <trkpt lat="53.15558458897578" lon="-3.9256522983025053">
        <ele>0</ele>
      </trkpt>
      <trkpt lat="53.15558458897578" lon="-3.9256522983025053">
        <ele>0</ele>
      </trkpt>
      <trkpt lat="53.15561605950792" lon="-3.9255597940110691">
        <ele>0</ele>
      </trkpt>
      <trkpt lat="53.15561605950792" lon="-3.9255597940110691">
        <ele>0</ele>
      </trkpt>
      <trkpt lat="53.15580488270075" lon="-3.9250219340072547">
        <ele>0</ele>
      </trkpt>
      <trkpt lat="53.15580488270075" lon="-3.9250219340072547">
        <ele>0</ele>
      </trkpt>
      <trkpt lat="53.15587354567996" lon="-3.9248636276940752">
        <ele>0</ele>
      </trkpt>
      <trkpt lat="53.15592695021935" lon="-3.9246719435437796">
        <ele>0</ele>
      </trkpt>
      <trkpt lat="53.15599938267405" lon="-3.9245254954113138">
        <ele>0</ele>
      </trkpt>
    </trkseg>
  </trk>
  <trk>
    <name>Day 1 - Alt Peaks</name>
    <extensions>
      <gpxx:TrackExtension>
        <gpxx:DisplayColor>Green</gpxx:DisplayColor>
      </gpxx:TrackExtension>
    </extensions>
    <trkseg>
      <trkpt lat="53.16066391202211" lon="-3.9713543298311311">
        <ele>0</ele>
      </trkpt>
      <trkpt lat="53.16070665649439" lon="-3.9714686248331095">
        <ele>0</ele>
      </trkpt>
      <trkpt lat="53.1609059698646" lon="-3.9718796490558828">
        <ele>0</ele>
      </trkpt>
      <trkpt lat="53.16105378600039" lon="-3.9722658783139413">
        <ele>0</ele>
      </trkpt>
      <trkpt lat="53.16106427617778" lon="-3.9723278657257284">
        <ele>0</ele>
      </trkpt>
      <trkpt lat="53.16107476635516" lon="-3.9723888994850265">
        <ele>0</ele>
      </trkpt>
      <trkpt lat="53.16123211901585" lon="-3.972775128743085">
        <ele>0</ele>
      </trkpt>
      <trkpt lat="53.16128266259776" lon="-3.9728752622544334">
        <ele>0</ele>
      </trkpt>
      <trkpt lat="53.16133320617968" lon="-3.9729744421132929">
        <ele>0</ele>
      </trkpt>
      <trkpt lat="53.16135704749191" lon="-3.973035475872591">
        <ele>0</ele>
      </trkpt>
      <trkpt lat="53.16138184245663" lon="-3.9730965096318891">
        <ele>0</ele>
      </trkpt>
      <trkpt lat="53.16139519359147" lon="-3.9732166698455074">
        <ele>0</ele>
      </trkpt>
      <trkpt lat="53.16140854472632" lon="-3.9733358764066362">
        <ele>0</ele>
      </trkpt>
      <trkpt lat="53.16142666412361" lon="-3.9734369635704736">
        <ele>0</ele>
      </trkpt>
      <trkpt lat="53.16144573717339" lon="-3.9735370970818225">
        <ele>0</ele>
      </trkpt>
      <trkpt lat="53.1616707991608" lon="-3.9742618729734875">
        <ele>0</ele>
      </trkpt>
      <trkpt lat="53.16172038909023" lon="-3.9745193591455261">
        <ele>0</ele>
      </trkpt>
      <trkpt lat="53.16178905206944" lon="-3.9746242609193199">
        <ele>0</ele>
      </trkpt>
      <trkpt lat="53.1618100324242" lon="-3.9747072286858658">
        <ele>0</ele>
      </trkpt>
      <trkpt lat="53.16183101277896" lon="-3.9747892427999227">
        <ele>0</ele>
      </trkpt>
      <trkpt lat="53.16186152965861" lon="-3.9751382796109085">
        <ele>0</ele>
      </trkpt>
      <trkpt lat="53.16189395384323" lon="-3.9754167461377063">
        <ele>0</ele>
      </trkpt>
      <trkpt lat="53.1618882319283" lon="-3.9759250429143607">
        <ele>0</ele>
      </trkpt>
      <trkpt lat="53.1618100324242" lon="-3.9763360671371339">
        <ele>0</ele>
      </trkpt>
      <trkpt lat="53.16181766164411" lon="-3.9766612626358944">
        <ele>0</ele>
      </trkpt>
      <trkpt lat="53.16184341026132" lon="-3.9767737936296004">
        <ele>0</ele>
      </trkpt>
      <trkpt lat="53.16186915887852" lon="-3.976885370970817">
        <ele>0</ele>
      </trkpt>
      <trkpt lat="53.16197787526227" lon="-3.9772954415411013">
        <ele>0</ele>
      </trkpt>
      <trkpt lat="53.16193972916271" lon="-3.9775424375357606">
        <ele>0</ele>
      </trkpt>
      <trkpt lat="53.16194545107764" lon="-3.9776521075719997">
        <ele>0</ele>
      </trkpt>
      <trkpt lat="53.16196929238987" lon="-3.9777322143810783">
        <ele>0</ele>
      </trkpt>
      <trkpt lat="53.1619931337021" lon="-3.9778113675376683">
        <ele>0</ele>
      </trkpt>
      <trkpt lat="53.16200362387947" lon="-3.9779076864390603">
        <ele>0</ele>
      </trkpt>
      <trkpt lat="53.16201411405685" lon="-3.9780030516879639">
        <ele>0</ele>
      </trkpt>
      <trkpt lat="53.16207705512113" lon="-3.9782557695975576">
        <ele>0</ele>
      </trkpt>
      <trkpt lat="53.16217146671755" lon="-3.9783587640663729">
        <ele>0</ele>
      </trkpt>
      <trkpt lat="53.16220007629222" lon="-3.9784283806980727">
        <ele>0</ele>
      </trkpt>
      <trkpt lat="53.16222868586689" lon="-3.9784970436772831">
        <ele>0</ele>
      </trkpt>
      <trkpt lat="53.16227350753387" lon="-3.9787745565515915">
        <ele>0</ele>
      </trkpt>
      <trkpt lat="53.16230688537099" lon="-3.9790663742132355">
        <ele>0</ele>
      </trkpt>
      <trkpt lat="53.16230783902348" lon="-3.9791665077245839">
        <ele>0</ele>
      </trkpt>
      <trkpt lat="53.16230879267597" lon="-3.9792666412359323">
        <ele>0</ele>
      </trkpt>
      <trkpt lat="53.16235552164792" lon="-3.9793333969101647">
        <ele>0</ele>
      </trkpt>
      <trkpt lat="53.16240320427238" lon="-3.9793991989319082">
        <ele>0</ele>
      </trkpt>
      <trkpt lat="53.16245565515928" lon="-3.9794993324432566">
        <ele>0</ele>
      </trkpt>
      <trkpt lat="53.16248331108146" lon="-3.9795737173374013">
        <ele>0</ele>
      </trkpt>
      <trkpt lat="53.16251096700364" lon="-3.9796481022315455">
        <ele>0</ele>
      </trkpt>
      <trkpt lat="53.16256913980547" lon="-3.9799141712759858">
        <ele>0</ele>
      </trkpt>
      <trkpt lat="53.16254339118827" lon="-3.9799999999999986">
        <ele>0</ele>
      </trkpt>
      <trkpt lat="53.16254339118827" lon="-3.9800000000000093">
        <ele>0</ele>
      </trkpt>
      <trkpt lat="53.16253766927333" lon="-3.9800162120923228">
        <ele>0</ele>
      </trkpt>
      <trkpt lat="53.16250238413124" lon="-3.9800572191493511">
        <ele>0</ele>
      </trkpt>
      <trkpt lat="53.162523364486" lon="-3.9801115773412259">
        <ele>0</ele>
      </trkpt>
      <trkpt lat="53.16250429143621" lon="-3.9801296967385178">
        <ele>0</ele>
      </trkpt>
      <trkpt lat="53.16253290101088" lon="-3.9801907304978159">
        <ele>0</ele>
      </trkpt>
      <trkpt lat="53.16250810604618" lon="-3.9802193400724866">
        <ele>0</ele>
      </trkpt>
      <trkpt lat="53.16246995994661" lon="-3.9802822811367631">
        <ele>0</ele>
      </trkpt>
      <trkpt lat="53.16251096700364" lon="-3.9803299637612146">
        <ele>0</ele>
      </trkpt>
      <trkpt lat="53.16249761586879" lon="-3.9803595269883747">
        <ele>0</ele>
      </trkpt>
      <trkpt lat="53.16253671562085" lon="-3.9803766927331772">
        <ele>0</ele>
      </trkpt>
      <trkpt lat="53.16251382796111" lon="-3.9804253290101177">
        <ele>0</ele>
      </trkpt>
      <trkpt lat="53.16255388136565" lon="-3.980464428762168">
        <ele>0</ele>
      </trkpt>
      <trkpt lat="53.16264447835211" lon="-3.9805035285142187">
        <ele>0</ele>
      </trkpt>
      <trkpt lat="53.16265115391953" lon="-3.9805397673088017">
        <ele>0</ele>
      </trkpt>
      <trkpt lat="53.16276273126074" lon="-3.980577913408363">
        <ele>0</ele>
      </trkpt>
      <trkpt lat="53.16276177760825" lon="-3.9806341789052162">
        <ele>0</ele>
      </trkpt>
      <trkpt lat="53.16279420179288" lon="-3.9806351325577052">
        <ele>0</ele>
      </trkpt>
      <trkpt lat="53.16284283806982" lon="-3.9806751859622445">
        <ele>0</ele>
      </trkpt>
      <trkpt lat="53.16288575243183" lon="-3.9807638756437247">
        <ele>0</ele>
      </trkpt>
      <trkpt lat="53.16287621590694" lon="-3.9808201411405775">
        <ele>0</ele>
      </trkpt>
      <trkpt lat="53.1629229448789" lon="-3.9808582872401388">
        <ele>0</ele>
      </trkpt>
      <trkpt lat="53.16293343505628" lon="-3.9808888041197878">
        <ele>0</ele>
      </trkpt>
      <trkpt lat="53.16296585924091" lon="-3.9808792675948976">
        <ele>0</ele>
      </trkpt>
      <trkpt lat="53.16295918367349" lon="-3.9809422086591737">
        <ele>0</ele>
      </trkpt>
      <trkpt lat="53.16298207133323" lon="-3.9809965668510485">
        <ele>0</ele>
      </trkpt>
      <trkpt lat="53.16303356856763" lon="-3.9809898912836252">
        <ele>0</ele>
      </trkpt>
      <trkpt lat="53.16306599275226" lon="-3.9810652298302589">
        <ele>0</ele>
      </trkpt>
      <trkpt lat="53.16309810264453" lon="-3.9811398381093794">
        <ele>0</ele>
      </trkpt>
      <trkpt lat="53.16309810264453" lon="-3.9811398381093794">
        <ele>0</ele>
      </trkpt>
      <trkpt lat="53.16309841693688" lon="-3.9811405683768926">
        <ele>0</ele>
      </trkpt>
      <trkpt lat="53.16309841693688" lon="-3.9811405683768926">
        <ele>0</ele>
      </trkpt>
      <trkpt lat="53.16325290864011" lon="-3.9814133129887561">
        <ele>0</ele>
      </trkpt>
      <trkpt lat="53.16327484264735" lon="-3.9816860576006192">
        <ele>0</ele>
      </trkpt>
      <trkpt lat="53.16331203509443" lon="-3.9817690253671651">
        <ele>0</ele>
      </trkpt>
      <trkpt lat="53.16332157161932" lon="-3.9819092122830533">
        <ele>0</ele>
      </trkpt>
      <trkpt lat="53.16333587640666" lon="-3.9819502193400815">
        <ele>0</ele>
      </trkpt>
      <trkpt lat="53.16335399580394" lon="-3.9819473583826146">
        <ele>0</ele>
      </trkpt>
      <trkpt lat="53.16335018119399" lon="-3.9819788289147526">
        <ele>0</ele>
      </trkpt>
      <trkpt lat="53.16343219530805" lon="-3.9821495327102894">
        <ele>0</ele>
      </trkpt>
      <trkpt lat="53.16358668701127" lon="-3.9823230974632935">
        <ele>0</ele>
      </trkpt>
      <trkpt lat="53.16371161548733" lon="-3.9824871256914069">
        <ele>0</ele>
      </trkpt>
      <trkpt lat="53.16382223917606" lon="-3.9826654587068564">
        <ele>0</ele>
      </trkpt>
      <trkpt lat="53.16394812130461" lon="-3.9829753957657918">
        <ele>0</ele>
      </trkpt>
      <trkpt lat="53.16411787144766" lon="-3.9836496280755385">
        <ele>0</ele>
      </trkpt>
      <trkpt lat="53.16417699790198" lon="-3.983841312225834">
        <ele>0</ele>
      </trkpt>
      <trkpt lat="53.16431527751289" lon="-3.9842342170513154">
        <ele>0</ele>
      </trkpt>
      <trkpt lat="53.16440778180433" lon="-3.9843829868396048">
        <ele>0</ele>
      </trkpt>
      <trkpt lat="53.16448312035096" lon="-3.9844440205989029">
        <ele>0</ele>
      </trkpt>
      <trkpt lat="53.16456227350755" lon="-3.9845708563799445">
        <ele>0</ele>
      </trkpt>
      <trkpt lat="53.16459755864965" lon="-3.984763494182729">
        <ele>0</ele>
      </trkpt>
      <trkpt lat="53.16465287049401" lon="-3.9849675758153822">
        <ele>0</ele>
      </trkpt>
      <trkpt lat="53.16471199694833" lon="-3.985086782376511">
        <ele>0</ele>
      </trkpt>
      <trkpt lat="53.16489891283618" lon="-3.9853728781232212">
        <ele>0</ele>
      </trkpt>
      <trkpt lat="53.16500476826246" lon="-3.9854300972725629">
        <ele>0</ele>
      </trkpt>
      <trkpt lat="53.16520503528515" lon="-3.9855531184436481">
        <ele>0</ele>
      </trkpt>
      <trkpt lat="53.16530802975397" lon="-3.9855941255006768">
        <ele>0</ele>
      </trkpt>
      <trkpt lat="53.16543295823003" lon="-3.9856999809269591">
        <ele>0</ele>
      </trkpt>
      <trkpt lat="53.16550734312418" lon="-3.9856847224871346">
        <ele>0</ele>
      </trkpt>
      <trkpt lat="53.16570474918941" lon="-3.9858086973107092">
        <ele>0</ele>
      </trkpt>
      <trkpt lat="53.16585065802023" lon="-3.9858735456799632">
        <ele>0</ele>
      </trkpt>
      <trkpt lat="53.16610337592983" lon="-3.9858153728781325">
        <ele>0</ele>
      </trkpt>
      <trkpt lat="53.16617901209997" lon="-3.9857485949981859">
        <ele>0</ele>
      </trkpt>
      <trkpt lat="53.16617901209997" lon="-3.9857485949981859">
        <ele>0</ele>
      </trkpt>
      <trkpt lat="53.16610337592983" lon="-3.9858153728781325">
        <ele>0</ele>
      </trkpt>
      <trkpt lat="53.16585065802023" lon="-3.9858735456799632">
        <ele>0</ele>
      </trkpt>
      <trkpt lat="53.16570474918941" lon="-3.9858086973107092">
        <ele>0</ele>
      </trkpt>
      <trkpt lat="53.16550734312418" lon="-3.9856847224871346">
        <ele>0</ele>
      </trkpt>
      <trkpt lat="53.16543295823003" lon="-3.9856999809269591">
        <ele>0</ele>
      </trkpt>
      <trkpt lat="53.16530802975397" lon="-3.9855941255006768">
        <ele>0</ele>
      </trkpt>
      <trkpt lat="53.16520503528515" lon="-3.9855531184436481">
        <ele>0</ele>
      </trkpt>
      <trkpt lat="53.16500476826246" lon="-3.9854300972725629">
        <ele>0</ele>
      </trkpt>
      <trkpt lat="53.16489891283618" lon="-3.9853728781232212">
        <ele>0</ele>
      </trkpt>
      <trkpt lat="53.16471199694833" lon="-3.985086782376511">
        <ele>0</ele>
      </trkpt>
      <trkpt lat="53.16465287049401" lon="-3.9849675758153822">
        <ele>0</ele>
      </trkpt>
      <trkpt lat="53.16459755864965" lon="-3.984763494182729">
        <ele>0</ele>
      </trkpt>
      <trkpt lat="53.16456227350755" lon="-3.9845708563799445">
        <ele>0</ele>
      </trkpt>
      <trkpt lat="53.16448312035096" lon="-3.9844440205989029">
        <ele>0</ele>
      </trkpt>
      <trkpt lat="53.16440778180433" lon="-3.9843829868396048">
        <ele>0</ele>
      </trkpt>
      <trkpt lat="53.16431527751289" lon="-3.9842342170513154">
        <ele>0</ele>
      </trkpt>
      <trkpt lat="53.16417699790198" lon="-3.983841312225834">
        <ele>0</ele>
      </trkpt>
      <trkpt lat="53.16411787144766" lon="-3.9836496280755385">
        <ele>0</ele>
      </trkpt>
      <trkpt lat="53.16394812130461" lon="-3.9829753957657918">
        <ele>0</ele>
      </trkpt>
      <trkpt lat="53.16382223917606" lon="-3.9826654587068564">
        <ele>0</ele>
      </trkpt>
      <trkpt lat="53.16371161548733" lon="-3.9824871256914069">
        <ele>0</ele>
      </trkpt>
      <trkpt lat="53.16358668701127" lon="-3.9823230974632935">
        <ele>0</ele>
      </trkpt>
      <trkpt lat="53.16343219530805" lon="-3.9821495327102894">
        <ele>0</ele>
      </trkpt>
      <trkpt lat="53.16335018119399" lon="-3.9819788289147526">
        <ele>0</ele>
      </trkpt>
      <trkpt lat="53.16335399580394" lon="-3.9819473583826146">
        <ele>0</ele>
      </trkpt>
      <trkpt lat="53.16333587640666" lon="-3.9819502193400815">
        <ele>0</ele>
      </trkpt>
      <trkpt lat="53.16332157161932" lon="-3.9819092122830533">
        <ele>0</ele>
      </trkpt>
      <trkpt lat="53.16331203509443" lon="-3.9817690253671651">
        <ele>0</ele>
      </trkpt>
      <trkpt lat="53.16327484264735" lon="-3.9816860576006192">
        <ele>0</ele>
      </trkpt>
      <trkpt lat="53.16325290864011" lon="-3.9814133129887561">
        <ele>0</ele>
      </trkpt>
      <trkpt lat="53.16309841693688" lon="-3.9811405683768926">
        <ele>0</ele>
      </trkpt>
      <trkpt lat="53.16309841693688" lon="-3.9811405683768926">
        <ele>0</ele>
      </trkpt>
      <trkpt lat="53.16297634941829" lon="-3.9811157734121778">
        <ele>0</ele>
      </trkpt>
      <trkpt lat="53.16285428189969" lon="-3.9810900247949736">
        <ele>0</ele>
      </trkpt>
      <trkpt lat="53.16280659927524" lon="-3.981095746709908">
        <ele>0</ele>
      </trkpt>
      <trkpt lat="53.16269502193402" lon="-3.9810823955750614">
        <ele>0</ele>
      </trkpt>
      <trkpt lat="53.16258439824529" lon="-3.9810690444402153">
        <ele>0</ele>
      </trkpt>
      <trkpt lat="53.16247854281901" lon="-3.98101468624834">
        <ele>0</ele>
      </trkpt>
      <trkpt lat="53.16239748235744" lon="-3.98101468624834">
        <ele>0</ele>
      </trkpt>
      <trkpt lat="53.16230783902348" lon="-3.980982262063713">
        <ele>0</ele>
      </trkpt>
      <trkpt lat="53.16224966622165" lon="-3.9809927522410926">
        <ele>0</ele>
      </trkpt>
      <trkpt lat="53.16218863246235" lon="-3.9809393477017068">
        <ele>0</ele>
      </trkpt>
      <trkpt lat="53.16213713522794" lon="-3.9809135990845026">
        <ele>0</ele>
      </trkpt>
      <trkpt lat="53.16204081632655" lon="-3.9808926187297438">
        <ele>0</ele>
      </trkpt>
      <trkpt lat="53.16194449742515" lon="-3.9808706847224964">
        <ele>0</ele>
      </trkpt>
      <trkpt lat="53.16185103948123" lon="-3.9808792675948976">
        <ele>0</ele>
      </trkpt>
      <trkpt lat="53.1617575815373" lon="-3.9808868968148099">
        <ele>0</ele>
      </trkpt>
      <trkpt lat="53.16145241274081" lon="-3.9807943925233737">
        <ele>0</ele>
      </trkpt>
      <trkpt lat="53.16138184245663" lon="-3.9807066564943825">
        <ele>0</ele>
      </trkpt>
      <trkpt lat="53.16131222582492" lon="-3.9806179668129027">
        <ele>0</ele>
      </trkpt>
      <trkpt lat="53.16124070188825" lon="-3.9805998474156108">
        <ele>0</ele>
      </trkpt>
      <trkpt lat="53.16116917795157" lon="-3.9805807743658304">
        <ele>0</ele>
      </trkpt>
      <trkpt lat="53.16106332252529" lon="-3.9806933053595359">
        <ele>0</ele>
      </trkpt>
      <trkpt lat="53.16102326912075" lon="-3.9807648292962137">
        <ele>0</ele>
      </trkpt>
      <trkpt lat="53.1609841693687" lon="-3.980835399580402">
        <ele>0</ele>
      </trkpt>
      <trkpt lat="53.16086400915508" lon="-3.9808535189776935">
        <ele>0</ele>
      </trkpt>
      <trkpt lat="53.16076578294871" lon="-3.9808535189776935">
        <ele>0</ele>
      </trkpt>
      <trkpt lat="53.16069998092696" lon="-3.9807791340835492">
        <ele>0</ele>
      </trkpt>
      <trkpt lat="53.16063417890522" lon="-3.9807037955369156">
        <ele>0</ele>
      </trkpt>
      <trkpt lat="53.16058458897579" lon="-3.9806103375929904">
        <ele>0</ele>
      </trkpt>
      <trkpt lat="53.16053595269885" lon="-3.9805159259965759">
        <ele>0</ele>
      </trkpt>
      <trkpt lat="53.16049494564182" lon="-3.9804262826626067">
        <ele>0</ele>
      </trkpt>
      <trkpt lat="53.16045393858479" lon="-3.9803356856761489">
        <ele>0</ele>
      </trkpt>
      <trkpt lat="53.16041769979022" lon="-3.9802288765973772">
        <ele>0</ele>
      </trkpt>
      <trkpt lat="53.16038146099563" lon="-3.9801211138661161">
        <ele>0</ele>
      </trkpt>
      <trkpt lat="53.16033282471869" lon="-3.9800000000000093">
        <ele>0</ele>
      </trkpt>
      <trkpt lat="53.16033282471869" lon="-3.9799999999999986">
        <ele>0</ele>
      </trkpt>
      <trkpt lat="53.16031375166891" lon="-3.9799504100705692">
        <ele>0</ele>
      </trkpt>
      <trkpt lat="53.16023650581729" lon="-3.9798083158497031">
        <ele>0</ele>
      </trkpt>
      <trkpt lat="53.16000000000002" lon="-3.9794487888613377">
        <ele>0</ele>
      </trkpt>
      <trkpt lat="53.16" lon="-3.9794487888613377">
        <ele>0</ele>
      </trkpt>
      <trkpt lat="53.15995327102804" lon="-3.9793782185771494">
        <ele>0</ele>
      </trkpt>
      <trkpt lat="53.15988365439635" lon="-3.9793143238603843">
        <ele>0</ele>
      </trkpt>
      <trkpt lat="53.15981499141714" lon="-3.9792504291436188">
        <ele>0</ele>
      </trkpt>
      <trkpt lat="53.15958039290483" lon="-3.9788584779706264">
        <ele>0</ele>
      </trkpt>
      <trkpt lat="53.159522220103" lon="-3.9787545298493217">
        <ele>0</ele>
      </trkpt>
      <trkpt lat="53.15946404730117" lon="-3.9786496280755284">
        <ele>0</ele>
      </trkpt>
      <trkpt lat="53.15924279992371" lon="-3.9781556360862091">
        <ele>0</ele>
      </trkpt>
      <trkpt lat="53.15920370017167" lon="-3.9781241655540711">
        <ele>0</ele>
      </trkpt>
      <trkpt lat="53.15916650772459" lon="-3.9780383368300578">
        <ele>0</ele>
      </trkpt>
      <trkpt lat="53.15913026893001" lon="-3.9779525081060449">
        <ele>0</ele>
      </trkpt>
      <trkpt lat="53.1590787716956" lon="-3.9778533282471855">
        <ele>0</ele>
      </trkpt>
      <trkpt lat="53.1590272744612" lon="-3.9777531947358371">
        <ele>0</ele>
      </trkpt>
      <trkpt lat="53.15900247949648" lon="-3.9776521075719997">
        <ele>0</ele>
      </trkpt>
      <trkpt lat="53.15897863818425" lon="-3.9775500667556729">
        <ele>0</ele>
      </trkpt>
      <trkpt lat="53.15843887087546" lon="-3.9764934197978246">
        <ele>0</ele>
      </trkpt>
      <trkpt lat="53.15836162502384" lon="-3.9763866107190529">
        <ele>0</ele>
      </trkpt>
      <trkpt lat="53.15828437917224" lon="-3.9762788479877922">
        <ele>0</ele>
      </trkpt>
      <trkpt lat="53.15819855044822" lon="-3.9762092313560928">
        <ele>0</ele>
      </trkpt>
      <trkpt lat="53.1581136753767" lon="-3.9761386610719041">
        <ele>0</ele>
      </trkpt>
      <trkpt lat="53.15806503909976" lon="-3.9760480640854463">
        <ele>0</ele>
      </trkpt>
      <trkpt lat="53.15801735647531" lon="-3.9759565134464991">
        <ele>0</ele>
      </trkpt>
      <trkpt lat="53.15781422849514" lon="-3.9756189204653811">
        <ele>0</ele>
      </trkpt>
      <trkpt lat="53.15778180431052" lon="-3.9755330917413683">
        <ele>0</ele>
      </trkpt>
      <trkpt lat="53.15775033377837" lon="-3.9754463093648664">
        <ele>0</ele>
      </trkpt>
      <trkpt lat="53.15770551211139" lon="-3.9753547587259193">
        <ele>0</ele>
      </trkpt>
      <trkpt lat="53.15767976349419" lon="-3.9752860957467089">
        <ele>0</ele>
      </trkpt>
      <trkpt lat="53.15759870303262" lon="-3.9751945451077617">
        <ele>0</ele>
      </trkpt>
      <trkpt lat="53.15751859622354" lon="-3.9751029944688145">
        <ele>0</ele>
      </trkpt>
      <trkpt lat="53.15735170703796" lon="-3.9748397863818412">
        <ele>0</ele>
      </trkpt>
      <trkpt lat="53.15729448788862" lon="-3.9747282090406246">
        <ele>0</ele>
      </trkpt>
      <trkpt lat="53.15723822239177" lon="-3.9746156780469186">
        <ele>0</ele>
      </trkpt>
      <trkpt lat="53.15700743848942" lon="-3.9742237268739262">
        <ele>0</ele>
      </trkpt>
      <trkpt lat="53.1569044440206" lon="-3.9741054739652859">
        <ele>0</ele>
      </trkpt>
      <trkpt lat="53.15682815182148" lon="-3.9740091550638934">
        <ele>0</ele>
      </trkpt>
      <trkpt lat="53.15675281327485" lon="-3.9739128361625013">
        <ele>0</ele>
      </trkpt>
      <trkpt lat="53.15666889185582" lon="-3.9738212855235542">
        <ele>0</ele>
      </trkpt>
      <trkpt lat="53.15662120923136" lon="-3.9737087545298482">
        <ele>0</ele>
      </trkpt>
      <trkpt lat="53.15655349990464" lon="-3.9736038527560544">
        <ele>0</ele>
      </trkpt>
      <trkpt lat="53.15648579057792" lon="-3.9734989509822611">
        <ele>0</ele>
      </trkpt>
      <trkpt lat="53.15643429334351" lon="-3.9733873736410441">
        <ele>0</ele>
      </trkpt>
      <trkpt lat="53.15642189586115" lon="-3.9733330154491693">
        <ele>0</ele>
      </trkpt>
      <trkpt lat="53.15594220865917" lon="-3.9727703604806397">
        <ele>0</ele>
      </trkpt>
      <trkpt lat="53.15585828724014" lon="-3.9726845317566268">
        <ele>0</ele>
      </trkpt>
      <trkpt lat="53.15577531947359" lon="-3.9725977493801246">
        <ele>0</ele>
      </trkpt>
      <trkpt lat="53.15570761014687" lon="-3.9725653251954975">
        <ele>0</ele>
      </trkpt>
      <trkpt lat="53.15563036429526" lon="-3.9724747282090394">
        <ele>0</ele>
      </trkpt>
      <trkpt lat="53.15551783330155" lon="-3.9724699599465945">
        <ele>0</ele>
      </trkpt>
      <trkpt lat="53.1554091169178" lon="-3.9723822239176032">
        <ele>0</ele>
      </trkpt>
      <trkpt lat="53.15533854663362" lon="-3.9722620637039849">
        <ele>0</ele>
      </trkpt>
      <trkpt lat="53.15521647911502" lon="-3.9722134274270444">
        <ele>0</ele>
      </trkpt>
      <trkpt lat="53.1551487697883" lon="-3.972195308029753">
        <ele>0</ele>
      </trkpt>
      <trkpt lat="53.15508106046158" lon="-3.9721762349799721">
        <ele>0</ele>
      </trkpt>
      <trkpt lat="53.15496471485791" lon="-3.9721905397673076">
        <ele>0</ele>
      </trkpt>
      <trkpt lat="53.15493038336831" lon="-3.9720884989509813">
        <ele>0</ele>
      </trkpt>
      <trkpt lat="53.1548960518787" lon="-3.9719864581346545">
        <ele>0</ele>
      </trkpt>
      <trkpt lat="53.1548960518787" lon="-3.9719864581346545">
        <ele>0</ele>
      </trkpt>
      <trkpt lat="53.15485885943163" lon="-3.9720131604043476">
        <ele>0</ele>
      </trkpt>
      <trkpt lat="53.154783520885" lon="-3.9721218767880972">
        <ele>0</ele>
      </trkpt>
      <trkpt lat="53.15469673850849" lon="-3.9721304596604985">
        <ele>0</ele>
      </trkpt>
      <trkpt lat="53.15461663169941" lon="-3.9721762349799721">
        <ele>0</ele>
      </trkpt>
      <trkpt lat="53.1545832538623" lon="-3.9722057982071322">
        <ele>0</ele>
      </trkpt>
      <trkpt lat="53.15453747854283" lon="-3.9722620637039849">
        <ele>0</ele>
      </trkpt>
      <trkpt lat="53.15450696166317" lon="-3.9723259584207504">
        <ele>0</ele>
      </trkpt>
      <trkpt lat="53.1544611863437" lon="-3.972341216860575">
        <ele>0</ele>
      </trkpt>
      <trkpt lat="53.15439538432196" lon="-3.9723755483501799">
        <ele>0</ele>
      </trkpt>
      <trkpt lat="53.15435533091742" lon="-3.9723688727827566">
        <ele>0</ele>
      </trkpt>
      <trkpt lat="53.15429143620065" lon="-3.9724079725348074">
        <ele>0</ele>
      </trkpt>
      <trkpt lat="53.15388994850277" lon="-3.9732376502002658">
        <ele>0</ele>
      </trkpt>
      <trkpt lat="53.15361720389091" lon="-3.9737278275796291">
        <ele>0</ele>
      </trkpt>
      <trkpt lat="53.1535657066565" lon="-3.9738146099561309">
        <ele>0</ele>
      </trkpt>
      <trkpt lat="53.15351420942209" lon="-3.9739013923326327">
        <ele>0</ele>
      </trkpt>
      <trkpt lat="53.15339691016594" lon="-3.974167461377073">
        <ele>0</ele>
      </trkpt>
      <trkpt lat="53.15327961090979" lon="-3.9744707228685856">
        <ele>0</ele>
      </trkpt>
      <trkpt lat="53.15318043105093" lon="-3.9745861148197585">
        <ele>0</ele>
      </trkpt>
      <trkpt lat="53.15310318519932" lon="-3.9747005531184425">
        <ele>0</ele>
      </trkpt>
      <trkpt lat="53.15302593934771" lon="-3.9748149914171265">
        <ele>0</ele>
      </trkpt>
      <trkpt lat="53.15287144764449" lon="-3.9751010871638361">
        <ele>0</ele>
      </trkpt>
      <trkpt lat="53.1527484264734" lon="-3.9753728781232107">
        <ele>0</ele>
      </trkpt>
      <trkpt lat="53.15252813274843" lon="-3.9756532519549865">
        <ele>0</ele>
      </trkpt>
      <trkpt lat="53.15247758916652" lon="-3.9757304978065982">
        <ele>0</ele>
      </trkpt>
      <trkpt lat="53.1524270455846" lon="-3.9758067900057208">
        <ele>0</ele>
      </trkpt>
      <trkpt lat="53.15238699218006" lon="-3.975848750715238">
        <ele>0</ele>
      </trkpt>
      <trkpt lat="53.15232691207325" lon="-3.975895479687201">
        <ele>0</ele>
      </trkpt>
      <trkpt lat="53.15224108334923" lon="-3.9759126454320035">
        <ele>0</ele>
      </trkpt>
      <trkpt lat="53.15215525462522" lon="-3.975929811176806">
        <ele>0</ele>
      </trkpt>
      <trkpt lat="53.15210185008583" lon="-3.9759803547587249">
        <ele>0</ele>
      </trkpt>
      <trkpt lat="53.15204939919894" lon="-3.9761005149723427">
        <ele>0</ele>
      </trkpt>
      <trkpt lat="53.15200648483693" lon="-3.9761758535189764">
        <ele>0</ele>
      </trkpt>
      <trkpt lat="53.15196357047493" lon="-3.9762502384131211">
        <ele>0</ele>
      </trkpt>
      <trkpt lat="53.1516526797635" lon="-3.9764819759679559">
        <ele>0</ele>
      </trkpt>
      <trkpt lat="53.15156208277704" lon="-3.9765210757200067">
        <ele>0</ele>
      </trkpt>
      <trkpt lat="53.15126549685295" lon="-3.9766307457562453">
        <ele>0</ele>
      </trkpt>
      <trkpt lat="53.1509917985886" lon="-3.9768233835590299">
        <ele>0</ele>
      </trkpt>
      <trkpt lat="53.15092790387183" lon="-3.9768596223536132">
        <ele>0</ele>
      </trkpt>
      <trkpt lat="53.15087068472249" lon="-3.9768786954033937">
        <ele>0</ele>
      </trkpt>
      <trkpt lat="53.15080869731071" lon="-3.9769340072477579">
        <ele>0</ele>
      </trkpt>
      <trkpt lat="53.15075338546634" lon="-3.9769568949074947">
        <ele>0</ele>
      </trkpt>
      <trkpt lat="53.15063990082015" lon="-3.9770341407591063">
        <ele>0</ele>
      </trkpt>
      <trkpt lat="53.15056265496853" lon="-3.9771352279229437">
        <ele>0</ele>
      </trkpt>
      <trkpt lat="53.15048636276941" lon="-3.9772353614342921">
        <ele>0</ele>
      </trkpt>
      <trkpt lat="53.15041293152775" lon="-3.9772906732786559">
        <ele>0</ele>
      </trkpt>
      <trkpt lat="53.15034045393859" lon="-3.9773459851230202">
        <ele>0</ele>
      </trkpt>
      <trkpt lat="53.15009822620637" lon="-3.9776006103375918">
        <ele>0</ele>
      </trkpt>
      <trkpt lat="53.14998569521267" lon="-3.9776873927140937">
        <ele>0</ele>
      </trkpt>
      <trkpt lat="53.14992370780088" lon="-3.9777503337783702">
        <ele>0</ele>
      </trkpt>
      <trkpt lat="53.14986267404159" lon="-3.9778132748426462">
        <ele>0</ele>
      </trkpt>
      <trkpt lat="53.1498006866298" lon="-3.9779019645241265">
        <ele>0</ele>
      </trkpt>
      <trkpt lat="53.14975777226779" lon="-3.9780211710852553">
        <ele>0</ele>
      </trkpt>
      <trkpt lat="53.14972630173565" lon="-3.9781308411214944">
        <ele>0</ele>
      </trkpt>
      <trkpt lat="53.14970055311845" lon="-3.9781918748807925">
        <ele>0</ele>
      </trkpt>
      <trkpt lat="53.14965287049399" lon="-3.9782214381079521">
        <ele>0</ele>
      </trkpt>
      <trkpt lat="53.14961472439444" lon="-3.9783244325767679">
        <ele>0</ele>
      </trkpt>
      <trkpt lat="53.14960137325959" lon="-3.9786038527560548">
        <ele>0</ele>
      </trkpt>
      <trkpt lat="53.14958802212475" lon="-3.9787163837497603">
        <ele>0</ele>
      </trkpt>
      <trkpt lat="53.14951840549304" lon="-3.9790148769788276">
        <ele>0</ele>
      </trkpt>
      <trkpt lat="53.14948025939348" lon="-3.9799847415601741">
        <ele>0</ele>
      </trkpt>
      <trkpt lat="53.14947549113104" lon="-3.9799999999999986">
        <ele>0</ele>
      </trkpt>
      <trkpt lat="53.14947549113104" lon="-3.9800000000000093">
        <ele>0</ele>
      </trkpt>
      <trkpt lat="53.14933530421515" lon="-3.9804672897196354">
        <ele>0</ele>
      </trkpt>
      <trkpt lat="53.14923993896625" lon="-3.9807457562464328">
        <ele>0</ele>
      </trkpt>
      <trkpt lat="53.14916936868206" lon="-3.9808792675948976">
        <ele>0</ele>
      </trkpt>
      <trkpt lat="53.14906255960329" lon="-3.9811806217814318">
        <ele>0</ele>
      </trkpt>
      <trkpt lat="53.14900247949647" lon="-3.9814600419607187">
        <ele>0</ele>
      </trkpt>
      <trkpt lat="53.14900438680146" lon="-3.9815582681670891">
        <ele>0</ele>
      </trkpt>
      <trkpt lat="53.1489662407019" lon="-3.9817003623879548">
        <ele>0</ele>
      </trkpt>
      <trkpt lat="53.14892523364487" lon="-3.9819235170703888">
        <ele>0</ele>
      </trkpt>
      <trkpt lat="53.14890902155256" lon="-3.982082777036057">
        <ele>0</ele>
      </trkpt>
      <trkpt lat="53.14878027846653" lon="-3.9825681861529749">
        <ele>0</ele>
      </trkpt>
      <trkpt lat="53.14877646385658" lon="-3.982776082395584">
        <ele>0</ele>
      </trkpt>
      <trkpt lat="53.14875739080679" lon="-3.9829773030707702">
        <ele>0</ele>
      </trkpt>
      <trkpt lat="53.1487488079344" lon="-3.9830087736029083">
        <ele>0</ele>
      </trkpt>
      <trkpt lat="53.14872782757963" lon="-3.9830421514400243">
        <ele>0</ele>
      </trkpt>
      <trkpt lat="53.14870017165745" lon="-3.9830640854472721">
        <ele>0</ele>
      </trkpt>
      <trkpt lat="53.14867346938776" lon="-3.9830726683196733">
        <ele>0</ele>
      </trkpt>
      <trkpt lat="53.148652489033" lon="-3.9831117680717236">
        <ele>0</ele>
      </trkpt>
      <trkpt lat="53.14860003814611" lon="-3.983258630555035">
        <ele>0</ele>
      </trkpt>
      <trkpt lat="53.14854091169178" lon="-3.9834617585351988">
        <ele>0</ele>
      </trkpt>
      <trkpt lat="53.14847892428" lon="-3.983842265878323">
        <ele>0</ele>
      </trkpt>
      <trkpt lat="53.14827961090979" lon="-3.9846442876215997">
        <ele>0</ele>
      </trkpt>
      <trkpt lat="53.14815182147626" lon="-3.9854033950028702">
        <ele>0</ele>
      </trkpt>
      <trkpt lat="53.1480965096319" lon="-3.9857657829487025">
        <ele>0</ele>
      </trkpt>
      <trkpt lat="53.14810890711426" lon="-3.9859927522410925">
        <ele>0</ele>
      </trkpt>
      <trkpt lat="53.14809078771696" lon="-3.9861119588022214">
        <ele>0</ele>
      </trkpt>
      <trkpt lat="53.14805645622736" lon="-3.9862588212855328">
        <ele>0</ele>
      </trkpt>
      <trkpt lat="53.14800305168797" lon="-3.9863923326339972">
        <ele>0</ele>
      </trkpt>
      <trkpt lat="53.14791626931147" lon="-3.9866526797635031">
        <ele>0</ele>
      </trkpt>
      <trkpt lat="53.14785714285715" lon="-3.9869940873545771">
        <ele>0</ele>
      </trkpt>
      <trkpt lat="53.14782376502004" lon="-3.9871295060080199">
        <ele>0</ele>
      </trkpt>
      <trkpt lat="53.14781327484265" lon="-3.9873087926759578">
        <ele>0</ele>
      </trkpt>
      <trkpt lat="53.14781327484265" lon="-3.9875357619683478">
        <ele>0</ele>
      </trkpt>
      <trkpt lat="53.14777798970056" lon="-3.9878237650200359">
        <ele>0</ele>
      </trkpt>
      <trkpt lat="53.14773793629602" lon="-3.988111768071724">
        <ele>0</ele>
      </trkpt>
      <trkpt lat="53.1476358954797" lon="-3.9885142094220956">
        <ele>0</ele>
      </trkpt>
      <trkpt lat="53.14760537860004" lon="-3.9888432195308119">
        <ele>0</ele>
      </trkpt>
      <trkpt lat="53.14759488842267" lon="-3.9891445737173465">
        <ele>0</ele>
      </trkpt>
      <trkpt lat="53.14759488842267" lon="-3.9893419797825764">
        <ele>0</ele>
      </trkpt>
      <trkpt lat="53.14757200076293" lon="-3.9898092695022025">
        <ele>0</ele>
      </trkpt>
      <trkpt lat="53.14760633225254" lon="-3.9901440015258531">
        <ele>0</ele>
      </trkpt>
      <trkpt lat="53.14761968338738" lon="-3.990522601563999">
        <ele>0</ele>
      </trkpt>
      <trkpt lat="53.14761968338738" lon="-3.9915000953652582">
        <ele>0</ele>
      </trkpt>
      <trkpt lat="53.14760728590502" lon="-3.9922086591646093">
        <ele>0</ele>
      </trkpt>
      <trkpt lat="53.14761491512493" lon="-3.9925615105855519">
        <ele>0</ele>
      </trkpt>
      <trkpt lat="53.14766927331681" lon="-3.9928981499141805">
        <ele>0</ele>
      </trkpt>
      <trkpt lat="53.14770932672135" lon="-3.993092695021943">
        <ele>0</ele>
      </trkpt>
      <trkpt lat="53.14775319473584" lon="-3.9932462330726772">
        <ele>0</ele>
      </trkpt>
      <trkpt lat="53.14783616250239" lon="-3.9937592981117773">
        <ele>0</ele>
      </trkpt>
      <trkpt lat="53.14786667938204" lon="-3.9939052069425993">
        <ele>0</ele>
      </trkpt>
      <trkpt lat="53.14787335494946" lon="-3.9940034331489698">
        <ele>0</ele>
      </trkpt>
      <trkpt lat="53.14786763303453" lon="-3.9941674613770832">
        <ele>0</ele>
      </trkpt>
      <trkpt lat="53.14787430860195" lon="-3.9942132366965568">
        <ele>0</ele>
      </trkpt>
      <trkpt lat="53.14789338165173" lon="-3.9942637802784757">
        <ele>0</ele>
      </trkpt>
      <trkpt lat="53.1479305740988" lon="-3.9944125500667647">
        <ele>0</ele>
      </trkpt>
      <trkpt lat="53.14794773984361" lon="-3.9945365248903393">
        <ele>0</ele>
      </trkpt>
      <trkpt lat="53.14794773984361" lon="-3.9947110432958319">
        <ele>0</ele>
      </trkpt>
      <trkpt lat="53.1479391569712" lon="-3.9947901964524219">
        <ele>0</ele>
      </trkpt>
      <trkpt lat="53.14794201792867" lon="-3.9948579057791433">
        <ele>0</ele>
      </trkpt>
      <trkpt lat="53.14803166126264" lon="-3.9953375929811266">
        <ele>0</ele>
      </trkpt>
      <trkpt lat="53.14807552927714" lon="-3.995662788479887">
        <ele>0</ele>
      </trkpt>
      <trkpt lat="53.14807934388709" lon="-3.9957600610337685">
        <ele>0</ele>
      </trkpt>
      <trkpt lat="53.14807934388709" lon="-3.9958697310700071">
        <ele>0</ele>
      </trkpt>
      <trkpt lat="53.14806980736221" lon="-3.9959965668510486">
        <ele>0</ele>
      </trkpt>
      <trkpt lat="53.14803356856762" lon="-3.9961367537669363">
        <ele>0</ele>
      </trkpt>
      <trkpt lat="53.148001144383" lon="-3.9962082777036141">
        <ele>0</ele>
      </trkpt>
      <trkpt lat="53.14799446881557" lon="-3.9962778943353134">
        <ele>0</ele>
      </trkpt>
      <trkpt lat="53.14802212473775" lon="-3.9965334732023741">
        <ele>0</ele>
      </trkpt>
      <trkpt lat="53.14802212473775" lon="-3.9966412359336347">
        <ele>0</ele>
      </trkpt>
      <trkpt lat="53.14796395193592" lon="-3.9970818233835681">
        <ele>0</ele>
      </trkpt>
      <trkpt lat="53.14796013732597" lon="-3.9971495327102895">
        <ele>0</ele>
      </trkpt>
      <trkpt lat="53.1479658592409" lon="-3.9973841312225917">
        <ele>0</ele>
      </trkpt>
      <trkpt lat="53.14798874690064" lon="-3.9974880793438961">
        <ele>0</ele>
      </trkpt>
      <trkpt lat="53.14799256151059" lon="-3.9976225443448499">
        <ele>0</ele>
      </trkpt>
      <trkpt lat="53.14797825672326" lon="-3.9977217242037093">
        <ele>0</ele>
      </trkpt>
      <trkpt lat="53.14799923707801" lon="-3.9979448788861429">
        <ele>0</ele>
      </trkpt>
      <trkpt lat="53.14798588594317" lon="-3.9981069998092784">
        <ele>0</ele>
      </trkpt>
      <trkpt lat="53.14800305168797" lon="-3.9983339691016684">
        <ele>0</ele>
      </trkpt>
      <trkpt lat="53.14800209803548" lon="-3.9985485409117008">
        <ele>0</ele>
      </trkpt>
      <trkpt lat="53.14796204463094" lon="-3.9987850467289809">
        <ele>0</ele>
      </trkpt>
      <trkpt lat="53.14780373831776" lon="-3.9993791722296486">
        <ele>0</ele>
      </trkpt>
      <trkpt lat="53.14775224108335" lon="-3.9997015067709416">
        <ele>0</ele>
      </trkpt>
      <trkpt lat="53.14773602899104" lon="-3.9999237078008862">
        <ele>0</ele>
      </trkpt>
      <trkpt lat="53.14772363150868" lon="-4.0000000000000089">
        <ele>0</ele>
      </trkpt>
      <trkpt lat="53.14772363150868" lon="-3.9999999999999911">
        <ele>0</ele>
      </trkpt>
      <trkpt lat="53.14769979019646" lon="-4.0002784665267885">
        <ele>0</ele>
      </trkpt>
      <trkpt lat="53.14768643906161" lon="-4.0003728781232031">
        <ele>0</ele>
      </trkpt>
      <trkpt lat="53.14770646576388" lon="-4.0004615678046829">
        <ele>0</ele>
      </trkpt>
      <trkpt lat="53.14771600228877" lon="-4.0005464428762068">
        <ele>0</ele>
      </trkpt>
      <trkpt lat="53.1477131413313" lon="-4.0005903108907024">
        <ele>0</ele>
      </trkpt>
      <trkpt lat="53.14766450505437" lon="-4.0006885370970728">
        <ele>0</ele>
      </trkpt>
      <trkpt lat="53.14765496852947" lon="-4.0007400343314803">
        <ele>0</ele>
      </trkpt>
      <trkpt lat="53.14766545870685" lon="-4.0008430288002961">
        <ele>0</ele>
      </trkpt>
      <trkpt lat="53.14765878313943" lon="-4.0009126454319954">
        <ele>0</ele>
      </trkpt>
      <trkpt lat="53.14764543200458" lon="-4.0009507915315572">
        <ele>0</ele>
      </trkpt>
      <trkpt lat="53.14761491512493" lon="-4.0009946595460519">
        <ele>0</ele>
      </trkpt>
      <trkpt lat="53.14758058363533" lon="-4.0010013351134752">
        <ele>0</ele>
      </trkpt>
      <trkpt lat="53.14750047682625" lon="-4.000990844936096">
        <ele>0</ele>
      </trkpt>
      <trkpt lat="53.14744516498189" lon="-4.0009565134464911">
        <ele>0</ele>
      </trkpt>
      <trkpt lat="53.14742227732215" lon="-4.0009641426664029">
        <ele>0</ele>
      </trkpt>
      <trkpt lat="53.14738603852756" lon="-4.0010080106808985">
        <ele>0</ele>
      </trkpt>
      <trkpt lat="53.14735933625787" lon="-4.0010728590501534">
        <ele>0</ele>
      </trkpt>
      <trkpt lat="53.14733358764067" lon="-4.001136753766918">
        <ele>0</ele>
      </trkpt>
      <trkpt lat="53.14731069998093" lon="-4.0012168605759966">
        <ele>0</ele>
      </trkpt>
      <trkpt lat="53.14728399771124" lon="-4.0012607285904922">
        <ele>0</ele>
      </trkpt>
      <trkpt lat="53.14725634178906" lon="-4.0012874308601853">
        <ele>0</ele>
      </trkpt>
      <trkpt lat="53.14719053976732" lon="-4.0013103185199226">
        <ele>0</ele>
      </trkpt>
      <trkpt lat="53.1471657448026" lon="-4.0013274842647251">
        <ele>0</ele>
      </trkpt>
      <trkpt lat="53.14714285714286" lon="-4.0013665840167754">
        <ele>0</ele>
      </trkpt>
      <trkpt lat="53.14710757200077" lon="-4.0014438298683865">
        <ele>0</ele>
      </trkpt>
      <trkpt lat="53.14709422086592" lon="-4.0015029563227067">
        <ele>0</ele>
      </trkpt>
      <trkpt lat="53.14706179668129" lon="-4.0015859240892526">
        <ele>0</ele>
      </trkpt>
      <trkpt lat="53.14705416746138" lon="-4.001623116536325">
        <ele>0</ele>
      </trkpt>
      <trkpt lat="53.14704749189396" lon="-4.0017194354377175">
        <ele>0</ele>
      </trkpt>
      <trkpt lat="53.1470350944116" lon="-4.0017909593743948">
        <ele>0</ele>
      </trkpt>
      <trkpt lat="53.14703318710662" lon="-4.0018767880984081">
        <ele>0</ele>
      </trkpt>
      <trkpt lat="53.14703223345413" lon="-4.0019626168224205">
        <ele>0</ele>
      </trkpt>
      <trkpt lat="53.14700457753195" lon="-4.0020637039862583">
        <ele>0</ele>
      </trkpt>
      <trkpt lat="53.14700553118444" lon="-4.0021333206179577">
        <ele>0</ele>
      </trkpt>
      <trkpt lat="53.14699504100706" lon="-4.0021638374976067">
        <ele>0</ele>
      </trkpt>
      <trkpt lat="53.14696166316995" lon="-4.0022115201220583">
        <ele>0</ele>
      </trkpt>
      <trkpt lat="53.14695117299257" lon="-4.0022677856189111">
        <ele>0</ele>
      </trkpt>
      <trkpt lat="53.14692828533283" lon="-4.0023288193782092">
        <ele>0</ele>
      </trkpt>
      <trkpt lat="53.14689300019074" lon="-4.0024032042723539">
        <ele>0</ele>
      </trkpt>
      <trkpt lat="53.14685771504864" lon="-4.00247663551401">
        <ele>0</ele>
      </trkpt>
      <trkpt lat="53.14684054930384" lon="-4.0025586496280665">
        <ele>0</ele>
      </trkpt>
      <trkpt lat="53.14682338355904" lon="-4.002640663742123">
        <ele>0</ele>
      </trkpt>
      <trkpt lat="53.14679668128935" lon="-4.0026950219339978">
        <ele>0</ele>
      </trkpt>
      <trkpt lat="53.14675567423232" lon="-4.0027427045584494">
        <ele>0</ele>
      </trkpt>
      <trkpt lat="53.14672038909022" lon="-4.0027608239557413">
        <ele>0</ele>
      </trkpt>
      <trkpt lat="53.14668605760062" lon="-4.002766545870676">
        <ele>0</ele>
      </trkpt>
      <trkpt lat="53.14664123593363" lon="-4.0027894335304124">
        <ele>0</ele>
      </trkpt>
      <trkpt lat="53.14661262635896" lon="-4.0028142284951276">
        <ele>0</ele>
      </trkpt>
      <trkpt lat="53.14659259965669" lon="-4.0028456990272652">
        <ele>0</ele>
      </trkpt>
      <trkpt lat="53.14656971199695" lon="-4.0029525081060369">
        <ele>0</ele>
      </trkpt>
      <trkpt lat="53.14654300972726" lon="-4.0030087736028896">
        <ele>0</ele>
      </trkpt>
      <trkpt lat="53.14649341979783" lon="-4.0030717146671666">
        <ele>0</ele>
      </trkpt>
      <trkpt lat="53.14644478352089" lon="-4.0031337020789532">
        <ele>0</ele>
      </trkpt>
      <trkpt lat="53.14641045203128" lon="-4.0031584970436684">
        <ele>0</ele>
      </trkpt>
      <trkpt lat="53.14633225252719" lon="-4.0031804310509163">
        <ele>0</ele>
      </trkpt>
      <trkpt lat="53.14623402632081" lon="-4.0032757962998193">
        <ele>0</ele>
      </trkpt>
      <trkpt lat="53.14616917795156" lon="-4.0033768834636572">
        <ele>0</ele>
      </trkpt>
      <trkpt lat="53.14612054167462" lon="-4.003497997329764">
        <ele>0</ele>
      </trkpt>
      <trkpt lat="53.14610242227733" lon="-4.0035208849895003">
        <ele>0</ele>
      </trkpt>
      <trkpt lat="53.14609097844746" lon="-4.0035485409116829">
        <ele>0</ele>
      </trkpt>
      <trkpt lat="53.14607285905016" lon="-4.0036152965859149">
        <ele>0</ele>
      </trkpt>
      <trkpt lat="53.14605473965288" lon="-4.0036810986076583">
        <ele>0</ele>
      </trkpt>
      <trkpt lat="53.14599847415602" lon="-4.0037774175090508">
        <ele>0</ele>
      </trkpt>
      <trkpt lat="53.14597654014877" lon="-4.0038651535380421">
        <ele>0</ele>
      </trkpt>
      <trkpt lat="53.14595555979402" lon="-4.0039519359145439">
        <ele>0</ele>
      </trkpt>
      <trkpt lat="53.14593267213428" lon="-4.004012969673842">
        <ele>0</ele>
      </trkpt>
      <trkpt lat="53.14590692351707" lon="-4.0040606522982936">
        <ele>0</ele>
      </trkpt>
      <trkpt lat="53.14580774365822" lon="-4.0041512492847513">
        <ele>0</ele>
      </trkpt>
      <trkpt lat="53.14576006103376" lon="-4.004270455845881">
        <ele>0</ele>
      </trkpt>
      <trkpt lat="53.14571810032425" lon="-4.004339118825091">
        <ele>0</ele>
      </trkpt>
      <trkpt lat="53.14567613961473" lon="-4.0044068281518124">
        <ele>0</ele>
      </trkpt>
      <trkpt lat="53.14564466908259" lon="-4.0044983787907595">
        <ele>0</ele>
      </trkpt>
      <trkpt lat="53.14562464238032" lon="-4.0046061415220207">
        <ele>0</ele>
      </trkpt>
      <trkpt lat="53.14560556933054" lon="-4.0047129506007924">
        <ele>0</ele>
      </trkpt>
      <trkpt lat="53.14557409879841" lon="-4.0048121304596513">
        <ele>0</ele>
      </trkpt>
      <trkpt lat="53.14552164791151" lon="-4.0049074957085544">
        <ele>0</ele>
      </trkpt>
      <trkpt lat="53.14548540911692" lon="-4.0049914171275898">
        <ele>0</ele>
      </trkpt>
      <trkpt lat="53.1454701506771" lon="-4.0050619874117777">
        <ele>0</ele>
      </trkpt>
      <trkpt lat="53.14545489223728" lon="-4.0051325576959664">
        <ele>0</ele>
      </trkpt>
      <trkpt lat="53.14543581918749" lon="-4.00517833301544">
        <ele>0</ele>
      </trkpt>
      <trkpt lat="53.1454005340454" lon="-4.0052279229448695">
        <ele>0</ele>
      </trkpt>
      <trkpt lat="53.14538241464811" lon="-4.0052374594697602">
        <ele>0</ele>
      </trkpt>
      <trkpt lat="53.14534903681099" lon="-4.005243181384694">
        <ele>0</ele>
      </trkpt>
      <trkpt lat="53.14532805645624" lon="-4.00525748617203">
        <ele>0</ele>
      </trkpt>
      <trkpt lat="53.14527751287432" lon="-4.0053442685485319">
        <ele>0</ele>
      </trkpt>
      <trkpt lat="53.14525557886707" lon="-4.0053414075910645">
        <ele>0</ele>
      </trkpt>
      <trkpt lat="53.14523650581729" lon="-4.00532614915124">
        <ele>0</ele>
      </trkpt>
      <trkpt lat="53.14521838641999" lon="-4.0053232881937735">
        <ele>0</ele>
      </trkpt>
      <trkpt lat="53.14519931337021" lon="-4.0053461758535098">
        <ele>0</ele>
      </trkpt>
      <trkpt lat="53.1451478161358" lon="-4.0054644287621501">
        <ele>0</ele>
      </trkpt>
      <trkpt lat="53.14510967003624" lon="-4.0054930383368212">
        <ele>0</ele>
      </trkpt>
      <trkpt lat="53.14507152393669" lon="-4.005549303833674">
        <ele>0</ele>
      </trkpt>
      <trkpt lat="53.14502860957467" lon="-4.0056694640472923">
        <ele>0</ele>
      </trkpt>
      <trkpt lat="53.1450095365249" lon="-4.0056942590120066">
        <ele>0</ele>
      </trkpt>
      <trkpt lat="53.14496852946787" lon="-4.0057247758916557">
        <ele>0</ele>
      </trkpt>
      <trkpt lat="53.1449485027656" lon="-4.0057610146862395">
        <ele>0</ele>
      </trkpt>
      <trkpt lat="53.14491798588595" lon="-4.0058630555025658">
        <ele>0</ele>
      </trkpt>
      <trkpt lat="53.14491607858097" lon="-4.0059279038718199">
        <ele>0</ele>
      </trkpt>
      <trkpt lat="53.14491512492848" lon="-4.0059927522410739">
        <ele>0</ele>
      </trkpt>
      <trkpt lat="53.14489795918368" lon="-4.0060576006103288">
        <ele>0</ele>
      </trkpt>
      <trkpt lat="53.14488556170132" lon="-4.0060957467098897">
        <ele>0</ele>
      </trkpt>
      <trkpt lat="53.14481308411216" lon="-4.0062149532710185">
        <ele>0</ele>
      </trkpt>
      <trkpt lat="53.14479496471486" lon="-4.0062654968529374">
        <ele>0</ele>
      </trkpt>
      <trkpt lat="53.14477684531757" lon="-4.0063618157543299">
        <ele>0</ele>
      </trkpt>
      <trkpt lat="53.1447749380126" lon="-4.0064829296204376">
        <ele>0</ele>
      </trkpt>
      <trkpt lat="53.14475205035286" lon="-4.0065439633797357">
        <ele>0</ele>
      </trkpt>
      <trkpt lat="53.14470341407591" lon="-4.0066250238413028">
        <ele>0</ele>
      </trkpt>
      <trkpt lat="53.14466908258631" lon="-4.0066688918557984">
        <ele>0</ele>
      </trkpt>
      <trkpt lat="53.1446004196071" lon="-4.0067213427426953">
        <ele>0</ele>
      </trkpt>
      <trkpt lat="53.14455941255007" lon="-4.0067671180621689">
        <ele>0</ele>
      </trkpt>
      <trkpt lat="53.14454033950029" lon="-4.0068033568567527">
        <ele>0</ele>
      </trkpt>
      <trkpt lat="53.14454033950029" lon="-4.0068710661834732">
        <ele>0</ele>
      </trkpt>
      <trkpt lat="53.14455941255007" lon="-4.0069120732405024">
        <ele>0</ele>
      </trkpt>
      <trkpt lat="53.1445575052451" lon="-4.0069683387373551">
        <ele>0</ele>
      </trkpt>
      <trkpt lat="53.1445479687202" lon="-4.0069912263970915">
        <ele>0</ele>
      </trkpt>
      <trkpt lat="53.14453175662789" lon="-4.0070093457943834">
        <ele>0</ele>
      </trkpt>
      <trkpt lat="53.14448979591837" lon="-4.0070398626740324">
        <ele>0</ele>
      </trkpt>
      <trkpt lat="53.14446786191112" lon="-4.0070675185962141">
        <ele>0</ele>
      </trkpt>
      <trkpt lat="53.14444306694641" lon="-4.0071209231356004">
        <ele>0</ele>
      </trkpt>
      <trkpt lat="53.14441922563419" lon="-4.0072000762921904">
        <ele>0</ele>
      </trkpt>
      <trkpt lat="53.14439538432196" lon="-4.007278275796291">
        <ele>0</ele>
      </trkpt>
      <trkpt lat="53.14437821857716" lon="-4.0073135609383845">
        <ele>0</ele>
      </trkpt>
      <trkpt lat="53.14435342361244" lon="-4.0073383559030997">
        <ele>0</ele>
      </trkpt>
      <trkpt lat="53.14430574098799" lon="-4.0073555216479022">
        <ele>0</ele>
      </trkpt>
      <trkpt lat="53.14424947549114" lon="-4.0074337211520028">
        <ele>0</ele>
      </trkpt>
      <trkpt lat="53.14413122258249" lon="-4.0075510204081546">
        <ele>0</ele>
      </trkpt>
      <trkpt lat="53.14410833492276" lon="-4.0075872592027375">
        <ele>0</ele>
      </trkpt>
      <trkpt lat="53.14406828151822" lon="-4.0077064657638664">
        <ele>0</ele>
      </trkpt>
      <trkpt lat="53.14402822811368" lon="-4.0078247186725067">
        <ele>0</ele>
      </trkpt>
      <trkpt lat="53.14396242609194" lon="-4.0079305740987889">
        <ele>0</ele>
      </trkpt>
      <trkpt lat="53.14394716765212" lon="-4.0079458325386135">
        <ele>0</ele>
      </trkpt>
      <trkpt lat="53.14392809460233" lon="-4.0079372496662122">
        <ele>0</ele>
      </trkpt>
      <trkpt lat="53.14391283616251" lon="-4.0079124547014979">
        <ele>0</ele>
      </trkpt>
      <trkpt lat="53.14388231928286" lon="-4.0079076864390526">
        <ele>0</ele>
      </trkpt>
      <trkpt lat="53.14386896814801" lon="-4.0079172229639433">
        <ele>0</ele>
      </trkpt>
      <trkpt lat="53.14381365630365" lon="-4.0080020980354671">
        <ele>0</ele>
      </trkpt>
      <trkpt lat="53.14377932481404" lon="-4.0080154491703128">
        <ele>0</ele>
      </trkpt>
      <trkpt lat="53.1437573908068" lon="-4.0080316612626268">
        <ele>0</ele>
      </trkpt>
      <trkpt lat="53.1437135227923" lon="-4.0080802975395677">
        <ele>0</ele>
      </trkpt>
      <trkpt lat="53.14367537669274" lon="-4.0081899675758059">
        <ele>0</ele>
      </trkpt>
      <trkpt lat="53.14365630364296" lon="-4.0082099942780758">
        <ele>0</ele>
      </trkpt>
      <trkpt lat="53.14357238222392" lon="-4.0082576769025273">
        <ele>0</ele>
      </trkpt>
      <trkpt lat="53.14352469959947" lon="-4.0083768834636571">
        <ele>0</ele>
      </trkpt>
      <trkpt lat="53.14347797062751" lon="-4.0084960900247859">
        <ele>0</ele>
      </trkpt>
      <trkpt lat="53.14340358573337" lon="-4.0086162502384042">
        <ele>0</ele>
      </trkpt>
      <trkpt lat="53.14335113484647" lon="-4.0086944497425048">
        <ele>0</ele>
      </trkpt>
      <trkpt lat="53.14329963761206" lon="-4.0087716955941168">
        <ele>0</ele>
      </trkpt>
      <trkpt lat="53.14320427236316" lon="-4.0088909021552457">
        <ele>0</ele>
      </trkpt>
      <trkpt lat="53.14310890711425" lon="-4.0090101087163745">
        <ele>0</ele>
      </trkpt>
      <trkpt lat="53.14304024413504" lon="-4.0091016593553217">
        <ele>0</ele>
      </trkpt>
      <trkpt lat="53.14297253480832" lon="-4.0091922563417803">
        <ele>0</ele>
      </trkpt>
      <trkpt lat="53.142913408354" lon="-4.0093019263780185">
        <ele>0</ele>
      </trkpt>
      <trkpt lat="53.14284760633226" lon="-4.009398245279411">
        <ele>0</ele>
      </trkpt>
      <trkpt lat="53.142782757963" lon="-4.0094526034712858">
        <ele>0</ele>
      </trkpt>
      <trkpt lat="53.14275987030327" lon="-4.0094897959183582">
        <ele>0</ele>
      </trkpt>
      <trkpt lat="53.14272363150869" lon="-4.0096051878695311">
        <ele>0</ele>
      </trkpt>
      <trkpt lat="53.14267404157926" lon="-4.0097148579057702">
        <ele>0</ele>
      </trkpt>
      <trkpt lat="53.14264257104712" lon="-4.0097644478351997">
        <ele>0</ele>
      </trkpt>
      <trkpt lat="53.14258058363533" lon="-4.0098273888994758">
        <ele>0</ele>
      </trkpt>
      <trkpt lat="53.14251954987603" lon="-4.0098903299637518">
        <ele>0</ele>
      </trkpt>
      <trkpt lat="53.14247758916651" lon="-4.0099856952126558">
        <ele>0</ele>
      </trkpt>
      <trkpt lat="53.14243562845699" lon="-4.0100810604615589">
        <ele>0</ele>
      </trkpt>
      <trkpt lat="53.14237173374023" lon="-4.0101888231928191">
        <ele>0</ele>
      </trkpt>
      <trkpt lat="53.14230783902347" lon="-4.0102965859240802">
        <ele>0</ele>
      </trkpt>
      <trkpt lat="53.14221247377456" lon="-4.0103976730879181">
        <ele>0</ele>
      </trkpt>
      <trkpt lat="53.14179763494183" lon="-4.0107390806789915">
        <ele>0</ele>
      </trkpt>
      <trkpt lat="53.14139900820142" lon="-4.0111882510013261">
        <ele>0</ele>
      </trkpt>
      <trkpt lat="53.14093553309175" lon="-4.0117880984169281">
        <ele>0</ele>
      </trkpt>
      <trkpt lat="53.14083349227542" lon="-4.0118996757581442">
        <ele>0</ele>
      </trkpt>
      <trkpt lat="53.14077150486364" lon="-4.011935914552728">
        <ele>0</ele>
      </trkpt>
      <trkpt lat="53.14070951745185" lon="-4.0119721533473109">
        <ele>0</ele>
      </trkpt>
      <trkpt lat="53.14065420560748" lon="-4.0119912263970914">
        <ele>0</ele>
      </trkpt>
      <trkpt lat="53.14061415220294" lon="-4.0119912263970914">
        <ele>0</ele>
      </trkpt>
      <trkpt lat="53.14057505245089" lon="-4.01200267022696">
        <ele>0</ele>
      </trkpt>
      <trkpt lat="53.14050734312417" lon="-4.0120608430287916">
        <ele>0</ele>
      </trkpt>
      <trkpt lat="53.14043963379745" lon="-4.0121180621781329">
        <ele>0</ele>
      </trkpt>
      <trkpt lat="53.14036334159833" lon="-4.0121657448025845">
        <ele>0</ele>
      </trkpt>
      <trkpt lat="53.14028800305169" lon="-4.0122124737745475">
        <ele>0</ele>
      </trkpt>
      <trkpt lat="53.14019835971772" lon="-4.0122563417890431">
        <ele>0</ele>
      </trkpt>
      <trkpt lat="53.14010967003625" lon="-4.0122992561510493">
        <ele>0</ele>
      </trkpt>
      <trkpt lat="53.14000000000001" lon="-4.0123364485981217">
        <ele>0</ele>
      </trkpt>
      <trkpt lat="53.13999999999999" lon="-4.0123364485981217">
        <ele>0</ele>
      </trkpt>
      <trkpt lat="53.13971390425328" lon="-4.0124346748044921">
        <ele>0</ele>
      </trkpt>
      <trkpt lat="53.13921514400152" lon="-4.0126511539195029">
        <ele>0</ele>
      </trkpt>
      <trkpt lat="53.13914934197978" lon="-4.0126664123593274">
        <ele>0</ele>
      </trkpt>
      <trkpt lat="53.13906637421323" lon="-4.0126568758344368">
        <ele>0</ele>
      </trkpt>
      <trkpt lat="53.13901583063132" lon="-4.0126397100896343">
        <ele>0</ele>
      </trkpt>
      <trkpt lat="53.13896528704939" lon="-4.0126368491321669">
        <ele>0</ele>
      </trkpt>
      <trkpt lat="53.13889471676521" lon="-4.0126511539195029">
        <ele>0</ele>
      </trkpt>
      <trkpt lat="53.13880984169369" lon="-4.0126549685294588">
        <ele>0</ele>
      </trkpt>
      <trkpt lat="53.13874308601945" lon="-4.0126406637421237">
        <ele>0</ele>
      </trkpt>
      <trkpt lat="53.13867728399771" lon="-4.0126254053022992">
        <ele>0</ele>
      </trkpt>
      <trkpt lat="53.13858954796871" lon="-4.01258439824527">
        <ele>0</ele>
      </trkpt>
      <trkpt lat="53.13850276559221" lon="-4.01253576196833">
        <ele>0</ele>
      </trkpt>
      <trkpt lat="53.1384169368682" lon="-4.012487125691389">
        <ele>0</ele>
      </trkpt>
      <trkpt lat="53.13833110814419" lon="-4.0124117871447558">
        <ele>0</ele>
      </trkpt>
      <trkpt lat="53.13829773030707" lon="-4.0123583826053695">
        <ele>0</ele>
      </trkpt>
      <trkpt lat="53.13825863055502" lon="-4.0123211901582971">
        <ele>0</ele>
      </trkpt>
      <trkpt lat="53.13817852374594" lon="-4.0122658783139329">
        <ele>0</ele>
      </trkpt>
      <trkpt lat="53.1381213045966" lon="-4.0121867251573438">
        <ele>0</ele>
      </trkpt>
      <trkpt lat="53.13798207133321" lon="-4.0118443639137809">
        <ele>0</ele>
      </trkpt>
      <trkpt lat="53.13794583253862" lon="-4.0117394621399871">
        <ele>0</ele>
      </trkpt>
      <trkpt lat="53.13791054739652" lon="-4.0116345603661934">
        <ele>0</ele>
      </trkpt>
      <trkpt lat="53.13776082395574" lon="-4.0110337592981029">
        <ele>0</ele>
      </trkpt>
      <trkpt lat="53.13764447835209" lon="-4.0107381270265021">
        <ele>0</ele>
      </trkpt>
      <trkpt lat="53.13764447835209" lon="-4.0107381270265021">
        <ele>0</ele>
      </trkpt>
      <trkpt lat="53.13760728590501" lon="-4.0107219149341891">
        <ele>0</ele>
      </trkpt>
      <trkpt lat="53.13757676902537" lon="-4.0107858096509537">
        <ele>0</ele>
      </trkpt>
      <trkpt lat="53.13744516498188" lon="-4.01119397291626">
        <ele>0</ele>
      </trkpt>
      <trkpt lat="53.13733454129315" lon="-4.0114600419607003">
        <ele>0</ele>
      </trkpt>
      <trkpt lat="53.1371905397673" lon="-4.0118529467861821">
        <ele>0</ele>
      </trkpt>
      <trkpt lat="53.13700076292199" lon="-4.0122391760442406">
        <ele>0</ele>
      </trkpt>
      <trkpt lat="53.13690921228304" lon="-4.0123593362578589">
        <ele>0</ele>
      </trkpt>
      <trkpt lat="53.13681861529658" lon="-4.0124785428189877">
        <ele>0</ele>
      </trkpt>
      <trkpt lat="53.13649055884036" lon="-4.0128085065801935">
        <ele>0</ele>
      </trkpt>
      <trkpt lat="53.13645336639328" lon="-4.0128752622544255">
        <ele>0</ele>
      </trkpt>
      <trkpt lat="53.13641617394621" lon="-4.0129420179286575">
        <ele>0</ele>
      </trkpt>
      <trkpt lat="53.13636276940682" lon="-4.0130011443829776">
        <ele>0</ele>
      </trkpt>
      <trkpt lat="53.13631985504482" lon="-4.0129916078580878">
        <ele>0</ele>
      </trkpt>
      <trkpt lat="53.13622353614343" lon="-4.012939156971191">
        <ele>0</ele>
      </trkpt>
      <trkpt lat="53.1361043295823" lon="-4.0129582300209714">
        <ele>0</ele>
      </trkpt>
      <trkpt lat="53.13605950791531" lon="-4.0129353423612342">
        <ele>0</ele>
      </trkpt>
      <trkpt lat="53.13602326912073" lon="-4.0128704939919801">
        <ele>0</ele>
      </trkpt>
      <trkpt lat="53.13598703032614" lon="-4.0128046919702367">
        <ele>0</ele>
      </trkpt>
      <trkpt lat="53.13596318901392" lon="-4.012746519168406">
        <ele>0</ele>
      </trkpt>
      <trkpt lat="53.13592790387182" lon="-4.0127331680335594">
        <ele>0</ele>
      </trkpt>
      <trkpt lat="53.13588308220484" lon="-4.0127655922181864">
        <ele>0</ele>
      </trkpt>
      <trkpt lat="53.13582967766546" lon="-4.0127884798779236">
        <ele>0</ele>
      </trkpt>
      <trkpt lat="53.13578867060843" lon="-4.0127627312607199">
        <ele>0</ele>
      </trkpt>
      <trkpt lat="53.13577055121113" lon="-4.012730307076092">
        <ele>0</ele>
      </trkpt>
      <trkpt lat="53.13576101468625" lon="-4.0126940682815091">
        <ele>0</ele>
      </trkpt>
      <trkpt lat="53.13573717337402" lon="-4.0126845317566184">
        <ele>0</ele>
      </trkpt>
      <trkpt lat="53.13568758344459" lon="-4.0127093267213336">
        <ele>0</ele>
      </trkpt>
      <trkpt lat="53.13565325195498" lon="-4.0127703604806317">
        <ele>0</ele>
      </trkpt>
      <trkpt lat="53.13561892046538" lon="-4.0128313942399298">
        <ele>0</ele>
      </trkpt>
      <trkpt lat="53.13559221819568" lon="-4.0129048254815851">
        <ele>0</ele>
      </trkpt>
      <trkpt lat="53.13556551592599" lon="-4.0129782567232413">
        <ele>0</ele>
      </trkpt>
      <trkpt lat="53.13545012397482" lon="-4.0130926950219248">
        <ele>0</ele>
      </trkpt>
      <trkpt lat="53.13538432195308" lon="-4.0131060461567714">
        <ele>0</ele>
      </trkpt>
      <trkpt lat="53.13531947358382" lon="-4.0131184436391285">
        <ele>0</ele>
      </trkpt>
      <trkpt lat="53.13522410833492" lon="-4.0130736219721443">
        <ele>0</ele>
      </trkpt>
      <trkpt lat="53.13515544535571" lon="-4.0130669464047211">
        <ele>0</ele>
      </trkpt>
      <trkpt lat="53.13508773602899" lon="-4.0131279801640192">
        <ele>0</ele>
      </trkpt>
      <trkpt lat="53.13502098035475" lon="-4.0131890139233173">
        <ele>0</ele>
      </trkpt>
      <trkpt lat="53.13494087354567" lon="-4.0132395575052362">
        <ele>0</ele>
      </trkpt>
      <trkpt lat="53.13487125691397" lon="-4.0132653061224399">
        <ele>0</ele>
      </trkpt>
      <trkpt lat="53.13458039290482" lon="-4.0136934960900161">
        <ele>0</ele>
      </trkpt>
      <trkpt lat="53.13447358382605" lon="-4.0136429525080972">
        <ele>0</ele>
      </trkpt>
      <trkpt lat="53.13437249666221" lon="-4.0136124356284482">
        <ele>0</ele>
      </trkpt>
      <trkpt lat="53.134303833683" lon="-4.013618157543382">
        <ele>0</ele>
      </trkpt>
      <trkpt lat="53.13423517070379" lon="-4.0136229258058274">
        <ele>0</ele>
      </trkpt>
      <trkpt lat="53.13391760442494" lon="-4.0135781041388423">
        <ele>0</ele>
      </trkpt>
      <trkpt lat="53.13391760442494" lon="-4.0135781041388423">
        <ele>0</ele>
      </trkpt>
      <trkpt lat="53.13382223917604" lon="-4.0140511157734027">
        <ele>0</ele>
      </trkpt>
      <trkpt lat="53.1337907686439" lon="-4.0141436200648393">
        <ele>0</ele>
      </trkpt>
      <trkpt lat="53.13376025176425" lon="-4.0142361243562759">
        <ele>0</ele>
      </trkpt>
      <trkpt lat="53.13368777417509" lon="-4.0142866679381939">
        <ele>0</ele>
      </trkpt>
      <trkpt lat="53.13360766736601" lon="-4.0142742704558367">
        <ele>0</ele>
      </trkpt>
      <trkpt lat="53.13351516307457" lon="-4.014203700171648">
        <ele>0</ele>
      </trkpt>
      <trkpt lat="53.13326625977493" lon="-4.014203700171648">
        <ele>0</ele>
      </trkpt>
      <trkpt lat="53.1331995041007" lon="-4.0142294487888526">
        <ele>0</ele>
      </trkpt>
      <trkpt lat="53.13313274842647" lon="-4.0142551974060563">
        <ele>0</ele>
      </trkpt>
      <trkpt lat="53.13303642952508" lon="-4.0143696357047398">
        <ele>0</ele>
      </trkpt>
      <trkpt lat="53.13299828342551" lon="-4.0144020598893668">
        <ele>0</ele>
      </trkpt>
      <trkpt lat="53.13295250810604" lon="-4.0143953843219444">
        <ele>0</ele>
      </trkpt>
      <trkpt lat="53.13291054739653" lon="-4.0143124165553985">
        <ele>0</ele>
      </trkpt>
      <trkpt lat="53.13284474537478" lon="-4.0142618729734796">
        <ele>0</ele>
      </trkpt>
      <trkpt lat="53.13272839977112" lon="-4.0143219530802883">
        <ele>0</ele>
      </trkpt>
      <trkpt lat="53.13266831966431" lon="-4.0143982452794109">
        <ele>0</ele>
      </trkpt>
      <trkpt lat="53.13260919320999" lon="-4.0144745374785336">
        <ele>0</ele>
      </trkpt>
      <trkpt lat="53.13253957657829" lon="-4.0145927903871739">
        <ele>0</ele>
      </trkpt>
      <trkpt lat="53.13247091359908" lon="-4.0147100896433248">
        <ele>0</ele>
      </trkpt>
      <trkpt lat="53.13243181384703" lon="-4.0148016402822719">
        <ele>0</ele>
      </trkpt>
      <trkpt lat="53.13221056646957" lon="-4.0153995803928959">
        <ele>0</ele>
      </trkpt>
      <trkpt lat="53.13215239366775" lon="-4.0155092504291341">
        <ele>0</ele>
      </trkpt>
      <trkpt lat="53.13209422086591" lon="-4.0156189204653732">
        <ele>0</ele>
      </trkpt>
      <trkpt lat="53.13201506770933" lon="-4.0156961663169852">
        <ele>0</ele>
      </trkpt>
      <trkpt lat="53.13176902536715" lon="-4.0157362197215241">
        <ele>0</ele>
      </trkpt>
      <trkpt lat="53.13170608430288" lon="-4.0157572000762833">
        <ele>0</ele>
      </trkpt>
      <trkpt lat="53.13164409689109" lon="-4.0157772267785532">
        <ele>0</ele>
      </trkpt>
      <trkpt lat="53.13152298302498" lon="-4.0157753194735744">
        <ele>0</ele>
      </trkpt>
      <trkpt lat="53.13140186915887" lon="-4.0157724585161079">
        <ele>0</ele>
      </trkpt>
      <trkpt lat="53.13132176234979" lon="-4.0157266831966343">
        <ele>0</ele>
      </trkpt>
      <trkpt lat="53.13127884798779" lon="-4.0156217814228405">
        <ele>0</ele>
      </trkpt>
      <trkpt lat="53.13123593362578" lon="-4.0155168796490468">
        <ele>0</ele>
      </trkpt>
      <trkpt lat="53.13118539004386" lon="-4.0154100705702751">
        <ele>0</ele>
      </trkpt>
      <trkpt lat="53.13113484646195" lon="-4.015302307839014">
        <ele>0</ele>
      </trkpt>
      <trkpt lat="53.13108239557505" lon="-4.0152307839023367">
        <ele>0</ele>
      </trkpt>
      <trkpt lat="53.13101468624833" lon="-4.0152336448598041">
        <ele>0</ele>
      </trkpt>
      <trkpt lat="53.1309479305741" lon="-4.015235552164782">
        <ele>0</ele>
      </trkpt>
      <trkpt lat="53.13087259202746" lon="-4.0153175662788385">
        <ele>0</ele>
      </trkpt>
      <trkpt lat="53.13079820713332" lon="-4.0153995803928959">
        <ele>0</ele>
      </trkpt>
      <trkpt lat="53.13075815372878" lon="-4.0154758725920185">
        <ele>0</ele>
      </trkpt>
      <trkpt lat="53.13073621972153" lon="-4.0155912645431915">
        <ele>0</ele>
      </trkpt>
      <trkpt lat="53.13071523936677" lon="-4.015705702841875">
        <ele>0</ele>
      </trkpt>
      <trkpt lat="53.13069235170703" lon="-4.0158086973106908">
        <ele>0</ele>
      </trkpt>
      <trkpt lat="53.13066946404729" lon="-4.0159107381270172">
        <ele>0</ele>
      </trkpt>
      <trkpt lat="53.13062464238031" lon="-4.0160127789433435">
        <ele>0</ele>
      </trkpt>
      <trkpt lat="53.13057982071333" lon="-4.0161148197596708">
        <ele>0</ele>
      </trkpt>
      <trkpt lat="53.13047301163456" lon="-4.0162216288384425">
        <ele>0</ele>
      </trkpt>
      <trkpt lat="53.13043868014495" lon="-4.0162988746900536">
        <ele>0</ele>
      </trkpt>
      <trkpt lat="53.13043581918748" lon="-4.0163646767117971">
        <ele>0</ele>
      </trkpt>
      <trkpt lat="53.13042056074766" lon="-4.0164266641235846">
        <ele>0</ele>
      </trkpt>
      <trkpt lat="53.1303652489033" lon="-4.0164924661453272">
        <ele>0</ele>
      </trkpt>
      <trkpt lat="53.13028323478924" lon="-4.0165697119969392">
        <ele>0</ele>
      </trkpt>
      <trkpt lat="53.13025557886706" lon="-4.0166460041960619">
        <ele>0</ele>
      </trkpt>
      <trkpt lat="53.13024890329963" lon="-4.0167222963951845">
        <ele>0</ele>
      </trkpt>
      <trkpt lat="53.13022506198741" lon="-4.0167938203318618">
        <ele>0</ele>
      </trkpt>
      <trkpt lat="53.13016593553309" lon="-4.0168729734884518">
        <ele>0</ele>
      </trkpt>
      <trkpt lat="53.13010776273126" lon="-4.0169521266450419">
        <ele>0</ele>
      </trkpt>
      <trkpt lat="53.13005626549685" lon="-4.0169626168224211">
        <ele>0</ele>
      </trkpt>
      <trkpt lat="53.12997043677284" lon="-4.0168958611481882">
        <ele>0</ele>
      </trkpt>
      <trkpt lat="53.12990558840358" lon="-4.0168148006866211">
        <ele>0</ele>
      </trkpt>
      <trkpt lat="53.12984169368681" lon="-4.0168195689490656">
        <ele>0</ele>
      </trkpt>
      <trkpt lat="53.12973297730306" lon="-4.0169292389853046">
        <ele>0</ele>
      </trkpt>
      <trkpt lat="53.12962426091931" lon="-4.0170389090215437">
        <ele>0</ele>
      </trkpt>
      <trkpt lat="53.1295384321953" lon="-4.0171008964333303">
        <ele>0</ele>
      </trkpt>
      <trkpt lat="53.12947644478351" lon="-4.0171056646957757">
        <ele>0</ele>
      </trkpt>
      <trkpt lat="53.12937535761968" lon="-4.0170083921418946">
        <ele>0</ele>
      </trkpt>
      <trkpt lat="53.12931146290291" lon="-4.0169578485599757">
        <ele>0</ele>
      </trkpt>
      <trkpt lat="53.12926473393095" lon="-4.0169473583825965">
        <ele>0</ele>
      </trkpt>
      <trkpt lat="53.12919416364677" lon="-4.0168500858287146">
        <ele>0</ele>
      </trkpt>
      <trkpt lat="53.12915124928475" lon="-4.0168348273888901">
        <ele>0</ele>
      </trkpt>
      <trkpt lat="53.12911214953271" lon="-4.0168806027083637">
        <ele>0</ele>
      </trkpt>
      <trkpt lat="53.12907209612817" lon="-4.0168910928857438">
        <ele>0</ele>
      </trkpt>
      <trkpt lat="53.12902918176616" lon="-4.0168243372115109">
        <ele>0</ele>
      </trkpt>
      <trkpt lat="53.12891855807743" lon="-4.0167785618920373">
        <ele>0</ele>
      </trkpt>
      <trkpt lat="53.12885084875071" lon="-4.016804310509241">
        <ele>0</ele>
      </trkpt>
      <trkpt lat="53.12861338928094" lon="-4.0171361815754247">
        <ele>0</ele>
      </trkpt>
      <trkpt lat="53.12851039481212" lon="-4.0172429906541964">
        <ele>0</ele>
      </trkpt>
      <trkpt lat="53.12846843410261" lon="-4.0172468052641523">
        <ele>0</ele>
      </trkpt>
      <trkpt lat="53.12840930764829" lon="-4.0172143810795253">
        <ele>0</ele>
      </trkpt>
      <trkpt lat="53.12836067137135" lon="-4.0172105664695694">
        <ele>0</ele>
      </trkpt>
      <trkpt lat="53.12831584970436" lon="-4.0172229639519266">
        <ele>0</ele>
      </trkpt>
      <trkpt lat="53.12820617966813" lon="-4.0171943543772555">
        <ele>0</ele>
      </trkpt>
      <trkpt lat="53.12808792675948" lon="-4.0172916269311374">
        <ele>0</ele>
      </trkpt>
      <trkpt lat="53.12806408544726" lon="-4.0173450314705228">
        <ele>0</ele>
      </trkpt>
      <trkpt lat="53.12805645622735" lon="-4.017434674804492">
        <ele>0</ele>
      </trkpt>
      <trkpt lat="53.12801449551783" lon="-4.0175491131031764">
        <ele>0</ele>
      </trkpt>
      <trkpt lat="53.12794869349609" lon="-4.0176559221819481">
        <ele>0</ele>
      </trkpt>
      <trkpt lat="53.12786477207705" lon="-4.0177169559412462">
        <ele>0</ele>
      </trkpt>
      <trkpt lat="53.12782090406255" lon="-4.017708373068845">
        <ele>0</ele>
      </trkpt>
      <trkpt lat="53.12777417509059" lon="-4.0176635514018599">
        <ele>0</ele>
      </trkpt>
      <trkpt lat="53.12772077055121" lon="-4.0176473393095469">
        <ele>0</ele>
      </trkpt>
      <trkpt lat="53.12766641235933" lon="-4.0176883463665751">
        <ele>0</ele>
      </trkpt>
      <trkpt lat="53.1275824909403" lon="-4.0177703604806316">
        <ele>0</ele>
      </trkpt>
      <trkpt lat="53.12749952317375" lon="-4.017852374594689">
        <ele>0</ele>
      </trkpt>
      <trkpt lat="53.12741846271219" lon="-4.017921037573899">
        <ele>0</ele>
      </trkpt>
      <trkpt lat="53.12737173374022" lon="-4.0180230783902253">
        <ele>0</ele>
      </trkpt>
      <trkpt lat="53.12735456799542" lon="-4.0181213045965958">
        <ele>0</ele>
      </trkpt>
      <trkpt lat="53.12732595842075" lon="-4.0181909212282951">
        <ele>0</ele>
      </trkpt>
      <trkpt lat="53.12697978256723" lon="-4.0186000381460909">
        <ele>0</ele>
      </trkpt>
      <trkpt lat="53.12690825863055" lon="-4.0186572572954322">
        <ele>0</ele>
      </trkpt>
      <trkpt lat="53.12684722487126" lon="-4.0186648865153449">
        <ele>0</ele>
      </trkpt>
      <trkpt lat="53.12679572763685" lon="-4.0186982643524605">
        <ele>0</ele>
      </trkpt>
      <trkpt lat="53.12675472057982" lon="-4.0187783711615399">
        <ele>0</ele>
      </trkpt>
      <trkpt lat="53.12671466717528" lon="-4.018857524318129">
        <ele>0</ele>
      </trkpt>
      <trkpt lat="53.12668605760061" lon="-4.0189452603471203">
        <ele>0</ele>
      </trkpt>
      <trkpt lat="53.12665840167843" lon="-4.0190329963761116">
        <ele>0</ele>
      </trkpt>
      <trkpt lat="53.12662883845126" lon="-4.0190740034331398">
        <ele>0</ele>
      </trkpt>
      <trkpt lat="53.12658973869922" lon="-4.0190453938584687">
        <ele>0</ele>
      </trkpt>
      <trkpt lat="53.12654587068472" lon="-4.0189757772267694">
        <ele>0</ele>
      </trkpt>
      <trkpt lat="53.12650677093266" lon="-4.0189795918367253">
        <ele>0</ele>
      </trkpt>
      <trkpt lat="53.1264514590883" lon="-4.019096891092877">
        <ele>0</ele>
      </trkpt>
      <trkpt lat="53.12639614724394" lon="-4.0192132366965385">
        <ele>0</ele>
      </trkpt>
      <trkpt lat="53.126347510967" lon="-4.0192990654205518">
        <ele>0</ele>
      </trkpt>
      <trkpt lat="53.12625405302308" lon="-4.0193209994277996">
        <ele>0</ele>
      </trkpt>
      <trkpt lat="53.1262082777036" lon="-4.0193105092504204">
        <ele>0</ele>
      </trkpt>
      <trkpt lat="53.12612054167461" lon="-4.0192246805264071">
        <ele>0</ele>
      </trkpt>
      <trkpt lat="53.12607858096509" lon="-4.0192857142857052">
        <ele>0</ele>
      </trkpt>
      <trkpt lat="53.12599656685104" lon="-4.0192037001716487">
        <ele>0</ele>
      </trkpt>
      <trkpt lat="53.1259298111768" lon="-4.0192084684340932">
        <ele>0</ele>
      </trkpt>
      <trkpt lat="53.1258516116727" lon="-4.0193229067327776">
        <ele>0</ele>
      </trkpt>
      <trkpt lat="53.12581346557314" lon="-4.0194135037192353">
        <ele>0</ele>
      </trkpt>
      <trkpt lat="53.12577531947358" lon="-4.0195031470532046">
        <ele>0</ele>
      </trkpt>
      <trkpt lat="53.12573145145908" lon="-4.0195765782948598">
        <ele>0</ele>
      </trkpt>
      <trkpt lat="53.12567518596223" lon="-4.0196051878695309">
        <ele>0</ele>
      </trkpt>
      <trkpt lat="53.12559412550066" lon="-4.0196585924089172">
        <ele>0</ele>
      </trkpt>
      <trkpt lat="53.12553404539386" lon="-4.0197434674804411">
        <ele>0</ele>
      </trkpt>
      <trkpt lat="53.12547396528704" lon="-4.019828342551965">
        <ele>0</ele>
      </trkpt>
      <trkpt lat="53.12545679954224" lon="-4.0198960518786864">
        <ele>0</ele>
      </trkpt>
      <trkpt lat="53.12544058744993" lon="-4.0199637612054078">
        <ele>0</ele>
      </trkpt>
      <trkpt lat="53.12542628266259" lon="-4.0199999999999907">
        <ele>0</ele>
      </trkpt>
      <trkpt lat="53.12542628266259" lon="-4.0200000000000014">
        <ele>0</ele>
      </trkpt>
      <trkpt lat="53.1253909975205" lon="-4.0200877360289926">
        <ele>0</ele>
      </trkpt>
      <trkpt lat="53.12530898340644" lon="-4.0201277894335314">
        <ele>0</ele>
      </trkpt>
      <trkpt lat="53.12522792294487" lon="-4.0201678428380712">
        <ele>0</ele>
      </trkpt>
      <trkpt lat="53.12520177200552" lon="-4.0201868022690981">
        <ele>0</ele>
      </trkpt>
    </trkseg>
  </trk>
</gpx>