<?xml version="1.0" encoding="UTF-8" standalone="yes"?>
<gpx
 version="1.1"
 creator="Generated by MapOut iPhone App. See https://mapout.app"
 xmlns="http://www.topografix.com/GPX/1/1"
 xmlns:xsi="http://www.w3.org/2001/XMLSchema-instance"
 xmlns:gpxx="http://www.garmin.com/xmlschemas/GpxExtensions/v3"
 xmlns:mapout="https://mapout.app/xmlschemas/MapOutExtensions"
 xsi:schemaLocation="http://www.topografix.com/GPX/1/1 https://www.topografix.com/GPX/1/1/gpx.xsd http://www.garmin.com/xmlschemas/GpxExtensions/v3 https://www8.garmin.com/xmlschemas/GpxExtensionsv3.xsd https://mapout.app/xmlschemas/MapOutExtensions https://mapout.app/xmlschemas/MapOutExtensions.xsd">
  <metadata>
    <name>Wikiloc - Via Verde del Vasco Navarro completo</name>
    <desc></desc>
    <author><name>Vía Verde del ferrocarril Vasco Navarro</name></author>
    <time>2021-06-14T09:02:52Z</time>
    <bounds minlat="42.656594" minlon="-2.6668129999999999" maxlat="43.156029" maxlon="-2.0332750000000002"/>
  </metadata>
  <trk>
    <name>Via Verde del Vasco Navarro completo</name>
    <desc></desc>
    <trkseg>
      <trkpt lat="42.670083" lon="-2.0332750000000002">
        <ele>422</ele>
        <time>2020-07-06T12:36:46.000Z</time>
      </trkpt>
      <trkpt lat="42.670604" lon="-2.0342410000000002">
        <ele>422</ele>
        <time>2020-07-06T12:37:06.000Z</time>
      </trkpt>
      <trkpt lat="42.671274" lon="-2.0356730000000001">
        <ele>423</ele>
        <time>2020-07-06T12:37:26.000Z</time>
      </trkpt>
      <trkpt lat="42.67146" lon="-2.0362900000000002">
        <ele>423</ele>
        <time>2020-07-06T12:37:46.000Z</time>
      </trkpt>
      <trkpt lat="42.671681" lon="-2.0366330000000001">
        <ele>425</ele>
        <time>2020-07-06T12:38:06.000Z</time>
      </trkpt>
      <trkpt lat="42.672087" lon="-2.0370469999999998">
        <ele>425</ele>
        <time>2020-07-06T12:38:26.000Z</time>
      </trkpt>
      <trkpt lat="42.67245" lon="-2.037245">
        <ele>426</ele>
        <time>2020-07-06T12:38:46.000Z</time>
      </trkpt>
      <trkpt lat="42.673045" lon="-2.0373359999999998">
        <ele>427</ele>
        <time>2020-07-06T12:39:06.000Z</time>
      </trkpt>
      <trkpt lat="42.673806" lon="-2.037293">
        <ele>428</ele>
        <time>2020-07-06T12:39:26.000Z</time>
      </trkpt>
      <trkpt lat="42.674469" lon="-2.037245">
        <ele>428</ele>
        <time>2020-07-06T12:39:46.000Z</time>
      </trkpt>
      <trkpt lat="42.674875" lon="-2.0372880000000002">
        <ele>428</ele>
        <time>2020-07-06T12:40:06.000Z</time>
      </trkpt>
      <trkpt lat="42.675305" lon="-2.0374270000000001">
        <ele>426</ele>
        <time>2020-07-06T12:40:26.000Z</time>
      </trkpt>
      <trkpt lat="42.675684" lon="-2.0376449999999999">
        <ele>426</ele>
        <time>2020-07-06T12:40:46.000Z</time>
      </trkpt>
      <trkpt lat="42.676139" lon="-2.0380470000000002">
        <ele>426</ele>
        <time>2020-07-06T12:41:06.000Z</time>
      </trkpt>
      <trkpt lat="42.676402" lon="-2.0383339999999999">
        <ele>426</ele>
        <time>2020-07-06T12:41:26.000Z</time>
      </trkpt>
      <trkpt lat="42.676644" lon="-2.0387279999999999">
        <ele>427</ele>
        <time>2020-07-06T12:41:46.000Z</time>
      </trkpt>
      <trkpt lat="42.676948" lon="-2.0393159999999999">
        <ele>427</ele>
        <time>2020-07-06T12:42:06.000Z</time>
      </trkpt>
      <trkpt lat="42.677301" lon="-2.039981">
        <ele>427</ele>
        <time>2020-07-06T12:42:26.000Z</time>
      </trkpt>
      <trkpt lat="42.677955" lon="-2.0412469999999998">
        <ele>429</ele>
        <time>2020-07-06T12:42:46.000Z</time>
      </trkpt>
      <trkpt lat="42.678539" lon="-2.042373">
        <ele>431</ele>
        <time>2020-07-06T12:43:06.000Z</time>
      </trkpt>
      <trkpt lat="42.678999" lon="-2.04331">
        <ele>433</ele>
        <time>2020-07-06T12:43:26.000Z</time>
      </trkpt>
      <trkpt lat="42.679375" lon="-2.0439880000000001">
        <ele>434</ele>
        <time>2020-07-06T12:43:46.000Z</time>
      </trkpt>
      <trkpt lat="42.67957" lon="-2.0444200000000001">
        <ele>437</ele>
        <time>2020-07-06T12:44:06.000Z</time>
      </trkpt>
      <trkpt lat="42.679655" lon="-2.0448379999999999">
        <ele>438</ele>
        <time>2020-07-06T12:44:26.000Z</time>
      </trkpt>
      <trkpt lat="42.679653" lon="-2.0453610000000002">
        <ele>434</ele>
        <time>2020-07-06T12:44:46.000Z</time>
      </trkpt>
      <trkpt lat="42.679643" lon="-2.04623">
        <ele>432</ele>
        <time>2020-07-06T12:45:06.000Z</time>
      </trkpt>
      <trkpt lat="42.679685" lon="-2.0469490000000001">
        <ele>433</ele>
        <time>2020-07-06T12:45:26.000Z</time>
      </trkpt>
      <trkpt lat="42.679829" lon="-2.0475150000000002">
        <ele>435</ele>
        <time>2020-07-06T12:45:46.000Z</time>
      </trkpt>
      <trkpt lat="42.680048" lon="-2.047974">
        <ele>437</ele>
        <time>2020-07-06T12:46:06.000Z</time>
      </trkpt>
      <trkpt lat="42.680343" lon="-2.0483790000000002">
        <ele>436</ele>
        <time>2020-07-06T12:46:26.000Z</time>
      </trkpt>
      <trkpt lat="42.680765" lon="-2.048829">
        <ele>440</ele>
        <time>2020-07-06T12:46:46.000Z</time>
      </trkpt>
      <trkpt lat="42.681211" lon="-2.0493229999999998">
        <ele>440</ele>
        <time>2020-07-06T12:47:06.000Z</time>
      </trkpt>
      <trkpt lat="42.681479" lon="-2.0496690000000002">
        <ele>437</ele>
        <time>2020-07-06T12:47:26.000Z</time>
      </trkpt>
      <trkpt lat="42.681716" lon="-2.050157">
        <ele>436</ele>
        <time>2020-07-06T12:47:46.000Z</time>
      </trkpt>
      <trkpt lat="42.681858" lon="-2.050624">
        <ele>434</ele>
        <time>2020-07-06T12:48:06.000Z</time>
      </trkpt>
      <trkpt lat="42.681897" lon="-2.0511599999999999">
        <ele>437</ele>
        <time>2020-07-06T12:48:26.000Z</time>
      </trkpt>
      <trkpt lat="42.681891" lon="-2.0519219999999998">
        <ele>438</ele>
        <time>2020-07-06T12:48:46.000Z</time>
      </trkpt>
      <trkpt lat="42.681864" lon="-2.0529039999999998">
        <ele>435</ele>
        <time>2020-07-06T12:49:06.000Z</time>
      </trkpt>
      <trkpt lat="42.681816" lon="-2.0539390000000002">
        <ele>438</ele>
        <time>2020-07-06T12:49:26.000Z</time>
      </trkpt>
      <trkpt lat="42.681751" lon="-2.055253">
        <ele>444</ele>
        <time>2020-07-06T12:49:46.000Z</time>
      </trkpt>
      <trkpt lat="42.681698" lon="-2.0565859999999998">
        <ele>440</ele>
        <time>2020-07-06T12:50:06.000Z</time>
      </trkpt>
      <trkpt lat="42.681621" lon="-2.0576669999999999">
        <ele>451</ele>
        <time>2020-07-06T12:50:26.000Z</time>
      </trkpt>
      <trkpt lat="42.681446" lon="-2.058252">
        <ele>454</ele>
        <time>2020-07-06T12:50:46.000Z</time>
      </trkpt>
      <trkpt lat="42.681244" lon="-2.0585550000000001">
        <ele>452</ele>
        <time>2020-07-06T12:51:06.000Z</time>
      </trkpt>
      <trkpt lat="42.680813" lon="-2.0589230000000001">
        <ele>442</ele>
        <time>2020-07-06T12:51:26.000Z</time>
      </trkpt>
      <trkpt lat="42.680395" lon="-2.0593870000000001">
        <ele>438</ele>
        <time>2020-07-06T12:51:46.000Z</time>
      </trkpt>
      <trkpt lat="42.679913" lon="-2.0600360000000002">
        <ele>437</ele>
        <time>2020-07-06T12:52:06.000Z</time>
      </trkpt>
      <trkpt lat="42.679397" lon="-2.060883">
        <ele>436</ele>
        <time>2020-07-06T12:52:26.000Z</time>
      </trkpt>
      <trkpt lat="42.678985" lon="-2.0619719999999999">
        <ele>435</ele>
        <time>2020-07-06T12:52:46.000Z</time>
      </trkpt>
      <trkpt lat="42.67875" lon="-2.0625330000000002">
        <ele>435</ele>
        <time>2020-07-06T12:53:06.000Z</time>
      </trkpt>
      <trkpt lat="42.678537" lon="-2.0631119999999998">
        <ele>436</ele>
        <time>2020-07-06T12:53:26.000Z</time>
      </trkpt>
      <trkpt lat="42.67847" lon="-2.0631949999999999">
        <ele>436</ele>
        <time>2020-07-06T12:53:46.000Z</time>
      </trkpt>
      <trkpt lat="42.678348" lon="-2.0631849999999998">
        <ele>436</ele>
        <time>2020-07-06T12:54:06.000Z</time>
      </trkpt>
      <trkpt lat="42.678159" lon="-2.063142">
        <ele>435</ele>
        <time>2020-07-06T12:54:26.000Z</time>
      </trkpt>
      <trkpt lat="42.678095" lon="-2.0632030000000001">
        <ele>436</ele>
        <time>2020-07-06T12:54:46.000Z</time>
      </trkpt>
      <trkpt lat="42.678044" lon="-2.0633780000000002">
        <ele>436</ele>
        <time>2020-07-06T12:55:06.000Z</time>
      </trkpt>
      <trkpt lat="42.677971" lon="-2.063466">
        <ele>435</ele>
        <time>2020-07-06T12:55:26.000Z</time>
      </trkpt>
      <trkpt lat="42.677902" lon="-2.0636429999999999">
        <ele>435</ele>
        <time>2020-07-06T12:55:46.000Z</time>
      </trkpt>
      <trkpt lat="42.678048" lon="-2.0639630000000002">
        <ele>436</ele>
        <time>2020-07-06T12:56:06.000Z</time>
      </trkpt>
      <trkpt lat="42.678093" lon="-2.0641419999999999">
        <ele>437</ele>
        <time>2020-07-06T12:56:26.000Z</time>
      </trkpt>
      <trkpt lat="42.678054" lon="-2.064333">
        <ele>438</ele>
        <time>2020-07-06T12:56:46.000Z</time>
      </trkpt>
      <trkpt lat="42.678003" lon="-2.0645229999999999">
        <ele>438</ele>
        <time>2020-07-06T12:57:06.000Z</time>
      </trkpt>
      <trkpt lat="42.678237" lon="-2.0647319999999998">
        <ele>439</ele>
        <time>2020-07-06T12:57:26.000Z</time>
      </trkpt>
      <trkpt lat="42.678261" lon="-2.0648529999999998">
        <ele>440</ele>
        <time>2020-07-06T12:57:46.000Z</time>
      </trkpt>
      <trkpt lat="42.678188" lon="-2.0653329999999999">
        <ele>442</ele>
        <time>2020-07-06T12:58:06.000Z</time>
      </trkpt>
      <trkpt lat="42.678105" lon="-2.065658">
        <ele>443</ele>
        <time>2020-07-06T12:58:26.000Z</time>
      </trkpt>
      <trkpt lat="42.678068" lon="-2.0659260000000002">
        <ele>443</ele>
        <time>2020-07-06T12:58:46.000Z</time>
      </trkpt>
      <trkpt lat="42.678107" lon="-2.0660440000000002">
        <ele>444</ele>
        <time>2020-07-06T12:59:06.000Z</time>
      </trkpt>
      <trkpt lat="42.678048" lon="-2.0663010000000002">
        <ele>444</ele>
        <time>2020-07-06T12:59:26.000Z</time>
      </trkpt>
      <trkpt lat="42.678056" lon="-2.0666899999999999">
        <ele>444</ele>
        <time>2020-07-06T12:59:46.000Z</time>
      </trkpt>
      <trkpt lat="42.678127" lon="-2.0671089999999999">
        <ele>445</ele>
        <time>2020-07-06T13:00:06.000Z</time>
      </trkpt>
      <trkpt lat="42.678141" lon="-2.0674410000000001">
        <ele>445</ele>
        <time>2020-07-06T13:00:26.000Z</time>
      </trkpt>
      <trkpt lat="42.678088" lon="-2.0676770000000002">
        <ele>445</ele>
        <time>2020-07-06T13:00:46.000Z</time>
      </trkpt>
      <trkpt lat="42.678019" lon="-2.0678920000000001">
        <ele>444</ele>
        <time>2020-07-06T13:01:06.000Z</time>
      </trkpt>
      <trkpt lat="42.678003" lon="-2.0682170000000002">
        <ele>445</ele>
        <time>2020-07-06T13:01:26.000Z</time>
      </trkpt>
      <trkpt lat="42.677932" lon="-2.068479">
        <ele>445</ele>
        <time>2020-07-06T13:01:46.000Z</time>
      </trkpt>
      <trkpt lat="42.677841" lon="-2.0688309999999999">
        <ele>444</ele>
        <time>2020-07-06T13:02:06.000Z</time>
      </trkpt>
      <trkpt lat="42.677829" lon="-2.069204">
        <ele>443</ele>
        <time>2020-07-06T13:02:26.000Z</time>
      </trkpt>
      <trkpt lat="42.677827" lon="-2.0696089999999998">
        <ele>443</ele>
        <time>2020-07-06T13:02:46.000Z</time>
      </trkpt>
      <trkpt lat="42.677721" lon="-2.0701559999999999">
        <ele>443</ele>
        <time>2020-07-06T13:03:06.000Z</time>
      </trkpt>
      <trkpt lat="42.677508" lon="-2.07077">
        <ele>442</ele>
        <time>2020-07-06T13:03:26.000Z</time>
      </trkpt>
      <trkpt lat="42.67709" lon="-2.0717919999999999">
        <ele>441</ele>
        <time>2020-07-06T13:03:46.000Z</time>
      </trkpt>
      <trkpt lat="42.676845" lon="-2.0723630000000002">
        <ele>441</ele>
        <time>2020-07-06T13:04:06.000Z</time>
      </trkpt>
      <trkpt lat="42.676569" lon="-2.0729259999999998">
        <ele>442</ele>
        <time>2020-07-06T13:04:26.000Z</time>
      </trkpt>
      <trkpt lat="42.676315" lon="-2.07335">
        <ele>441</ele>
        <time>2020-07-06T13:04:46.000Z</time>
      </trkpt>
      <trkpt lat="42.676066" lon="-2.0738089999999998">
        <ele>440</ele>
        <time>2020-07-06T13:05:06.000Z</time>
      </trkpt>
      <trkpt lat="42.675838" lon="-2.0743559999999999">
        <ele>441</ele>
        <time>2020-07-06T13:05:26.000Z</time>
      </trkpt>
      <trkpt lat="42.675605" lon="-2.0749409999999999">
        <ele>441</ele>
        <time>2020-07-06T13:05:46.000Z</time>
      </trkpt>
      <trkpt lat="42.675281" lon="-2.0754450000000002">
        <ele>441</ele>
        <time>2020-07-06T13:06:06.000Z</time>
      </trkpt>
      <trkpt lat="42.674998" lon="-2.0758420000000002">
        <ele>440</ele>
        <time>2020-07-06T13:06:26.000Z</time>
      </trkpt>
      <trkpt lat="42.674643" lon="-2.0762930000000002">
        <ele>442</ele>
        <time>2020-07-06T13:06:46.000Z</time>
      </trkpt>
      <trkpt lat="42.67439" lon="-2.0770170000000001">
        <ele>439</ele>
        <time>2020-07-06T13:07:06.000Z</time>
      </trkpt>
      <trkpt lat="42.674126" lon="-2.0774569999999999">
        <ele>440</ele>
        <time>2020-07-06T13:07:26.000Z</time>
      </trkpt>
      <trkpt lat="42.673956" lon="-2.078058">
        <ele>440</ele>
        <time>2020-07-06T13:07:46.000Z</time>
      </trkpt>
      <trkpt lat="42.673467" lon="-2.0789909999999998">
        <ele>440</ele>
        <time>2020-07-06T13:08:06.000Z</time>
      </trkpt>
      <trkpt lat="42.673124" lon="-2.079602">
        <ele>443</ele>
        <time>2020-07-06T13:08:26.000Z</time>
      </trkpt>
      <trkpt lat="42.672745" lon="-2.0800529999999999">
        <ele>448</ele>
        <time>2020-07-06T13:08:46.000Z</time>
      </trkpt>
      <trkpt lat="42.672284" lon="-2.080756">
        <ele>457</ele>
        <time>2020-07-06T13:09:06.000Z</time>
      </trkpt>
      <trkpt lat="42.671972" lon="-2.08162">
        <ele>461</ele>
        <time>2020-07-06T13:09:26.000Z</time>
      </trkpt>
      <trkpt lat="42.671669" lon="-2.0821179999999999">
        <ele>462</ele>
        <time>2020-07-06T13:09:46.000Z</time>
      </trkpt>
      <trkpt lat="42.671523" lon="-2.0823870000000002">
        <ele>463</ele>
        <time>2020-07-06T13:10:06.000Z</time>
      </trkpt>
      <trkpt lat="42.671404" lon="-2.0829659999999999">
        <ele>465</ele>
        <time>2020-07-06T13:10:26.000Z</time>
      </trkpt>
      <trkpt lat="42.671203" lon="-2.0835400000000002">
        <ele>467</ele>
        <time>2020-07-06T13:10:46.000Z</time>
      </trkpt>
      <trkpt lat="42.671105" lon="-2.0839639999999999">
        <ele>470</ele>
        <time>2020-07-06T13:11:06.000Z</time>
      </trkpt>
      <trkpt lat="42.670833" lon="-2.0843820000000002">
        <ele>472</ele>
        <time>2020-07-06T13:11:26.000Z</time>
      </trkpt>
      <trkpt lat="42.670513" lon="-2.0844839999999998">
        <ele>475</ele>
        <time>2020-07-06T13:11:46.000Z</time>
      </trkpt>
      <trkpt lat="42.670367" lon="-2.0845319999999998">
        <ele>476</ele>
        <time>2020-07-06T13:12:06.000Z</time>
      </trkpt>
      <trkpt lat="42.670154" lon="-2.0851489999999999">
        <ele>477</ele>
        <time>2020-07-06T13:12:26.000Z</time>
      </trkpt>
      <trkpt lat="42.669996" lon="-2.085696">
        <ele>478</ele>
        <time>2020-07-06T13:12:46.000Z</time>
      </trkpt>
      <trkpt lat="42.669799" lon="-2.0864530000000001">
        <ele>478</ele>
        <time>2020-07-06T13:13:06.000Z</time>
      </trkpt>
      <trkpt lat="42.669452" lon="-2.0868820000000001">
        <ele>482</ele>
        <time>2020-07-06T13:13:26.000Z</time>
      </trkpt>
      <trkpt lat="42.669085" lon="-2.0872410000000001">
        <ele>484</ele>
        <time>2020-07-06T13:13:46.000Z</time>
      </trkpt>
      <trkpt lat="42.668983" lon="-2.0876969999999999">
        <ele>484</ele>
        <time>2020-07-06T13:14:06.000Z</time>
      </trkpt>
      <trkpt lat="42.668904" lon="-2.0888610000000001">
        <ele>484</ele>
        <time>2020-07-06T13:14:26.000Z</time>
      </trkpt>
      <trkpt lat="42.668849" lon="-2.0898219999999998">
        <ele>483</ele>
        <time>2020-07-06T13:14:46.000Z</time>
      </trkpt>
      <trkpt lat="42.66903" lon="-2.090589">
        <ele>483</ele>
        <time>2020-07-06T13:15:06.000Z</time>
      </trkpt>
      <trkpt lat="42.669129" lon="-2.0912109999999999">
        <ele>480</ele>
        <time>2020-07-06T13:15:26.000Z</time>
      </trkpt>
      <trkpt lat="42.669089" lon="-2.0915330000000001">
        <ele>479</ele>
        <time>2020-07-06T13:15:46.000Z</time>
      </trkpt>
      <trkpt lat="42.669129" lon="-2.0919300000000001">
        <ele>478</ele>
        <time>2020-07-06T13:16:06.000Z</time>
      </trkpt>
      <trkpt lat="42.669042" lon="-2.0928789999999999">
        <ele>475</ele>
        <time>2020-07-06T13:16:26.000Z</time>
      </trkpt>
      <trkpt lat="42.669081" lon="-2.0932659999999998">
        <ele>474</ele>
        <time>2020-07-06T13:16:46.000Z</time>
      </trkpt>
      <trkpt lat="42.669239" lon="-2.0939199999999998">
        <ele>477</ele>
        <time>2020-07-06T13:17:06.000Z</time>
      </trkpt>
      <trkpt lat="42.669136" lon="-2.094821">
        <ele>481</ele>
        <time>2020-07-06T13:17:26.000Z</time>
      </trkpt>
      <trkpt lat="42.668931" lon="-2.0954169999999999">
        <ele>485</ele>
        <time>2020-07-06T13:17:46.000Z</time>
      </trkpt>
      <trkpt lat="42.668643" lon="-2.0958410000000001">
        <ele>486</ele>
        <time>2020-07-06T13:18:06.000Z</time>
      </trkpt>
      <trkpt lat="42.668379" lon="-2.0961789999999998">
        <ele>487</ele>
        <time>2020-07-06T13:18:26.000Z</time>
      </trkpt>
      <trkpt lat="42.668261" lon="-2.0965859999999998">
        <ele>489</ele>
        <time>2020-07-06T13:18:46.000Z</time>
      </trkpt>
      <trkpt lat="42.667819" lon="-2.0971440000000001">
        <ele>491</ele>
        <time>2020-07-06T13:19:06.000Z</time>
      </trkpt>
      <trkpt lat="42.667638" lon="-2.0980240000000001">
        <ele>495</ele>
        <time>2020-07-06T13:19:26.000Z</time>
      </trkpt>
      <trkpt lat="42.667503" lon="-2.0988180000000001">
        <ele>498</ele>
        <time>2020-07-06T13:19:46.000Z</time>
      </trkpt>
      <trkpt lat="42.667358" lon="-2.0994130000000002">
        <ele>501</ele>
        <time>2020-07-06T13:20:06.000Z</time>
      </trkpt>
      <trkpt lat="42.667358" lon="-2.099955">
        <ele>502</ele>
        <time>2020-07-06T13:20:26.000Z</time>
      </trkpt>
      <trkpt lat="42.667334" lon="-2.100352">
        <ele>503</ele>
        <time>2020-07-06T13:20:46.000Z</time>
      </trkpt>
      <trkpt lat="42.667255" lon="-2.100733">
        <ele>504</ele>
        <time>2020-07-06T13:21:06.000Z</time>
      </trkpt>
      <trkpt lat="42.667283" lon="-2.1013389999999998">
        <ele>506</ele>
        <time>2020-07-06T13:21:26.000Z</time>
      </trkpt>
      <trkpt lat="42.667184" lon="-2.101623">
        <ele>508</ele>
        <time>2020-07-06T13:21:46.000Z</time>
      </trkpt>
      <trkpt lat="42.667018" lon="-2.1019019999999999">
        <ele>509</ele>
        <time>2020-07-06T13:22:06.000Z</time>
      </trkpt>
      <trkpt lat="42.667038" lon="-2.1023480000000001">
        <ele>508</ele>
        <time>2020-07-06T13:22:26.000Z</time>
      </trkpt>
      <trkpt lat="42.666813" lon="-2.1027019999999998">
        <ele>509</ele>
        <time>2020-07-06T13:22:46.000Z</time>
      </trkpt>
      <trkpt lat="42.666604" lon="-2.1025939999999999">
        <ele>511</ele>
        <time>2020-07-06T13:23:06.000Z</time>
      </trkpt>
      <trkpt lat="42.666391" lon="-2.1024600000000002">
        <ele>513</ele>
        <time>2020-07-06T13:23:26.000Z</time>
      </trkpt>
      <trkpt lat="42.666265" lon="-2.1024600000000002">
        <ele>514</ele>
        <time>2020-07-06T13:23:46.000Z</time>
      </trkpt>
      <trkpt lat="42.666107" lon="-2.1022940000000001">
        <ele>516</ele>
        <time>2020-07-06T13:24:06.000Z</time>
      </trkpt>
      <trkpt lat="42.665563" lon="-2.1019559999999999">
        <ele>517</ele>
        <time>2020-07-06T13:24:26.000Z</time>
      </trkpt>
      <trkpt lat="42.665488" lon="-2.1019350000000001">
        <ele>518</ele>
        <time>2020-07-06T13:24:46.000Z</time>
      </trkpt>
      <trkpt lat="42.66522" lon="-2.1021489999999998">
        <ele>517</ele>
        <time>2020-07-06T13:25:06.000Z</time>
      </trkpt>
      <trkpt lat="42.665145" lon="-2.1022780000000001">
        <ele>516</ele>
        <time>2020-07-06T13:25:26.000Z</time>
      </trkpt>
      <trkpt lat="42.665011" lon="-2.102541">
        <ele>515</ele>
        <time>2020-07-06T13:25:46.000Z</time>
      </trkpt>
      <trkpt lat="42.664782" lon="-2.1027390000000001">
        <ele>515</ele>
        <time>2020-07-06T13:26:06.000Z</time>
      </trkpt>
      <trkpt lat="42.664652" lon="-2.1031629999999999">
        <ele>512</ele>
        <time>2020-07-06T13:26:26.000Z</time>
      </trkpt>
      <trkpt lat="42.664671" lon="-2.1035279999999998">
        <ele>509</ele>
        <time>2020-07-06T13:26:46.000Z</time>
      </trkpt>
      <trkpt lat="42.66462" lon="-2.1039029999999999">
        <ele>506</ele>
        <time>2020-07-06T13:27:06.000Z</time>
      </trkpt>
      <trkpt lat="42.664517" lon="-2.1044130000000001">
        <ele>502</ele>
        <time>2020-07-06T13:27:26.000Z</time>
      </trkpt>
      <trkpt lat="42.66432" lon="-2.104762">
        <ele>499</ele>
        <time>2020-07-06T13:27:46.000Z</time>
      </trkpt>
      <trkpt lat="42.664068" lon="-2.1052279999999999">
        <ele>495</ele>
        <time>2020-07-06T13:28:06.000Z</time>
      </trkpt>
      <trkpt lat="42.663902" lon="-2.1055929999999998">
        <ele>492</ele>
        <time>2020-07-06T13:28:26.000Z</time>
      </trkpt>
      <trkpt lat="42.663989" lon="-2.105861">
        <ele>492</ele>
        <time>2020-07-06T13:28:46.000Z</time>
      </trkpt>
      <trkpt lat="42.664046" lon="-2.1060219999999998">
        <ele>490</ele>
        <time>2020-07-06T13:29:06.000Z</time>
      </trkpt>
      <trkpt lat="42.66406" lon="-2.1061320000000001">
        <ele>489</ele>
        <time>2020-07-06T13:29:26.000Z</time>
      </trkpt>
      <trkpt lat="42.663997" lon="-2.1062639999999999">
        <ele>488</ele>
        <time>2020-07-06T13:29:46.000Z</time>
      </trkpt>
      <trkpt lat="42.663892" lon="-2.1063900000000002">
        <ele>486</ele>
        <time>2020-07-06T13:30:06.000Z</time>
      </trkpt>
      <trkpt lat="42.663705" lon="-2.1064889999999998">
        <ele>484</ele>
        <time>2020-07-06T13:30:26.000Z</time>
      </trkpt>
      <trkpt lat="42.663523" lon="-2.1067629999999999">
        <ele>482</ele>
        <time>2020-07-06T13:30:46.000Z</time>
      </trkpt>
      <trkpt lat="42.663375" lon="-2.1069659999999999">
        <ele>480</ele>
        <time>2020-07-06T13:31:06.000Z</time>
      </trkpt>
      <trkpt lat="42.663283" lon="-2.1070739999999999">
        <ele>480</ele>
        <time>2020-07-06T13:31:26.000Z</time>
      </trkpt>
      <trkpt lat="42.663204" lon="-2.107189">
        <ele>480</ele>
        <time>2020-07-06T13:31:46.000Z</time>
      </trkpt>
      <trkpt lat="42.663202" lon="-2.1074199999999998">
        <ele>482</ele>
        <time>2020-07-06T13:32:06.000Z</time>
      </trkpt>
      <trkpt lat="42.663161" lon="-2.1075140000000001">
        <ele>483</ele>
        <time>2020-07-06T13:32:26.000Z</time>
      </trkpt>
      <trkpt lat="42.663086" lon="-2.1077170000000001">
        <ele>484</ele>
        <time>2020-07-06T13:32:46.000Z</time>
      </trkpt>
      <trkpt lat="42.662995" lon="-2.1079210000000002">
        <ele>484</ele>
        <time>2020-07-06T13:33:06.000Z</time>
      </trkpt>
      <trkpt lat="42.662876" lon="-2.1080390000000002">
        <ele>484</ele>
        <time>2020-07-06T13:33:26.000Z</time>
      </trkpt>
      <trkpt lat="42.662756" lon="-2.1082109999999998">
        <ele>482</ele>
        <time>2020-07-06T13:33:46.000Z</time>
      </trkpt>
      <trkpt lat="42.662612" lon="-2.1085410000000002">
        <ele>482</ele>
        <time>2020-07-06T13:34:06.000Z</time>
      </trkpt>
      <trkpt lat="42.662514" lon="-2.108911">
        <ele>483</ele>
        <time>2020-07-06T13:34:26.000Z</time>
      </trkpt>
      <trkpt lat="42.662425" lon="-2.1092620000000002">
        <ele>486</ele>
        <time>2020-07-06T13:34:46.000Z</time>
      </trkpt>
      <trkpt lat="42.662344" lon="-2.109426">
        <ele>487</ele>
        <time>2020-07-06T13:35:06.000Z</time>
      </trkpt>
      <trkpt lat="42.662279" lon="-2.109667">
        <ele>488</ele>
        <time>2020-07-06T13:35:26.000Z</time>
      </trkpt>
      <trkpt lat="42.662253" lon="-2.1099679999999998">
        <ele>489</ele>
        <time>2020-07-06T13:35:46.000Z</time>
      </trkpt>
      <trkpt lat="42.662299" lon="-2.1101960000000002">
        <ele>489</ele>
        <time>2020-07-06T13:36:06.000Z</time>
      </trkpt>
      <trkpt lat="42.662437" lon="-2.110547">
        <ele>489</ele>
        <time>2020-07-06T13:36:26.000Z</time>
      </trkpt>
      <trkpt lat="42.662581" lon="-2.1108289999999998">
        <ele>490</ele>
        <time>2020-07-06T13:36:46.000Z</time>
      </trkpt>
      <trkpt lat="42.662719" lon="-2.1113119999999999">
        <ele>491</ele>
        <time>2020-07-06T13:37:06.000Z</time>
      </trkpt>
      <trkpt lat="42.662944" lon="-2.1117409999999999">
        <ele>492</ele>
        <time>2020-07-06T13:37:26.000Z</time>
      </trkpt>
      <trkpt lat="42.663202" lon="-2.112215">
        <ele>492</ele>
        <time>2020-07-06T13:37:46.000Z</time>
      </trkpt>
      <trkpt lat="42.663445" lon="-2.1126339999999999">
        <ele>493</ele>
        <time>2020-07-06T13:38:06.000Z</time>
      </trkpt>
      <trkpt lat="42.663628" lon="-2.1129500000000001">
        <ele>494</ele>
        <time>2020-07-06T13:38:26.000Z</time>
      </trkpt>
      <trkpt lat="42.663788" lon="-2.113219">
        <ele>493</ele>
        <time>2020-07-06T13:38:46.000Z</time>
      </trkpt>
      <trkpt lat="42.663794" lon="-2.1133449999999998">
        <ele>493</ele>
        <time>2020-07-06T13:39:06.000Z</time>
      </trkpt>
      <trkpt lat="42.663721" lon="-2.113559">
        <ele>493</ele>
        <time>2020-07-06T13:39:26.000Z</time>
      </trkpt>
      <trkpt lat="42.663638" lon="-2.1136560000000002">
        <ele>493</ele>
        <time>2020-07-06T13:39:46.000Z</time>
      </trkpt>
      <trkpt lat="42.663486" lon="-2.1140150000000002">
        <ele>493</ele>
        <time>2020-07-06T13:40:06.000Z</time>
      </trkpt>
      <trkpt lat="42.663409" lon="-2.1141139999999998">
        <ele>492</ele>
        <time>2020-07-06T13:40:26.000Z</time>
      </trkpt>
      <trkpt lat="42.663228" lon="-2.1142300000000001">
        <ele>490</ele>
        <time>2020-07-06T13:40:46.000Z</time>
      </trkpt>
      <trkpt lat="42.66302" lon="-2.1144099999999999">
        <ele>489</ele>
        <time>2020-07-06T13:41:06.000Z</time>
      </trkpt>
      <trkpt lat="42.662878" lon="-2.1146370000000001">
        <ele>486</ele>
        <time>2020-07-06T13:41:26.000Z</time>
      </trkpt>
      <trkpt lat="42.66274" lon="-2.114935">
        <ele>483</ele>
        <time>2020-07-06T13:41:46.000Z</time>
      </trkpt>
      <trkpt lat="42.662596" lon="-2.1151339999999998">
        <ele>482</ele>
        <time>2020-07-06T13:42:06.000Z</time>
      </trkpt>
      <trkpt lat="42.662419" lon="-2.1152090000000001">
        <ele>481</ele>
        <time>2020-07-06T13:42:26.000Z</time>
      </trkpt>
      <trkpt lat="42.662235" lon="-2.1151659999999999">
        <ele>479</ele>
        <time>2020-07-06T13:42:46.000Z</time>
      </trkpt>
      <trkpt lat="42.662088" lon="-2.1152009999999999">
        <ele>479</ele>
        <time>2020-07-06T13:43:06.000Z</time>
      </trkpt>
      <trkpt lat="42.661813" lon="-2.115313">
        <ele>477</ele>
        <time>2020-07-06T13:43:26.000Z</time>
      </trkpt>
      <trkpt lat="42.661504" lon="-2.1153400000000002">
        <ele>472</ele>
        <time>2020-07-06T13:43:46.000Z</time>
      </trkpt>
      <trkpt lat="42.661153" lon="-2.1154099999999998">
        <ele>468</ele>
        <time>2020-07-06T13:44:06.000Z</time>
      </trkpt>
      <trkpt lat="42.661052" lon="-2.1153620000000002">
        <ele>467</ele>
        <time>2020-07-06T13:44:26.000Z</time>
      </trkpt>
      <trkpt lat="42.660902" lon="-2.1152730000000002">
        <ele>467</ele>
        <time>2020-07-06T13:44:46.000Z</time>
      </trkpt>
      <trkpt lat="42.660746" lon="-2.1152570000000002">
        <ele>464</ele>
        <time>2020-07-06T13:45:06.000Z</time>
      </trkpt>
      <trkpt lat="42.660654" lon="-2.1154289999999998">
        <ele>463</ele>
        <time>2020-07-06T13:45:26.000Z</time>
      </trkpt>
      <trkpt lat="42.660697" lon="-2.1157430000000002">
        <ele>463</ele>
        <time>2020-07-06T13:45:46.000Z</time>
      </trkpt>
      <trkpt lat="42.66078" lon="-2.1159970000000001">
        <ele>461</ele>
        <time>2020-07-06T13:46:06.000Z</time>
      </trkpt>
      <trkpt lat="42.660748" lon="-2.116174">
        <ele>458</ele>
        <time>2020-07-06T13:46:26.000Z</time>
      </trkpt>
      <trkpt lat="42.660618" lon="-2.1163509999999999">
        <ele>457</ele>
        <time>2020-07-06T13:46:46.000Z</time>
      </trkpt>
      <trkpt lat="42.660642" lon="-2.1165959999999999">
        <ele>457</ele>
        <time>2020-07-06T13:47:06.000Z</time>
      </trkpt>
      <trkpt lat="42.66062" lon="-2.1167639999999999">
        <ele>458</ele>
        <time>2020-07-06T13:47:26.000Z</time>
      </trkpt>
      <trkpt lat="42.660563" lon="-2.1168179999999999">
        <ele>459</ele>
        <time>2020-07-06T13:47:46.000Z</time>
      </trkpt>
      <trkpt lat="42.660322" lon="-2.1168019999999999">
        <ele>458</ele>
        <time>2020-07-06T13:48:06.000Z</time>
      </trkpt>
      <trkpt lat="42.660182" lon="-2.1169600000000002">
        <ele>458</ele>
        <time>2020-07-06T13:48:26.000Z</time>
      </trkpt>
      <trkpt lat="42.659843" lon="-2.1175799999999998">
        <ele>459</ele>
        <time>2020-07-06T13:48:46.000Z</time>
      </trkpt>
      <trkpt lat="42.6596" lon="-2.1181809999999999">
        <ele>460</ele>
        <time>2020-07-06T13:49:06.000Z</time>
      </trkpt>
      <trkpt lat="42.659314" lon="-2.1190419999999999">
        <ele>458</ele>
        <time>2020-07-06T13:49:26.000Z</time>
      </trkpt>
      <trkpt lat="42.659188" lon="-2.120072">
        <ele>459</ele>
        <time>2020-07-06T13:49:46.000Z</time>
      </trkpt>
      <trkpt lat="42.659227" lon="-2.1212840000000002">
        <ele>459</ele>
        <time>2020-07-06T13:50:06.000Z</time>
      </trkpt>
      <trkpt lat="42.65918" lon="-2.1219600000000001">
        <ele>459</ele>
        <time>2020-07-06T13:50:26.000Z</time>
      </trkpt>
      <trkpt lat="42.659172" lon="-2.122668">
        <ele>461</ele>
        <time>2020-07-06T13:50:46.000Z</time>
      </trkpt>
      <trkpt lat="42.659014" lon="-2.1233010000000001">
        <ele>464</ele>
        <time>2020-07-06T13:51:06.000Z</time>
      </trkpt>
      <trkpt lat="42.658754" lon="-2.1241699999999999">
        <ele>465</ele>
        <time>2020-07-06T13:51:26.000Z</time>
      </trkpt>
      <trkpt lat="42.658312" lon="-2.1249099999999999">
        <ele>462</ele>
        <time>2020-07-06T13:51:46.000Z</time>
      </trkpt>
      <trkpt lat="42.657799" lon="-2.1259619999999999">
        <ele>461</ele>
        <time>2020-07-06T13:52:06.000Z</time>
      </trkpt>
      <trkpt lat="42.657389" lon="-2.126563">
        <ele>462</ele>
        <time>2020-07-06T13:52:26.000Z</time>
      </trkpt>
      <trkpt lat="42.656756" lon="-2.127373">
        <ele>464</ele>
        <time>2020-07-06T13:52:46.000Z</time>
      </trkpt>
      <trkpt lat="42.656616" lon="-2.1277940000000002">
        <ele>465</ele>
        <time>2020-07-06T13:53:06.000Z</time>
      </trkpt>
      <trkpt lat="42.656594" lon="-2.1284589999999999">
        <ele>462</ele>
        <time>2020-07-06T13:53:26.000Z</time>
      </trkpt>
      <trkpt lat="42.656632" lon="-2.1290360000000002">
        <ele>461</ele>
        <time>2020-07-06T13:53:46.000Z</time>
      </trkpt>
      <trkpt lat="42.656638" lon="-2.1299959999999998">
        <ele>461</ele>
        <time>2020-07-06T13:54:06.000Z</time>
      </trkpt>
      <trkpt lat="42.656677" lon="-2.131195">
        <ele>460</ele>
        <time>2020-07-06T13:54:26.000Z</time>
      </trkpt>
      <trkpt lat="42.656714" lon="-2.1328420000000001">
        <ele>463</ele>
        <time>2020-07-06T13:54:46.000Z</time>
      </trkpt>
      <trkpt lat="42.656768" lon="-2.1345740000000002">
        <ele>464</ele>
        <time>2020-07-06T13:55:06.000Z</time>
      </trkpt>
      <trkpt lat="42.656833" lon="-2.1349870000000002">
        <ele>465</ele>
        <time>2020-07-06T13:55:26.000Z</time>
      </trkpt>
      <trkpt lat="42.657099" lon="-2.1358000000000001">
        <ele>464</ele>
        <time>2020-07-06T13:55:46.000Z</time>
      </trkpt>
      <trkpt lat="42.657474" lon="-2.13686">
        <ele>463</ele>
        <time>2020-07-06T13:56:06.000Z</time>
      </trkpt>
      <trkpt lat="42.657943" lon="-2.1380849999999998">
        <ele>466</ele>
        <time>2020-07-06T13:56:26.000Z</time>
      </trkpt>
      <trkpt lat="42.65822" lon="-2.138995">
        <ele>469</ele>
        <time>2020-07-06T13:56:46.000Z</time>
      </trkpt>
      <trkpt lat="42.658267" lon="-2.1395979999999999">
        <ele>470</ele>
        <time>2020-07-06T13:57:06.000Z</time>
      </trkpt>
      <trkpt lat="42.658312" lon="-2.1417760000000001">
        <ele>474</ele>
        <time>2020-07-06T13:57:26.000Z</time>
      </trkpt>
      <trkpt lat="42.65832" lon="-2.1442869999999998">
        <ele>475</ele>
        <time>2020-07-06T13:57:46.000Z</time>
      </trkpt>
      <trkpt lat="42.65836" lon="-2.1472159999999998">
        <ele>475</ele>
        <time>2020-07-06T13:58:06.000Z</time>
      </trkpt>
      <trkpt lat="42.658407" lon="-2.1494900000000001">
        <ele>475</ele>
        <time>2020-07-06T13:58:26.000Z</time>
      </trkpt>
      <trkpt lat="42.658407" lon="-2.152253">
        <ele>482</ele>
        <time>2020-07-06T13:58:46.000Z</time>
      </trkpt>
      <trkpt lat="42.658435" lon="-2.1533039999999999">
        <ele>479</ele>
        <time>2020-07-06T13:59:06.000Z</time>
      </trkpt>
      <trkpt lat="42.658474" lon="-2.1560290000000002">
        <ele>486</ele>
        <time>2020-07-06T13:59:26.000Z</time>
      </trkpt>
      <trkpt lat="42.658521" lon="-2.1580889999999999">
        <ele>486</ele>
        <time>2020-07-06T13:59:46.000Z</time>
      </trkpt>
      <trkpt lat="42.658687" lon="-2.158175">
        <ele>487</ele>
        <time>2020-07-06T14:00:06.000Z</time>
      </trkpt>
      <trkpt lat="42.658667" lon="-2.1587809999999998">
        <ele>486</ele>
        <time>2020-07-06T14:00:26.000Z</time>
      </trkpt>
      <trkpt lat="42.658577" lon="-2.1596129999999998">
        <ele>487</ele>
        <time>2020-07-06T14:00:46.000Z</time>
      </trkpt>
      <trkpt lat="42.658509" lon="-2.1596929999999999">
        <ele>487</ele>
        <time>2020-07-06T14:01:06.000Z</time>
      </trkpt>
      <trkpt lat="42.658506" lon="-2.160857">
        <ele>488</ele>
        <time>2020-07-06T14:01:26.000Z</time>
      </trkpt>
      <trkpt lat="42.658533" lon="-2.1624289999999999">
        <ele>486</ele>
        <time>2020-07-06T14:01:46.000Z</time>
      </trkpt>
      <trkpt lat="42.658565" lon="-2.1632980000000002">
        <ele>486</ele>
        <time>2020-07-06T14:02:06.000Z</time>
      </trkpt>
      <trkpt lat="42.658801" lon="-2.1641349999999999">
        <ele>484</ele>
        <time>2020-07-06T14:02:26.000Z</time>
      </trkpt>
      <trkpt lat="42.65935" lon="-2.1654439999999999">
        <ele>485</ele>
        <time>2020-07-06T14:02:46.000Z</time>
      </trkpt>
      <trkpt lat="42.659583" lon="-2.1660979999999999">
        <ele>485</ele>
        <time>2020-07-06T14:03:06.000Z</time>
      </trkpt>
      <trkpt lat="42.659926" lon="-2.168126">
        <ele>485</ele>
        <time>2020-07-06T14:03:26.000Z</time>
      </trkpt>
      <trkpt lat="42.660194" lon="-2.1696550000000001">
        <ele>490</ele>
        <time>2020-07-06T14:03:46.000Z</time>
      </trkpt>
      <trkpt lat="42.660596" lon="-2.1721819999999998">
        <ele>484</ele>
        <time>2020-07-06T14:04:06.000Z</time>
      </trkpt>
      <trkpt lat="42.660892" lon="-2.1738119999999999">
        <ele>490</ele>
        <time>2020-07-06T14:04:26.000Z</time>
      </trkpt>
      <trkpt lat="42.661097" lon="-2.1752660000000001">
        <ele>488</ele>
        <time>2020-07-06T14:04:46.000Z</time>
      </trkpt>
      <trkpt lat="42.661117" lon="-2.175894">
        <ele>487</ele>
        <time>2020-07-06T14:05:06.000Z</time>
      </trkpt>
      <trkpt lat="42.660892" lon="-2.178077">
        <ele>487</ele>
        <time>2020-07-06T14:05:26.000Z</time>
      </trkpt>
      <trkpt lat="42.660758" lon="-2.1795469999999999">
        <ele>487</ele>
        <time>2020-07-06T14:05:46.000Z</time>
      </trkpt>
      <trkpt lat="42.660482" lon="-2.1822020000000002">
        <ele>488</ele>
        <time>2020-07-06T14:06:06.000Z</time>
      </trkpt>
      <trkpt lat="42.66023" lon="-2.1847129999999999">
        <ele>489</ele>
        <time>2020-07-06T14:06:26.000Z</time>
      </trkpt>
      <trkpt lat="42.660048" lon="-2.1863329999999999">
        <ele>488</ele>
        <time>2020-07-06T14:06:46.000Z</time>
      </trkpt>
      <trkpt lat="42.660001" lon="-2.1868259999999999">
        <ele>488</ele>
        <time>2020-07-06T14:07:06.000Z</time>
      </trkpt>
      <trkpt lat="42.66008" lon="-2.1875879999999999">
        <ele>488</ele>
        <time>2020-07-06T14:07:26.000Z</time>
      </trkpt>
      <trkpt lat="42.660364" lon="-2.1884199999999998">
        <ele>488</ele>
        <time>2020-07-06T14:07:46.000Z</time>
      </trkpt>
      <trkpt lat="42.660277" lon="-2.1885379999999999">
        <ele>488</ele>
        <time>2020-07-06T14:08:06.000Z</time>
      </trkpt>
      <trkpt lat="42.660975" lon="-2.1898309999999999">
        <ele>487</ele>
        <time>2020-07-06T14:08:26.000Z</time>
      </trkpt>
      <trkpt lat="42.661409" lon="-2.1899109999999999">
        <ele>489</ele>
        <time>2020-07-06T14:08:46.000Z</time>
      </trkpt>
      <trkpt lat="42.662064" lon="-2.1910159999999999">
        <ele>488</ele>
        <time>2020-07-06T14:09:06.000Z</time>
      </trkpt>
      <trkpt lat="42.662573" lon="-2.1919439999999999">
        <ele>487</ele>
        <time>2020-07-06T14:09:26.000Z</time>
      </trkpt>
      <trkpt lat="42.662671" lon="-2.1924969999999999">
        <ele>487</ele>
        <time>2020-07-06T14:09:46.000Z</time>
      </trkpt>
      <trkpt lat="42.662853" lon="-2.1932049999999998">
        <ele>488</ele>
        <time>2020-07-06T14:10:06.000Z</time>
      </trkpt>
      <trkpt lat="42.662951" lon="-2.1937790000000001">
        <ele>488</ele>
        <time>2020-07-06T14:10:26.000Z</time>
      </trkpt>
      <trkpt lat="42.663192" lon="-2.1959249999999999">
        <ele>488</ele>
        <time>2020-07-06T14:10:46.000Z</time>
      </trkpt>
      <trkpt lat="42.663377" lon="-2.1975389999999999">
        <ele>488</ele>
        <time>2020-07-06T14:11:06.000Z</time>
      </trkpt>
      <trkpt lat="42.663535" lon="-2.1988750000000001">
        <ele>489</ele>
        <time>2020-07-06T14:11:26.000Z</time>
      </trkpt>
      <trkpt lat="42.663709" lon="-2.2004519999999999">
        <ele>486</ele>
        <time>2020-07-06T14:11:46.000Z</time>
      </trkpt>
      <trkpt lat="42.663701" lon="-2.2012299999999998">
        <ele>488</ele>
        <time>2020-07-06T14:12:06.000Z</time>
      </trkpt>
      <trkpt lat="42.663527" lon="-2.202013">
        <ele>488</ele>
        <time>2020-07-06T14:12:26.000Z</time>
      </trkpt>
      <trkpt lat="42.662983" lon="-2.2031179999999999">
        <ele>487</ele>
        <time>2020-07-06T14:12:46.000Z</time>
      </trkpt>
      <trkpt lat="42.662478" lon="-2.2041270000000002">
        <ele>487</ele>
        <time>2020-07-06T14:13:06.000Z</time>
      </trkpt>
      <trkpt lat="42.662301" lon="-2.2048830000000001">
        <ele>489</ele>
        <time>2020-07-06T14:13:26.000Z</time>
      </trkpt>
      <trkpt lat="42.662332" lon="-2.2057150000000001">
        <ele>490</ele>
        <time>2020-07-06T14:13:46.000Z</time>
      </trkpt>
      <trkpt lat="42.662541" lon="-2.2064599999999999">
        <ele>486</ele>
        <time>2020-07-06T14:14:06.000Z</time>
      </trkpt>
      <trkpt lat="42.663015" lon="-2.2076190000000002">
        <ele>488</ele>
        <time>2020-07-06T14:14:26.000Z</time>
      </trkpt>
      <trkpt lat="42.663602" lon="-2.209003">
        <ele>487</ele>
        <time>2020-07-06T14:14:46.000Z</time>
      </trkpt>
      <trkpt lat="42.66376" lon="-2.2095449999999999">
        <ele>488</ele>
        <time>2020-07-06T14:15:06.000Z</time>
      </trkpt>
      <trkpt lat="42.663953" lon="-2.2108970000000001">
        <ele>490</ele>
        <time>2020-07-06T14:15:26.000Z</time>
      </trkpt>
      <trkpt lat="42.664076" lon="-2.211465">
        <ele>491</ele>
        <time>2020-07-06T14:15:46.000Z</time>
      </trkpt>
      <trkpt lat="42.664328" lon="-2.2121469999999999">
        <ele>490</ele>
        <time>2020-07-06T14:16:06.000Z</time>
      </trkpt>
      <trkpt lat="42.665082" lon="-2.2134230000000001">
        <ele>488</ele>
        <time>2020-07-06T14:16:26.000Z</time>
      </trkpt>
      <trkpt lat="42.665685" lon="-2.2144910000000002">
        <ele>486</ele>
        <time>2020-07-06T14:16:46.000Z</time>
      </trkpt>
      <trkpt lat="42.666379" lon="-2.215703">
        <ele>485</ele>
        <time>2020-07-06T14:17:06.000Z</time>
      </trkpt>
      <trkpt lat="42.666632" lon="-2.2160630000000001">
        <ele>486</ele>
        <time>2020-07-06T14:17:26.000Z</time>
      </trkpt>
      <trkpt lat="42.667302" lon="-2.2168730000000001">
        <ele>485</ele>
        <time>2020-07-06T14:17:46.000Z</time>
      </trkpt>
      <trkpt lat="42.668825" lon="-2.2187070000000002">
        <ele>486</ele>
        <time>2020-07-06T14:18:06.000Z</time>
      </trkpt>
      <trkpt lat="42.669693" lon="-2.2197369999999998">
        <ele>487</ele>
        <time>2020-07-06T14:18:26.000Z</time>
      </trkpt>
      <trkpt lat="42.669937" lon="-2.2202999999999999">
        <ele>488</ele>
        <time>2020-07-06T14:18:46.000Z</time>
      </trkpt>
      <trkpt lat="42.67002" lon="-2.2206709999999998">
        <ele>491</ele>
        <time>2020-07-06T14:19:06.000Z</time>
      </trkpt>
      <trkpt lat="42.670067" lon="-2.2219530000000001">
        <ele>495</ele>
        <time>2020-07-06T14:19:26.000Z</time>
      </trkpt>
      <trkpt lat="42.670056" lon="-2.2230949999999998">
        <ele>491</ele>
        <time>2020-07-06T14:19:46.000Z</time>
      </trkpt>
      <trkpt lat="42.670044" lon="-2.2253219999999998">
        <ele>495</ele>
        <time>2020-07-06T14:20:06.000Z</time>
      </trkpt>
      <trkpt lat="42.670052" lon="-2.2279879999999999">
        <ele>503</ele>
        <time>2020-07-06T14:20:26.000Z</time>
      </trkpt>
      <trkpt lat="42.670008" lon="-2.229565">
        <ele>499</ele>
        <time>2020-07-06T14:20:46.000Z</time>
      </trkpt>
      <trkpt lat="42.669775" lon="-2.2305139999999999">
        <ele>498</ele>
        <time>2020-07-06T14:21:06.000Z</time>
      </trkpt>
      <trkpt lat="42.669385" lon="-2.2313079999999998">
        <ele>504</ele>
        <time>2020-07-06T14:21:26.000Z</time>
      </trkpt>
      <trkpt lat="42.669093" lon="-2.231652">
        <ele>506</ele>
        <time>2020-07-06T14:21:46.000Z</time>
      </trkpt>
      <trkpt lat="42.668371" lon="-2.2321019999999998">
        <ele>509</ele>
        <time>2020-07-06T14:22:06.000Z</time>
      </trkpt>
      <trkpt lat="42.667117" lon="-2.232612">
        <ele>509</ele>
        <time>2020-07-06T14:22:26.000Z</time>
      </trkpt>
      <trkpt lat="42.666048" lon="-2.2330359999999998">
        <ele>510</ele>
        <time>2020-07-06T14:22:46.000Z</time>
      </trkpt>
      <trkpt lat="42.665417" lon="-2.2334160000000001">
        <ele>507</ele>
        <time>2020-07-06T14:23:06.000Z</time>
      </trkpt>
      <trkpt lat="42.665093" lon="-2.2336689999999999">
        <ele>507</ele>
        <time>2020-07-06T14:23:26.000Z</time>
      </trkpt>
      <trkpt lat="42.664699" lon="-2.2343769999999998">
        <ele>507</ele>
        <time>2020-07-06T14:23:46.000Z</time>
      </trkpt>
      <trkpt lat="42.664529" lon="-2.2349350000000001">
        <ele>510</ele>
        <time>2020-07-06T14:24:06.000Z</time>
      </trkpt>
      <trkpt lat="42.66447" lon="-2.2357819999999999">
        <ele>513</ele>
        <time>2020-07-06T14:24:26.000Z</time>
      </trkpt>
      <trkpt lat="42.664529" lon="-2.2376969999999998">
        <ele>517</ele>
        <time>2020-07-06T14:24:46.000Z</time>
      </trkpt>
      <trkpt lat="42.664561" lon="-2.2388940000000002">
        <ele>518</ele>
        <time>2020-07-06T14:25:06.000Z</time>
      </trkpt>
      <trkpt lat="42.665579" lon="-2.2375470000000002">
        <ele>514</ele>
        <time>2020-07-06T14:25:26.000Z</time>
      </trkpt>
      <trkpt lat="42.666091" lon="-2.2396020000000001">
        <ele>515</ele>
        <time>2020-07-06T14:25:46.000Z</time>
      </trkpt>
      <trkpt lat="42.666478" lon="-2.2413240000000001">
        <ele>517</ele>
        <time>2020-07-06T14:26:06.000Z</time>
      </trkpt>
      <trkpt lat="42.666924" lon="-2.243287">
        <ele>520</ele>
        <time>2020-07-06T14:26:26.000Z</time>
      </trkpt>
      <trkpt lat="42.667101" lon="-2.2440000000000002">
        <ele>521</ele>
        <time>2020-07-06T14:26:46.000Z</time>
      </trkpt>
      <trkpt lat="42.666675" lon="-2.2446229999999998">
        <ele>522</ele>
        <time>2020-07-06T14:27:06.000Z</time>
      </trkpt>
      <trkpt lat="42.66617" lon="-2.24539">
        <ele>525</ele>
        <time>2020-07-06T14:27:26.000Z</time>
      </trkpt>
      <trkpt lat="42.666399" lon="-2.2458300000000002">
        <ele>525</ele>
        <time>2020-07-06T14:27:46.000Z</time>
      </trkpt>
      <trkpt lat="42.667006" lon="-2.246972">
        <ele>526</ele>
        <time>2020-07-06T14:28:06.000Z</time>
      </trkpt>
      <trkpt lat="42.66662" lon="-2.2473260000000002">
        <ele>527</ele>
        <time>2020-07-06T14:28:26.000Z</time>
      </trkpt>
      <trkpt lat="42.666202" lon="-2.2473909999999999">
        <ele>527</ele>
        <time>2020-07-06T14:28:46.000Z</time>
      </trkpt>
      <trkpt lat="42.665878" lon="-2.2475360000000002">
        <ele>527</ele>
        <time>2020-07-06T14:29:06.000Z</time>
      </trkpt>
      <trkpt lat="42.666115" lon="-2.2485819999999999">
        <ele>530</ele>
        <time>2020-07-06T14:29:26.000Z</time>
      </trkpt>
      <trkpt lat="42.666364" lon="-2.2495310000000002">
        <ele>532</ele>
        <time>2020-07-06T14:29:46.000Z</time>
      </trkpt>
      <trkpt lat="42.66688" lon="-2.249644">
        <ele>533</ele>
        <time>2020-07-06T14:30:06.000Z</time>
      </trkpt>
      <trkpt lat="42.667137" lon="-2.2499009999999999">
        <ele>534</ele>
        <time>2020-07-06T14:30:26.000Z</time>
      </trkpt>
      <trkpt lat="42.667578" lon="-2.2504909999999998">
        <ele>534</ele>
        <time>2020-07-06T14:30:46.000Z</time>
      </trkpt>
      <trkpt lat="42.667736" lon="-2.250416">
        <ele>532</ele>
        <time>2020-07-06T14:31:06.000Z</time>
      </trkpt>
      <trkpt lat="42.667819" lon="-2.2501959999999999">
        <ele>531</ele>
        <time>2020-07-06T14:31:26.000Z</time>
      </trkpt>
      <trkpt lat="42.668095" lon="-2.2499980000000002">
        <ele>528</ele>
        <time>2020-07-06T14:31:46.000Z</time>
      </trkpt>
      <trkpt lat="42.668253" lon="-2.249984">
        <ele>528</ele>
        <time>2020-07-06T14:32:06.000Z</time>
      </trkpt>
      <trkpt lat="42.668255" lon="-2.2497349999999998">
        <ele>528</ele>
        <time>2020-07-06T14:32:26.000Z</time>
      </trkpt>
      <trkpt lat="42.668466" lon="-2.250111">
        <ele>528</ele>
        <time>2020-07-06T14:32:46.000Z</time>
      </trkpt>
      <trkpt lat="42.668697" lon="-2.250572">
        <ele>530</ele>
        <time>2020-07-06T14:33:06.000Z</time>
      </trkpt>
      <trkpt lat="42.668878" lon="-2.2511299999999999">
        <ele>532</ele>
        <time>2020-07-06T14:33:26.000Z</time>
      </trkpt>
      <trkpt lat="42.669018" lon="-2.2518729999999998">
        <ele>533</ele>
        <time>2020-07-06T14:33:46.000Z</time>
      </trkpt>
      <trkpt lat="42.669089" lon="-2.2525919999999999">
        <ele>533</ele>
        <time>2020-07-06T14:34:06.000Z</time>
      </trkpt>
      <trkpt lat="42.669152" lon="-2.2533430000000001">
        <ele>535</ele>
        <time>2020-07-06T14:34:26.000Z</time>
      </trkpt>
      <trkpt lat="42.669257" lon="-2.2545280000000001">
        <ele>537</ele>
        <time>2020-07-06T14:34:46.000Z</time>
      </trkpt>
      <trkpt lat="42.669377" lon="-2.2558910000000001">
        <ele>540</ele>
        <time>2020-07-06T14:35:06.000Z</time>
      </trkpt>
      <trkpt lat="42.669489" lon="-2.2571409999999998">
        <ele>541</ele>
        <time>2020-07-06T14:35:26.000Z</time>
      </trkpt>
      <trkpt lat="42.66958" lon="-2.2581220000000002">
        <ele>546</ele>
        <time>2020-07-06T14:35:46.000Z</time>
      </trkpt>
      <trkpt lat="42.669655" lon="-2.2589809999999999">
        <ele>548</ele>
        <time>2020-07-06T14:36:06.000Z</time>
      </trkpt>
      <trkpt lat="42.669728" lon="-2.2593559999999999">
        <ele>548</ele>
        <time>2020-07-06T14:36:26.000Z</time>
      </trkpt>
      <trkpt lat="42.669977" lon="-2.2600449999999999">
        <ele>549</ele>
        <time>2020-07-06T14:36:46.000Z</time>
      </trkpt>
      <trkpt lat="42.67041" lon="-2.2608579999999998">
        <ele>555</ele>
        <time>2020-07-06T14:37:06.000Z</time>
      </trkpt>
      <trkpt lat="42.671724" lon="-2.2631190000000001">
        <ele>590</ele>
        <time>2020-07-06T14:37:26.000Z</time>
      </trkpt>
      <trkpt lat="42.673002" lon="-2.2654369999999999">
        <ele>582</ele>
        <time>2020-07-06T14:37:46.000Z</time>
      </trkpt>
      <trkpt lat="42.674327" lon="-2.267668">
        <ele>621</ele>
        <time>2020-07-06T14:38:06.000Z</time>
      </trkpt>
      <trkpt lat="42.675652" lon="-2.2698779999999998">
        <ele>637</ele>
        <time>2020-07-06T14:38:26.000Z</time>
      </trkpt>
      <trkpt lat="42.67693" lon="-2.2721309999999999">
        <ele>586</ele>
        <time>2020-07-06T14:38:46.000Z</time>
      </trkpt>
      <trkpt lat="42.678224" lon="-2.2742990000000001">
        <ele>560</ele>
        <time>2020-07-06T14:39:06.000Z</time>
      </trkpt>
      <trkpt lat="42.678476" lon="-2.2748460000000001">
        <ele>551</ele>
        <time>2020-07-06T14:39:26.000Z</time>
      </trkpt>
      <trkpt lat="42.678902" lon="-2.2754249999999998">
        <ele>547</ele>
        <time>2020-07-06T14:39:46.000Z</time>
      </trkpt>
      <trkpt lat="42.679359" lon="-2.275747">
        <ele>540</ele>
        <time>2020-07-06T14:40:06.000Z</time>
      </trkpt>
      <trkpt lat="42.680472" lon="-2.27623">
        <ele>531</ele>
        <time>2020-07-06T14:40:26.000Z</time>
      </trkpt>
      <trkpt lat="42.680921" lon="-2.2764769999999999">
        <ele>543</ele>
        <time>2020-07-06T14:40:46.000Z</time>
      </trkpt>
      <trkpt lat="42.681875" lon="-2.2774740000000002">
        <ele>545</ele>
        <time>2020-07-06T14:41:06.000Z</time>
      </trkpt>
      <trkpt lat="42.682672" lon="-2.278365">
        <ele>544</ele>
        <time>2020-07-06T14:41:26.000Z</time>
      </trkpt>
      <trkpt lat="42.682956" lon="-2.2790620000000001">
        <ele>543</ele>
        <time>2020-07-06T14:41:46.000Z</time>
      </trkpt>
      <trkpt lat="42.683035" lon="-2.2800919999999998">
        <ele>545</ele>
        <time>2020-07-06T14:42:06.000Z</time>
      </trkpt>
      <trkpt lat="42.683177" lon="-2.2823880000000001">
        <ele>549</ele>
        <time>2020-07-06T14:42:26.000Z</time>
      </trkpt>
      <trkpt lat="42.68324" lon="-2.284008">
        <ele>543</ele>
        <time>2020-07-06T14:42:46.000Z</time>
      </trkpt>
      <trkpt lat="42.683366" lon="-2.2850060000000001">
        <ele>550</ele>
        <time>2020-07-06T14:43:06.000Z</time>
      </trkpt>
      <trkpt lat="42.683587" lon="-2.2856930000000002">
        <ele>549</ele>
        <time>2020-07-06T14:43:26.000Z</time>
      </trkpt>
      <trkpt lat="42.684241" lon="-2.286508">
        <ele>552</ele>
        <time>2020-07-06T14:43:46.000Z</time>
      </trkpt>
      <trkpt lat="42.684928" lon="-2.2872910000000002">
        <ele>545</ele>
        <time>2020-07-06T14:44:06.000Z</time>
      </trkpt>
      <trkpt lat="42.685361" lon="-2.2880099999999999">
        <ele>541</ele>
        <time>2020-07-06T14:44:26.000Z</time>
      </trkpt>
      <trkpt lat="42.685559" lon="-2.2889330000000001">
        <ele>548</ele>
        <time>2020-07-06T14:44:46.000Z</time>
      </trkpt>
      <trkpt lat="42.685606" lon="-2.29081">
        <ele>548</ele>
        <time>2020-07-06T14:45:06.000Z</time>
      </trkpt>
      <trkpt lat="42.685669" lon="-2.2920120000000002">
        <ele>546</ele>
        <time>2020-07-06T14:45:26.000Z</time>
      </trkpt>
      <trkpt lat="42.685866" lon="-2.2929560000000002">
        <ele>542</ele>
        <time>2020-07-06T14:45:46.000Z</time>
      </trkpt>
      <trkpt lat="42.686308" lon="-2.293739">
        <ele>544</ele>
        <time>2020-07-06T14:46:06.000Z</time>
      </trkpt>
      <trkpt lat="42.686907" lon="-2.2943190000000002">
        <ele>548</ele>
        <time>2020-07-06T14:46:26.000Z</time>
      </trkpt>
      <trkpt lat="42.687704" lon="-2.294683">
        <ele>548</ele>
        <time>2020-07-06T14:46:46.000Z</time>
      </trkpt>
      <trkpt lat="42.688177" lon="-2.2950379999999999">
        <ele>550</ele>
        <time>2020-07-06T14:47:06.000Z</time>
      </trkpt>
      <trkpt lat="42.688445" lon="-2.2954340000000002">
        <ele>551</ele>
        <time>2020-07-06T14:47:26.000Z</time>
      </trkpt>
      <trkpt lat="42.688753" lon="-2.295992">
        <ele>553</ele>
        <time>2020-07-06T14:47:46.000Z</time>
      </trkpt>
      <trkpt lat="42.688839" lon="-2.2962929999999999">
        <ele>553</ele>
        <time>2020-07-06T14:48:06.000Z</time>
      </trkpt>
      <trkpt lat="42.688847" lon="-2.296475">
        <ele>553</ele>
        <time>2020-07-06T14:48:26.000Z</time>
      </trkpt>
      <trkpt lat="42.688729" lon="-2.2966679999999999">
        <ele>553</ele>
        <time>2020-07-06T14:48:46.000Z</time>
      </trkpt>
      <trkpt lat="42.688705" lon="-2.296926">
        <ele>553</ele>
        <time>2020-07-06T14:49:06.000Z</time>
      </trkpt>
      <trkpt lat="42.688762" lon="-2.2975479999999999">
        <ele>553</ele>
        <time>2020-07-06T14:49:26.000Z</time>
      </trkpt>
      <trkpt lat="42.688707" lon="-2.2979400000000001">
        <ele>553</ele>
        <time>2020-07-06T14:49:46.000Z</time>
      </trkpt>
      <trkpt lat="42.688591" lon="-2.2984249999999999">
        <ele>554</ele>
        <time>2020-07-06T14:50:06.000Z</time>
      </trkpt>
      <trkpt lat="42.688281" lon="-2.2994309999999998">
        <ele>555</ele>
        <time>2020-07-06T14:50:26.000Z</time>
      </trkpt>
      <trkpt lat="42.68798" lon="-2.3004069999999999">
        <ele>555</ele>
        <time>2020-07-06T14:50:46.000Z</time>
      </trkpt>
      <trkpt lat="42.687605" lon="-2.3017319999999999">
        <ele>557</ele>
        <time>2020-07-06T14:51:06.000Z</time>
      </trkpt>
      <trkpt lat="42.687278" lon="-2.30288">
        <ele>558</ele>
        <time>2020-07-06T14:51:26.000Z</time>
      </trkpt>
      <trkpt lat="42.686836" lon="-2.3043450000000001">
        <ele>559</ele>
        <time>2020-07-06T14:51:46.000Z</time>
      </trkpt>
      <trkpt lat="42.686493" lon="-2.3053910000000002">
        <ele>559</ele>
        <time>2020-07-06T14:52:06.000Z</time>
      </trkpt>
      <trkpt lat="42.68576" lon="-2.3078319999999999">
        <ele>557</ele>
        <time>2020-07-06T14:52:26.000Z</time>
      </trkpt>
      <trkpt lat="42.685184" lon="-2.309752">
        <ele>556</ele>
        <time>2020-07-06T14:52:46.000Z</time>
      </trkpt>
      <trkpt lat="42.684478" lon="-2.3121230000000002">
        <ele>557</ele>
        <time>2020-07-06T14:53:06.000Z</time>
      </trkpt>
      <trkpt lat="42.683962" lon="-2.3138019999999999">
        <ele>561</ele>
        <time>2020-07-06T14:53:26.000Z</time>
      </trkpt>
      <trkpt lat="42.683319" lon="-2.3159369999999999">
        <ele>562</ele>
        <time>2020-07-06T14:53:46.000Z</time>
      </trkpt>
      <trkpt lat="42.682976" lon="-2.3171119999999998">
        <ele>563</ele>
        <time>2020-07-06T14:54:06.000Z</time>
      </trkpt>
      <trkpt lat="42.682562" lon="-2.3184689999999999">
        <ele>560</ele>
        <time>2020-07-06T14:54:26.000Z</time>
      </trkpt>
      <trkpt lat="42.681856" lon="-2.320862">
        <ele>557</ele>
        <time>2020-07-06T14:54:46.000Z</time>
      </trkpt>
      <trkpt lat="42.681083" lon="-2.32334">
        <ele>556</ele>
        <time>2020-07-06T14:55:06.000Z</time>
      </trkpt>
      <trkpt lat="42.680531" lon="-2.325164">
        <ele>553</ele>
        <time>2020-07-06T14:55:26.000Z</time>
      </trkpt>
      <trkpt lat="42.679904" lon="-2.327267">
        <ele>550</ele>
        <time>2020-07-06T14:55:46.000Z</time>
      </trkpt>
      <trkpt lat="42.679446" lon="-2.3287260000000001">
        <ele>553</ele>
        <time>2020-07-06T14:56:06.000Z</time>
      </trkpt>
      <trkpt lat="42.679257" lon="-2.3295360000000001">
        <ele>556</ele>
        <time>2020-07-06T14:56:26.000Z</time>
      </trkpt>
      <trkpt lat="42.678409" lon="-2.3322400000000001">
        <ele>553</ele>
        <time>2020-07-06T14:56:46.000Z</time>
      </trkpt>
      <trkpt lat="42.677821" lon="-2.3342299999999998">
        <ele>550</ele>
        <time>2020-07-06T14:57:06.000Z</time>
      </trkpt>
      <trkpt lat="42.677155" lon="-2.3364289999999999">
        <ele>549</ele>
        <time>2020-07-06T14:57:26.000Z</time>
      </trkpt>
      <trkpt lat="42.676583" lon="-2.3383500000000002">
        <ele>548</ele>
        <time>2020-07-06T14:57:46.000Z</time>
      </trkpt>
      <trkpt lat="42.676311" lon="-2.3392029999999999">
        <ele>549</ele>
        <time>2020-07-06T14:58:06.000Z</time>
      </trkpt>
      <trkpt lat="42.676185" lon="-2.339315">
        <ele>549</ele>
        <time>2020-07-06T14:58:26.000Z</time>
      </trkpt>
      <trkpt lat="42.676051" lon="-2.339712">
        <ele>550</ele>
        <time>2020-07-06T14:58:46.000Z</time>
      </trkpt>
      <trkpt lat="42.675956" lon="-2.3398409999999998">
        <ele>549</ele>
        <time>2020-07-06T14:59:06.000Z</time>
      </trkpt>
      <trkpt lat="42.675873" lon="-2.3401040000000002">
        <ele>550</ele>
        <time>2020-07-06T14:59:26.000Z</time>
      </trkpt>
      <trkpt lat="42.675798" lon="-2.3404739999999999">
        <ele>550</ele>
        <time>2020-07-06T14:59:46.000Z</time>
      </trkpt>
      <trkpt lat="42.67579" lon="-2.340716">
        <ele>550</ele>
        <time>2020-07-06T15:00:06.000Z</time>
      </trkpt>
      <trkpt lat="42.675546" lon="-2.3416060000000001">
        <ele>550</ele>
        <time>2020-07-06T15:00:26.000Z</time>
      </trkpt>
      <trkpt lat="42.675487" lon="-2.3419059999999998">
        <ele>550</ele>
        <time>2020-07-06T15:00:46.000Z</time>
      </trkpt>
      <trkpt lat="42.675735" lon="-2.3421050000000001">
        <ele>550</ele>
        <time>2020-07-06T15:01:06.000Z</time>
      </trkpt>
      <trkpt lat="42.675443" lon="-2.3430970000000002">
        <ele>550</ele>
        <time>2020-07-06T15:01:26.000Z</time>
      </trkpt>
      <trkpt lat="42.675281" lon="-2.3435100000000002">
        <ele>550</ele>
        <time>2020-07-06T15:01:46.000Z</time>
      </trkpt>
      <trkpt lat="42.675072" lon="-2.3437790000000001">
        <ele>550</ele>
        <time>2020-07-06T15:02:06.000Z</time>
      </trkpt>
      <trkpt lat="42.674962" lon="-2.3440249999999998">
        <ele>550</ele>
        <time>2020-07-06T15:02:26.000Z</time>
      </trkpt>
      <trkpt lat="42.674552" lon="-2.3465630000000002">
        <ele>549</ele>
        <time>2020-07-06T15:02:46.000Z</time>
      </trkpt>
      <trkpt lat="42.67424" lon="-2.3485900000000002">
        <ele>550</ele>
        <time>2020-07-06T15:03:06.000Z</time>
      </trkpt>
      <trkpt lat="42.674" lon="-2.3503069999999999">
        <ele>550</ele>
        <time>2020-07-06T15:03:26.000Z</time>
      </trkpt>
      <trkpt lat="42.673692" lon="-2.3524050000000001">
        <ele>550</ele>
        <time>2020-07-06T15:03:46.000Z</time>
      </trkpt>
      <trkpt lat="42.673392" lon="-2.3544429999999998">
        <ele>551</ele>
        <time>2020-07-06T15:04:06.000Z</time>
      </trkpt>
      <trkpt lat="42.673057" lon="-2.3567819999999999">
        <ele>551</ele>
        <time>2020-07-06T15:04:26.000Z</time>
      </trkpt>
      <trkpt lat="42.672982" lon="-2.3574039999999998">
        <ele>554</ele>
        <time>2020-07-06T15:04:46.000Z</time>
      </trkpt>
      <trkpt lat="42.672899" lon="-2.3584719999999999">
        <ele>554</ele>
        <time>2020-07-06T15:05:06.000Z</time>
      </trkpt>
      <trkpt lat="42.67301" lon="-2.3593410000000001">
        <ele>555</ele>
        <time>2020-07-06T15:05:26.000Z</time>
      </trkpt>
      <trkpt lat="42.673195" lon="-2.3602530000000002">
        <ele>556</ele>
        <time>2020-07-06T15:05:46.000Z</time>
      </trkpt>
      <trkpt lat="42.673629" lon="-2.3624309999999999">
        <ele>557</ele>
        <time>2020-07-06T15:06:06.000Z</time>
      </trkpt>
      <trkpt lat="42.674" lon="-2.3642219999999998">
        <ele>558</ele>
        <time>2020-07-06T15:06:26.000Z</time>
      </trkpt>
      <trkpt lat="42.67443" lon="-2.3664000000000001">
        <ele>561</ele>
        <time>2020-07-06T15:06:46.000Z</time>
      </trkpt>
      <trkpt lat="42.674765" lon="-2.3680370000000002">
        <ele>560</ele>
        <time>2020-07-06T15:07:06.000Z</time>
      </trkpt>
      <trkpt lat="42.674958" lon="-2.368986">
        <ele>559</ele>
        <time>2020-07-06T15:07:26.000Z</time>
      </trkpt>
      <trkpt lat="42.675132" lon="-2.3693939999999998">
        <ele>560</ele>
        <time>2020-07-06T15:07:46.000Z</time>
      </trkpt>
      <trkpt lat="42.675356" lon="-2.3698229999999998">
        <ele>560</ele>
        <time>2020-07-06T15:08:06.000Z</time>
      </trkpt>
      <trkpt lat="42.675321" lon="-2.3699729999999999">
        <ele>560</ele>
        <time>2020-07-06T15:08:26.000Z</time>
      </trkpt>
      <trkpt lat="42.67499" lon="-2.3704239999999999">
        <ele>563</ele>
        <time>2020-07-06T15:08:46.000Z</time>
      </trkpt>
      <trkpt lat="42.674966" lon="-2.370628">
        <ele>563</ele>
        <time>2020-07-06T15:09:06.000Z</time>
      </trkpt>
      <trkpt lat="42.675013" lon="-2.3709709999999999">
        <ele>561</ele>
        <time>2020-07-06T15:09:26.000Z</time>
      </trkpt>
      <trkpt lat="42.674974" lon="-2.3722479999999999">
        <ele>560</ele>
        <time>2020-07-06T15:09:46.000Z</time>
      </trkpt>
      <trkpt lat="42.674927" lon="-2.3735400000000002">
        <ele>562</ele>
        <time>2020-07-06T15:10:06.000Z</time>
      </trkpt>
      <trkpt lat="42.674986" lon="-2.3742749999999999">
        <ele>563</ele>
        <time>2020-07-06T15:10:26.000Z</time>
      </trkpt>
      <trkpt lat="42.675329" lon="-2.3761480000000001">
        <ele>563</ele>
        <time>2020-07-06T15:10:46.000Z</time>
      </trkpt>
      <trkpt lat="42.675684" lon="-2.377945">
        <ele>561</ele>
        <time>2020-07-06T15:11:06.000Z</time>
      </trkpt>
      <trkpt lat="42.676193" lon="-2.380477">
        <ele>565</ele>
        <time>2020-07-06T15:11:26.000Z</time>
      </trkpt>
      <trkpt lat="42.676476" lon="-2.3818929999999998">
        <ele>562</ele>
        <time>2020-07-06T15:11:46.000Z</time>
      </trkpt>
      <trkpt lat="42.676555" lon="-2.382504">
        <ele>563</ele>
        <time>2020-07-06T15:12:06.000Z</time>
      </trkpt>
      <trkpt lat="42.676563" lon="-2.382971">
        <ele>563</ele>
        <time>2020-07-06T15:12:26.000Z</time>
      </trkpt>
      <trkpt lat="42.676279" lon="-2.3855080000000002">
        <ele>571</ele>
        <time>2020-07-06T15:12:46.000Z</time>
      </trkpt>
      <trkpt lat="42.676118" lon="-2.3871389999999999">
        <ele>573</ele>
        <time>2020-07-06T15:13:06.000Z</time>
      </trkpt>
      <trkpt lat="42.676078" lon="-2.3876110000000001">
        <ele>574</ele>
        <time>2020-07-06T15:13:26.000Z</time>
      </trkpt>
      <trkpt lat="42.67611" lon="-2.3880240000000001">
        <ele>574</ele>
        <time>2020-07-06T15:13:46.000Z</time>
      </trkpt>
      <trkpt lat="42.676181" lon="-2.388341">
        <ele>573</ele>
        <time>2020-07-06T15:14:06.000Z</time>
      </trkpt>
      <trkpt lat="42.676413" lon="-2.3890220000000002">
        <ele>573</ele>
        <time>2020-07-06T15:14:26.000Z</time>
      </trkpt>
      <trkpt lat="42.676954" lon="-2.3901750000000002">
        <ele>577</ele>
        <time>2020-07-06T15:14:46.000Z</time>
      </trkpt>
      <trkpt lat="42.677265" lon="-2.3905129999999999">
        <ele>579</ele>
        <time>2020-07-06T15:15:06.000Z</time>
      </trkpt>
      <trkpt lat="42.677754" lon="-2.390835">
        <ele>580</ele>
        <time>2020-07-06T15:15:26.000Z</time>
      </trkpt>
      <trkpt lat="42.678275" lon="-2.3910770000000001">
        <ele>584</ele>
        <time>2020-07-06T15:15:46.000Z</time>
      </trkpt>
      <trkpt lat="42.679123" lon="-2.3914249999999999">
        <ele>581</ele>
        <time>2020-07-06T15:16:06.000Z</time>
      </trkpt>
      <trkpt lat="42.679971" lon="-2.391769">
        <ele>583</ele>
        <time>2020-07-06T15:16:26.000Z</time>
      </trkpt>
      <trkpt lat="42.681237" lon="-2.3923160000000001">
        <ele>582</ele>
        <time>2020-07-06T15:16:46.000Z</time>
      </trkpt>
      <trkpt lat="42.682148" lon="-2.3928150000000001">
        <ele>584</ele>
        <time>2020-07-06T15:17:06.000Z</time>
      </trkpt>
      <trkpt lat="42.683141" lon="-2.3933620000000002">
        <ele>585</ele>
        <time>2020-07-06T15:17:26.000Z</time>
      </trkpt>
      <trkpt lat="42.684415" lon="-2.394075">
        <ele>585</ele>
        <time>2020-07-06T15:17:46.000Z</time>
      </trkpt>
      <trkpt lat="42.685085" lon="-2.3944510000000001">
        <ele>587</ele>
        <time>2020-07-06T15:18:06.000Z</time>
      </trkpt>
      <trkpt lat="42.685921" lon="-2.3948960000000001">
        <ele>589</ele>
        <time>2020-07-06T15:18:26.000Z</time>
      </trkpt>
      <trkpt lat="42.686769" lon="-2.3953790000000001">
        <ele>594</ele>
        <time>2020-07-06T15:18:46.000Z</time>
      </trkpt>
      <trkpt lat="42.687424" lon="-2.3957169999999999">
        <ele>592</ele>
        <time>2020-07-06T15:19:06.000Z</time>
      </trkpt>
      <trkpt lat="42.688149" lon="-2.3961139999999999">
        <ele>592</ele>
        <time>2020-07-06T15:19:26.000Z</time>
      </trkpt>
      <trkpt lat="42.689269" lon="-2.3967520000000002">
        <ele>594</ele>
        <time>2020-07-06T15:19:46.000Z</time>
      </trkpt>
      <trkpt lat="42.689703" lon="-2.3969610000000001">
        <ele>591</ele>
        <time>2020-07-06T15:20:06.000Z</time>
      </trkpt>
      <trkpt lat="42.690357" lon="-2.3968970000000001">
        <ele>588</ele>
        <time>2020-07-06T15:20:26.000Z</time>
      </trkpt>
      <trkpt lat="42.690693" lon="-2.3968699999999998">
        <ele>587</ele>
        <time>2020-07-06T15:20:46.000Z</time>
      </trkpt>
      <trkpt lat="42.690909" lon="-2.3970470000000001">
        <ele>588</ele>
        <time>2020-07-06T15:21:06.000Z</time>
      </trkpt>
      <trkpt lat="42.691189" lon="-2.3971870000000002">
        <ele>589</ele>
        <time>2020-07-06T15:21:26.000Z</time>
      </trkpt>
      <trkpt lat="42.691564" lon="-2.397294">
        <ele>588</ele>
        <time>2020-07-06T15:21:46.000Z</time>
      </trkpt>
      <trkpt lat="42.691733" lon="-2.3974389999999999">
        <ele>589</ele>
        <time>2020-07-06T15:22:06.000Z</time>
      </trkpt>
      <trkpt lat="42.691923" lon="-2.397535">
        <ele>589</ele>
        <time>2020-07-06T15:22:26.000Z</time>
      </trkpt>
      <trkpt lat="42.692159" lon="-2.3975569999999999">
        <ele>591</ele>
        <time>2020-07-06T15:22:46.000Z</time>
      </trkpt>
      <trkpt lat="42.692664" lon="-2.398126">
        <ele>592</ele>
        <time>2020-07-06T15:23:06.000Z</time>
      </trkpt>
      <trkpt lat="42.69311" lon="-2.3986079999999999">
        <ele>593</ele>
        <time>2020-07-06T15:23:26.000Z</time>
      </trkpt>
      <trkpt lat="42.693496" lon="-2.3990130000000001">
        <ele>594</ele>
        <time>2020-07-06T15:23:46.000Z</time>
      </trkpt>
      <trkpt lat="42.694204" lon="-2.398946">
        <ele>594</ele>
        <time>2020-07-06T15:24:06.000Z</time>
      </trkpt>
      <trkpt lat="42.694387" lon="-2.3989600000000002">
        <ele>594</ele>
        <time>2020-07-06T15:24:26.000Z</time>
      </trkpt>
      <trkpt lat="42.694825" lon="-2.3991660000000001">
        <ele>594</ele>
        <time>2020-07-06T15:24:46.000Z</time>
      </trkpt>
      <trkpt lat="42.69542" lon="-2.39981">
        <ele>596</ele>
        <time>2020-07-06T15:25:06.000Z</time>
      </trkpt>
      <trkpt lat="42.696149" lon="-2.400738">
        <ele>596</ele>
        <time>2020-07-06T15:25:26.000Z</time>
      </trkpt>
      <trkpt lat="42.697048" lon="-2.4018969999999999">
        <ele>599</ele>
        <time>2020-07-06T15:25:46.000Z</time>
      </trkpt>
      <trkpt lat="42.697853" lon="-2.4029430000000001">
        <ele>597</ele>
        <time>2020-07-06T15:26:06.000Z</time>
      </trkpt>
      <trkpt lat="42.698499" lon="-2.403769">
        <ele>602</ele>
        <time>2020-07-06T15:26:26.000Z</time>
      </trkpt>
      <trkpt lat="42.699284" lon="-2.4047510000000001">
        <ele>602</ele>
        <time>2020-07-06T15:26:46.000Z</time>
      </trkpt>
      <trkpt lat="42.700056" lon="-2.4057379999999999">
        <ele>603</ele>
        <time>2020-07-06T15:27:06.000Z</time>
      </trkpt>
      <trkpt lat="42.700924" lon="-2.4068480000000001">
        <ele>603</ele>
        <time>2020-07-06T15:27:26.000Z</time>
      </trkpt>
      <trkpt lat="42.70161" lon="-2.4077169999999999">
        <ele>608</ele>
        <time>2020-07-06T15:27:46.000Z</time>
      </trkpt>
      <trkpt lat="42.702552" lon="-2.408919">
        <ele>609</ele>
        <time>2020-07-06T15:28:06.000Z</time>
      </trkpt>
      <trkpt lat="42.703127" lon="-2.4096639999999998">
        <ele>610</ele>
        <time>2020-07-06T15:28:26.000Z</time>
      </trkpt>
      <trkpt lat="42.704606" lon="-2.4117139999999999">
        <ele>617</ele>
        <time>2020-07-06T15:28:46.000Z</time>
      </trkpt>
      <trkpt lat="42.705106" lon="-2.4124750000000001">
        <ele>619</ele>
        <time>2020-07-06T15:29:06.000Z</time>
      </trkpt>
      <trkpt lat="42.705611" lon="-2.4133599999999999">
        <ele>616</ele>
        <time>2020-07-06T15:29:26.000Z</time>
      </trkpt>
      <trkpt lat="42.706009" lon="-2.4141970000000001">
        <ele>615</ele>
        <time>2020-07-06T15:29:46.000Z</time>
      </trkpt>
      <trkpt lat="42.706494" lon="-2.4151739999999999">
        <ele>615</ele>
        <time>2020-07-06T15:30:06.000Z</time>
      </trkpt>
      <trkpt lat="42.707168" lon="-2.416601">
        <ele>623</ele>
        <time>2020-07-06T15:30:26.000Z</time>
      </trkpt>
      <trkpt lat="42.707381" lon="-2.4170240000000001">
        <ele>623</ele>
        <time>2020-07-06T15:30:46.000Z</time>
      </trkpt>
      <trkpt lat="42.707669" lon="-2.417405">
        <ele>622</ele>
        <time>2020-07-06T15:31:06.000Z</time>
      </trkpt>
      <trkpt lat="42.708087" lon="-2.4177970000000002">
        <ele>622</ele>
        <time>2020-07-06T15:31:26.000Z</time>
      </trkpt>
      <trkpt lat="42.708595" lon="-2.4181780000000002">
        <ele>624</ele>
        <time>2020-07-06T15:31:46.000Z</time>
      </trkpt>
      <trkpt lat="42.709301" lon="-2.4185370000000002">
        <ele>626</ele>
        <time>2020-07-06T15:32:06.000Z</time>
      </trkpt>
      <trkpt lat="42.710369" lon="-2.4191060000000002">
        <ele>628</ele>
        <time>2020-07-06T15:32:26.000Z</time>
      </trkpt>
      <trkpt lat="42.711335" lon="-2.4196049999999998">
        <ele>627</ele>
        <time>2020-07-06T15:32:46.000Z</time>
      </trkpt>
      <trkpt lat="42.711508" lon="-2.4195989999999998">
        <ele>626</ele>
        <time>2020-07-06T15:33:06.000Z</time>
      </trkpt>
      <trkpt lat="42.711607" lon="-2.4194870000000002">
        <ele>624</ele>
        <time>2020-07-06T15:33:26.000Z</time>
      </trkpt>
      <trkpt lat="42.711709" lon="-2.419063">
        <ele>625</ele>
        <time>2020-07-06T15:33:46.000Z</time>
      </trkpt>
      <trkpt lat="42.711819" lon="-2.4189820000000002">
        <ele>628</ele>
        <time>2020-07-06T15:34:06.000Z</time>
      </trkpt>
      <trkpt lat="42.71221" lon="-2.419041">
        <ele>629</ele>
        <time>2020-07-06T15:34:26.000Z</time>
      </trkpt>
      <trkpt lat="42.712505" lon="-2.4190520000000002">
        <ele>630</ele>
        <time>2020-07-06T15:34:46.000Z</time>
      </trkpt>
      <trkpt lat="42.712821" lon="-2.418939">
        <ele>632</ele>
        <time>2020-07-06T15:35:06.000Z</time>
      </trkpt>
      <trkpt lat="42.71327" lon="-2.4188320000000001">
        <ele>632</ele>
        <time>2020-07-06T15:35:26.000Z</time>
      </trkpt>
      <trkpt lat="42.713625" lon="-2.4188480000000001">
        <ele>633</ele>
        <time>2020-07-06T15:35:46.000Z</time>
      </trkpt>
      <trkpt lat="42.713944" lon="-2.4189820000000002">
        <ele>634</ele>
        <time>2020-07-06T15:36:06.000Z</time>
      </trkpt>
      <trkpt lat="42.714279" lon="-2.4192879999999999">
        <ele>634</ele>
        <time>2020-07-06T15:36:26.000Z</time>
      </trkpt>
      <trkpt lat="42.714677" lon="-2.4196900000000001">
        <ele>633</ele>
        <time>2020-07-06T15:36:46.000Z</time>
      </trkpt>
      <trkpt lat="42.715" lon="-2.4201139999999999">
        <ele>634</ele>
        <time>2020-07-06T15:37:06.000Z</time>
      </trkpt>
      <trkpt lat="42.715383" lon="-2.4205380000000001">
        <ele>633</ele>
        <time>2020-07-06T15:37:26.000Z</time>
      </trkpt>
      <trkpt lat="42.715706" lon="-2.4206720000000002">
        <ele>632</ele>
        <time>2020-07-06T15:37:46.000Z</time>
      </trkpt>
      <trkpt lat="42.71621" lon="-2.4206940000000001">
        <ele>633</ele>
        <time>2020-07-06T15:38:06.000Z</time>
      </trkpt>
      <trkpt lat="42.716683" lon="-2.4207960000000002">
        <ele>635</ele>
        <time>2020-07-06T15:38:26.000Z</time>
      </trkpt>
      <trkpt lat="42.71714" lon="-2.4210850000000002">
        <ele>635</ele>
        <time>2020-07-06T15:38:46.000Z</time>
      </trkpt>
      <trkpt lat="42.717432" lon="-2.4211550000000002">
        <ele>636</ele>
        <time>2020-07-06T15:39:06.000Z</time>
      </trkpt>
      <trkpt lat="42.717696" lon="-2.4212090000000002">
        <ele>636</ele>
        <time>2020-07-06T15:39:26.000Z</time>
      </trkpt>
      <trkpt lat="42.718106" lon="-2.4213909999999998">
        <ele>636</ele>
        <time>2020-07-06T15:39:46.000Z</time>
      </trkpt>
      <trkpt lat="42.71839" lon="-2.4214660000000001">
        <ele>636</ele>
        <time>2020-07-06T15:40:06.000Z</time>
      </trkpt>
      <trkpt lat="42.718595" lon="-2.4215840000000002">
        <ele>634</ele>
        <time>2020-07-06T15:40:26.000Z</time>
      </trkpt>
      <trkpt lat="42.718871" lon="-2.4221529999999998">
        <ele>631</ele>
        <time>2020-07-06T15:40:46.000Z</time>
      </trkpt>
      <trkpt lat="42.719087" lon="-2.4227159999999999">
        <ele>633</ele>
        <time>2020-07-06T15:41:06.000Z</time>
      </trkpt>
      <trkpt lat="42.719552" lon="-2.4238689999999998">
        <ele>634</ele>
        <time>2020-07-06T15:41:26.000Z</time>
      </trkpt>
      <trkpt lat="42.719671" lon="-2.4240840000000001">
        <ele>634</ele>
        <time>2020-07-06T15:41:46.000Z</time>
      </trkpt>
      <trkpt lat="42.719832" lon="-2.424223">
        <ele>634</ele>
        <time>2020-07-06T15:42:06.000Z</time>
      </trkpt>
      <trkpt lat="42.720025" lon="-2.424277">
        <ele>634</ele>
        <time>2020-07-06T15:42:26.000Z</time>
      </trkpt>
      <trkpt lat="42.720376" lon="-2.4242880000000002">
        <ele>633</ele>
        <time>2020-07-06T15:42:46.000Z</time>
      </trkpt>
      <trkpt lat="42.720561" lon="-2.424417">
        <ele>634</ele>
        <time>2020-07-06T15:43:06.000Z</time>
      </trkpt>
      <trkpt lat="42.720774" lon="-2.4247489999999998">
        <ele>637</ele>
        <time>2020-07-06T15:43:26.000Z</time>
      </trkpt>
      <trkpt lat="42.720971" lon="-2.425017">
        <ele>637</ele>
        <time>2020-07-06T15:43:46.000Z</time>
      </trkpt>
      <trkpt lat="42.721156" lon="-2.4252159999999998">
        <ele>636</ele>
        <time>2020-07-06T15:44:06.000Z</time>
      </trkpt>
      <trkpt lat="42.721385" lon="-2.4253659999999999">
        <ele>637</ele>
        <time>2020-07-06T15:44:26.000Z</time>
      </trkpt>
      <trkpt lat="42.721578" lon="-2.425532">
        <ele>636</ele>
        <time>2020-07-06T15:44:46.000Z</time>
      </trkpt>
      <trkpt lat="42.721688" lon="-2.4257309999999999">
        <ele>637</ele>
        <time>2020-07-06T15:45:06.000Z</time>
      </trkpt>
      <trkpt lat="42.721732" lon="-2.425967">
        <ele>636</ele>
        <time>2020-07-06T15:45:26.000Z</time>
      </trkpt>
      <trkpt lat="42.721306" lon="-2.4258649999999999">
        <ele>634</ele>
        <time>2020-07-06T15:45:46.000Z</time>
      </trkpt>
      <trkpt lat="42.721145" lon="-2.4258600000000001">
        <ele>633</ele>
        <time>2020-07-06T15:46:06.000Z</time>
      </trkpt>
      <trkpt lat="42.720967" lon="-2.4259240000000002">
        <ele>632</ele>
        <time>2020-07-06T15:46:26.000Z</time>
      </trkpt>
      <trkpt lat="42.720837" lon="-2.425999">
        <ele>633</ele>
        <time>2020-07-06T15:46:46.000Z</time>
      </trkpt>
      <trkpt lat="42.720597" lon="-2.4260100000000002">
        <ele>634</ele>
        <time>2020-07-06T15:47:06.000Z</time>
      </trkpt>
      <trkpt lat="42.720313" lon="-2.4263849999999998">
        <ele>635</ele>
        <time>2020-07-06T15:47:26.000Z</time>
      </trkpt>
      <trkpt lat="42.720053" lon="-2.4267720000000002">
        <ele>636</ele>
        <time>2020-07-06T15:47:46.000Z</time>
      </trkpt>
      <trkpt lat="42.720313" lon="-2.4271790000000002">
        <ele>635</ele>
        <time>2020-07-06T15:48:06.000Z</time>
      </trkpt>
      <trkpt lat="42.720624" lon="-2.4275760000000002">
        <ele>635</ele>
        <time>2020-07-06T15:48:26.000Z</time>
      </trkpt>
      <trkpt lat="42.720971" lon="-2.4278390000000001">
        <ele>636</ele>
        <time>2020-07-06T15:48:46.000Z</time>
      </trkpt>
      <trkpt lat="42.72135" lon="-2.428016">
        <ele>636</ele>
        <time>2020-07-06T15:49:06.000Z</time>
      </trkpt>
      <trkpt lat="42.721728" lon="-2.428064">
        <ele>636</ele>
        <time>2020-07-06T15:49:26.000Z</time>
      </trkpt>
      <trkpt lat="42.722236" lon="-2.4279519999999999">
        <ele>636</ele>
        <time>2020-07-06T15:49:46.000Z</time>
      </trkpt>
      <trkpt lat="42.722894" lon="-2.427737">
        <ele>636</ele>
        <time>2020-07-06T15:50:06.000Z</time>
      </trkpt>
      <trkpt lat="42.723683" lon="-2.4275229999999999">
        <ele>637</ele>
        <time>2020-07-06T15:50:26.000Z</time>
      </trkpt>
      <trkpt lat="42.724561" lon="-2.4272330000000002">
        <ele>637</ele>
        <time>2020-07-06T15:50:46.000Z</time>
      </trkpt>
      <trkpt lat="42.724904" lon="-2.4271150000000001">
        <ele>637</ele>
        <time>2020-07-06T15:51:06.000Z</time>
      </trkpt>
      <trkpt lat="42.725119" lon="-2.4270930000000002">
        <ele>639</ele>
        <time>2020-07-06T15:51:26.000Z</time>
      </trkpt>
      <trkpt lat="42.725306" lon="-2.4270800000000001">
        <ele>641</ele>
        <time>2020-07-06T15:51:46.000Z</time>
      </trkpt>
      <trkpt lat="42.72548" lon="-2.4270930000000002">
        <ele>642</ele>
        <time>2020-07-06T15:52:06.000Z</time>
      </trkpt>
      <trkpt lat="42.725621" lon="-2.427155">
        <ele>645</ele>
        <time>2020-07-06T15:52:26.000Z</time>
      </trkpt>
      <trkpt lat="42.726571" lon="-2.4278179999999998">
        <ele>662</ele>
        <time>2020-07-06T15:52:46.000Z</time>
      </trkpt>
      <trkpt lat="42.72743" lon="-2.4284080000000001">
        <ele>675</ele>
        <time>2020-07-06T15:53:06.000Z</time>
      </trkpt>
      <trkpt lat="42.72851" lon="-2.4291369999999999">
        <ele>663</ele>
        <time>2020-07-06T15:53:26.000Z</time>
      </trkpt>
      <trkpt lat="42.728754" lon="-2.429341">
        <ele>646</ele>
        <time>2020-07-06T15:53:46.000Z</time>
      </trkpt>
      <trkpt lat="42.728782" lon="-2.4295559999999998">
        <ele>643</ele>
        <time>2020-07-06T15:54:06.000Z</time>
      </trkpt>
      <trkpt lat="42.728762" lon="-2.4297970000000002">
        <ele>643</ele>
        <time>2020-07-06T15:54:26.000Z</time>
      </trkpt>
      <trkpt lat="42.728691" lon="-2.430409">
        <ele>643</ele>
        <time>2020-07-06T15:54:46.000Z</time>
      </trkpt>
      <trkpt lat="42.728628" lon="-2.4309069999999999">
        <ele>641</ele>
        <time>2020-07-06T15:55:06.000Z</time>
      </trkpt>
      <trkpt lat="42.728553" lon="-2.4314119999999999">
        <ele>642</ele>
        <time>2020-07-06T15:55:26.000Z</time>
      </trkpt>
      <trkpt lat="42.728329" lon="-2.4321359999999999">
        <ele>640</ele>
        <time>2020-07-06T15:55:46.000Z</time>
      </trkpt>
      <trkpt lat="42.728309" lon="-2.4325700000000001">
        <ele>640</ele>
        <time>2020-07-06T15:56:06.000Z</time>
      </trkpt>
      <trkpt lat="42.728344" lon="-2.4329139999999998">
        <ele>641</ele>
        <time>2020-07-06T15:56:26.000Z</time>
      </trkpt>
      <trkpt lat="42.728636" lon="-2.4332889999999998">
        <ele>641</ele>
        <time>2020-07-06T15:56:46.000Z</time>
      </trkpt>
      <trkpt lat="42.729369" lon="-2.4340670000000002">
        <ele>641</ele>
        <time>2020-07-06T15:57:06.000Z</time>
      </trkpt>
      <trkpt lat="42.73013" lon="-2.4345180000000002">
        <ele>643</ele>
        <time>2020-07-06T15:57:26.000Z</time>
      </trkpt>
      <trkpt lat="42.730685" lon="-2.4348719999999999">
        <ele>643</ele>
        <time>2020-07-06T15:57:46.000Z</time>
      </trkpt>
      <trkpt lat="42.731379" lon="-2.4351720000000001">
        <ele>642</ele>
        <time>2020-07-06T15:58:06.000Z</time>
      </trkpt>
      <trkpt lat="42.732116" lon="-2.435403">
        <ele>642</ele>
        <time>2020-07-06T15:58:26.000Z</time>
      </trkpt>
      <trkpt lat="42.732557" lon="-2.435467">
        <ele>642</ele>
        <time>2020-07-06T15:58:46.000Z</time>
      </trkpt>
      <trkpt lat="42.733041" lon="-2.4355850000000001">
        <ele>642</ele>
        <time>2020-07-06T15:59:06.000Z</time>
      </trkpt>
      <trkpt lat="42.733711" lon="-2.4354619999999998">
        <ele>644</ele>
        <time>2020-07-06T15:59:26.000Z</time>
      </trkpt>
      <trkpt lat="42.734322" lon="-2.4353980000000002">
        <ele>645</ele>
        <time>2020-07-06T15:59:46.000Z</time>
      </trkpt>
      <trkpt lat="42.734342" lon="-2.4353379999999998">
        <ele>644</ele>
        <time>2020-07-06T16:00:06.000Z</time>
      </trkpt>
      <trkpt lat="42.734263" lon="-2.435333">
        <ele>644</ele>
        <time>2020-07-06T16:00:26.000Z</time>
      </trkpt>
      <trkpt lat="42.733963" lon="-2.4353220000000002">
        <ele>644</ele>
        <time>2020-07-06T16:00:46.000Z</time>
      </trkpt>
      <trkpt lat="42.733798" lon="-2.4353220000000002">
        <ele>643</ele>
        <time>2020-07-06T16:01:06.000Z</time>
      </trkpt>
      <trkpt lat="42.733735" lon="-2.4352849999999999">
        <ele>643</ele>
        <time>2020-07-06T16:01:26.000Z</time>
      </trkpt>
      <trkpt lat="42.733727" lon="-2.4351509999999998">
        <ele>642</ele>
        <time>2020-07-06T16:01:46.000Z</time>
      </trkpt>
      <trkpt lat="42.733794" lon="-2.4347699999999999">
        <ele>642</ele>
        <time>2020-07-06T16:02:06.000Z</time>
      </trkpt>
      <trkpt lat="42.733869" lon="-2.4346459999999999">
        <ele>643</ele>
        <time>2020-07-06T16:02:26.000Z</time>
      </trkpt>
      <trkpt lat="42.734133" lon="-2.4343889999999999">
        <ele>645</ele>
        <time>2020-07-06T16:02:46.000Z</time>
      </trkpt>
      <trkpt lat="42.734736" lon="-2.434072">
        <ele>646</ele>
        <time>2020-07-06T16:03:06.000Z</time>
      </trkpt>
      <trkpt lat="42.735181" lon="-2.4338310000000001">
        <ele>647</ele>
        <time>2020-07-06T16:03:26.000Z</time>
      </trkpt>
      <trkpt lat="42.735618" lon="-2.433643">
        <ele>645</ele>
        <time>2020-07-06T16:03:46.000Z</time>
      </trkpt>
      <trkpt lat="42.736001" lon="-2.433595">
        <ele>647</ele>
        <time>2020-07-06T16:04:06.000Z</time>
      </trkpt>
      <trkpt lat="42.736552" lon="-2.4337179999999998">
        <ele>650</ele>
        <time>2020-07-06T16:04:26.000Z</time>
      </trkpt>
      <trkpt lat="42.736997" lon="-2.4339710000000001">
        <ele>651</ele>
        <time>2020-07-06T16:04:46.000Z</time>
      </trkpt>
      <trkpt lat="42.737427" lon="-2.4344749999999999">
        <ele>650</ele>
        <time>2020-07-06T16:05:06.000Z</time>
      </trkpt>
      <trkpt lat="42.737667" lon="-2.43485">
        <ele>649</ele>
        <time>2020-07-06T16:05:26.000Z</time>
      </trkpt>
      <trkpt lat="42.737884" lon="-2.4354779999999998">
        <ele>645</ele>
        <time>2020-07-06T16:05:46.000Z</time>
      </trkpt>
      <trkpt lat="42.737963" lon="-2.4361220000000001">
        <ele>644</ele>
        <time>2020-07-06T16:06:06.000Z</time>
      </trkpt>
      <trkpt lat="42.737951" lon="-2.436696">
        <ele>644</ele>
        <time>2020-07-06T16:06:26.000Z</time>
      </trkpt>
      <trkpt lat="42.737813" lon="-2.4375429999999998">
        <ele>642</ele>
        <time>2020-07-06T16:06:46.000Z</time>
      </trkpt>
      <trkpt lat="42.73762" lon="-2.4385409999999998">
        <ele>644</ele>
        <time>2020-07-06T16:07:06.000Z</time>
      </trkpt>
      <trkpt lat="42.73736" lon="-2.440086">
        <ele>644</ele>
        <time>2020-07-06T16:07:26.000Z</time>
      </trkpt>
      <trkpt lat="42.737202" lon="-2.440928">
        <ele>645</ele>
        <time>2020-07-06T16:07:46.000Z</time>
      </trkpt>
      <trkpt lat="42.73712" lon="-2.4416150000000001">
        <ele>644</ele>
        <time>2020-07-06T16:08:06.000Z</time>
      </trkpt>
      <trkpt lat="42.737143" lon="-2.4421240000000002">
        <ele>645</ele>
        <time>2020-07-06T16:08:26.000Z</time>
      </trkpt>
      <trkpt lat="42.737234" lon="-2.442618">
        <ele>645</ele>
        <time>2020-07-06T16:08:46.000Z</time>
      </trkpt>
      <trkpt lat="42.737415" lon="-2.4430580000000002">
        <ele>645</ele>
        <time>2020-07-06T16:09:06.000Z</time>
      </trkpt>
      <trkpt lat="42.737711" lon="-2.4435250000000002">
        <ele>647</ele>
        <time>2020-07-06T16:09:26.000Z</time>
      </trkpt>
      <trkpt lat="42.737911" lon="-2.4437660000000001">
        <ele>648</ele>
        <time>2020-07-06T16:09:46.000Z</time>
      </trkpt>
      <trkpt lat="42.738136" lon="-2.4439540000000002">
        <ele>649</ele>
        <time>2020-07-06T16:10:06.000Z</time>
      </trkpt>
      <trkpt lat="42.738573" lon="-2.4441899999999999">
        <ele>649</ele>
        <time>2020-07-06T16:10:26.000Z</time>
      </trkpt>
      <trkpt lat="42.738944" lon="-2.4444469999999998">
        <ele>649</ele>
        <time>2020-07-06T16:10:46.000Z</time>
      </trkpt>
      <trkpt lat="42.739377" lon="-2.4447480000000001">
        <ele>649</ele>
        <time>2020-07-06T16:11:06.000Z</time>
      </trkpt>
      <trkpt lat="42.73985" lon="-2.445112">
        <ele>651</ele>
        <time>2020-07-06T16:11:26.000Z</time>
      </trkpt>
      <trkpt lat="42.740122" lon="-2.4453490000000002">
        <ele>650</ele>
        <time>2020-07-06T16:11:46.000Z</time>
      </trkpt>
      <trkpt lat="42.740313" lon="-2.4455659999999999">
        <ele>650</ele>
        <time>2020-07-06T16:12:06.000Z</time>
      </trkpt>
      <trkpt lat="42.740553" lon="-2.4458959999999998">
        <ele>649</ele>
        <time>2020-07-06T16:12:26.000Z</time>
      </trkpt>
      <trkpt lat="42.740742" lon="-2.4461590000000002">
        <ele>649</ele>
        <time>2020-07-06T16:12:46.000Z</time>
      </trkpt>
      <trkpt lat="42.740892" lon="-2.4463810000000001">
        <ele>649</ele>
        <time>2020-07-06T16:13:06.000Z</time>
      </trkpt>
      <trkpt lat="42.740965" lon="-2.446491">
        <ele>650</ele>
        <time>2020-07-06T16:13:26.000Z</time>
      </trkpt>
      <trkpt lat="42.741004" lon="-2.4466519999999998">
        <ele>650</ele>
        <time>2020-07-06T16:13:46.000Z</time>
      </trkpt>
      <trkpt lat="42.741191" lon="-2.4468830000000001">
        <ele>652</ele>
        <time>2020-07-06T16:14:06.000Z</time>
      </trkpt>
      <trkpt lat="42.741426" lon="-2.4471539999999998">
        <ele>650</ele>
        <time>2020-07-06T16:14:26.000Z</time>
      </trkpt>
      <trkpt lat="42.741621" lon="-2.4473410000000002">
        <ele>649</ele>
        <time>2020-07-06T16:14:46.000Z</time>
      </trkpt>
      <trkpt lat="42.741859" lon="-2.4475259999999999">
        <ele>649</ele>
        <time>2020-07-06T16:15:06.000Z</time>
      </trkpt>
      <trkpt lat="42.742044" lon="-2.4476499999999999">
        <ele>649</ele>
        <time>2020-07-06T16:15:26.000Z</time>
      </trkpt>
      <trkpt lat="42.742358" lon="-2.4477410000000002">
        <ele>650</ele>
        <time>2020-07-06T16:15:46.000Z</time>
      </trkpt>
      <trkpt lat="42.74275" lon="-2.447762">
        <ele>653</ele>
        <time>2020-07-06T16:16:06.000Z</time>
      </trkpt>
      <trkpt lat="42.74309" lon="-2.4477329999999999">
        <ele>652</ele>
        <time>2020-07-06T16:16:26.000Z</time>
      </trkpt>
      <trkpt lat="42.743632" lon="-2.4476900000000001">
        <ele>655</ele>
        <time>2020-07-06T16:16:46.000Z</time>
      </trkpt>
      <trkpt lat="42.74414" lon="-2.4476309999999999">
        <ele>658</ele>
        <time>2020-07-06T16:17:06.000Z</time>
      </trkpt>
      <trkpt lat="42.744544" lon="-2.4475799999999999">
        <ele>660</ele>
        <time>2020-07-06T16:17:26.000Z</time>
      </trkpt>
      <trkpt lat="42.745029" lon="-2.447508">
        <ele>659</ele>
        <time>2020-07-06T16:17:46.000Z</time>
      </trkpt>
      <trkpt lat="42.745503" lon="-2.447435">
        <ele>661</ele>
        <time>2020-07-06T16:18:06.000Z</time>
      </trkpt>
      <trkpt lat="42.745921" lon="-2.4473739999999999">
        <ele>662</ele>
        <time>2020-07-06T16:18:26.000Z</time>
      </trkpt>
      <trkpt lat="42.746465" lon="-2.447298">
        <ele>664</ele>
        <time>2020-07-06T16:18:46.000Z</time>
      </trkpt>
      <trkpt lat="42.746939" lon="-2.4472309999999999">
        <ele>663</ele>
        <time>2020-07-06T16:19:06.000Z</time>
      </trkpt>
      <trkpt lat="42.747312" lon="-2.4471829999999999">
        <ele>663</ele>
        <time>2020-07-06T16:19:26.000Z</time>
      </trkpt>
      <trkpt lat="42.747885" lon="-2.4471029999999998">
        <ele>663</ele>
        <time>2020-07-06T16:19:46.000Z</time>
      </trkpt>
      <trkpt lat="42.748499" lon="-2.4470170000000002">
        <ele>662</ele>
        <time>2020-07-06T16:20:06.000Z</time>
      </trkpt>
      <trkpt lat="42.7487" lon="-2.446955">
        <ele>663</ele>
        <time>2020-07-06T16:20:26.000Z</time>
      </trkpt>
      <trkpt lat="42.749106" lon="-2.4467110000000001">
        <ele>664</ele>
        <time>2020-07-06T16:20:46.000Z</time>
      </trkpt>
      <trkpt lat="42.749427" lon="-2.4463699999999999">
        <ele>666</ele>
        <time>2020-07-06T16:21:06.000Z</time>
      </trkpt>
      <trkpt lat="42.75011" lon="-2.4452950000000002">
        <ele>676</ele>
        <time>2020-07-06T16:21:26.000Z</time>
      </trkpt>
      <trkpt lat="42.750825" lon="-2.4442330000000001">
        <ele>718</ele>
        <time>2020-07-06T16:21:46.000Z</time>
      </trkpt>
      <trkpt lat="42.751558" lon="-2.4431280000000002">
        <ele>722</ele>
        <time>2020-07-06T16:22:06.000Z</time>
      </trkpt>
      <trkpt lat="42.752062" lon="-2.4423659999999998">
        <ele>688</ele>
        <time>2020-07-06T16:22:26.000Z</time>
      </trkpt>
      <trkpt lat="42.752275" lon="-2.442183">
        <ele>679</ele>
        <time>2020-07-06T16:22:46.000Z</time>
      </trkpt>
      <trkpt lat="42.752606" lon="-2.4420549999999999">
        <ele>676</ele>
        <time>2020-07-06T16:23:06.000Z</time>
      </trkpt>
      <trkpt lat="42.753016" lon="-2.4419580000000001">
        <ele>676</ele>
        <time>2020-07-06T16:23:26.000Z</time>
      </trkpt>
      <trkpt lat="42.753606" lon="-2.4419369999999998">
        <ele>677</ele>
        <time>2020-07-06T16:23:46.000Z</time>
      </trkpt>
      <trkpt lat="42.754051" lon="-2.4419689999999998">
        <ele>679</ele>
        <time>2020-07-06T16:24:06.000Z</time>
      </trkpt>
      <trkpt lat="42.754579" lon="-2.4421300000000001">
        <ele>680</ele>
        <time>2020-07-06T16:24:26.000Z</time>
      </trkpt>
      <trkpt lat="42.755186" lon="-2.442361">
        <ele>684</ele>
        <time>2020-07-06T16:24:46.000Z</time>
      </trkpt>
      <trkpt lat="42.755631" lon="-2.442618">
        <ele>684</ele>
        <time>2020-07-06T16:25:06.000Z</time>
      </trkpt>
      <trkpt lat="42.756049" lon="-2.442806">
        <ele>683</ele>
        <time>2020-07-06T16:25:26.000Z</time>
      </trkpt>
      <trkpt lat="42.757132" lon="-2.4432939999999999">
        <ele>683</ele>
        <time>2020-07-06T16:25:46.000Z</time>
      </trkpt>
      <trkpt lat="42.757931" lon="-2.443648">
        <ele>687</ele>
        <time>2020-07-06T16:26:06.000Z</time>
      </trkpt>
      <trkpt lat="42.758896" lon="-2.4441090000000001">
        <ele>686</ele>
        <time>2020-07-06T16:26:26.000Z</time>
      </trkpt>
      <trkpt lat="42.759566" lon="-2.444394">
        <ele>690</ele>
        <time>2020-07-06T16:26:46.000Z</time>
      </trkpt>
      <trkpt lat="42.760038" lon="-2.4445709999999998">
        <ele>689</ele>
        <time>2020-07-06T16:27:06.000Z</time>
      </trkpt>
      <trkpt lat="42.760507" lon="-2.4446560000000002">
        <ele>692</ele>
        <time>2020-07-06T16:27:26.000Z</time>
      </trkpt>
      <trkpt lat="42.760558" lon="-2.4445869999999998">
        <ele>691</ele>
        <time>2020-07-06T16:27:46.000Z</time>
      </trkpt>
      <trkpt lat="42.760724" lon="-2.444512">
        <ele>692</ele>
        <time>2020-07-06T16:28:06.000Z</time>
      </trkpt>
      <trkpt lat="42.760822" lon="-2.4443990000000002">
        <ele>691</ele>
        <time>2020-07-06T16:28:26.000Z</time>
      </trkpt>
      <trkpt lat="42.760948" lon="-2.4442970000000002">
        <ele>688</ele>
        <time>2020-07-06T16:28:46.000Z</time>
      </trkpt>
      <trkpt lat="42.761141" lon="-2.4443190000000001">
        <ele>687</ele>
        <time>2020-07-06T16:29:06.000Z</time>
      </trkpt>
      <trkpt lat="42.761224" lon="-2.444321">
        <ele>686</ele>
        <time>2020-07-06T16:29:26.000Z</time>
      </trkpt>
      <trkpt lat="42.76123" lon="-2.4442780000000002">
        <ele>685</ele>
        <time>2020-07-06T16:29:46.000Z</time>
      </trkpt>
      <trkpt lat="42.76121" lon="-2.4442270000000001">
        <ele>684</ele>
        <time>2020-07-06T16:30:06.000Z</time>
      </trkpt>
      <trkpt lat="42.761153" lon="-2.4441039999999998">
        <ele>682</ele>
        <time>2020-07-06T16:30:26.000Z</time>
      </trkpt>
      <trkpt lat="42.761133" lon="-2.4440149999999998">
        <ele>681</ele>
        <time>2020-07-06T16:30:46.000Z</time>
      </trkpt>
      <trkpt lat="42.761122" lon="-2.4437500000000001">
        <ele>680</ele>
        <time>2020-07-06T16:31:06.000Z</time>
      </trkpt>
      <trkpt lat="42.761098" lon="-2.4431219999999998">
        <ele>680</ele>
        <time>2020-07-06T16:31:26.000Z</time>
      </trkpt>
      <trkpt lat="42.761322" lon="-2.442774">
        <ele>681</ele>
        <time>2020-07-06T16:31:46.000Z</time>
      </trkpt>
      <trkpt lat="42.761659" lon="-2.4422609999999998">
        <ele>681</ele>
        <time>2020-07-06T16:32:06.000Z</time>
      </trkpt>
      <trkpt lat="42.761953" lon="-2.4417680000000002">
        <ele>681</ele>
        <time>2020-07-06T16:32:26.000Z</time>
      </trkpt>
      <trkpt lat="42.762254" lon="-2.4412609999999999">
        <ele>683</ele>
        <time>2020-07-06T16:32:46.000Z</time>
      </trkpt>
      <trkpt lat="42.762784" lon="-2.4403489999999999">
        <ele>684</ele>
        <time>2020-07-06T16:33:06.000Z</time>
      </trkpt>
      <trkpt lat="42.763122" lon="-2.4398119999999999">
        <ele>688</ele>
        <time>2020-07-06T16:33:26.000Z</time>
      </trkpt>
      <trkpt lat="42.763351" lon="-2.4395760000000002">
        <ele>688</ele>
        <time>2020-07-06T16:33:46.000Z</time>
      </trkpt>
      <trkpt lat="42.764028" lon="-2.4390399999999999">
        <ele>691</ele>
        <time>2020-07-06T16:34:06.000Z</time>
      </trkpt>
      <trkpt lat="42.764186" lon="-2.4386540000000001">
        <ele>690</ele>
        <time>2020-07-06T16:34:26.000Z</time>
      </trkpt>
      <trkpt lat="42.764335" lon="-2.4382570000000001">
        <ele>691</ele>
        <time>2020-07-06T16:34:46.000Z</time>
      </trkpt>
      <trkpt lat="42.764682" lon="-2.4381390000000001">
        <ele>693</ele>
        <time>2020-07-06T16:35:06.000Z</time>
      </trkpt>
      <trkpt lat="42.765336" lon="-2.4383210000000002">
        <ele>695</ele>
        <time>2020-07-06T16:35:26.000Z</time>
      </trkpt>
      <trkpt lat="42.765808" lon="-2.4382030000000001">
        <ele>696</ele>
        <time>2020-07-06T16:35:46.000Z</time>
      </trkpt>
      <trkpt lat="42.766572" lon="-2.4377520000000001">
        <ele>700</ele>
        <time>2020-07-06T16:36:06.000Z</time>
      </trkpt>
      <trkpt lat="42.767549" lon="-2.437109">
        <ele>709</ele>
        <time>2020-07-06T16:36:26.000Z</time>
      </trkpt>
      <trkpt lat="42.768384" lon="-2.4365830000000002">
        <ele>718</ele>
        <time>2020-07-06T16:36:46.000Z</time>
      </trkpt>
      <trkpt lat="42.769321" lon="-2.4359289999999998">
        <ele>729</ele>
        <time>2020-07-06T16:37:06.000Z</time>
      </trkpt>
      <trkpt lat="42.770542" lon="-2.4347590000000001">
        <ele>744</ele>
        <time>2020-07-06T16:37:26.000Z</time>
      </trkpt>
      <trkpt lat="42.770967" lon="-2.4344480000000002">
        <ele>748</ele>
        <time>2020-07-06T16:37:46.000Z</time>
      </trkpt>
      <trkpt lat="42.771408" lon="-2.4342760000000001">
        <ele>752</ele>
        <time>2020-07-06T16:38:06.000Z</time>
      </trkpt>
      <trkpt lat="42.771818" lon="-2.4344160000000001">
        <ele>760</ele>
        <time>2020-07-06T16:38:26.000Z</time>
      </trkpt>
      <trkpt lat="42.771928" lon="-2.4347270000000001">
        <ele>761</ele>
        <time>2020-07-06T16:38:46.000Z</time>
      </trkpt>
      <trkpt lat="42.771904" lon="-2.4350489999999998">
        <ele>763</ele>
        <time>2020-07-06T16:39:06.000Z</time>
      </trkpt>
      <trkpt lat="42.771715" lon="-2.4351989999999999">
        <ele>763</ele>
        <time>2020-07-06T16:39:26.000Z</time>
      </trkpt>
      <trkpt lat="42.771447" lon="-2.435521">
        <ele>763</ele>
        <time>2020-07-06T16:39:46.000Z</time>
      </trkpt>
      <trkpt lat="42.771416" lon="-2.435886">
        <ele>763</ele>
        <time>2020-07-06T16:40:06.000Z</time>
      </trkpt>
      <trkpt lat="42.771503" lon="-2.4361969999999999">
        <ele>764</ele>
        <time>2020-07-06T16:40:26.000Z</time>
      </trkpt>
      <trkpt lat="42.771755" lon="-2.4363679999999999">
        <ele>768</ele>
        <time>2020-07-06T16:40:46.000Z</time>
      </trkpt>
      <trkpt lat="42.772093" lon="-2.4361969999999999">
        <ele>771</ele>
        <time>2020-07-06T16:41:06.000Z</time>
      </trkpt>
      <trkpt lat="42.772196" lon="-2.4356930000000001">
        <ele>774</ele>
        <time>2020-07-06T16:41:26.000Z</time>
      </trkpt>
      <trkpt lat="42.772282" lon="-2.434984">
        <ele>776</ele>
        <time>2020-07-06T16:41:46.000Z</time>
      </trkpt>
      <trkpt lat="42.772432" lon="-2.4345020000000002">
        <ele>779</ele>
        <time>2020-07-06T16:42:06.000Z</time>
      </trkpt>
      <trkpt lat="42.772652" lon="-2.4342440000000001">
        <ele>782</ele>
        <time>2020-07-06T16:42:26.000Z</time>
      </trkpt>
      <trkpt lat="42.773109" lon="-2.434094">
        <ele>786</ele>
        <time>2020-07-06T16:42:46.000Z</time>
      </trkpt>
      <trkpt lat="42.77355" lon="-2.4339870000000001">
        <ele>793</ele>
        <time>2020-07-06T16:43:06.000Z</time>
      </trkpt>
      <trkpt lat="42.773897" lon="-2.4337939999999998">
        <ele>794</ele>
        <time>2020-07-06T16:43:26.000Z</time>
      </trkpt>
      <trkpt lat="42.77429" lon="-2.4339010000000001">
        <ele>799</ele>
        <time>2020-07-06T16:43:46.000Z</time>
      </trkpt>
      <trkpt lat="42.774464" lon="-2.4340299999999999">
        <ele>801</ele>
        <time>2020-07-06T16:44:06.000Z</time>
      </trkpt>
      <trkpt lat="42.774456" lon="-2.4344049999999999">
        <ele>803</ele>
        <time>2020-07-06T16:44:26.000Z</time>
      </trkpt>
      <trkpt lat="42.774558" lon="-2.434555">
        <ele>804</ele>
        <time>2020-07-06T16:44:46.000Z</time>
      </trkpt>
      <trkpt lat="42.775023" lon="-2.4347910000000001">
        <ele>807</ele>
        <time>2020-07-06T16:45:06.000Z</time>
      </trkpt>
      <trkpt lat="42.77533" lon="-2.434952">
        <ele>809</ele>
        <time>2020-07-06T16:45:26.000Z</time>
      </trkpt>
      <trkpt lat="42.776582" lon="-2.4347270000000001">
        <ele>814</ele>
        <time>2020-07-06T16:45:46.000Z</time>
      </trkpt>
      <trkpt lat="42.776976" lon="-2.434523">
        <ele>819</ele>
        <time>2020-07-06T16:46:06.000Z</time>
      </trkpt>
      <trkpt lat="42.777464" lon="-2.4341370000000002">
        <ele>827</ele>
        <time>2020-07-06T16:46:26.000Z</time>
      </trkpt>
      <trkpt lat="42.778346" lon="-2.4339010000000001">
        <ele>839</ele>
        <time>2020-07-06T16:46:46.000Z</time>
      </trkpt>
      <trkpt lat="42.77859" lon="-2.4336329999999999">
        <ele>845</ele>
        <time>2020-07-06T16:47:06.000Z</time>
      </trkpt>
      <trkpt lat="42.778834" lon="-2.4333749999999998">
        <ele>849</ele>
        <time>2020-07-06T16:47:26.000Z</time>
      </trkpt>
      <trkpt lat="42.77911" lon="-2.4329999999999998">
        <ele>854</ele>
        <time>2020-07-06T16:47:46.000Z</time>
      </trkpt>
      <trkpt lat="42.779323" lon="-2.432388">
        <ele>861</ele>
        <time>2020-07-06T16:48:06.000Z</time>
      </trkpt>
      <trkpt lat="42.77948" lon="-2.431959">
        <ele>864</ele>
        <time>2020-07-06T16:48:26.000Z</time>
      </trkpt>
      <trkpt lat="42.779897" lon="-2.4304030000000001">
        <ele>874</ele>
        <time>2020-07-06T16:48:46.000Z</time>
      </trkpt>
      <trkpt lat="42.780417" lon="-2.4298350000000002">
        <ele>875</ele>
        <time>2020-07-06T16:49:06.000Z</time>
      </trkpt>
      <trkpt lat="42.780882" lon="-2.4290729999999998">
        <ele>872</ele>
        <time>2020-07-06T16:49:26.000Z</time>
      </trkpt>
      <trkpt lat="42.781008" lon="-2.4288370000000001">
        <ele>872</ele>
        <time>2020-07-06T16:49:46.000Z</time>
      </trkpt>
      <trkpt lat="42.781354" lon="-2.428912">
        <ele>875</ele>
        <time>2020-07-06T16:50:06.000Z</time>
      </trkpt>
      <trkpt lat="42.781701" lon="-2.4291909999999999">
        <ele>879</ele>
        <time>2020-07-06T16:50:26.000Z</time>
      </trkpt>
      <trkpt lat="42.782291" lon="-2.4295990000000001">
        <ele>882</ele>
        <time>2020-07-06T16:50:46.000Z</time>
      </trkpt>
      <trkpt lat="42.782795" lon="-2.4298989999999998">
        <ele>884</ele>
        <time>2020-07-06T16:51:06.000Z</time>
      </trkpt>
      <trkpt lat="42.783102" lon="-2.4299740000000001">
        <ele>884</ele>
        <time>2020-07-06T16:51:26.000Z</time>
      </trkpt>
      <trkpt lat="42.783425" lon="-2.4300380000000001">
        <ele>884</ele>
        <time>2020-07-06T16:51:46.000Z</time>
      </trkpt>
      <trkpt lat="42.78348" lon="-2.430596">
        <ele>880</ele>
        <time>2020-07-06T16:52:06.000Z</time>
      </trkpt>
      <trkpt lat="42.783433" lon="-2.431165">
        <ele>883</ele>
        <time>2020-07-06T16:52:26.000Z</time>
      </trkpt>
      <trkpt lat="42.783331" lon="-2.4317980000000001">
        <ele>882</ele>
        <time>2020-07-06T16:52:46.000Z</time>
      </trkpt>
      <trkpt lat="42.783252" lon="-2.4322490000000001">
        <ele>879</ele>
        <time>2020-07-06T16:53:06.000Z</time>
      </trkpt>
      <trkpt lat="42.783331" lon="-2.4326989999999999">
        <ele>873</ele>
        <time>2020-07-06T16:53:26.000Z</time>
      </trkpt>
      <trkpt lat="42.783543" lon="-2.4330099999999999">
        <ele>870</ele>
        <time>2020-07-06T16:53:46.000Z</time>
      </trkpt>
      <trkpt lat="42.783882" lon="-2.433236">
        <ele>866</ele>
        <time>2020-07-06T16:54:06.000Z</time>
      </trkpt>
      <trkpt lat="42.784197" lon="-2.4333969999999998">
        <ele>859</ele>
        <time>2020-07-06T16:54:26.000Z</time>
      </trkpt>
      <trkpt lat="42.784646" lon="-2.4334180000000001">
        <ele>853</ele>
        <time>2020-07-06T16:54:46.000Z</time>
      </trkpt>
      <trkpt lat="42.785047" lon="-2.4334389999999999">
        <ele>848</ele>
        <time>2020-07-06T16:55:06.000Z</time>
      </trkpt>
      <trkpt lat="42.785165" lon="-2.4335680000000002">
        <ele>848</ele>
        <time>2020-07-06T16:55:26.000Z</time>
      </trkpt>
      <trkpt lat="42.785118" lon="-2.4337719999999998">
        <ele>848</ele>
        <time>2020-07-06T16:55:46.000Z</time>
      </trkpt>
      <trkpt lat="42.784953" lon="-2.4342229999999998">
        <ele>854</ele>
        <time>2020-07-06T16:56:06.000Z</time>
      </trkpt>
      <trkpt lat="42.784661" lon="-2.4346730000000001">
        <ele>857</ele>
        <time>2020-07-06T16:56:26.000Z</time>
      </trkpt>
      <trkpt lat="42.784087" lon="-2.435371">
        <ele>866</ele>
        <time>2020-07-06T16:56:46.000Z</time>
      </trkpt>
      <trkpt lat="42.78385" lon="-2.4355530000000001">
        <ele>868</ele>
        <time>2020-07-06T16:57:06.000Z</time>
      </trkpt>
      <trkpt lat="42.783724" lon="-2.435778">
        <ele>869</ele>
        <time>2020-07-06T16:57:26.000Z</time>
      </trkpt>
      <trkpt lat="42.783724" lon="-2.4360469999999999">
        <ele>869</ele>
        <time>2020-07-06T16:57:46.000Z</time>
      </trkpt>
      <trkpt lat="42.783748" lon="-2.4364439999999998">
        <ele>868</ele>
        <time>2020-07-06T16:58:06.000Z</time>
      </trkpt>
      <trkpt lat="42.783819" lon="-2.4367760000000001">
        <ele>868</ele>
        <time>2020-07-06T16:58:26.000Z</time>
      </trkpt>
      <trkpt lat="42.784063" lon="-2.437227">
        <ele>868</ele>
        <time>2020-07-06T16:58:46.000Z</time>
      </trkpt>
      <trkpt lat="42.784181" lon="-2.43757">
        <ele>867</ele>
        <time>2020-07-06T16:59:06.000Z</time>
      </trkpt>
      <trkpt lat="42.784425" lon="-2.438396">
        <ele>870</ele>
        <time>2020-07-06T16:59:26.000Z</time>
      </trkpt>
      <trkpt lat="42.784685" lon="-2.438879">
        <ele>873</ele>
        <time>2020-07-06T16:59:46.000Z</time>
      </trkpt>
      <trkpt lat="42.784929" lon="-2.4390610000000001">
        <ele>873</ele>
        <time>2020-07-06T17:00:06.000Z</time>
      </trkpt>
      <trkpt lat="42.785362" lon="-2.4389970000000001">
        <ele>873</ele>
        <time>2020-07-06T17:00:26.000Z</time>
      </trkpt>
      <trkpt lat="42.78574" lon="-2.4388040000000002">
        <ele>871</ele>
        <time>2020-07-06T17:00:46.000Z</time>
      </trkpt>
      <trkpt lat="42.786276" lon="-2.4386969999999999">
        <ele>866</ele>
        <time>2020-07-06T17:01:06.000Z</time>
      </trkpt>
      <trkpt lat="42.786701" lon="-2.4387720000000002">
        <ele>860</ele>
        <time>2020-07-06T17:01:26.000Z</time>
      </trkpt>
      <trkpt lat="42.786913" lon="-2.4389219999999998">
        <ele>857</ele>
        <time>2020-07-06T17:01:46.000Z</time>
      </trkpt>
      <trkpt lat="42.786898" lon="-2.4390939999999999">
        <ele>858</ele>
        <time>2020-07-06T17:02:06.000Z</time>
      </trkpt>
      <trkpt lat="42.786827" lon="-2.439222">
        <ele>857</ele>
        <time>2020-07-06T17:02:26.000Z</time>
      </trkpt>
      <trkpt lat="42.786748" lon="-2.4395760000000002">
        <ele>859</ele>
        <time>2020-07-06T17:02:46.000Z</time>
      </trkpt>
      <trkpt lat="42.786756" lon="-2.4400059999999999">
        <ele>862</ele>
        <time>2020-07-06T17:03:06.000Z</time>
      </trkpt>
      <trkpt lat="42.786661" lon="-2.4402200000000001">
        <ele>866</ele>
        <time>2020-07-06T17:03:26.000Z</time>
      </trkpt>
      <trkpt lat="42.786425" lon="-2.440617">
        <ele>868</ele>
        <time>2020-07-06T17:03:46.000Z</time>
      </trkpt>
      <trkpt lat="42.786047" lon="-2.4412929999999999">
        <ele>875</ele>
        <time>2020-07-06T17:04:06.000Z</time>
      </trkpt>
      <trkpt lat="42.78574" lon="-2.4417330000000002">
        <ele>877</ele>
        <time>2020-07-06T17:04:26.000Z</time>
      </trkpt>
      <trkpt lat="42.785528" lon="-2.4421189999999999">
        <ele>881</ele>
        <time>2020-07-06T17:04:46.000Z</time>
      </trkpt>
      <trkpt lat="42.785421" lon="-2.4423020000000002">
        <ele>883</ele>
        <time>2020-07-06T17:05:06.000Z</time>
      </trkpt>
      <trkpt lat="42.785386" lon="-2.4424090000000001">
        <ele>882</ele>
        <time>2020-07-06T17:05:26.000Z</time>
      </trkpt>
      <trkpt lat="42.785413" lon="-2.4424730000000001">
        <ele>883</ele>
        <time>2020-07-06T17:05:46.000Z</time>
      </trkpt>
      <trkpt lat="42.785551" lon="-2.4423499999999998">
        <ele>885</ele>
        <time>2020-07-06T17:06:06.000Z</time>
      </trkpt>
      <trkpt lat="42.785756" lon="-2.4421240000000002">
        <ele>888</ele>
        <time>2020-07-06T17:06:26.000Z</time>
      </trkpt>
      <trkpt lat="42.786039" lon="-2.441856">
        <ele>893</ele>
        <time>2020-07-06T17:06:46.000Z</time>
      </trkpt>
      <trkpt lat="42.786299" lon="-2.4417010000000001">
        <ele>898</ele>
        <time>2020-07-06T17:07:06.000Z</time>
      </trkpt>
      <trkpt lat="42.786453" lon="-2.4417599999999999">
        <ele>903</ele>
        <time>2020-07-06T17:07:26.000Z</time>
      </trkpt>
      <trkpt lat="42.786705" lon="-2.442307">
        <ele>906</ele>
        <time>2020-07-06T17:07:46.000Z</time>
      </trkpt>
      <trkpt lat="42.787165" lon="-2.4430260000000001">
        <ele>908</ele>
        <time>2020-07-06T17:08:06.000Z</time>
      </trkpt>
      <trkpt lat="42.787472" lon="-2.4434439999999999">
        <ele>906</ele>
        <time>2020-07-06T17:08:26.000Z</time>
      </trkpt>
      <trkpt lat="42.787669" lon="-2.443562">
        <ele>903</ele>
        <time>2020-07-06T17:08:46.000Z</time>
      </trkpt>
      <trkpt lat="42.787839" lon="-2.443492">
        <ele>901</ele>
        <time>2020-07-06T17:09:06.000Z</time>
      </trkpt>
      <trkpt lat="42.788047" lon="-2.4433479999999999">
        <ele>898</ele>
        <time>2020-07-06T17:09:26.000Z</time>
      </trkpt>
      <trkpt lat="42.788275" lon="-2.4433690000000001">
        <ele>898</ele>
        <time>2020-07-06T17:09:46.000Z</time>
      </trkpt>
      <trkpt lat="42.788358" lon="-2.4435190000000002">
        <ele>898</ele>
        <time>2020-07-06T17:10:06.000Z</time>
      </trkpt>
      <trkpt lat="42.788417" lon="-2.4437609999999999">
        <ele>897</ele>
        <time>2020-07-06T17:10:26.000Z</time>
      </trkpt>
      <trkpt lat="42.788472" lon="-2.444045">
        <ele>896</ele>
        <time>2020-07-06T17:10:46.000Z</time>
      </trkpt>
      <trkpt lat="42.788634" lon="-2.4442379999999999">
        <ele>898</ele>
        <time>2020-07-06T17:11:06.000Z</time>
      </trkpt>
      <trkpt lat="42.788838" lon="-2.4444309999999998">
        <ele>895</ele>
        <time>2020-07-06T17:11:26.000Z</time>
      </trkpt>
      <trkpt lat="42.789165" lon="-2.4445489999999999">
        <ele>893</ele>
        <time>2020-07-06T17:11:46.000Z</time>
      </trkpt>
      <trkpt lat="42.78935" lon="-2.4446460000000001">
        <ele>893</ele>
        <time>2020-07-06T17:12:06.000Z</time>
      </trkpt>
      <trkpt lat="42.78948" lon="-2.4447480000000001">
        <ele>892</ele>
        <time>2020-07-06T17:12:26.000Z</time>
      </trkpt>
      <trkpt lat="42.789779" lon="-2.4446829999999999">
        <ele>892</ele>
        <time>2020-07-06T17:12:46.000Z</time>
      </trkpt>
      <trkpt lat="42.790106" lon="-2.4445549999999998">
        <ele>891</ele>
        <time>2020-07-06T17:13:06.000Z</time>
      </trkpt>
      <trkpt lat="42.790834" lon="-2.4446729999999999">
        <ele>876</ele>
        <time>2020-07-06T17:13:26.000Z</time>
      </trkpt>
      <trkpt lat="42.791452" lon="-2.444871">
        <ele>867</ele>
        <time>2020-07-06T17:13:46.000Z</time>
      </trkpt>
      <trkpt lat="42.791815" lon="-2.4449939999999999">
        <ele>863</ele>
        <time>2020-07-06T17:14:06.000Z</time>
      </trkpt>
      <trkpt lat="42.791968" lon="-2.444893">
        <ele>865</ele>
        <time>2020-07-06T17:14:26.000Z</time>
      </trkpt>
      <trkpt lat="42.792169" lon="-2.4447749999999999">
        <ele>869</ele>
        <time>2020-07-06T17:14:46.000Z</time>
      </trkpt>
      <trkpt lat="42.792338" lon="-2.444839">
        <ele>872</ele>
        <time>2020-07-06T17:15:06.000Z</time>
      </trkpt>
      <trkpt lat="42.792444" lon="-2.4449999999999998">
        <ele>873</ele>
        <time>2020-07-06T17:15:26.000Z</time>
      </trkpt>
      <trkpt lat="42.792562" lon="-2.4452630000000002">
        <ele>875</ele>
        <time>2020-07-06T17:15:46.000Z</time>
      </trkpt>
      <trkpt lat="42.792618" lon="-2.4454180000000001">
        <ele>876</ele>
        <time>2020-07-06T17:16:06.000Z</time>
      </trkpt>
      <trkpt lat="42.792696" lon="-2.4455360000000002">
        <ele>877</ele>
        <time>2020-07-06T17:16:26.000Z</time>
      </trkpt>
      <trkpt lat="42.792862" lon="-2.4455309999999999">
        <ele>876</ele>
        <time>2020-07-06T17:16:46.000Z</time>
      </trkpt>
      <trkpt lat="42.793192" lon="-2.4453649999999998">
        <ele>874</ele>
        <time>2020-07-06T17:17:06.000Z</time>
      </trkpt>
      <trkpt lat="42.793523" lon="-2.4452039999999999">
        <ele>873</ele>
        <time>2020-07-06T17:17:26.000Z</time>
      </trkpt>
      <trkpt lat="42.794145" lon="-2.444957">
        <ele>868</ele>
        <time>2020-07-06T17:17:46.000Z</time>
      </trkpt>
      <trkpt lat="42.794255" lon="-2.444769">
        <ele>868</ele>
        <time>2020-07-06T17:18:06.000Z</time>
      </trkpt>
      <trkpt lat="42.79444" lon="-2.4445169999999998">
        <ele>870</ele>
        <time>2020-07-06T17:18:26.000Z</time>
      </trkpt>
      <trkpt lat="42.794696" lon="-2.444372">
        <ele>863</ele>
        <time>2020-07-06T17:18:46.000Z</time>
      </trkpt>
      <trkpt lat="42.795216" lon="-2.4443079999999999">
        <ele>854</ele>
        <time>2020-07-06T17:19:06.000Z</time>
      </trkpt>
      <trkpt lat="42.795566" lon="-2.44434">
        <ele>849</ele>
        <time>2020-07-06T17:19:26.000Z</time>
      </trkpt>
      <trkpt lat="42.795861" lon="-2.4442699999999999">
        <ele>845</ele>
        <time>2020-07-06T17:19:46.000Z</time>
      </trkpt>
      <trkpt lat="42.796322" lon="-2.4441739999999998">
        <ele>836</ele>
        <time>2020-07-06T17:20:06.000Z</time>
      </trkpt>
      <trkpt lat="42.796613" lon="-2.4441519999999999">
        <ele>830</ele>
        <time>2020-07-06T17:20:26.000Z</time>
      </trkpt>
      <trkpt lat="42.79683" lon="-2.4442110000000001">
        <ele>826</ele>
        <time>2020-07-06T17:20:46.000Z</time>
      </trkpt>
      <trkpt lat="42.796936" lon="-2.4443779999999999">
        <ele>822</ele>
        <time>2020-07-06T17:21:06.000Z</time>
      </trkpt>
      <trkpt lat="42.796995" lon="-2.4446240000000001">
        <ele>818</ele>
        <time>2020-07-06T17:21:26.000Z</time>
      </trkpt>
      <trkpt lat="42.79705" lon="-2.4448279999999998">
        <ele>815</ele>
        <time>2020-07-06T17:21:46.000Z</time>
      </trkpt>
      <trkpt lat="42.797231" lon="-2.4449999999999998">
        <ele>812</ele>
        <time>2020-07-06T17:22:06.000Z</time>
      </trkpt>
      <trkpt lat="42.797412" lon="-2.4449299999999998">
        <ele>811</ele>
        <time>2020-07-06T17:22:26.000Z</time>
      </trkpt>
      <trkpt lat="42.797581" lon="-2.4450159999999999">
        <ele>807</ele>
        <time>2020-07-06T17:22:46.000Z</time>
      </trkpt>
      <trkpt lat="42.79766" lon="-2.445306">
        <ele>804</ele>
        <time>2020-07-06T17:23:06.000Z</time>
      </trkpt>
      <trkpt lat="42.797668" lon="-2.4456760000000002">
        <ele>801</ele>
        <time>2020-07-06T17:23:26.000Z</time>
      </trkpt>
      <trkpt lat="42.797589" lon="-2.4459710000000001">
        <ele>798</ele>
        <time>2020-07-06T17:23:46.000Z</time>
      </trkpt>
      <trkpt lat="42.797455" lon="-2.446631">
        <ele>793</ele>
        <time>2020-07-06T17:24:06.000Z</time>
      </trkpt>
      <trkpt lat="42.797424" lon="-2.4466359999999998">
        <ele>792</ele>
        <time>2020-07-06T17:24:26.000Z</time>
      </trkpt>
      <trkpt lat="42.797404" lon="-2.446529">
        <ele>792</ele>
        <time>2020-07-06T17:24:46.000Z</time>
      </trkpt>
      <trkpt lat="42.797385" lon="-2.4463620000000001">
        <ele>792</ele>
        <time>2020-07-06T17:25:06.000Z</time>
      </trkpt>
      <trkpt lat="42.797333" lon="-2.4461849999999998">
        <ele>793</ele>
        <time>2020-07-06T17:25:26.000Z</time>
      </trkpt>
      <trkpt lat="42.79718" lon="-2.4460890000000002">
        <ele>792</ele>
        <time>2020-07-06T17:25:46.000Z</time>
      </trkpt>
      <trkpt lat="42.796983" lon="-2.446008">
        <ele>790</ele>
        <time>2020-07-06T17:26:06.000Z</time>
      </trkpt>
      <trkpt lat="42.796814" lon="-2.4460459999999999">
        <ele>789</ele>
        <time>2020-07-06T17:26:26.000Z</time>
      </trkpt>
      <trkpt lat="42.796589" lon="-2.4462440000000001">
        <ele>785</ele>
        <time>2020-07-06T17:26:46.000Z</time>
      </trkpt>
      <trkpt lat="42.796416" lon="-2.446529">
        <ele>781</ele>
        <time>2020-07-06T17:27:06.000Z</time>
      </trkpt>
      <trkpt lat="42.796227" lon="-2.4469949999999998">
        <ele>776</ele>
        <time>2020-07-06T17:27:26.000Z</time>
      </trkpt>
      <trkpt lat="42.796062" lon="-2.447441">
        <ele>771</ele>
        <time>2020-07-06T17:27:46.000Z</time>
      </trkpt>
      <trkpt lat="42.796007" lon="-2.4476930000000001">
        <ele>769</ele>
        <time>2020-07-06T17:28:06.000Z</time>
      </trkpt>
      <trkpt lat="42.796066" lon="-2.447972">
        <ele>766</ele>
        <time>2020-07-06T17:28:26.000Z</time>
      </trkpt>
      <trkpt lat="42.796176" lon="-2.4481700000000002">
        <ele>764</ele>
        <time>2020-07-06T17:28:46.000Z</time>
      </trkpt>
      <trkpt lat="42.79633" lon="-2.4483100000000002">
        <ele>762</ele>
        <time>2020-07-06T17:29:06.000Z</time>
      </trkpt>
      <trkpt lat="42.79644" lon="-2.4485030000000001">
        <ele>761</ele>
        <time>2020-07-06T17:29:26.000Z</time>
      </trkpt>
      <trkpt lat="42.79642" lon="-2.448674">
        <ele>760</ele>
        <time>2020-07-06T17:29:46.000Z</time>
      </trkpt>
      <trkpt lat="42.796373" lon="-2.4488620000000001">
        <ele>758</ele>
        <time>2020-07-06T17:30:06.000Z</time>
      </trkpt>
      <trkpt lat="42.796369" lon="-2.4490820000000002">
        <ele>756</ele>
        <time>2020-07-06T17:30:26.000Z</time>
      </trkpt>
      <trkpt lat="42.796397" lon="-2.4492319999999999">
        <ele>756</ele>
        <time>2020-07-06T17:30:46.000Z</time>
      </trkpt>
      <trkpt lat="42.7963" lon="-2.449525">
        <ele>753</ele>
        <time>2020-07-06T17:31:06.000Z</time>
      </trkpt>
      <trkpt lat="42.796204" lon="-2.4498060000000002">
        <ele>749</ele>
        <time>2020-07-06T17:31:26.000Z</time>
      </trkpt>
      <trkpt lat="42.795816" lon="-2.4493209999999999">
        <ele>748</ele>
        <time>2020-07-06T17:31:46.000Z</time>
      </trkpt>
      <trkpt lat="42.795773" lon="-2.4495439999999999">
        <ele>746</ele>
        <time>2020-07-06T17:32:06.000Z</time>
      </trkpt>
      <trkpt lat="42.795764" lon="-2.4497979999999999">
        <ele>744</ele>
        <time>2020-07-06T17:32:26.000Z</time>
      </trkpt>
      <trkpt lat="42.795896" lon="-2.4499610000000001">
        <ele>744</ele>
        <time>2020-07-06T17:32:46.000Z</time>
      </trkpt>
      <trkpt lat="42.796097" lon="-2.450615">
        <ele>738</ele>
        <time>2020-07-06T17:33:06.000Z</time>
      </trkpt>
      <trkpt lat="42.79653" lon="-2.4508359999999998">
        <ele>730</ele>
        <time>2020-07-06T17:33:26.000Z</time>
      </trkpt>
      <trkpt lat="42.796873" lon="-2.4511639999999999">
        <ele>725</ele>
        <time>2020-07-06T17:33:46.000Z</time>
      </trkpt>
      <trkpt lat="42.797266" lon="-2.4514689999999999">
        <ele>721</ele>
        <time>2020-07-06T17:34:06.000Z</time>
      </trkpt>
      <trkpt lat="42.797609" lon="-2.4517159999999998">
        <ele>720</ele>
        <time>2020-07-06T17:34:26.000Z</time>
      </trkpt>
      <trkpt lat="42.797778" lon="-2.4518719999999998">
        <ele>719</ele>
        <time>2020-07-06T17:34:46.000Z</time>
      </trkpt>
      <trkpt lat="42.797959" lon="-2.452483">
        <ele>717</ele>
        <time>2020-07-06T17:35:06.000Z</time>
      </trkpt>
      <trkpt lat="42.798121" lon="-2.4531640000000001">
        <ele>718</ele>
        <time>2020-07-06T17:35:26.000Z</time>
      </trkpt>
      <trkpt lat="42.798278" lon="-2.4537059999999999">
        <ele>715</ele>
        <time>2020-07-06T17:35:46.000Z</time>
      </trkpt>
      <trkpt lat="42.79853" lon="-2.4539960000000001">
        <ele>715</ele>
        <time>2020-07-06T17:36:06.000Z</time>
      </trkpt>
      <trkpt lat="42.798865" lon="-2.454291">
        <ele>712</ele>
        <time>2020-07-06T17:36:26.000Z</time>
      </trkpt>
      <trkpt lat="42.79916" lon="-2.4544410000000001">
        <ele>710</ele>
        <time>2020-07-06T17:36:46.000Z</time>
      </trkpt>
      <trkpt lat="42.799325" lon="-2.4545219999999999">
        <ele>711</ele>
        <time>2020-07-06T17:37:06.000Z</time>
      </trkpt>
      <trkpt lat="42.799309" lon="-2.4548169999999998">
        <ele>709</ele>
        <time>2020-07-06T17:37:26.000Z</time>
      </trkpt>
      <trkpt lat="42.799231" lon="-2.4560399999999998">
        <ele>709</ele>
        <time>2020-07-06T17:37:46.000Z</time>
      </trkpt>
      <trkpt lat="42.799337" lon="-2.4564309999999998">
        <ele>716</ele>
        <time>2020-07-06T17:38:06.000Z</time>
      </trkpt>
      <trkpt lat="42.799683" lon="-2.4565440000000001">
        <ele>715</ele>
        <time>2020-07-06T17:38:26.000Z</time>
      </trkpt>
      <trkpt lat="42.800368" lon="-2.4567909999999999">
        <ele>713</ele>
        <time>2020-07-06T17:38:46.000Z</time>
      </trkpt>
      <trkpt lat="42.801391" lon="-2.4571719999999999">
        <ele>710</ele>
        <time>2020-07-06T17:39:06.000Z</time>
      </trkpt>
      <trkpt lat="42.802474" lon="-2.4574720000000001">
        <ele>707</ele>
        <time>2020-07-06T17:39:26.000Z</time>
      </trkpt>
      <trkpt lat="42.803635" lon="-2.457735">
        <ele>704</ele>
        <time>2020-07-06T17:39:46.000Z</time>
      </trkpt>
      <trkpt lat="42.804328" lon="-2.4579550000000001">
        <ele>706</ele>
        <time>2020-07-06T17:40:06.000Z</time>
      </trkpt>
      <trkpt lat="42.804792" lon="-2.4582709999999999">
        <ele>705</ele>
        <time>2020-07-06T17:40:26.000Z</time>
      </trkpt>
      <trkpt lat="42.805138" lon="-2.458609">
        <ele>702</ele>
        <time>2020-07-06T17:40:46.000Z</time>
      </trkpt>
      <trkpt lat="42.805477" lon="-2.4592320000000001">
        <ele>699</ele>
        <time>2020-07-06T17:41:06.000Z</time>
      </trkpt>
      <trkpt lat="42.805674" lon="-2.4597730000000002">
        <ele>698</ele>
        <time>2020-07-06T17:41:26.000Z</time>
      </trkpt>
      <trkpt lat="42.805827" lon="-2.4607549999999998">
        <ele>697</ele>
        <time>2020-07-06T17:41:46.000Z</time>
      </trkpt>
      <trkpt lat="42.805957" lon="-2.4617149999999999">
        <ele>695</ele>
        <time>2020-07-06T17:42:06.000Z</time>
      </trkpt>
      <trkpt lat="42.806177" lon="-2.4635549999999999">
        <ele>696</ele>
        <time>2020-07-06T17:42:26.000Z</time>
      </trkpt>
      <trkpt lat="42.806138" lon="-2.464553">
        <ele>695</ele>
        <time>2020-07-06T17:42:46.000Z</time>
      </trkpt>
      <trkpt lat="42.805925" lon="-2.4651860000000001">
        <ele>695</ele>
        <time>2020-07-06T17:43:06.000Z</time>
      </trkpt>
      <trkpt lat="42.805611" lon="-2.4658730000000002">
        <ele>695</ele>
        <time>2020-07-06T17:43:26.000Z</time>
      </trkpt>
      <trkpt lat="42.805178" lon="-2.4669460000000001">
        <ele>691</ele>
        <time>2020-07-06T17:43:46.000Z</time>
      </trkpt>
      <trkpt lat="42.805099" lon="-2.4674710000000002">
        <ele>687</ele>
        <time>2020-07-06T17:44:06.000Z</time>
      </trkpt>
      <trkpt lat="42.805123" lon="-2.468083">
        <ele>680</ele>
        <time>2020-07-06T17:44:26.000Z</time>
      </trkpt>
      <trkpt lat="42.805249" lon="-2.4686940000000002">
        <ele>685</ele>
        <time>2020-07-06T17:44:46.000Z</time>
      </trkpt>
      <trkpt lat="42.805516" lon="-2.4692850000000002">
        <ele>687</ele>
        <time>2020-07-06T17:45:06.000Z</time>
      </trkpt>
      <trkpt lat="42.806343" lon="-2.4703680000000001">
        <ele>690</ele>
        <time>2020-07-06T17:45:26.000Z</time>
      </trkpt>
      <trkpt lat="42.807555" lon="-2.4717410000000002">
        <ele>685</ele>
        <time>2020-07-06T17:45:46.000Z</time>
      </trkpt>
      <trkpt lat="42.808137" lon="-2.4724599999999999">
        <ele>681</ele>
        <time>2020-07-06T17:46:06.000Z</time>
      </trkpt>
      <trkpt lat="42.808476" lon="-2.4735010000000002">
        <ele>679</ele>
        <time>2020-07-06T17:46:26.000Z</time>
      </trkpt>
      <trkpt lat="42.808735" lon="-2.4747880000000002">
        <ele>677</ele>
        <time>2020-07-06T17:46:46.000Z</time>
      </trkpt>
      <trkpt lat="42.808987" lon="-2.4760330000000002">
        <ele>674</ele>
        <time>2020-07-06T17:47:06.000Z</time>
      </trkpt>
      <trkpt lat="42.80931" lon="-2.4776530000000001">
        <ele>678</ele>
        <time>2020-07-06T17:47:26.000Z</time>
      </trkpt>
      <trkpt lat="42.809554" lon="-2.4788869999999998">
        <ele>669</ele>
        <time>2020-07-06T17:47:46.000Z</time>
      </trkpt>
      <trkpt lat="42.809617" lon="-2.479606">
        <ele>674</ele>
        <time>2020-07-06T17:48:06.000Z</time>
      </trkpt>
      <trkpt lat="42.809609" lon="-2.4806140000000001">
        <ele>673</ele>
        <time>2020-07-06T17:48:26.000Z</time>
      </trkpt>
      <trkpt lat="42.809633" lon="-2.4818159999999998">
        <ele>668</ele>
        <time>2020-07-06T17:48:46.000Z</time>
      </trkpt>
      <trkpt lat="42.809822" lon="-2.4830930000000002">
        <ele>665</ele>
        <time>2020-07-06T17:49:06.000Z</time>
      </trkpt>
      <trkpt lat="42.810144" lon="-2.483994">
        <ele>660</ele>
        <time>2020-07-06T17:49:26.000Z</time>
      </trkpt>
      <trkpt lat="42.810404" lon="-2.4845730000000001">
        <ele>660</ele>
        <time>2020-07-06T17:49:46.000Z</time>
      </trkpt>
      <trkpt lat="42.810861" lon="-2.485185">
        <ele>663</ele>
        <time>2020-07-06T17:50:06.000Z</time>
      </trkpt>
      <trkpt lat="42.811286" lon="-2.4854099999999999">
        <ele>662</ele>
        <time>2020-07-06T17:50:26.000Z</time>
      </trkpt>
      <trkpt lat="42.8116" lon="-2.4857100000000001">
        <ele>662</ele>
        <time>2020-07-06T17:50:46.000Z</time>
      </trkpt>
      <trkpt lat="42.81186" lon="-2.4862150000000001">
        <ele>662</ele>
        <time>2020-07-06T17:51:06.000Z</time>
      </trkpt>
      <trkpt lat="42.811939" lon="-2.486494">
        <ele>663</ele>
        <time>2020-07-06T17:51:26.000Z</time>
      </trkpt>
      <trkpt lat="42.812325" lon="-2.4870619999999999">
        <ele>661</ele>
        <time>2020-07-06T17:51:46.000Z</time>
      </trkpt>
      <trkpt lat="42.813143" lon="-2.4880710000000001">
        <ele>660</ele>
        <time>2020-07-06T17:52:06.000Z</time>
      </trkpt>
      <trkpt lat="42.813993" lon="-2.489144">
        <ele>652</ele>
        <time>2020-07-06T17:52:26.000Z</time>
      </trkpt>
      <trkpt lat="42.814599" lon="-2.4899909999999998">
        <ele>651</ele>
        <time>2020-07-06T17:52:46.000Z</time>
      </trkpt>
      <trkpt lat="42.815221" lon="-2.4908600000000001">
        <ele>652</ele>
        <time>2020-07-06T17:53:06.000Z</time>
      </trkpt>
      <trkpt lat="42.815559" lon="-2.4917509999999998">
        <ele>650</ele>
        <time>2020-07-06T17:53:26.000Z</time>
      </trkpt>
      <trkpt lat="42.815709" lon="-2.4927480000000002">
        <ele>648</ele>
        <time>2020-07-06T17:53:46.000Z</time>
      </trkpt>
      <trkpt lat="42.815819" lon="-2.4945080000000002">
        <ele>645</ele>
        <time>2020-07-06T17:54:06.000Z</time>
      </trkpt>
      <trkpt lat="42.815961" lon="-2.4970940000000001">
        <ele>638</ele>
        <time>2020-07-06T17:54:26.000Z</time>
      </trkpt>
      <trkpt lat="42.816134" lon="-2.4994969999999999">
        <ele>632</ele>
        <time>2020-07-06T17:54:46.000Z</time>
      </trkpt>
      <trkpt lat="42.816291" lon="-2.5020289999999998">
        <ele>631</ele>
        <time>2020-07-06T17:55:06.000Z</time>
      </trkpt>
      <trkpt lat="42.816441" lon="-2.504432">
        <ele>622</ele>
        <time>2020-07-06T17:55:26.000Z</time>
      </trkpt>
      <trkpt lat="42.816606" lon="-2.5068999999999999">
        <ele>625</ele>
        <time>2020-07-06T17:55:46.000Z</time>
      </trkpt>
      <trkpt lat="42.816763" lon="-2.5093779999999999">
        <ele>630</ele>
        <time>2020-07-06T17:56:06.000Z</time>
      </trkpt>
      <trkpt lat="42.816929" lon="-2.5120070000000001">
        <ele>616</ele>
        <time>2020-07-06T17:56:26.000Z</time>
      </trkpt>
      <trkpt lat="42.817078" lon="-2.514507">
        <ele>621</ele>
        <time>2020-07-06T17:56:46.000Z</time>
      </trkpt>
      <trkpt lat="42.817275" lon="-2.5172750000000002">
        <ele>617</ele>
        <time>2020-07-06T17:57:06.000Z</time>
      </trkpt>
      <trkpt lat="42.817409" lon="-2.5202360000000001">
        <ele>611</ele>
        <time>2020-07-06T17:57:26.000Z</time>
      </trkpt>
      <trkpt lat="42.817291" lon="-2.5213299999999998">
        <ele>611</ele>
        <time>2020-07-06T17:57:46.000Z</time>
      </trkpt>
      <trkpt lat="42.817086" lon="-2.52251">
        <ele>610</ele>
        <time>2020-07-06T17:58:06.000Z</time>
      </trkpt>
      <trkpt lat="42.817055" lon="-2.5230039999999998">
        <ele>610</ele>
        <time>2020-07-06T17:58:26.000Z</time>
      </trkpt>
      <trkpt lat="42.816905" lon="-2.52413">
        <ele>607</ele>
        <time>2020-07-06T17:58:46.000Z</time>
      </trkpt>
      <trkpt lat="42.81674" lon="-2.524152">
        <ele>607</ele>
        <time>2020-07-06T17:59:06.000Z</time>
      </trkpt>
      <trkpt lat="42.816748" lon="-2.5248170000000001">
        <ele>608</ele>
        <time>2020-07-06T17:59:26.000Z</time>
      </trkpt>
      <trkpt lat="42.816755" lon="-2.5255679999999998">
        <ele>607</ele>
        <time>2020-07-06T17:59:46.000Z</time>
      </trkpt>
      <trkpt lat="42.816811" lon="-2.5262220000000002">
        <ele>607</ele>
        <time>2020-07-06T18:00:06.000Z</time>
      </trkpt>
      <trkpt lat="42.817212" lon="-2.5283150000000001">
        <ele>611</ele>
        <time>2020-07-06T18:00:26.000Z</time>
      </trkpt>
      <trkpt lat="42.817605" lon="-2.5301710000000002">
        <ele>601</ele>
        <time>2020-07-06T18:00:46.000Z</time>
      </trkpt>
      <trkpt lat="42.818125" lon="-2.5327459999999999">
        <ele>601</ele>
        <time>2020-07-06T18:01:06.000Z</time>
      </trkpt>
      <trkpt lat="42.818589" lon="-2.5351490000000001">
        <ele>601</ele>
        <time>2020-07-06T18:01:26.000Z</time>
      </trkpt>
      <trkpt lat="42.819085" lon="-2.537563">
        <ele>603</ele>
        <time>2020-07-06T18:01:46.000Z</time>
      </trkpt>
      <trkpt lat="42.819478" lon="-2.539355">
        <ele>599</ele>
        <time>2020-07-06T18:02:06.000Z</time>
      </trkpt>
      <trkpt lat="42.819856" lon="-2.5413929999999998">
        <ele>590</ele>
        <time>2020-07-06T18:02:26.000Z</time>
      </trkpt>
      <trkpt lat="42.820234" lon="-2.543174">
        <ele>591</ele>
        <time>2020-07-06T18:02:46.000Z</time>
      </trkpt>
      <trkpt lat="42.820501" lon="-2.5440320000000001">
        <ele>590</ele>
        <time>2020-07-06T18:03:06.000Z</time>
      </trkpt>
      <trkpt lat="42.8208" lon="-2.5446219999999999">
        <ele>589</ele>
        <time>2020-07-06T18:03:26.000Z</time>
      </trkpt>
      <trkpt lat="42.821705" lon="-2.5458349999999998">
        <ele>593</ele>
        <time>2020-07-06T18:03:46.000Z</time>
      </trkpt>
      <trkpt lat="42.822965" lon="-2.5477020000000001">
        <ele>597</ele>
        <time>2020-07-06T18:04:06.000Z</time>
      </trkpt>
      <trkpt lat="42.824027" lon="-2.5492140000000001">
        <ele>593</ele>
        <time>2020-07-06T18:04:26.000Z</time>
      </trkpt>
      <trkpt lat="42.824869" lon="-2.5504479999999998">
        <ele>584</ele>
        <time>2020-07-06T18:04:46.000Z</time>
      </trkpt>
      <trkpt lat="42.825207" lon="-2.5511349999999999">
        <ele>584</ele>
        <time>2020-07-06T18:05:06.000Z</time>
      </trkpt>
      <trkpt lat="42.825758" lon="-2.552508">
        <ele>580</ele>
        <time>2020-07-06T18:05:26.000Z</time>
      </trkpt>
      <trkpt lat="42.825939" lon="-2.5526260000000001">
        <ele>578</ele>
        <time>2020-07-06T18:05:46.000Z</time>
      </trkpt>
      <trkpt lat="42.826089" lon="-2.5528620000000002">
        <ele>576</ele>
        <time>2020-07-06T18:06:06.000Z</time>
      </trkpt>
      <trkpt lat="42.826569" lon="-2.554144">
        <ele>578</ele>
        <time>2020-07-06T18:06:26.000Z</time>
      </trkpt>
      <trkpt lat="42.8271" lon="-2.5556139999999998">
        <ele>576</ele>
        <time>2020-07-06T18:06:46.000Z</time>
      </trkpt>
      <trkpt lat="42.827048" lon="-2.5556359999999998">
        <ele>576</ele>
        <time>2020-07-06T18:07:06.000Z</time>
      </trkpt>
      <trkpt lat="42.827214" lon="-2.5561020000000001">
        <ele>575</ele>
        <time>2020-07-06T18:07:26.000Z</time>
      </trkpt>
      <trkpt lat="42.827926" lon="-2.5578460000000001">
        <ele>571</ele>
        <time>2020-07-06T18:07:46.000Z</time>
      </trkpt>
      <trkpt lat="42.828414" lon="-2.5589719999999998">
        <ele>570</ele>
        <time>2020-07-06T18:08:06.000Z</time>
      </trkpt>
      <trkpt lat="42.828992" lon="-2.5604049999999998">
        <ele>567</ele>
        <time>2020-07-06T18:08:26.000Z</time>
      </trkpt>
      <trkpt lat="42.829555" lon="-2.5617830000000001">
        <ele>565</ele>
        <time>2020-07-06T18:08:46.000Z</time>
      </trkpt>
      <trkpt lat="42.829979" lon="-2.5628129999999998">
        <ele>564</ele>
        <time>2020-07-06T18:09:06.000Z</time>
      </trkpt>
      <trkpt lat="42.830334" lon="-2.563688">
        <ele>562</ele>
        <time>2020-07-06T18:09:26.000Z</time>
      </trkpt>
      <trkpt lat="42.83055" lon="-2.5644550000000002">
        <ele>560</ele>
        <time>2020-07-06T18:09:46.000Z</time>
      </trkpt>
      <trkpt lat="42.830589" lon="-2.5651519999999999">
        <ele>559</ele>
        <time>2020-07-06T18:10:06.000Z</time>
      </trkpt>
      <trkpt lat="42.830542" lon="-2.5659999999999998">
        <ele>557</ele>
        <time>2020-07-06T18:10:26.000Z</time>
      </trkpt>
      <trkpt lat="42.830357" lon="-2.5668199999999999">
        <ele>557</ele>
        <time>2020-07-06T18:10:46.000Z</time>
      </trkpt>
      <trkpt lat="42.830259" lon="-2.5672440000000001">
        <ele>557</ele>
        <time>2020-07-06T18:11:06.000Z</time>
      </trkpt>
      <trkpt lat="42.830271" lon="-2.5673569999999999">
        <ele>557</ele>
        <time>2020-07-06T18:11:26.000Z</time>
      </trkpt>
      <trkpt lat="42.830129" lon="-2.5678719999999999">
        <ele>557</ele>
        <time>2020-07-06T18:11:46.000Z</time>
      </trkpt>
      <trkpt lat="42.829846" lon="-2.5688589999999998">
        <ele>560</ele>
        <time>2020-07-06T18:12:06.000Z</time>
      </trkpt>
      <trkpt lat="42.829673" lon="-2.5695990000000002">
        <ele>559</ele>
        <time>2020-07-06T18:12:26.000Z</time>
      </trkpt>
      <trkpt lat="42.829204" lon="-2.5716809999999999">
        <ele>561</ele>
        <time>2020-07-06T18:12:46.000Z</time>
      </trkpt>
      <trkpt lat="42.828764" lon="-2.5735260000000002">
        <ele>563</ele>
        <time>2020-07-06T18:13:06.000Z</time>
      </trkpt>
      <trkpt lat="42.828315" lon="-2.575221">
        <ele>559</ele>
        <time>2020-07-06T18:13:26.000Z</time>
      </trkpt>
      <trkpt lat="42.827788" lon="-2.57741">
        <ele>558</ele>
        <time>2020-07-06T18:13:46.000Z</time>
      </trkpt>
      <trkpt lat="42.827709" lon="-2.5779459999999998">
        <ele>558</ele>
        <time>2020-07-06T18:14:06.000Z</time>
      </trkpt>
      <trkpt lat="42.827796" lon="-2.580403">
        <ele>556</ele>
        <time>2020-07-06T18:14:26.000Z</time>
      </trkpt>
      <trkpt lat="42.827953" lon="-2.583021">
        <ele>559</ele>
        <time>2020-07-06T18:14:46.000Z</time>
      </trkpt>
      <trkpt lat="42.828079" lon="-2.5852740000000001">
        <ele>554</ele>
        <time>2020-07-06T18:15:06.000Z</time>
      </trkpt>
      <trkpt lat="42.828237" lon="-2.5877629999999998">
        <ele>558</ele>
        <time>2020-07-06T18:15:26.000Z</time>
      </trkpt>
      <trkpt lat="42.828363" lon="-2.5901770000000002">
        <ele>562</ele>
        <time>2020-07-06T18:15:46.000Z</time>
      </trkpt>
      <trkpt lat="42.82852" lon="-2.5925050000000001">
        <ele>561</ele>
        <time>2020-07-06T18:16:06.000Z</time>
      </trkpt>
      <trkpt lat="42.828685" lon="-2.5950799999999998">
        <ele>557</ele>
        <time>2020-07-06T18:16:26.000Z</time>
      </trkpt>
      <trkpt lat="42.828819" lon="-2.5974940000000002">
        <ele>555</ele>
        <time>2020-07-06T18:16:46.000Z</time>
      </trkpt>
      <trkpt lat="42.828945" lon="-2.6000260000000002">
        <ele>554</ele>
        <time>2020-07-06T18:17:06.000Z</time>
      </trkpt>
      <trkpt lat="42.829086" lon="-2.6021079999999999">
        <ele>553</ele>
        <time>2020-07-06T18:17:26.000Z</time>
      </trkpt>
      <trkpt lat="42.829322" lon="-2.6047039999999999">
        <ele>548</ele>
        <time>2020-07-06T18:17:46.000Z</time>
      </trkpt>
      <trkpt lat="42.829417" lon="-2.6071070000000001">
        <ele>544</ele>
        <time>2020-07-06T18:18:06.000Z</time>
      </trkpt>
      <trkpt lat="42.829527" lon="-2.6093600000000001">
        <ele>542</ele>
        <time>2020-07-06T18:18:26.000Z</time>
      </trkpt>
      <trkpt lat="42.829574" lon="-2.611742">
        <ele>541</ele>
        <time>2020-07-06T18:18:46.000Z</time>
      </trkpt>
      <trkpt lat="42.829543" lon="-2.6142530000000002">
        <ele>543</ele>
        <time>2020-07-06T18:19:06.000Z</time>
      </trkpt>
      <trkpt lat="42.829559" lon="-2.616527">
        <ele>544</ele>
        <time>2020-07-06T18:19:26.000Z</time>
      </trkpt>
      <trkpt lat="42.829543" lon="-2.6192739999999999">
        <ele>543</ele>
        <time>2020-07-06T18:19:46.000Z</time>
      </trkpt>
      <trkpt lat="42.829527" lon="-2.621591">
        <ele>543</ele>
        <time>2020-07-06T18:20:06.000Z</time>
      </trkpt>
      <trkpt lat="42.829543" lon="-2.6242519999999998">
        <ele>542</ele>
        <time>2020-07-06T18:20:26.000Z</time>
      </trkpt>
      <trkpt lat="42.829574" lon="-2.6268910000000001">
        <ele>540</ele>
        <time>2020-07-06T18:20:46.000Z</time>
      </trkpt>
      <trkpt lat="42.82948" lon="-2.629616">
        <ele>542</ele>
        <time>2020-07-06T18:21:06.000Z</time>
      </trkpt>
      <trkpt lat="42.829464" lon="-2.6309140000000002">
        <ele>542</ele>
        <time>2020-07-06T18:21:26.000Z</time>
      </trkpt>
      <trkpt lat="42.829275" lon="-2.6321159999999999">
        <ele>542</ele>
        <time>2020-07-06T18:21:46.000Z</time>
      </trkpt>
      <trkpt lat="42.828992" lon="-2.6334569999999999">
        <ele>542</ele>
        <time>2020-07-06T18:22:06.000Z</time>
      </trkpt>
      <trkpt lat="42.828567" lon="-2.6355059999999999">
        <ele>540</ele>
        <time>2020-07-06T18:22:26.000Z</time>
      </trkpt>
      <trkpt lat="42.828182" lon="-2.637416">
        <ele>539</ele>
        <time>2020-07-06T18:22:46.000Z</time>
      </trkpt>
      <trkpt lat="42.828008" lon="-2.6380490000000001">
        <ele>539</ele>
        <time>2020-07-06T18:23:06.000Z</time>
      </trkpt>
      <trkpt lat="42.827599" lon="-2.639154">
        <ele>539</ele>
        <time>2020-07-06T18:23:26.000Z</time>
      </trkpt>
      <trkpt lat="42.827458" lon="-2.6397870000000001">
        <ele>538</ele>
        <time>2020-07-06T18:23:46.000Z</time>
      </trkpt>
      <trkpt lat="42.827387" lon="-2.6402909999999999">
        <ele>540</ele>
        <time>2020-07-06T18:24:06.000Z</time>
      </trkpt>
      <trkpt lat="42.827395" lon="-2.6411180000000001">
        <ele>542</ele>
        <time>2020-07-06T18:24:26.000Z</time>
      </trkpt>
      <trkpt lat="42.827458" lon="-2.6419540000000001">
        <ele>545</ele>
        <time>2020-07-06T18:24:46.000Z</time>
      </trkpt>
      <trkpt lat="42.827497" lon="-2.6427269999999998">
        <ele>547</ele>
        <time>2020-07-06T18:25:06.000Z</time>
      </trkpt>
      <trkpt lat="42.827639" lon="-2.643875">
        <ele>548</ele>
        <time>2020-07-06T18:25:26.000Z</time>
      </trkpt>
      <trkpt lat="42.827694" lon="-2.643945">
        <ele>547</ele>
        <time>2020-07-06T18:25:46.000Z</time>
      </trkpt>
      <trkpt lat="42.828107" lon="-2.6441650000000001">
        <ele>547</ele>
        <time>2020-07-06T18:26:06.000Z</time>
      </trkpt>
      <trkpt lat="42.828201" lon="-2.6443089999999998">
        <ele>547</ele>
        <time>2020-07-06T18:26:26.000Z</time>
      </trkpt>
      <trkpt lat="42.82828" lon="-2.644787">
        <ele>544</ele>
        <time>2020-07-06T18:26:46.000Z</time>
      </trkpt>
      <trkpt lat="42.828323" lon="-2.6455380000000002">
        <ele>537</ele>
        <time>2020-07-06T18:27:06.000Z</time>
      </trkpt>
      <trkpt lat="42.828465" lon="-2.6463960000000002">
        <ele>536</ele>
        <time>2020-07-06T18:27:26.000Z</time>
      </trkpt>
      <trkpt lat="42.828599" lon="-2.647297">
        <ele>534</ele>
        <time>2020-07-06T18:27:46.000Z</time>
      </trkpt>
      <trkpt lat="42.828606" lon="-2.647802">
        <ele>535</ele>
        <time>2020-07-06T18:28:06.000Z</time>
      </trkpt>
      <trkpt lat="42.828583" lon="-2.648317">
        <ele>538</ele>
        <time>2020-07-06T18:28:26.000Z</time>
      </trkpt>
      <trkpt lat="42.828732" lon="-2.6496789999999999">
        <ele>542</ele>
        <time>2020-07-06T18:28:46.000Z</time>
      </trkpt>
      <trkpt lat="42.829016" lon="-2.6507740000000002">
        <ele>544</ele>
        <time>2020-07-06T18:29:06.000Z</time>
      </trkpt>
      <trkpt lat="42.829385" lon="-2.6515460000000002">
        <ele>541</ele>
        <time>2020-07-06T18:29:26.000Z</time>
      </trkpt>
      <trkpt lat="42.829747" lon="-2.6521680000000001">
        <ele>542</ele>
        <time>2020-07-06T18:29:46.000Z</time>
      </trkpt>
      <trkpt lat="42.830432" lon="-2.6532089999999999">
        <ele>542</ele>
        <time>2020-07-06T18:30:06.000Z</time>
      </trkpt>
      <trkpt lat="42.831447" lon="-2.6545179999999999">
        <ele>542</ele>
        <time>2020-07-06T18:30:26.000Z</time>
      </trkpt>
      <trkpt lat="42.832423" lon="-2.6557200000000001">
        <ele>542</ele>
        <time>2020-07-06T18:30:46.000Z</time>
      </trkpt>
      <trkpt lat="42.833792" lon="-2.6573069999999999">
        <ele>540</ele>
        <time>2020-07-06T18:31:06.000Z</time>
      </trkpt>
      <trkpt lat="42.835105" lon="-2.6588949999999998">
        <ele>538</ele>
        <time>2020-07-06T18:31:26.000Z</time>
      </trkpt>
      <trkpt lat="42.835397" lon="-2.659265">
        <ele>538</ele>
        <time>2020-07-06T18:31:46.000Z</time>
      </trkpt>
      <trkpt lat="42.835747" lon="-2.6592920000000002">
        <ele>537</ele>
        <time>2020-07-06T18:32:06.000Z</time>
      </trkpt>
      <trkpt lat="42.835947" lon="-2.6595119999999999">
        <ele>537</ele>
        <time>2020-07-06T18:32:26.000Z</time>
      </trkpt>
      <trkpt lat="42.835991" lon="-2.6598980000000001">
        <ele>536</ele>
        <time>2020-07-06T18:32:46.000Z</time>
      </trkpt>
      <trkpt lat="42.835951" lon="-2.660161">
        <ele>537</ele>
        <time>2020-07-06T18:33:06.000Z</time>
      </trkpt>
      <trkpt lat="42.83686" lon="-2.661384">
        <ele>535</ele>
        <time>2020-07-06T18:33:26.000Z</time>
      </trkpt>
      <trkpt lat="42.83771" lon="-2.662404">
        <ele>535</ele>
        <time>2020-07-06T18:33:46.000Z</time>
      </trkpt>
      <trkpt lat="42.83826" lon="-2.6624249999999998">
        <ele>534</ele>
        <time>2020-07-06T18:34:06.000Z</time>
      </trkpt>
      <trkpt lat="42.839181" lon="-2.6627679999999998">
        <ele>534</ele>
        <time>2020-07-06T18:34:26.000Z</time>
      </trkpt>
      <trkpt lat="42.839794" lon="-2.6631870000000002">
        <ele>534</ele>
        <time>2020-07-06T18:34:46.000Z</time>
      </trkpt>
      <trkpt lat="42.839975" lon="-2.663573">
        <ele>534</ele>
        <time>2020-07-06T18:35:06.000Z</time>
      </trkpt>
      <trkpt lat="42.84029" lon="-2.6635409999999999">
        <ele>531</ele>
        <time>2020-07-06T18:35:26.000Z</time>
      </trkpt>
      <trkpt lat="42.841297" lon="-2.6638839999999999">
        <ele>532</ele>
        <time>2020-07-06T18:35:46.000Z</time>
      </trkpt>
      <trkpt lat="42.8418" lon="-2.6640670000000002">
        <ele>529</ele>
        <time>2020-07-06T18:36:06.000Z</time>
      </trkpt>
      <trkpt lat="42.84228" lon="-2.6641849999999998">
        <ele>529</ele>
        <time>2020-07-06T18:36:26.000Z</time>
      </trkpt>
      <trkpt lat="42.843421" lon="-2.6645059999999998">
        <ele>528</ele>
        <time>2020-07-06T18:36:46.000Z</time>
      </trkpt>
      <trkpt lat="42.843956" lon="-2.6646459999999998">
        <ele>528</ele>
        <time>2020-07-06T18:37:06.000Z</time>
      </trkpt>
      <trkpt lat="42.845207" lon="-2.6650969999999998">
        <ele>527</ele>
        <time>2020-07-06T18:37:26.000Z</time>
      </trkpt>
      <trkpt lat="42.84641" lon="-2.6655150000000001">
        <ele>527</ele>
        <time>2020-07-06T18:37:46.000Z</time>
      </trkpt>
      <trkpt lat="42.847291" lon="-2.66574">
        <ele>526</ele>
        <time>2020-07-06T18:38:06.000Z</time>
      </trkpt>
      <trkpt lat="42.848817" lon="-2.6660509999999999">
        <ele>524</ele>
        <time>2020-07-06T18:38:26.000Z</time>
      </trkpt>
      <trkpt lat="42.849887" lon="-2.6662870000000001">
        <ele>523</ele>
        <time>2020-07-06T18:38:46.000Z</time>
      </trkpt>
      <trkpt lat="42.850493" lon="-2.6663839999999999">
        <ele>522</ele>
        <time>2020-07-06T18:39:06.000Z</time>
      </trkpt>
      <trkpt lat="42.850508" lon="-2.6664910000000002">
        <ele>522</ele>
        <time>2020-07-06T18:39:26.000Z</time>
      </trkpt>
      <trkpt lat="42.852054" lon="-2.6668129999999999">
        <ele>520</ele>
        <time>2020-07-06T18:39:46.000Z</time>
      </trkpt>
      <trkpt lat="42.852207" lon="-2.6664699999999999">
        <ele>520</ele>
        <time>2020-07-06T18:40:06.000Z</time>
      </trkpt>
      <trkpt lat="42.852502" lon="-2.6662279999999998">
        <ele>520</ele>
        <time>2020-07-06T18:40:26.000Z</time>
      </trkpt>
      <trkpt lat="42.852801" lon="-2.6661959999999998">
        <ele>519</ele>
        <time>2020-07-06T18:40:46.000Z</time>
      </trkpt>
      <trkpt lat="42.853084" lon="-2.6660249999999999">
        <ele>519</ele>
        <time>2020-07-06T18:41:06.000Z</time>
      </trkpt>
      <trkpt lat="42.853426" lon="-2.6656650000000002">
        <ele>519</ele>
        <time>2020-07-06T18:41:26.000Z</time>
      </trkpt>
      <trkpt lat="42.853702" lon="-2.6652040000000001">
        <ele>519</ele>
        <time>2020-07-06T18:41:46.000Z</time>
      </trkpt>
      <trkpt lat="42.85402" lon="-2.664517">
        <ele>519</ele>
        <time>2020-07-06T18:42:06.000Z</time>
      </trkpt>
      <trkpt lat="42.854594" lon="-2.6635300000000002">
        <ele>519</ele>
        <time>2020-07-06T18:42:26.000Z</time>
      </trkpt>
      <trkpt lat="42.854795" lon="-2.6632030000000002">
        <ele>519</ele>
        <time>2020-07-06T18:42:46.000Z</time>
      </trkpt>
      <trkpt lat="42.855188" lon="-2.6628859999999999">
        <ele>519</ele>
        <time>2020-07-06T18:43:06.000Z</time>
      </trkpt>
      <trkpt lat="42.855983" lon="-2.6626609999999999">
        <ele>518</ele>
        <time>2020-07-06T18:43:26.000Z</time>
      </trkpt>
      <trkpt lat="42.856769" lon="-2.662452">
        <ele>518</ele>
        <time>2020-07-06T18:43:46.000Z</time>
      </trkpt>
      <trkpt lat="42.857548" lon="-2.6622430000000001">
        <ele>517</ele>
        <time>2020-07-06T18:44:06.000Z</time>
      </trkpt>
      <trkpt lat="42.857846" lon="-2.6621250000000001">
        <ele>517</ele>
        <time>2020-07-06T18:44:26.000Z</time>
      </trkpt>
      <trkpt lat="42.858393" lon="-2.661572">
        <ele>514</ele>
        <time>2020-07-06T18:44:46.000Z</time>
      </trkpt>
      <trkpt lat="42.858519" lon="-2.6617220000000001">
        <ele>513</ele>
        <time>2020-07-06T18:45:06.000Z</time>
      </trkpt>
      <trkpt lat="42.859176" lon="-2.6625380000000001">
        <ele>513</ele>
        <time>2020-07-06T18:45:26.000Z</time>
      </trkpt>
      <trkpt lat="42.859392" lon="-2.6622690000000002">
        <ele>515</ele>
        <time>2020-07-06T18:45:46.000Z</time>
      </trkpt>
      <trkpt lat="42.859573" lon="-2.662436">
        <ele>515</ele>
        <time>2020-07-06T18:46:06.000Z</time>
      </trkpt>
      <trkpt lat="42.859608" lon="-2.662366">
        <ele>515</ele>
        <time>2020-07-06T18:46:26.000Z</time>
      </trkpt>
      <trkpt lat="42.859455" lon="-2.6608749999999999">
        <ele>515</ele>
        <time>2020-07-06T18:46:46.000Z</time>
      </trkpt>
      <trkpt lat="42.8603" lon="-2.6600109999999999">
        <ele>513</ele>
        <time>2020-07-06T18:47:06.000Z</time>
      </trkpt>
      <trkpt lat="42.861826" lon="-2.6584120000000002">
        <ele>512</ele>
        <time>2020-07-06T18:47:26.000Z</time>
      </trkpt>
      <trkpt lat="42.863131" lon="-2.6570610000000001">
        <ele>512</ele>
        <time>2020-07-06T18:47:46.000Z</time>
      </trkpt>
      <trkpt lat="42.864264" lon="-2.655923">
        <ele>511</ele>
        <time>2020-07-06T18:48:06.000Z</time>
      </trkpt>
      <trkpt lat="42.865884" lon="-2.6542279999999998">
        <ele>510</ele>
        <time>2020-07-06T18:48:26.000Z</time>
      </trkpt>
      <trkpt lat="42.867095" lon="-2.652984">
        <ele>510</ele>
        <time>2020-07-06T18:48:46.000Z</time>
      </trkpt>
      <trkpt lat="42.868699" lon="-2.6514169999999999">
        <ele>510</ele>
        <time>2020-07-06T18:49:06.000Z</time>
      </trkpt>
      <trkpt lat="42.869925" lon="-2.650023">
        <ele>509</ele>
        <time>2020-07-06T18:49:26.000Z</time>
      </trkpt>
      <trkpt lat="42.870885" lon="-2.649035">
        <ele>510</ele>
        <time>2020-07-06T18:49:46.000Z</time>
      </trkpt>
      <trkpt lat="42.871687" lon="-2.6483270000000001">
        <ele>512</ele>
        <time>2020-07-06T18:50:06.000Z</time>
      </trkpt>
      <trkpt lat="42.87241" lon="-2.647834">
        <ele>514</ele>
        <time>2020-07-06T18:50:26.000Z</time>
      </trkpt>
      <trkpt lat="42.873542" lon="-2.6476410000000001">
        <ele>518</ele>
        <time>2020-07-06T18:50:46.000Z</time>
      </trkpt>
      <trkpt lat="42.875477" lon="-2.6473620000000002">
        <ele>516</ele>
        <time>2020-07-06T18:51:06.000Z</time>
      </trkpt>
      <trkpt lat="42.876923" lon="-2.6471900000000002">
        <ele>507</ele>
        <time>2020-07-06T18:51:26.000Z</time>
      </trkpt>
      <trkpt lat="42.878291" lon="-2.6469969999999998">
        <ele>510</ele>
        <time>2020-07-06T18:51:46.000Z</time>
      </trkpt>
      <trkpt lat="42.879691" lon="-2.646836">
        <ele>507</ele>
        <time>2020-07-06T18:52:06.000Z</time>
      </trkpt>
      <trkpt lat="42.881617" lon="-2.6465679999999998">
        <ele>511</ele>
        <time>2020-07-06T18:52:26.000Z</time>
      </trkpt>
      <trkpt lat="42.8826" lon="-2.646439">
        <ele>511</ele>
        <time>2020-07-06T18:52:46.000Z</time>
      </trkpt>
      <trkpt lat="42.884353" lon="-2.6462349999999999">
        <ele>510</ele>
        <time>2020-07-06T18:53:06.000Z</time>
      </trkpt>
      <trkpt lat="42.885288" lon="-2.6461009999999998">
        <ele>510</ele>
        <time>2020-07-06T18:53:26.000Z</time>
      </trkpt>
      <trkpt lat="42.885728" lon="-2.6459350000000001">
        <ele>510</ele>
        <time>2020-07-06T18:53:46.000Z</time>
      </trkpt>
      <trkpt lat="42.886196" lon="-2.645661">
        <ele>510</ele>
        <time>2020-07-06T18:54:06.000Z</time>
      </trkpt>
      <trkpt lat="42.886609" lon="-2.6453500000000001">
        <ele>510</ele>
        <time>2020-07-06T18:54:26.000Z</time>
      </trkpt>
      <trkpt lat="42.887049" lon="-2.6452049999999998">
        <ele>510</ele>
        <time>2020-07-06T18:54:46.000Z</time>
      </trkpt>
      <trkpt lat="42.88734" lon="-2.6452429999999998">
        <ele>510</ele>
        <time>2020-07-06T18:55:06.000Z</time>
      </trkpt>
      <trkpt lat="42.887643" lon="-2.6453720000000001">
        <ele>510</ele>
        <time>2020-07-06T18:55:26.000Z</time>
      </trkpt>
      <trkpt lat="42.887969" lon="-2.645575">
        <ele>510</ele>
        <time>2020-07-06T18:55:46.000Z</time>
      </trkpt>
      <trkpt lat="42.888271" lon="-2.6455540000000002">
        <ele>510</ele>
        <time>2020-07-06T18:56:06.000Z</time>
      </trkpt>
      <trkpt lat="42.889203" lon="-2.6454200000000001">
        <ele>511</ele>
        <time>2020-07-06T18:56:26.000Z</time>
      </trkpt>
      <trkpt lat="42.890571" lon="-2.645216">
        <ele>512</ele>
        <time>2020-07-06T18:56:46.000Z</time>
      </trkpt>
      <trkpt lat="42.891538" lon="-2.6451090000000002">
        <ele>513</ele>
        <time>2020-07-06T18:57:06.000Z</time>
      </trkpt>
      <trkpt lat="42.893385" lon="-2.6448299999999998">
        <ele>518</ele>
        <time>2020-07-06T18:57:26.000Z</time>
      </trkpt>
      <trkpt lat="42.893903" lon="-2.6447980000000002">
        <ele>517</ele>
        <time>2020-07-06T18:57:46.000Z</time>
      </trkpt>
      <trkpt lat="42.894674" lon="-2.6447120000000002">
        <ele>517</ele>
        <time>2020-07-06T18:58:06.000Z</time>
      </trkpt>
      <trkpt lat="42.895503" lon="-2.6445940000000001">
        <ele>518</ele>
        <time>2020-07-06T18:58:26.000Z</time>
      </trkpt>
      <trkpt lat="42.897252" lon="-2.644336">
        <ele>521</ele>
        <time>2020-07-06T18:58:46.000Z</time>
      </trkpt>
      <trkpt lat="42.898384" lon="-2.6441539999999999">
        <ele>521</ele>
        <time>2020-07-06T18:59:06.000Z</time>
      </trkpt>
      <trkpt lat="42.899861" lon="-2.643821">
        <ele>518</ele>
        <time>2020-07-06T18:59:26.000Z</time>
      </trkpt>
      <trkpt lat="42.901378" lon="-2.6434890000000002">
        <ele>523</ele>
        <time>2020-07-06T18:59:46.000Z</time>
      </trkpt>
      <trkpt lat="42.902745" lon="-2.6431559999999998">
        <ele>524</ele>
        <time>2020-07-06T19:00:06.000Z</time>
      </trkpt>
      <trkpt lat="42.904804" lon="-2.6426949999999998">
        <ele>525</ele>
        <time>2020-07-06T19:00:26.000Z</time>
      </trkpt>
      <trkpt lat="42.906447" lon="-2.6422979999999998">
        <ele>524</ele>
        <time>2020-07-06T19:00:46.000Z</time>
      </trkpt>
      <trkpt lat="42.907775" lon="-2.6420189999999999">
        <ele>524</ele>
        <time>2020-07-06T19:01:06.000Z</time>
      </trkpt>
      <trkpt lat="42.909119" lon="-2.6416430000000002">
        <ele>523</ele>
        <time>2020-07-06T19:01:26.000Z</time>
      </trkpt>
      <trkpt lat="42.9108" lon="-2.641321">
        <ele>523</ele>
        <time>2020-07-06T19:01:46.000Z</time>
      </trkpt>
      <trkpt lat="42.912623" lon="-2.640892">
        <ele>522</ele>
        <time>2020-07-06T19:02:06.000Z</time>
      </trkpt>
      <trkpt lat="42.914556" lon="-2.640463">
        <ele>517</ele>
        <time>2020-07-06T19:02:26.000Z</time>
      </trkpt>
      <trkpt lat="42.916246" lon="-2.6401089999999998">
        <ele>517</ele>
        <time>2020-07-06T19:02:46.000Z</time>
      </trkpt>
      <trkpt lat="42.918116" lon="-2.639723">
        <ele>520</ele>
        <time>2020-07-06T19:03:06.000Z</time>
      </trkpt>
      <trkpt lat="42.91942" lon="-2.6394120000000001">
        <ele>519</ele>
        <time>2020-07-06T19:03:26.000Z</time>
      </trkpt>
      <trkpt lat="42.921062" lon="-2.639122">
        <ele>518</ele>
        <time>2020-07-06T19:03:46.000Z</time>
      </trkpt>
      <trkpt lat="42.922649" lon="-2.6388859999999998">
        <ele>518</ele>
        <time>2020-07-06T19:04:06.000Z</time>
      </trkpt>
      <trkpt lat="42.924283" lon="-2.6386280000000002">
        <ele>520</ele>
        <time>2020-07-06T19:04:26.000Z</time>
      </trkpt>
      <trkpt lat="42.925957" lon="-2.63836">
        <ele>521</ele>
        <time>2020-07-06T19:04:46.000Z</time>
      </trkpt>
      <trkpt lat="42.926813" lon="-2.63835">
        <ele>522</ele>
        <time>2020-07-06T19:05:06.000Z</time>
      </trkpt>
      <trkpt lat="42.927457" lon="-2.6383920000000001">
        <ele>524</ele>
        <time>2020-07-06T19:05:26.000Z</time>
      </trkpt>
      <trkpt lat="42.927646" lon="-2.6385429999999999">
        <ele>523</ele>
        <time>2020-07-06T19:05:46.000Z</time>
      </trkpt>
      <trkpt lat="42.927905" lon="-2.6387679999999998">
        <ele>523</ele>
        <time>2020-07-06T19:06:06.000Z</time>
      </trkpt>
      <trkpt lat="42.928195" lon="-2.638811">
        <ele>523</ele>
        <time>2020-07-06T19:06:26.000Z</time>
      </trkpt>
      <trkpt lat="42.928463" lon="-2.638639">
        <ele>525</ele>
        <time>2020-07-06T19:06:46.000Z</time>
      </trkpt>
      <trkpt lat="42.928745" lon="-2.6384780000000001">
        <ele>527</ele>
        <time>2020-07-06T19:07:06.000Z</time>
      </trkpt>
      <trkpt lat="42.929335" lon="-2.6384780000000001">
        <ele>530</ele>
        <time>2020-07-06T19:07:26.000Z</time>
      </trkpt>
      <trkpt lat="42.930301" lon="-2.6384889999999999">
        <ele>528</ele>
        <time>2020-07-06T19:07:46.000Z</time>
      </trkpt>
      <trkpt lat="42.931613" lon="-2.6385749999999999">
        <ele>531</ele>
        <time>2020-07-06T19:08:06.000Z</time>
      </trkpt>
      <trkpt lat="42.932398" lon="-2.6385429999999999">
        <ele>531</ele>
        <time>2020-07-06T19:08:26.000Z</time>
      </trkpt>
      <trkpt lat="42.934236" lon="-2.63836">
        <ele>534</ele>
        <time>2020-07-06T19:08:46.000Z</time>
      </trkpt>
      <trkpt lat="42.93514" lon="-2.6381779999999999">
        <ele>537</ele>
        <time>2020-07-06T19:09:06.000Z</time>
      </trkpt>
      <trkpt lat="42.936098" lon="-2.6379100000000002">
        <ele>532</ele>
        <time>2020-07-06T19:09:26.000Z</time>
      </trkpt>
      <trkpt lat="42.937386" lon="-2.6374379999999999">
        <ele>533</ele>
        <time>2020-07-06T19:09:46.000Z</time>
      </trkpt>
      <trkpt lat="42.938643" lon="-2.6369440000000002">
        <ele>535</ele>
        <time>2020-07-06T19:10:06.000Z</time>
      </trkpt>
      <trkpt lat="42.939444" lon="-2.6366109999999998">
        <ele>535</ele>
        <time>2020-07-06T19:10:26.000Z</time>
      </trkpt>
      <trkpt lat="42.939994" lon="-2.6362570000000001">
        <ele>533</ele>
        <time>2020-07-06T19:10:46.000Z</time>
      </trkpt>
      <trkpt lat="42.940269" lon="-2.6363859999999999">
        <ele>529</ele>
        <time>2020-07-06T19:11:06.000Z</time>
      </trkpt>
      <trkpt lat="42.94096" lon="-2.6357750000000002">
        <ele>529</ele>
        <time>2020-07-06T19:11:26.000Z</time>
      </trkpt>
      <trkpt lat="42.941455" lon="-2.635345">
        <ele>530</ele>
        <time>2020-07-06T19:11:46.000Z</time>
      </trkpt>
      <trkpt lat="42.941973" lon="-2.6350449999999999">
        <ele>528</ele>
        <time>2020-07-06T19:12:06.000Z</time>
      </trkpt>
      <trkpt lat="42.942303" lon="-2.6346270000000001">
        <ele>530</ele>
        <time>2020-07-06T19:12:26.000Z</time>
      </trkpt>
      <trkpt lat="42.942585" lon="-2.63409">
        <ele>534</ele>
        <time>2020-07-06T19:12:46.000Z</time>
      </trkpt>
      <trkpt lat="42.94264" lon="-2.6336930000000001">
        <ele>536</ele>
        <time>2020-07-06T19:13:06.000Z</time>
      </trkpt>
      <trkpt lat="42.942609" lon="-2.6333609999999998">
        <ele>537</ele>
        <time>2020-07-06T19:13:26.000Z</time>
      </trkpt>
      <trkpt lat="42.94275" lon="-2.633146">
        <ele>536</ele>
        <time>2020-07-06T19:13:46.000Z</time>
      </trkpt>
      <trkpt lat="42.94312" lon="-2.632781">
        <ele>538</ele>
        <time>2020-07-06T19:14:06.000Z</time>
      </trkpt>
      <trkpt lat="42.943497" lon="-2.6325989999999999">
        <ele>538</ele>
        <time>2020-07-06T19:14:26.000Z</time>
      </trkpt>
      <trkpt lat="42.944156" lon="-2.6323310000000002">
        <ele>537</ele>
        <time>2020-07-06T19:14:46.000Z</time>
      </trkpt>
      <trkpt lat="42.944651" lon="-2.6322019999999999">
        <ele>534</ele>
        <time>2020-07-06T19:15:06.000Z</time>
      </trkpt>
      <trkpt lat="42.945232" lon="-2.6320410000000001">
        <ele>533</ele>
        <time>2020-07-06T19:15:26.000Z</time>
      </trkpt>
      <trkpt lat="42.946049" lon="-2.6316649999999999">
        <ele>534</ele>
        <time>2020-07-06T19:15:46.000Z</time>
      </trkpt>
      <trkpt lat="42.946984" lon="-2.631065">
        <ele>537</ele>
        <time>2020-07-06T19:16:06.000Z</time>
      </trkpt>
      <trkpt lat="42.947518" lon="-2.630754">
        <ele>538</ele>
        <time>2020-07-06T19:16:26.000Z</time>
      </trkpt>
      <trkpt lat="42.947973" lon="-2.630528">
        <ele>537</ele>
        <time>2020-07-06T19:16:46.000Z</time>
      </trkpt>
      <trkpt lat="42.948641" lon="-2.6302810000000001">
        <ele>534</ele>
        <time>2020-07-06T19:17:06.000Z</time>
      </trkpt>
      <trkpt lat="42.949269" lon="-2.6299269999999999">
        <ele>534</ele>
        <time>2020-07-06T19:17:26.000Z</time>
      </trkpt>
      <trkpt lat="42.949913" lon="-2.6295299999999999">
        <ele>535</ele>
        <time>2020-07-06T19:17:46.000Z</time>
      </trkpt>
      <trkpt lat="42.950423" lon="-2.629273">
        <ele>536</ele>
        <time>2020-07-06T19:18:06.000Z</time>
      </trkpt>
      <trkpt lat="42.951216" lon="-2.6286079999999998">
        <ele>539</ele>
        <time>2020-07-06T19:18:26.000Z</time>
      </trkpt>
      <trkpt lat="42.951578" lon="-2.6284149999999999">
        <ele>539</ele>
        <time>2020-07-06T19:18:46.000Z</time>
      </trkpt>
      <trkpt lat="42.952763" lon="-2.6282749999999999">
        <ele>536</ele>
        <time>2020-07-06T19:19:06.000Z</time>
      </trkpt>
      <trkpt lat="42.95292" lon="-2.6280610000000002">
        <ele>536</ele>
        <time>2020-07-06T19:19:26.000Z</time>
      </trkpt>
      <trkpt lat="42.953164" lon="-2.6277490000000001">
        <ele>535</ele>
        <time>2020-07-06T19:19:46.000Z</time>
      </trkpt>
      <trkpt lat="42.953486" lon="-2.6275240000000002">
        <ele>533</ele>
        <time>2020-07-06T19:20:06.000Z</time>
      </trkpt>
      <trkpt lat="42.954153" lon="-2.6271270000000002">
        <ele>531</ele>
        <time>2020-07-06T19:20:26.000Z</time>
      </trkpt>
      <trkpt lat="42.954687" lon="-2.626687">
        <ele>531</ele>
        <time>2020-07-06T19:20:46.000Z</time>
      </trkpt>
      <trkpt lat="42.95508" lon="-2.626204">
        <ele>532</ele>
        <time>2020-07-06T19:21:06.000Z</time>
      </trkpt>
      <trkpt lat="42.955205" lon="-2.6257429999999999">
        <ele>533</ele>
        <time>2020-07-06T19:21:26.000Z</time>
      </trkpt>
      <trkpt lat="42.955276" lon="-2.6252070000000001">
        <ele>536</ele>
        <time>2020-07-06T19:21:46.000Z</time>
      </trkpt>
      <trkpt lat="42.955378" lon="-2.6246809999999998">
        <ele>538</ele>
        <time>2020-07-06T19:22:06.000Z</time>
      </trkpt>
      <trkpt lat="42.955535" lon="-2.6244130000000001">
        <ele>539</ele>
        <time>2020-07-06T19:22:26.000Z</time>
      </trkpt>
      <trkpt lat="42.955826" lon="-2.6241979999999998">
        <ele>537</ele>
        <time>2020-07-06T19:22:46.000Z</time>
      </trkpt>
      <trkpt lat="42.956203" lon="-2.6242730000000001">
        <ele>533</ele>
        <time>2020-07-06T19:23:06.000Z</time>
      </trkpt>
      <trkpt lat="42.956713" lon="-2.6244239999999999">
        <ele>534</ele>
        <time>2020-07-06T19:23:26.000Z</time>
      </trkpt>
      <trkpt lat="42.95698" lon="-2.624241">
        <ele>534</ele>
        <time>2020-07-06T19:23:46.000Z</time>
      </trkpt>
      <trkpt lat="42.95771" lon="-2.6237050000000002">
        <ele>534</ele>
        <time>2020-07-06T19:24:06.000Z</time>
      </trkpt>
      <trkpt lat="42.958236" lon="-2.623211">
        <ele>535</ele>
        <time>2020-07-06T19:24:26.000Z</time>
      </trkpt>
      <trkpt lat="42.958637" lon="-2.6227610000000001">
        <ele>537</ele>
        <time>2020-07-06T19:24:46.000Z</time>
      </trkpt>
      <trkpt lat="42.958755" lon="-2.6222349999999999">
        <ele>539</ele>
        <time>2020-07-06T19:25:06.000Z</time>
      </trkpt>
      <trkpt lat="42.958904" lon="-2.6213549999999999">
        <ele>541</ele>
        <time>2020-07-06T19:25:26.000Z</time>
      </trkpt>
      <trkpt lat="42.959139" lon="-2.6196809999999999">
        <ele>541</ele>
        <time>2020-07-06T19:25:46.000Z</time>
      </trkpt>
      <trkpt lat="42.959383" lon="-2.6182970000000001">
        <ele>541</ele>
        <time>2020-07-06T19:26:06.000Z</time>
      </trkpt>
      <trkpt lat="42.959603" lon="-2.6169669999999998">
        <ele>541</ele>
        <time>2020-07-06T19:26:26.000Z</time>
      </trkpt>
      <trkpt lat="42.959987" lon="-2.6148859999999998">
        <ele>541</ele>
        <time>2020-07-06T19:26:46.000Z</time>
      </trkpt>
      <trkpt lat="42.960207" lon="-2.6129760000000002">
        <ele>555</ele>
        <time>2020-07-06T19:27:06.000Z</time>
      </trkpt>
      <trkpt lat="42.960521" lon="-2.6111629999999999">
        <ele>552</ele>
        <time>2020-07-06T19:27:26.000Z</time>
      </trkpt>
      <trkpt lat="42.960929" lon="-2.6089739999999999">
        <ele>554</ele>
        <time>2020-07-06T19:27:46.000Z</time>
      </trkpt>
      <trkpt lat="42.960992" lon="-2.6079979999999998">
        <ele>554</ele>
        <time>2020-07-06T19:28:06.000Z</time>
      </trkpt>
      <trkpt lat="42.960922" lon="-2.6069680000000002">
        <ele>558</ele>
        <time>2020-07-06T19:28:26.000Z</time>
      </trkpt>
      <trkpt lat="42.960717" lon="-2.6057980000000001">
        <ele>559</ele>
        <time>2020-07-06T19:28:46.000Z</time>
      </trkpt>
      <trkpt lat="42.960254" lon="-2.6036739999999998">
        <ele>565</ele>
        <time>2020-07-06T19:29:06.000Z</time>
      </trkpt>
      <trkpt lat="42.95983" lon="-2.601925">
        <ele>565</ele>
        <time>2020-07-06T19:29:26.000Z</time>
      </trkpt>
      <trkpt lat="42.959265" lon="-2.5995330000000001">
        <ele>566</ele>
        <time>2020-07-06T19:29:46.000Z</time>
      </trkpt>
      <trkpt lat="42.958747" lon="-2.5974189999999999">
        <ele>563</ele>
        <time>2020-07-06T19:30:06.000Z</time>
      </trkpt>
      <trkpt lat="42.958346" lon="-2.5957780000000001">
        <ele>565</ele>
        <time>2020-07-06T19:30:26.000Z</time>
      </trkpt>
      <trkpt lat="42.958071" lon="-2.594522">
        <ele>565</ele>
        <time>2020-07-06T19:30:46.000Z</time>
      </trkpt>
      <trkpt lat="42.958009" lon="-2.5938680000000001">
        <ele>564</ele>
        <time>2020-07-06T19:31:06.000Z</time>
      </trkpt>
      <trkpt lat="42.958048" lon="-2.5933739999999998">
        <ele>564</ele>
        <time>2020-07-06T19:31:26.000Z</time>
      </trkpt>
      <trkpt lat="42.958189" lon="-2.5928589999999998">
        <ele>564</ele>
        <time>2020-07-06T19:31:46.000Z</time>
      </trkpt>
      <trkpt lat="42.958621" lon="-2.5921400000000001">
        <ele>564</ele>
        <time>2020-07-06T19:32:06.000Z</time>
      </trkpt>
      <trkpt lat="42.960134" lon="-2.5899619999999999">
        <ele>561</ele>
        <time>2021-06-14T16:01:08.000Z</time>
      </trkpt>
      <trkpt lat="42.960154" lon="-2.5899619999999999">
        <ele>561</ele>
        <time>2021-06-14T16:01:28.000Z</time>
      </trkpt>
      <trkpt lat="42.961014" lon="-2.5894270000000001">
        <ele>559</ele>
        <time>2021-06-14T16:01:48.000Z</time>
      </trkpt>
      <trkpt lat="42.961567" lon="-2.589299">
        <ele>557</ele>
        <time>2021-06-14T16:02:08.000Z</time>
      </trkpt>
      <trkpt lat="42.961618" lon="-2.5892940000000002">
        <ele>557</ele>
        <time>2021-06-14T16:02:28.000Z</time>
      </trkpt>
      <trkpt lat="42.961618" lon="-2.5892940000000002">
        <ele>557</ele>
        <time>2021-06-14T16:02:48.000Z</time>
      </trkpt>
      <trkpt lat="42.961924" lon="-2.589232">
        <ele>561</ele>
        <time>2021-06-14T16:03:08.000Z</time>
      </trkpt>
      <trkpt lat="42.961924" lon="-2.589232">
        <ele>561</ele>
        <time>2021-06-14T16:03:28.000Z</time>
      </trkpt>
      <trkpt lat="42.962022" lon="-2.5892059999999999">
        <ele>562</ele>
        <time>2021-06-14T16:03:48.000Z</time>
      </trkpt>
      <trkpt lat="42.962022" lon="-2.5892059999999999">
        <ele>562</ele>
        <time>2021-06-14T16:04:08.000Z</time>
      </trkpt>
      <trkpt lat="42.962069" lon="-2.5891820000000001">
        <ele>563</ele>
        <time>2021-06-14T16:04:28.000Z</time>
      </trkpt>
      <trkpt lat="42.962069" lon="-2.5891820000000001">
        <ele>563</ele>
        <time>2021-06-14T16:04:48.000Z</time>
      </trkpt>
      <trkpt lat="42.962113" lon="-2.589159">
        <ele>563</ele>
        <time>2021-06-14T16:05:08.000Z</time>
      </trkpt>
      <trkpt lat="42.962113" lon="-2.589159">
        <ele>563</ele>
        <time>2021-06-14T16:05:28.000Z</time>
      </trkpt>
      <trkpt lat="42.962245" lon="-2.5891060000000001">
        <ele>565</ele>
        <time>2021-06-14T16:05:48.000Z</time>
      </trkpt>
      <trkpt lat="42.962245" lon="-2.5891060000000001">
        <ele>565</ele>
        <time>2021-06-14T16:06:08.000Z</time>
      </trkpt>
      <trkpt lat="42.962292" lon="-2.5890770000000001">
        <ele>565</ele>
        <time>2021-06-14T16:06:28.000Z</time>
      </trkpt>
      <trkpt lat="42.962292" lon="-2.5890770000000001">
        <ele>565</ele>
        <time>2021-06-14T16:06:48.000Z</time>
      </trkpt>
      <trkpt lat="42.962336" lon="-2.589045">
        <ele>565</ele>
        <time>2021-06-14T16:07:08.000Z</time>
      </trkpt>
      <trkpt lat="42.962336" lon="-2.589045">
        <ele>565</ele>
        <time>2021-06-14T16:07:28.000Z</time>
      </trkpt>
      <trkpt lat="42.962378" lon="-2.589013">
        <ele>564</ele>
        <time>2021-06-14T16:07:48.000Z</time>
      </trkpt>
      <trkpt lat="42.962378" lon="-2.589013">
        <ele>564</ele>
        <time>2021-06-14T16:08:08.000Z</time>
      </trkpt>
      <trkpt lat="42.962423" lon="-2.5889859999999998">
        <ele>564</ele>
        <time>2021-06-14T16:08:28.000Z</time>
      </trkpt>
      <trkpt lat="42.962423" lon="-2.5889859999999998">
        <ele>564</ele>
        <time>2021-06-14T16:08:48.000Z</time>
      </trkpt>
      <trkpt lat="42.962469" lon="-2.5889549999999999">
        <ele>563</ele>
        <time>2021-06-14T16:09:08.000Z</time>
      </trkpt>
      <trkpt lat="42.962469" lon="-2.5889549999999999">
        <ele>563</ele>
        <time>2021-06-14T16:09:28.000Z</time>
      </trkpt>
      <trkpt lat="42.962516" lon="-2.5889199999999999">
        <ele>562</ele>
        <time>2021-06-14T16:09:48.000Z</time>
      </trkpt>
      <trkpt lat="42.962516" lon="-2.5889199999999999">
        <ele>562</ele>
        <time>2021-06-14T16:10:08.000Z</time>
      </trkpt>
      <trkpt lat="42.962561" lon="-2.5888819999999999">
        <ele>562</ele>
        <time>2021-06-14T16:10:28.000Z</time>
      </trkpt>
      <trkpt lat="42.962561" lon="-2.5888819999999999">
        <ele>562</ele>
        <time>2021-06-14T16:10:48.000Z</time>
      </trkpt>
      <trkpt lat="42.962829" lon="-2.588603">
        <ele>562</ele>
        <time>2021-06-14T16:11:08.000Z</time>
      </trkpt>
      <trkpt lat="42.962829" lon="-2.588603">
        <ele>562</ele>
        <time>2021-06-14T16:11:28.000Z</time>
      </trkpt>
      <trkpt lat="42.96314" lon="-2.588298">
        <ele>563</ele>
        <time>2021-06-14T16:11:48.000Z</time>
      </trkpt>
      <trkpt lat="42.96314" lon="-2.588298">
        <ele>563</ele>
        <time>2021-06-14T16:12:08.000Z</time>
      </trkpt>
      <trkpt lat="42.963188" lon="-2.5882540000000001">
        <ele>563</ele>
        <time>2021-06-14T16:12:28.000Z</time>
      </trkpt>
      <trkpt lat="42.963188" lon="-2.5882540000000001">
        <ele>563</ele>
        <time>2021-06-14T16:12:48.000Z</time>
      </trkpt>
      <trkpt lat="42.963233" lon="-2.5882079999999998">
        <ele>563</ele>
        <time>2021-06-14T16:13:08.000Z</time>
      </trkpt>
      <trkpt lat="42.963233" lon="-2.5882079999999998">
        <ele>563</ele>
        <time>2021-06-14T16:13:28.000Z</time>
      </trkpt>
      <trkpt lat="42.963277" lon="-2.5881630000000002">
        <ele>564</ele>
        <time>2021-06-14T16:13:48.000Z</time>
      </trkpt>
      <trkpt lat="42.963277" lon="-2.5881630000000002">
        <ele>564</ele>
        <time>2021-06-14T16:14:08.000Z</time>
      </trkpt>
      <trkpt lat="42.963542" lon="-2.587888">
        <ele>567</ele>
        <time>2021-06-14T16:14:28.000Z</time>
      </trkpt>
      <trkpt lat="42.963542" lon="-2.587888">
        <ele>567</ele>
        <time>2021-06-14T16:14:48.000Z</time>
      </trkpt>
      <trkpt lat="42.963585" lon="-2.5878540000000001">
        <ele>567</ele>
        <time>2021-06-14T16:15:08.000Z</time>
      </trkpt>
      <trkpt lat="42.963585" lon="-2.5878540000000001">
        <ele>567</ele>
        <time>2021-06-14T16:15:28.000Z</time>
      </trkpt>
      <trkpt lat="42.963621" lon="-2.5878139999999998">
        <ele>567</ele>
        <time>2021-06-14T16:15:48.000Z</time>
      </trkpt>
      <trkpt lat="42.963621" lon="-2.5878139999999998">
        <ele>567</ele>
        <time>2021-06-14T16:16:08.000Z</time>
      </trkpt>
      <trkpt lat="42.963654" lon="-2.5877840000000001">
        <ele>568</ele>
        <time>2021-06-14T16:16:28.000Z</time>
      </trkpt>
      <trkpt lat="42.963654" lon="-2.5877840000000001">
        <ele>568</ele>
        <time>2021-06-14T16:16:48.000Z</time>
      </trkpt>
      <trkpt lat="42.963687" lon="-2.5877479999999999">
        <ele>568</ele>
        <time>2021-06-14T16:17:08.000Z</time>
      </trkpt>
      <trkpt lat="42.963687" lon="-2.5877479999999999">
        <ele>568</ele>
        <time>2021-06-14T16:17:28.000Z</time>
      </trkpt>
      <trkpt lat="42.963719" lon="-2.5876999999999999">
        <ele>568</ele>
        <time>2021-06-14T16:17:48.000Z</time>
      </trkpt>
      <trkpt lat="42.963719" lon="-2.5876999999999999">
        <ele>568</ele>
        <time>2021-06-14T16:18:08.000Z</time>
      </trkpt>
      <trkpt lat="42.963929" lon="-2.5874190000000001">
        <ele>567</ele>
        <time>2021-06-14T16:18:28.000Z</time>
      </trkpt>
      <trkpt lat="42.963929" lon="-2.5874190000000001">
        <ele>567</ele>
        <time>2021-06-14T16:18:48.000Z</time>
      </trkpt>
      <trkpt lat="42.96397" lon="-2.5873840000000001">
        <ele>568</ele>
        <time>2021-06-14T16:19:08.000Z</time>
      </trkpt>
      <trkpt lat="42.96397" lon="-2.5873840000000001">
        <ele>568</ele>
        <time>2021-06-14T16:19:28.000Z</time>
      </trkpt>
      <trkpt lat="42.964144" lon="-2.5872470000000001">
        <ele>568</ele>
        <time>2021-06-14T16:19:48.000Z</time>
      </trkpt>
      <trkpt lat="42.964144" lon="-2.5872470000000001">
        <ele>568</ele>
        <time>2021-06-14T16:20:08.000Z</time>
      </trkpt>
      <trkpt lat="42.964188" lon="-2.587202">
        <ele>567</ele>
        <time>2021-06-14T16:20:28.000Z</time>
      </trkpt>
      <trkpt lat="42.964188" lon="-2.587202">
        <ele>567</ele>
        <time>2021-06-14T16:20:48.000Z</time>
      </trkpt>
      <trkpt lat="42.964521" lon="-2.5869970000000002">
        <ele>571</ele>
        <time>2021-06-14T16:21:08.000Z</time>
      </trkpt>
      <trkpt lat="42.964521" lon="-2.5869970000000002">
        <ele>571</ele>
        <time>2021-06-14T16:21:28.000Z</time>
      </trkpt>
      <trkpt lat="42.964562" lon="-2.586973">
        <ele>572</ele>
        <time>2021-06-14T16:21:48.000Z</time>
      </trkpt>
      <trkpt lat="42.964562" lon="-2.586973">
        <ele>572</ele>
        <time>2021-06-14T16:22:08.000Z</time>
      </trkpt>
      <trkpt lat="42.964601" lon="-2.586951">
        <ele>572</ele>
        <time>2021-06-14T16:22:28.000Z</time>
      </trkpt>
      <trkpt lat="42.964601" lon="-2.586951">
        <ele>572</ele>
        <time>2021-06-14T16:22:48.000Z</time>
      </trkpt>
      <trkpt lat="42.964637" lon="-2.5869260000000001">
        <ele>573</ele>
        <time>2021-06-14T16:23:08.000Z</time>
      </trkpt>
      <trkpt lat="42.964637" lon="-2.5869260000000001">
        <ele>573</ele>
        <time>2021-06-14T16:23:28.000Z</time>
      </trkpt>
      <trkpt lat="42.96468" lon="-2.5869040000000001">
        <ele>573</ele>
        <time>2021-06-14T16:23:48.000Z</time>
      </trkpt>
      <trkpt lat="42.96468" lon="-2.5869040000000001">
        <ele>573</ele>
        <time>2021-06-14T16:24:08.000Z</time>
      </trkpt>
      <trkpt lat="42.964727" lon="-2.5868850000000001">
        <ele>574</ele>
        <time>2021-06-14T16:24:28.000Z</time>
      </trkpt>
      <trkpt lat="42.964727" lon="-2.5868850000000001">
        <ele>574</ele>
        <time>2021-06-14T16:24:48.000Z</time>
      </trkpt>
      <trkpt lat="42.964781" lon="-2.5868699999999998">
        <ele>573</ele>
        <time>2021-06-14T16:25:08.000Z</time>
      </trkpt>
      <trkpt lat="42.964781" lon="-2.5868699999999998">
        <ele>573</ele>
        <time>2021-06-14T16:25:28.000Z</time>
      </trkpt>
      <trkpt lat="42.964834" lon="-2.5868570000000002">
        <ele>573</ele>
        <time>2021-06-14T16:25:48.000Z</time>
      </trkpt>
      <trkpt lat="42.964834" lon="-2.5868570000000002">
        <ele>573</ele>
        <time>2021-06-14T16:26:08.000Z</time>
      </trkpt>
      <trkpt lat="42.964933" lon="-2.5868169999999999">
        <ele>571</ele>
        <time>2021-06-14T16:26:28.000Z</time>
      </trkpt>
      <trkpt lat="42.964933" lon="-2.5868169999999999">
        <ele>571</ele>
        <time>2021-06-14T16:26:48.000Z</time>
      </trkpt>
      <trkpt lat="42.965027" lon="-2.5867749999999998">
        <ele>571</ele>
        <time>2021-06-14T16:27:08.000Z</time>
      </trkpt>
      <trkpt lat="42.965027" lon="-2.5867749999999998">
        <ele>571</ele>
        <time>2021-06-14T16:27:28.000Z</time>
      </trkpt>
      <trkpt lat="42.965075" lon="-2.5867559999999998">
        <ele>571</ele>
        <time>2021-06-14T16:27:48.000Z</time>
      </trkpt>
      <trkpt lat="42.965075" lon="-2.5867559999999998">
        <ele>571</ele>
        <time>2021-06-14T16:28:08.000Z</time>
      </trkpt>
      <trkpt lat="42.96535" lon="-2.5866349999999998">
        <ele>571</ele>
        <time>2021-06-14T16:28:28.000Z</time>
      </trkpt>
      <trkpt lat="42.96535" lon="-2.5866349999999998">
        <ele>571</ele>
        <time>2021-06-14T16:28:48.000Z</time>
      </trkpt>
      <trkpt lat="42.965394" lon="-2.586614">
        <ele>571</ele>
        <time>2021-06-14T16:29:08.000Z</time>
      </trkpt>
      <trkpt lat="42.965394" lon="-2.586614">
        <ele>571</ele>
        <time>2021-06-14T16:29:28.000Z</time>
      </trkpt>
      <trkpt lat="42.96556" lon="-2.5865369999999999">
        <ele>572</ele>
        <time>2021-06-14T16:29:48.000Z</time>
      </trkpt>
      <trkpt lat="42.96556" lon="-2.5865369999999999">
        <ele>572</ele>
        <time>2021-06-14T16:30:08.000Z</time>
      </trkpt>
      <trkpt lat="42.965605" lon="-2.586522">
        <ele>572</ele>
        <time>2021-06-14T16:30:28.000Z</time>
      </trkpt>
      <trkpt lat="42.965605" lon="-2.586522">
        <ele>572</ele>
        <time>2021-06-14T16:30:48.000Z</time>
      </trkpt>
      <trkpt lat="42.965649" lon="-2.5865019999999999">
        <ele>572</ele>
        <time>2021-06-14T16:31:08.000Z</time>
      </trkpt>
      <trkpt lat="42.965649" lon="-2.5865019999999999">
        <ele>572</ele>
        <time>2021-06-14T16:31:28.000Z</time>
      </trkpt>
      <trkpt lat="42.965863" lon="-2.586401">
        <ele>573</ele>
        <time>2021-06-14T16:31:48.000Z</time>
      </trkpt>
      <trkpt lat="42.965863" lon="-2.586401">
        <ele>573</ele>
        <time>2021-06-14T16:32:08.000Z</time>
      </trkpt>
      <trkpt lat="42.966188" lon="-2.5862219999999998">
        <ele>575</ele>
        <time>2021-06-14T16:32:28.000Z</time>
      </trkpt>
      <trkpt lat="42.966188" lon="-2.5862219999999998">
        <ele>575</ele>
        <time>2021-06-14T16:32:48.000Z</time>
      </trkpt>
      <trkpt lat="42.966218" lon="-2.586185">
        <ele>574</ele>
        <time>2021-06-14T16:33:08.000Z</time>
      </trkpt>
      <trkpt lat="42.966218" lon="-2.586185">
        <ele>574</ele>
        <time>2021-06-14T16:33:28.000Z</time>
      </trkpt>
      <trkpt lat="42.966289" lon="-2.586112">
        <ele>574</ele>
        <time>2021-06-14T16:33:48.000Z</time>
      </trkpt>
      <trkpt lat="42.966289" lon="-2.586112">
        <ele>574</ele>
        <time>2021-06-14T16:34:08.000Z</time>
      </trkpt>
      <trkpt lat="42.966413" lon="-2.5860249999999998">
        <ele>574</ele>
        <time>2021-06-14T16:34:28.000Z</time>
      </trkpt>
      <trkpt lat="42.966413" lon="-2.5860249999999998">
        <ele>574</ele>
        <time>2021-06-14T16:34:48.000Z</time>
      </trkpt>
      <trkpt lat="42.966453" lon="-2.5860020000000001">
        <ele>574</ele>
        <time>2021-06-14T16:35:08.000Z</time>
      </trkpt>
      <trkpt lat="42.966453" lon="-2.5860020000000001">
        <ele>574</ele>
        <time>2021-06-14T16:35:28.000Z</time>
      </trkpt>
      <trkpt lat="42.966485" lon="-2.5859770000000002">
        <ele>574</ele>
        <time>2021-06-14T16:35:48.000Z</time>
      </trkpt>
      <trkpt lat="42.966485" lon="-2.5859770000000002">
        <ele>574</ele>
        <time>2021-06-14T16:36:08.000Z</time>
      </trkpt>
      <trkpt lat="42.96657" lon="-2.5859169999999998">
        <ele>574</ele>
        <time>2021-06-14T16:36:28.000Z</time>
      </trkpt>
      <trkpt lat="42.96657" lon="-2.5859169999999998">
        <ele>574</ele>
        <time>2021-06-14T16:36:48.000Z</time>
      </trkpt>
      <trkpt lat="42.966657" lon="-2.5858669999999999">
        <ele>574</ele>
        <time>2021-06-14T16:37:08.000Z</time>
      </trkpt>
      <trkpt lat="42.966657" lon="-2.5858669999999999">
        <ele>574</ele>
        <time>2021-06-14T16:37:28.000Z</time>
      </trkpt>
      <trkpt lat="42.966702" lon="-2.5858439999999998">
        <ele>573</ele>
        <time>2021-06-14T16:37:48.000Z</time>
      </trkpt>
      <trkpt lat="42.966702" lon="-2.5858439999999998">
        <ele>573</ele>
        <time>2021-06-14T16:38:08.000Z</time>
      </trkpt>
      <trkpt lat="42.966837" lon="-2.5857559999999999">
        <ele>573</ele>
        <time>2021-06-14T16:38:28.000Z</time>
      </trkpt>
      <trkpt lat="42.966837" lon="-2.5857559999999999">
        <ele>573</ele>
        <time>2021-06-14T16:38:48.000Z</time>
      </trkpt>
      <trkpt lat="42.967059" lon="-2.585636">
        <ele>573</ele>
        <time>2021-06-14T16:39:08.000Z</time>
      </trkpt>
      <trkpt lat="42.967059" lon="-2.585636">
        <ele>573</ele>
        <time>2021-06-14T16:39:28.000Z</time>
      </trkpt>
      <trkpt lat="42.967181" lon="-2.58555">
        <ele>574</ele>
        <time>2021-06-14T16:39:48.000Z</time>
      </trkpt>
      <trkpt lat="42.967181" lon="-2.58555">
        <ele>574</ele>
        <time>2021-06-14T16:40:08.000Z</time>
      </trkpt>
      <trkpt lat="42.967273" lon="-2.585477">
        <ele>573</ele>
        <time>2021-06-14T16:40:28.000Z</time>
      </trkpt>
      <trkpt lat="42.967273" lon="-2.585477">
        <ele>573</ele>
        <time>2021-06-14T16:40:48.000Z</time>
      </trkpt>
      <trkpt lat="42.967314" lon="-2.5854460000000001">
        <ele>573</ele>
        <time>2021-06-14T16:41:08.000Z</time>
      </trkpt>
      <trkpt lat="42.967314" lon="-2.5854460000000001">
        <ele>573</ele>
        <time>2021-06-14T16:41:28.000Z</time>
      </trkpt>
      <trkpt lat="42.96736" lon="-2.5854050000000002">
        <ele>573</ele>
        <time>2021-06-14T16:41:48.000Z</time>
      </trkpt>
      <trkpt lat="42.96736" lon="-2.5854050000000002">
        <ele>573</ele>
        <time>2021-06-14T16:42:08.000Z</time>
      </trkpt>
      <trkpt lat="42.967488" lon="-2.5852919999999999">
        <ele>573</ele>
        <time>2021-06-14T16:42:28.000Z</time>
      </trkpt>
      <trkpt lat="42.967488" lon="-2.5852919999999999">
        <ele>573</ele>
        <time>2021-06-14T16:42:48.000Z</time>
      </trkpt>
      <trkpt lat="42.967672" lon="-2.5850740000000001">
        <ele>573</ele>
        <time>2021-06-14T16:43:08.000Z</time>
      </trkpt>
      <trkpt lat="42.967672" lon="-2.5850740000000001">
        <ele>573</ele>
        <time>2021-06-14T16:43:28.000Z</time>
      </trkpt>
      <trkpt lat="42.967783" lon="-2.5849009999999999">
        <ele>574</ele>
        <time>2021-06-14T16:43:48.000Z</time>
      </trkpt>
      <trkpt lat="42.967783" lon="-2.5849009999999999">
        <ele>574</ele>
        <time>2021-06-14T16:44:08.000Z</time>
      </trkpt>
      <trkpt lat="42.967888" lon="-2.5846140000000002">
        <ele>573</ele>
        <time>2021-06-14T16:44:28.000Z</time>
      </trkpt>
      <trkpt lat="42.967888" lon="-2.5846140000000002">
        <ele>573</ele>
        <time>2021-06-14T16:44:48.000Z</time>
      </trkpt>
      <trkpt lat="42.967987" lon="-2.5843989999999999">
        <ele>574</ele>
        <time>2021-06-14T16:45:08.000Z</time>
      </trkpt>
      <trkpt lat="42.967987" lon="-2.5843989999999999">
        <ele>574</ele>
        <time>2021-06-14T16:45:28.000Z</time>
      </trkpt>
      <trkpt lat="42.967997" lon="-2.584381">
        <ele>574</ele>
        <time>2021-06-14T16:45:48.000Z</time>
      </trkpt>
      <trkpt lat="42.967997" lon="-2.584381">
        <ele>574</ele>
        <time>2021-06-14T16:46:08.000Z</time>
      </trkpt>
      <trkpt lat="42.967997" lon="-2.584381">
        <ele>574</ele>
        <time>2021-06-14T16:46:28.000Z</time>
      </trkpt>
      <trkpt lat="42.967997" lon="-2.584381">
        <ele>574</ele>
        <time>2021-06-14T16:46:48.000Z</time>
      </trkpt>
      <trkpt lat="42.967997" lon="-2.584381">
        <ele>574</ele>
        <time>2021-06-14T16:47:08.000Z</time>
      </trkpt>
      <trkpt lat="42.967997" lon="-2.584381">
        <ele>574</ele>
        <time>2021-06-14T16:47:28.000Z</time>
      </trkpt>
      <trkpt lat="42.967997" lon="-2.584381">
        <ele>574</ele>
        <time>2021-06-14T16:47:48.000Z</time>
      </trkpt>
      <trkpt lat="42.967997" lon="-2.584381">
        <ele>574</ele>
        <time>2021-06-14T16:48:08.000Z</time>
      </trkpt>
      <trkpt lat="42.967987" lon="-2.5843919999999998">
        <ele>574</ele>
        <time>2021-06-14T16:48:28.000Z</time>
      </trkpt>
      <trkpt lat="42.967987" lon="-2.5843919999999998">
        <ele>574</ele>
        <time>2021-06-14T16:48:48.000Z</time>
      </trkpt>
      <trkpt lat="42.96799" lon="-2.584362">
        <ele>574</ele>
        <time>2021-06-14T16:49:08.000Z</time>
      </trkpt>
      <trkpt lat="42.96799" lon="-2.584362">
        <ele>574</ele>
        <time>2021-06-14T16:49:28.000Z</time>
      </trkpt>
      <trkpt lat="42.967994" lon="-2.5843319999999999">
        <ele>574</ele>
        <time>2021-06-14T16:49:48.000Z</time>
      </trkpt>
      <trkpt lat="42.967994" lon="-2.5843319999999999">
        <ele>574</ele>
        <time>2021-06-14T16:50:08.000Z</time>
      </trkpt>
      <trkpt lat="42.968001" lon="-2.584298">
        <ele>575</ele>
        <time>2021-06-14T16:50:28.000Z</time>
      </trkpt>
      <trkpt lat="42.968001" lon="-2.584298">
        <ele>575</ele>
        <time>2021-06-14T16:50:48.000Z</time>
      </trkpt>
      <trkpt lat="42.96801" lon="-2.5842610000000001">
        <ele>575</ele>
        <time>2021-06-14T16:51:08.000Z</time>
      </trkpt>
      <trkpt lat="42.96801" lon="-2.5842610000000001">
        <ele>575</ele>
        <time>2021-06-14T16:51:28.000Z</time>
      </trkpt>
      <trkpt lat="42.968018" lon="-2.5842179999999999">
        <ele>575</ele>
        <time>2021-06-14T16:51:48.000Z</time>
      </trkpt>
      <trkpt lat="42.968018" lon="-2.5842179999999999">
        <ele>575</ele>
        <time>2021-06-14T16:52:08.000Z</time>
      </trkpt>
      <trkpt lat="42.968024" lon="-2.5841690000000002">
        <ele>576</ele>
        <time>2021-06-14T16:52:28.000Z</time>
      </trkpt>
      <trkpt lat="42.968024" lon="-2.5841690000000002">
        <ele>576</ele>
        <time>2021-06-14T16:52:48.000Z</time>
      </trkpt>
      <trkpt lat="42.968029" lon="-2.5841150000000002">
        <ele>576</ele>
        <time>2021-06-14T16:53:08.000Z</time>
      </trkpt>
      <trkpt lat="42.968029" lon="-2.5841150000000002">
        <ele>576</ele>
        <time>2021-06-14T16:53:28.000Z</time>
      </trkpt>
      <trkpt lat="42.968037" lon="-2.58406">
        <ele>577</ele>
        <time>2021-06-14T16:53:48.000Z</time>
      </trkpt>
      <trkpt lat="42.968037" lon="-2.58406">
        <ele>577</ele>
        <time>2021-06-14T16:54:08.000Z</time>
      </trkpt>
      <trkpt lat="42.968067" lon="-2.5838899999999998">
        <ele>578</ele>
        <time>2021-06-14T16:54:28.000Z</time>
      </trkpt>
      <trkpt lat="42.968067" lon="-2.5838899999999998">
        <ele>578</ele>
        <time>2021-06-14T16:54:48.000Z</time>
      </trkpt>
      <trkpt lat="42.96807" lon="-2.5838320000000001">
        <ele>578</ele>
        <time>2021-06-14T16:55:08.000Z</time>
      </trkpt>
      <trkpt lat="42.96807" lon="-2.5838320000000001">
        <ele>578</ele>
        <time>2021-06-14T16:55:28.000Z</time>
      </trkpt>
      <trkpt lat="42.96804" lon="-2.5833249999999999">
        <ele>578</ele>
        <time>2021-06-14T16:55:48.000Z</time>
      </trkpt>
      <trkpt lat="42.96804" lon="-2.5833249999999999">
        <ele>578</ele>
        <time>2021-06-14T16:56:08.000Z</time>
      </trkpt>
      <trkpt lat="42.967986" lon="-2.5830039999999999">
        <ele>578</ele>
        <time>2021-06-14T16:56:28.000Z</time>
      </trkpt>
      <trkpt lat="42.967986" lon="-2.5830039999999999">
        <ele>578</ele>
        <time>2021-06-14T16:56:48.000Z</time>
      </trkpt>
      <trkpt lat="42.967974" lon="-2.5829430000000002">
        <ele>578</ele>
        <time>2021-06-14T16:57:08.000Z</time>
      </trkpt>
      <trkpt lat="42.967974" lon="-2.5829430000000002">
        <ele>578</ele>
        <time>2021-06-14T16:57:28.000Z</time>
      </trkpt>
      <trkpt lat="42.967955" lon="-2.5828190000000002">
        <ele>579</ele>
        <time>2021-06-14T16:57:48.000Z</time>
      </trkpt>
      <trkpt lat="42.967955" lon="-2.5828190000000002">
        <ele>579</ele>
        <time>2021-06-14T16:58:08.000Z</time>
      </trkpt>
      <trkpt lat="42.96793" lon="-2.5827119999999999">
        <ele>580</ele>
        <time>2021-06-14T16:58:28.000Z</time>
      </trkpt>
      <trkpt lat="42.96793" lon="-2.5827119999999999">
        <ele>580</ele>
        <time>2021-06-14T16:58:48.000Z</time>
      </trkpt>
      <trkpt lat="42.967887" lon="-2.5824029999999998">
        <ele>580</ele>
        <time>2021-06-14T16:59:08.000Z</time>
      </trkpt>
      <trkpt lat="42.967887" lon="-2.5824029999999998">
        <ele>580</ele>
        <time>2021-06-14T16:59:28.000Z</time>
      </trkpt>
      <trkpt lat="42.967814" lon="-2.5818219999999998">
        <ele>582</ele>
        <time>2021-06-14T16:59:48.000Z</time>
      </trkpt>
      <trkpt lat="42.967814" lon="-2.5818219999999998">
        <ele>582</ele>
        <time>2021-06-14T17:00:08.000Z</time>
      </trkpt>
      <trkpt lat="42.96782" lon="-2.5817060000000001">
        <ele>582</ele>
        <time>2021-06-14T17:00:28.000Z</time>
      </trkpt>
      <trkpt lat="42.96782" lon="-2.5817060000000001">
        <ele>582</ele>
        <time>2021-06-14T17:00:48.000Z</time>
      </trkpt>
      <trkpt lat="42.96782" lon="-2.5816490000000001">
        <ele>583</ele>
        <time>2021-06-14T17:01:08.000Z</time>
      </trkpt>
      <trkpt lat="42.96782" lon="-2.5816490000000001">
        <ele>583</ele>
        <time>2021-06-14T17:01:28.000Z</time>
      </trkpt>
      <trkpt lat="42.967824" lon="-2.5815929999999998">
        <ele>583</ele>
        <time>2021-06-14T17:01:48.000Z</time>
      </trkpt>
      <trkpt lat="42.967824" lon="-2.5815929999999998">
        <ele>583</ele>
        <time>2021-06-14T17:02:08.000Z</time>
      </trkpt>
      <trkpt lat="42.967826" lon="-2.581537">
        <ele>583</ele>
        <time>2021-06-14T17:02:28.000Z</time>
      </trkpt>
      <trkpt lat="42.967826" lon="-2.581537">
        <ele>583</ele>
        <time>2021-06-14T17:02:48.000Z</time>
      </trkpt>
      <trkpt lat="42.967822" lon="-2.581483">
        <ele>584</ele>
        <time>2021-06-14T17:03:08.000Z</time>
      </trkpt>
      <trkpt lat="42.967822" lon="-2.581483">
        <ele>584</ele>
        <time>2021-06-14T17:03:28.000Z</time>
      </trkpt>
      <trkpt lat="42.967815" lon="-2.5814319999999999">
        <ele>584</ele>
        <time>2021-06-14T17:03:48.000Z</time>
      </trkpt>
      <trkpt lat="42.967815" lon="-2.5814319999999999">
        <ele>584</ele>
        <time>2021-06-14T17:04:08.000Z</time>
      </trkpt>
      <trkpt lat="42.967826" lon="-2.58134">
        <ele>585</ele>
        <time>2021-06-14T17:04:28.000Z</time>
      </trkpt>
      <trkpt lat="42.967826" lon="-2.58134">
        <ele>585</ele>
        <time>2021-06-14T17:04:48.000Z</time>
      </trkpt>
      <trkpt lat="42.967843" lon="-2.5812919999999999">
        <ele>585</ele>
        <time>2021-06-14T17:05:08.000Z</time>
      </trkpt>
      <trkpt lat="42.967843" lon="-2.5812919999999999">
        <ele>585</ele>
        <time>2021-06-14T17:05:28.000Z</time>
      </trkpt>
      <trkpt lat="42.967856" lon="-2.5812520000000001">
        <ele>585</ele>
        <time>2021-06-14T17:05:48.000Z</time>
      </trkpt>
      <trkpt lat="42.967856" lon="-2.5812520000000001">
        <ele>585</ele>
        <time>2021-06-14T17:06:08.000Z</time>
      </trkpt>
      <trkpt lat="42.967872" lon="-2.5812119999999998">
        <ele>585</ele>
        <time>2021-06-14T17:06:28.000Z</time>
      </trkpt>
      <trkpt lat="42.967872" lon="-2.5812119999999998">
        <ele>585</ele>
        <time>2021-06-14T17:06:48.000Z</time>
      </trkpt>
      <trkpt lat="42.967887" lon="-2.5811660000000001">
        <ele>585</ele>
        <time>2021-06-14T17:07:08.000Z</time>
      </trkpt>
      <trkpt lat="42.967887" lon="-2.5811660000000001">
        <ele>585</ele>
        <time>2021-06-14T17:07:28.000Z</time>
      </trkpt>
      <trkpt lat="42.96798" lon="-2.5809359999999999">
        <ele>585</ele>
        <time>2021-06-14T17:07:48.000Z</time>
      </trkpt>
      <trkpt lat="42.96798" lon="-2.5809359999999999">
        <ele>585</ele>
        <time>2021-06-14T17:08:08.000Z</time>
      </trkpt>
      <trkpt lat="42.968137" lon="-2.580613">
        <ele>585</ele>
        <time>2021-06-14T17:08:28.000Z</time>
      </trkpt>
      <trkpt lat="42.968137" lon="-2.580613">
        <ele>585</ele>
        <time>2021-06-14T17:08:48.000Z</time>
      </trkpt>
      <trkpt lat="42.968227" lon="-2.5803850000000002">
        <ele>585</ele>
        <time>2021-06-14T17:09:08.000Z</time>
      </trkpt>
      <trkpt lat="42.968227" lon="-2.5803850000000002">
        <ele>585</ele>
        <time>2021-06-14T17:09:28.000Z</time>
      </trkpt>
      <trkpt lat="42.968243" lon="-2.5803569999999998">
        <ele>585</ele>
        <time>2021-06-14T17:09:48.000Z</time>
      </trkpt>
      <trkpt lat="42.968243" lon="-2.5803569999999998">
        <ele>585</ele>
        <time>2021-06-14T17:10:08.000Z</time>
      </trkpt>
      <trkpt lat="42.968331" lon="-2.5801829999999999">
        <ele>584</ele>
        <time>2021-06-14T17:10:28.000Z</time>
      </trkpt>
      <trkpt lat="42.968331" lon="-2.5801829999999999">
        <ele>584</ele>
        <time>2021-06-14T17:10:48.000Z</time>
      </trkpt>
      <trkpt lat="42.968387" lon="-2.5800610000000002">
        <ele>584</ele>
        <time>2021-06-14T17:11:08.000Z</time>
      </trkpt>
      <trkpt lat="42.968387" lon="-2.5800610000000002">
        <ele>584</ele>
        <time>2021-06-14T17:11:28.000Z</time>
      </trkpt>
      <trkpt lat="42.968439" lon="-2.579898">
        <ele>584</ele>
        <time>2021-06-14T17:11:48.000Z</time>
      </trkpt>
      <trkpt lat="42.968439" lon="-2.579898">
        <ele>584</ele>
        <time>2021-06-14T17:12:08.000Z</time>
      </trkpt>
      <trkpt lat="42.968576" lon="-2.5796260000000002">
        <ele>584</ele>
        <time>2021-06-14T17:12:28.000Z</time>
      </trkpt>
      <trkpt lat="42.968576" lon="-2.5796260000000002">
        <ele>584</ele>
        <time>2021-06-14T17:12:48.000Z</time>
      </trkpt>
      <trkpt lat="42.968687" lon="-2.579342">
        <ele>587</ele>
        <time>2021-06-14T17:13:08.000Z</time>
      </trkpt>
      <trkpt lat="42.968687" lon="-2.579342">
        <ele>587</ele>
        <time>2021-06-14T17:13:28.000Z</time>
      </trkpt>
      <trkpt lat="42.968792" lon="-2.5790320000000002">
        <ele>590</ele>
        <time>2021-06-14T17:13:48.000Z</time>
      </trkpt>
      <trkpt lat="42.968792" lon="-2.5790320000000002">
        <ele>590</ele>
        <time>2021-06-14T17:14:08.000Z</time>
      </trkpt>
      <trkpt lat="42.968867" lon="-2.5788600000000002">
        <ele>590</ele>
        <time>2021-06-14T17:14:28.000Z</time>
      </trkpt>
      <trkpt lat="42.968867" lon="-2.5788600000000002">
        <ele>590</ele>
        <time>2021-06-14T17:14:48.000Z</time>
      </trkpt>
      <trkpt lat="42.96889" lon="-2.5788060000000002">
        <ele>590</ele>
        <time>2021-06-14T17:15:08.000Z</time>
      </trkpt>
      <trkpt lat="42.96889" lon="-2.5788060000000002">
        <ele>590</ele>
        <time>2021-06-14T17:15:28.000Z</time>
      </trkpt>
      <trkpt lat="42.969016" lon="-2.5784539999999998">
        <ele>590</ele>
        <time>2021-06-14T17:15:48.000Z</time>
      </trkpt>
      <trkpt lat="42.969016" lon="-2.5784539999999998">
        <ele>590</ele>
        <time>2021-06-14T17:16:08.000Z</time>
      </trkpt>
      <trkpt lat="42.969132" lon="-2.5782479999999999">
        <ele>587</ele>
        <time>2021-06-14T17:16:28.000Z</time>
      </trkpt>
      <trkpt lat="42.969132" lon="-2.5782479999999999">
        <ele>587</ele>
        <time>2021-06-14T17:16:48.000Z</time>
      </trkpt>
      <trkpt lat="42.96919" lon="-2.5781360000000002">
        <ele>586</ele>
        <time>2021-06-14T17:17:08.000Z</time>
      </trkpt>
      <trkpt lat="42.96919" lon="-2.5781360000000002">
        <ele>586</ele>
        <time>2021-06-14T17:17:28.000Z</time>
      </trkpt>
      <trkpt lat="42.96922" lon="-2.5780729999999998">
        <ele>586</ele>
        <time>2021-06-14T17:17:48.000Z</time>
      </trkpt>
      <trkpt lat="42.96922" lon="-2.5780729999999998">
        <ele>586</ele>
        <time>2021-06-14T17:18:08.000Z</time>
      </trkpt>
      <trkpt lat="42.969347" lon="-2.5777830000000002">
        <ele>586</ele>
        <time>2021-06-14T17:18:28.000Z</time>
      </trkpt>
      <trkpt lat="42.969347" lon="-2.5777830000000002">
        <ele>586</ele>
        <time>2021-06-14T17:18:48.000Z</time>
      </trkpt>
      <trkpt lat="42.969368" lon="-2.5777260000000002">
        <ele>586</ele>
        <time>2021-06-14T17:19:08.000Z</time>
      </trkpt>
      <trkpt lat="42.969368" lon="-2.5777260000000002">
        <ele>586</ele>
        <time>2021-06-14T17:19:28.000Z</time>
      </trkpt>
      <trkpt lat="42.969465" lon="-2.5774979999999998">
        <ele>586</ele>
        <time>2021-06-14T17:19:48.000Z</time>
      </trkpt>
      <trkpt lat="42.969465" lon="-2.5774979999999998">
        <ele>586</ele>
        <time>2021-06-14T17:20:08.000Z</time>
      </trkpt>
      <trkpt lat="42.969711" lon="-2.5770469999999999">
        <ele>586</ele>
        <time>2021-06-14T17:20:28.000Z</time>
      </trkpt>
      <trkpt lat="42.969711" lon="-2.5770469999999999">
        <ele>586</ele>
        <time>2021-06-14T17:20:48.000Z</time>
      </trkpt>
      <trkpt lat="42.97005" lon="-2.5766420000000001">
        <ele>588</ele>
        <time>2021-06-14T17:21:08.000Z</time>
      </trkpt>
      <trkpt lat="42.97005" lon="-2.5766420000000001">
        <ele>588</ele>
        <time>2021-06-14T17:21:28.000Z</time>
      </trkpt>
      <trkpt lat="42.970273" lon="-2.5764900000000002">
        <ele>589</ele>
        <time>2021-06-14T17:21:48.000Z</time>
      </trkpt>
      <trkpt lat="42.970273" lon="-2.5764900000000002">
        <ele>589</ele>
        <time>2021-06-14T17:22:08.000Z</time>
      </trkpt>
      <trkpt lat="42.970315" lon="-2.576473">
        <ele>589</ele>
        <time>2021-06-14T17:22:28.000Z</time>
      </trkpt>
      <trkpt lat="42.970315" lon="-2.576473">
        <ele>589</ele>
        <time>2021-06-14T17:22:48.000Z</time>
      </trkpt>
      <trkpt lat="42.97036" lon="-2.5764580000000001">
        <ele>589</ele>
        <time>2021-06-14T17:23:08.000Z</time>
      </trkpt>
      <trkpt lat="42.97036" lon="-2.5764580000000001">
        <ele>589</ele>
        <time>2021-06-14T17:23:28.000Z</time>
      </trkpt>
      <trkpt lat="42.970407" lon="-2.5764450000000001">
        <ele>589</ele>
        <time>2021-06-14T17:23:48.000Z</time>
      </trkpt>
      <trkpt lat="42.970407" lon="-2.5764450000000001">
        <ele>589</ele>
        <time>2021-06-14T17:24:08.000Z</time>
      </trkpt>
      <trkpt lat="42.970452" lon="-2.5764300000000002">
        <ele>589</ele>
        <time>2021-06-14T17:24:28.000Z</time>
      </trkpt>
      <trkpt lat="42.970452" lon="-2.5764300000000002">
        <ele>589</ele>
        <time>2021-06-14T17:24:48.000Z</time>
      </trkpt>
      <trkpt lat="42.970795" lon="-2.5763370000000001">
        <ele>589</ele>
        <time>2021-06-14T17:25:08.000Z</time>
      </trkpt>
      <trkpt lat="42.970795" lon="-2.5763370000000001">
        <ele>589</ele>
        <time>2021-06-14T17:25:28.000Z</time>
      </trkpt>
      <trkpt lat="42.970925" lon="-2.5763020000000001">
        <ele>589</ele>
        <time>2021-06-14T17:25:48.000Z</time>
      </trkpt>
      <trkpt lat="42.970925" lon="-2.5763020000000001">
        <ele>589</ele>
        <time>2021-06-14T17:26:08.000Z</time>
      </trkpt>
      <trkpt lat="42.971248" lon="-2.576241">
        <ele>591</ele>
        <time>2021-06-14T17:26:28.000Z</time>
      </trkpt>
      <trkpt lat="42.971248" lon="-2.576241">
        <ele>591</ele>
        <time>2021-06-14T17:26:48.000Z</time>
      </trkpt>
      <trkpt lat="42.971388" lon="-2.5762109999999998">
        <ele>592</ele>
        <time>2021-06-14T17:27:08.000Z</time>
      </trkpt>
      <trkpt lat="42.971388" lon="-2.5762109999999998">
        <ele>592</ele>
        <time>2021-06-14T17:27:28.000Z</time>
      </trkpt>
      <trkpt lat="42.971433" lon="-2.5761959999999999">
        <ele>592</ele>
        <time>2021-06-14T17:27:48.000Z</time>
      </trkpt>
      <trkpt lat="42.971433" lon="-2.5761959999999999">
        <ele>592</ele>
        <time>2021-06-14T17:28:08.000Z</time>
      </trkpt>
      <trkpt lat="42.971788" lon="-2.5760779999999999">
        <ele>593</ele>
        <time>2021-06-14T17:28:28.000Z</time>
      </trkpt>
      <trkpt lat="42.971788" lon="-2.5760779999999999">
        <ele>593</ele>
        <time>2021-06-14T17:28:48.000Z</time>
      </trkpt>
      <trkpt lat="42.972157" lon="-2.575917">
        <ele>592</ele>
        <time>2021-06-14T17:29:08.000Z</time>
      </trkpt>
      <trkpt lat="42.972157" lon="-2.575917">
        <ele>592</ele>
        <time>2021-06-14T17:29:28.000Z</time>
      </trkpt>
      <trkpt lat="42.972482" lon="-2.5756999999999999">
        <ele>593</ele>
        <time>2021-06-14T17:29:48.000Z</time>
      </trkpt>
      <trkpt lat="42.972482" lon="-2.5756999999999999">
        <ele>593</ele>
        <time>2021-06-14T17:30:08.000Z</time>
      </trkpt>
      <trkpt lat="42.972638" lon="-2.575583">
        <ele>593</ele>
        <time>2021-06-14T17:30:28.000Z</time>
      </trkpt>
      <trkpt lat="42.972638" lon="-2.575583">
        <ele>593</ele>
        <time>2021-06-14T17:30:48.000Z</time>
      </trkpt>
      <trkpt lat="42.972672" lon="-2.5755430000000001">
        <ele>594</ele>
        <time>2021-06-14T17:31:08.000Z</time>
      </trkpt>
      <trkpt lat="42.972672" lon="-2.5755430000000001">
        <ele>594</ele>
        <time>2021-06-14T17:31:28.000Z</time>
      </trkpt>
      <trkpt lat="42.9727" lon="-2.5755020000000002">
        <ele>594</ele>
        <time>2021-06-14T17:31:48.000Z</time>
      </trkpt>
      <trkpt lat="42.9727" lon="-2.5755020000000002">
        <ele>594</ele>
        <time>2021-06-14T17:32:08.000Z</time>
      </trkpt>
      <trkpt lat="42.972921" lon="-2.5752060000000001">
        <ele>597</ele>
        <time>2021-06-14T17:32:28.000Z</time>
      </trkpt>
      <trkpt lat="42.972921" lon="-2.5752060000000001">
        <ele>597</ele>
        <time>2021-06-14T17:32:48.000Z</time>
      </trkpt>
      <trkpt lat="42.972961" lon="-2.5751840000000001">
        <ele>597</ele>
        <time>2021-06-14T17:33:08.000Z</time>
      </trkpt>
      <trkpt lat="42.972961" lon="-2.5751840000000001">
        <ele>597</ele>
        <time>2021-06-14T17:33:28.000Z</time>
      </trkpt>
      <trkpt lat="42.973194" lon="-2.575062">
        <ele>597</ele>
        <time>2021-06-14T17:33:48.000Z</time>
      </trkpt>
      <trkpt lat="42.973194" lon="-2.575062">
        <ele>597</ele>
        <time>2021-06-14T17:34:08.000Z</time>
      </trkpt>
      <trkpt lat="42.973227" lon="-2.5750389999999999">
        <ele>597</ele>
        <time>2021-06-14T17:34:28.000Z</time>
      </trkpt>
      <trkpt lat="42.973227" lon="-2.5750389999999999">
        <ele>597</ele>
        <time>2021-06-14T17:34:48.000Z</time>
      </trkpt>
      <trkpt lat="42.973262" lon="-2.5750169999999999">
        <ele>597</ele>
        <time>2021-06-14T17:35:08.000Z</time>
      </trkpt>
      <trkpt lat="42.973262" lon="-2.5750169999999999">
        <ele>597</ele>
        <time>2021-06-14T17:35:28.000Z</time>
      </trkpt>
      <trkpt lat="42.973558" lon="-2.574875">
        <ele>596</ele>
        <time>2021-06-14T17:35:48.000Z</time>
      </trkpt>
      <trkpt lat="42.973558" lon="-2.574875">
        <ele>596</ele>
        <time>2021-06-14T17:36:08.000Z</time>
      </trkpt>
      <trkpt lat="42.973643" lon="-2.5748340000000001">
        <ele>596</ele>
        <time>2021-06-14T17:36:28.000Z</time>
      </trkpt>
      <trkpt lat="42.973643" lon="-2.5748340000000001">
        <ele>596</ele>
        <time>2021-06-14T17:36:48.000Z</time>
      </trkpt>
      <trkpt lat="42.973684" lon="-2.5748129999999998">
        <ele>597</ele>
        <time>2021-06-14T17:37:08.000Z</time>
      </trkpt>
      <trkpt lat="42.973684" lon="-2.5748129999999998">
        <ele>597</ele>
        <time>2021-06-14T17:37:28.000Z</time>
      </trkpt>
      <trkpt lat="42.973904" lon="-2.5746959999999999">
        <ele>597</ele>
        <time>2021-06-14T17:37:48.000Z</time>
      </trkpt>
      <trkpt lat="42.973904" lon="-2.5746959999999999">
        <ele>597</ele>
        <time>2021-06-14T17:38:08.000Z</time>
      </trkpt>
      <trkpt lat="42.974022" lon="-2.5746479999999998">
        <ele>597</ele>
        <time>2021-06-14T17:38:28.000Z</time>
      </trkpt>
      <trkpt lat="42.974022" lon="-2.5746479999999998">
        <ele>597</ele>
        <time>2021-06-14T17:38:48.000Z</time>
      </trkpt>
      <trkpt lat="42.974063" lon="-2.5746440000000002">
        <ele>596</ele>
        <time>2021-06-14T17:39:08.000Z</time>
      </trkpt>
      <trkpt lat="42.974063" lon="-2.5746440000000002">
        <ele>596</ele>
        <time>2021-06-14T17:39:28.000Z</time>
      </trkpt>
      <trkpt lat="42.974102" lon="-2.5746470000000001">
        <ele>596</ele>
        <time>2021-06-14T17:39:48.000Z</time>
      </trkpt>
      <trkpt lat="42.974102" lon="-2.5746470000000001">
        <ele>596</ele>
        <time>2021-06-14T17:40:08.000Z</time>
      </trkpt>
      <trkpt lat="42.974146" lon="-2.5746609999999999">
        <ele>596</ele>
        <time>2021-06-14T17:40:28.000Z</time>
      </trkpt>
      <trkpt lat="42.974146" lon="-2.5746609999999999">
        <ele>596</ele>
        <time>2021-06-14T17:40:48.000Z</time>
      </trkpt>
      <trkpt lat="42.974191" lon="-2.5746760000000002">
        <ele>595</ele>
        <time>2021-06-14T17:41:08.000Z</time>
      </trkpt>
      <trkpt lat="42.974191" lon="-2.5746760000000002">
        <ele>595</ele>
        <time>2021-06-14T17:41:28.000Z</time>
      </trkpt>
      <trkpt lat="42.974235" lon="-2.5746730000000002">
        <ele>595</ele>
        <time>2021-06-14T17:41:48.000Z</time>
      </trkpt>
      <trkpt lat="42.974235" lon="-2.5746730000000002">
        <ele>595</ele>
        <time>2021-06-14T17:42:08.000Z</time>
      </trkpt>
      <trkpt lat="42.97428" lon="-2.5746600000000002">
        <ele>595</ele>
        <time>2021-06-14T17:42:28.000Z</time>
      </trkpt>
      <trkpt lat="42.97428" lon="-2.5746600000000002">
        <ele>595</ele>
        <time>2021-06-14T17:42:48.000Z</time>
      </trkpt>
      <trkpt lat="42.974373" lon="-2.5746470000000001">
        <ele>595</ele>
        <time>2021-06-14T17:43:08.000Z</time>
      </trkpt>
      <trkpt lat="42.974434" lon="-2.5746190000000002">
        <ele>595</ele>
        <time>2021-06-14T17:43:28.000Z</time>
      </trkpt>
      <trkpt lat="42.97451" lon="-2.5746639999999998">
        <ele>595</ele>
        <time>2021-06-14T17:43:48.000Z</time>
      </trkpt>
      <trkpt lat="42.974635" lon="-2.5750630000000001">
        <ele>596</ele>
        <time>2021-06-13T18:30:24.000Z</time>
      </trkpt>
      <trkpt lat="42.974635" lon="-2.5750639999999998">
        <ele>596</ele>
        <time>2021-06-13T18:30:24.000Z</time>
      </trkpt>
      <trkpt lat="42.975072" lon="-2.5743960000000001">
        <ele>596</ele>
        <time>2021-06-13T18:30:24.000Z</time>
      </trkpt>
      <trkpt lat="42.975442" lon="-2.5734149999999998">
        <ele>597</ele>
        <time>2021-06-13T18:30:24.000Z</time>
      </trkpt>
      <trkpt lat="42.97562" lon="-2.5724339999999999">
        <ele>599</ele>
        <time>2021-06-13T18:30:24.000Z</time>
      </trkpt>
      <trkpt lat="42.975775" lon="-2.569874">
        <ele>596</ele>
        <time>2021-06-13T18:30:24.000Z</time>
      </trkpt>
      <trkpt lat="42.97585" lon="-2.568317">
        <ele>593</ele>
        <time>2021-06-13T18:30:24.000Z</time>
      </trkpt>
      <trkpt lat="42.975517" lon="-2.5674969999999999">
        <ele>594</ele>
        <time>2021-06-13T18:30:24.000Z</time>
      </trkpt>
      <trkpt lat="42.975354" lon="-2.5666069999999999">
        <ele>589</ele>
        <time>2021-06-13T18:30:24.000Z</time>
      </trkpt>
      <trkpt lat="42.975273" lon="-2.5662929999999999">
        <ele>588</ele>
        <time>2021-06-13T18:30:24.000Z</time>
      </trkpt>
      <trkpt lat="42.975014" lon="-2.5659700000000001">
        <ele>584</ele>
        <time>2021-06-13T18:30:24.000Z</time>
      </trkpt>
      <trkpt lat="42.97494" lon="-2.5656759999999998">
        <ele>575</ele>
        <time>2021-06-13T18:30:24.000Z</time>
      </trkpt>
      <trkpt lat="42.975051" lon="-2.5654330000000001">
        <ele>577</ele>
        <time>2021-06-13T18:30:24.000Z</time>
      </trkpt>
      <trkpt lat="42.975259" lon="-2.565423">
        <ele>584</ele>
        <time>2021-06-13T18:30:24.000Z</time>
      </trkpt>
      <trkpt lat="42.975777" lon="-2.5657359999999998">
        <ele>586</ele>
        <time>2021-06-13T18:30:24.000Z</time>
      </trkpt>
      <trkpt lat="42.97614" lon="-2.5662720000000001">
        <ele>586</ele>
        <time>2021-06-13T18:30:24.000Z</time>
      </trkpt>
      <trkpt lat="42.976362" lon="-2.5668280000000001">
        <ele>588</ele>
        <time>2021-06-13T18:30:24.000Z</time>
      </trkpt>
      <trkpt lat="42.976673" lon="-2.5669499999999998">
        <ele>589</ele>
        <time>2021-06-13T18:30:24.000Z</time>
      </trkpt>
      <trkpt lat="42.977354" lon="-2.5668280000000001">
        <ele>593</ele>
        <time>2021-06-13T18:30:24.000Z</time>
      </trkpt>
      <trkpt lat="42.977813" lon="-2.566646">
        <ele>592</ele>
        <time>2021-06-13T18:30:24.000Z</time>
      </trkpt>
      <trkpt lat="42.977939" lon="-2.5660889999999998">
        <ele>593</ele>
        <time>2021-06-13T18:30:24.000Z</time>
      </trkpt>
      <trkpt lat="42.977821" lon="-2.5652900000000001">
        <ele>589</ele>
        <time>2021-06-13T18:30:24.000Z</time>
      </trkpt>
      <trkpt lat="42.977791" lon="-2.564835">
        <ele>588</ele>
        <time>2021-06-13T18:30:24.000Z</time>
      </trkpt>
      <trkpt lat="42.978206" lon="-2.5637319999999999">
        <ele>586</ele>
        <time>2021-06-13T18:30:24.000Z</time>
      </trkpt>
      <trkpt lat="42.978613" lon="-2.5630649999999999">
        <ele>581</ele>
        <time>2021-06-13T18:30:24.000Z</time>
      </trkpt>
      <trkpt lat="42.978976" lon="-2.56264">
        <ele>581</ele>
        <time>2021-06-13T18:30:24.000Z</time>
      </trkpt>
      <trkpt lat="42.979302" lon="-2.5620829999999999">
        <ele>578</ele>
        <time>2021-06-13T18:30:24.000Z</time>
      </trkpt>
      <trkpt lat="42.980079" lon="-2.5619209999999999">
        <ele>576</ele>
        <time>2021-06-13T18:30:24.000Z</time>
      </trkpt>
      <trkpt lat="42.980434" lon="-2.5621040000000002">
        <ele>575</ele>
        <time>2021-06-13T18:30:24.000Z</time>
      </trkpt>
      <trkpt lat="42.980923" lon="-2.5626899999999999">
        <ele>569</ele>
        <time>2021-06-13T18:30:24.000Z</time>
      </trkpt>
      <trkpt lat="42.981633" lon="-2.5627610000000001">
        <ele>568</ele>
        <time>2021-06-13T18:30:24.000Z</time>
      </trkpt>
      <trkpt lat="42.981937" lon="-2.5626090000000001">
        <ele>564</ele>
        <time>2021-06-13T18:30:24.000Z</time>
      </trkpt>
      <trkpt lat="42.982285" lon="-2.5617800000000002">
        <ele>562</ele>
        <time>2021-06-13T18:30:24.000Z</time>
      </trkpt>
      <trkpt lat="42.982795" lon="-2.5609700000000002">
        <ele>562</ele>
        <time>2021-06-13T18:30:24.000Z</time>
      </trkpt>
      <trkpt lat="42.98321" lon="-2.5605150000000001">
        <ele>559</ele>
        <time>2021-06-13T18:30:24.000Z</time>
      </trkpt>
      <trkpt lat="42.983551" lon="-2.5604840000000002">
        <ele>557</ele>
        <time>2021-06-13T18:30:24.000Z</time>
      </trkpt>
      <trkpt lat="42.983921" lon="-2.5606559999999998">
        <ele>553</ele>
        <time>2021-06-13T18:30:24.000Z</time>
      </trkpt>
      <trkpt lat="42.984246" lon="-2.5605039999999999">
        <ele>552</ele>
        <time>2021-06-13T18:30:24.000Z</time>
      </trkpt>
      <trkpt lat="42.984328" lon="-2.5599479999999999">
        <ele>554</ele>
        <time>2021-06-13T18:30:24.000Z</time>
      </trkpt>
      <trkpt lat="42.984447" lon="-2.5595840000000001">
        <ele>553</ele>
        <time>2021-06-13T18:30:24.000Z</time>
      </trkpt>
      <trkpt lat="42.984706" lon="-2.5595530000000002">
        <ele>551</ele>
        <time>2021-06-13T18:30:24.000Z</time>
      </trkpt>
      <trkpt lat="42.984987" lon="-2.5600589999999999">
        <ele>551</ele>
        <time>2021-06-13T18:30:24.000Z</time>
      </trkpt>
      <trkpt lat="42.985158" lon="-2.560746">
        <ele>548</ele>
        <time>2021-06-13T18:30:24.000Z</time>
      </trkpt>
      <trkpt lat="42.985121" lon="-2.5615760000000001">
        <ele>543</ele>
        <time>2021-06-13T18:30:24.000Z</time>
      </trkpt>
      <trkpt lat="42.985151" lon="-2.5627080000000002">
        <ele>536</ele>
        <time>2021-06-13T18:30:24.000Z</time>
      </trkpt>
      <trkpt lat="42.985025" lon="-2.5630929999999998">
        <ele>535</ele>
        <time>2021-06-13T18:30:24.000Z</time>
      </trkpt>
      <trkpt lat="42.984515" lon="-2.5636079999999999">
        <ele>531</ele>
        <time>2021-06-13T18:30:24.000Z</time>
      </trkpt>
      <trkpt lat="42.98433" lon="-2.5637400000000001">
        <ele>528</ele>
        <time>2021-06-13T18:30:24.000Z</time>
      </trkpt>
      <trkpt lat="42.984367" lon="-2.5639620000000001">
        <ele>527</ele>
        <time>2021-06-13T18:30:24.000Z</time>
      </trkpt>
      <trkpt lat="42.984486" lon="-2.5640429999999999">
        <ele>527</ele>
        <time>2021-06-13T18:30:24.000Z</time>
      </trkpt>
      <trkpt lat="42.985396" lon="-2.563901">
        <ele>523</ele>
        <time>2021-06-13T18:30:24.000Z</time>
      </trkpt>
      <trkpt lat="42.985804" lon="-2.5638909999999999">
        <ele>523</ele>
        <time>2021-06-13T18:30:24.000Z</time>
      </trkpt>
      <trkpt lat="42.986366" lon="-2.564022">
        <ele>519</ele>
        <time>2021-06-13T18:30:24.000Z</time>
      </trkpt>
      <trkpt lat="42.986707" lon="-2.56385">
        <ele>515</ele>
        <time>2021-06-13T18:30:24.000Z</time>
      </trkpt>
      <trkpt lat="42.987151" lon="-2.563466">
        <ele>516</ele>
        <time>2021-06-13T18:30:24.000Z</time>
      </trkpt>
      <trkpt lat="42.988572" lon="-2.5627779999999998">
        <ele>505</ele>
        <time>2021-06-13T18:30:24.000Z</time>
      </trkpt>
      <trkpt lat="42.989164" lon="-2.5623629999999999">
        <ele>499</ele>
        <time>2021-06-13T18:30:24.000Z</time>
      </trkpt>
      <trkpt lat="42.989741" lon="-2.5613920000000001">
        <ele>500</ele>
        <time>2021-06-13T18:30:24.000Z</time>
      </trkpt>
      <trkpt lat="42.989993" lon="-2.5612710000000001">
        <ele>498</ele>
        <time>2021-06-13T18:30:24.000Z</time>
      </trkpt>
      <trkpt lat="42.990149" lon="-2.5614729999999999">
        <ele>498</ele>
        <time>2021-06-13T18:30:24.000Z</time>
      </trkpt>
      <trkpt lat="42.990371" lon="-2.5620189999999998">
        <ele>489</ele>
        <time>2021-06-13T18:30:24.000Z</time>
      </trkpt>
      <trkpt lat="42.990593" lon="-2.56209">
        <ele>488</ele>
        <time>2021-06-13T18:30:24.000Z</time>
      </trkpt>
      <trkpt lat="42.991133" lon="-2.562049">
        <ele>487</ele>
        <time>2021-06-13T18:30:24.000Z</time>
      </trkpt>
      <trkpt lat="42.992273" lon="-2.561483">
        <ele>483</ele>
        <time>2021-06-13T18:30:24.000Z</time>
      </trkpt>
      <trkpt lat="42.992532" lon="-2.5615329999999998">
        <ele>482</ele>
        <time>2021-06-13T18:30:24.000Z</time>
      </trkpt>
      <trkpt lat="42.992872" lon="-2.561887">
        <ele>475</ele>
        <time>2021-06-13T18:30:24.000Z</time>
      </trkpt>
      <trkpt lat="42.993472" lon="-2.5622210000000001">
        <ele>473</ele>
        <time>2021-06-13T18:30:24.000Z</time>
      </trkpt>
      <trkpt lat="42.99396" lon="-2.562211">
        <ele>471</ele>
        <time>2021-06-13T18:30:24.000Z</time>
      </trkpt>
      <trkpt lat="42.994552" lon="-2.561391">
        <ele>468</ele>
        <time>2021-06-13T18:30:24.000Z</time>
      </trkpt>
      <trkpt lat="42.994759" lon="-2.5608249999999999">
        <ele>465</ele>
        <time>2021-06-13T18:30:24.000Z</time>
      </trkpt>
      <trkpt lat="42.994752" lon="-2.5598540000000001">
        <ele>461</ele>
        <time>2021-06-13T18:30:24.000Z</time>
      </trkpt>
      <trkpt lat="42.994663" lon="-2.5587710000000001">
        <ele>457</ele>
        <time>2021-06-13T18:30:24.000Z</time>
      </trkpt>
      <trkpt lat="42.99436" lon="-2.5580020000000001">
        <ele>454</ele>
        <time>2021-06-13T18:30:24.000Z</time>
      </trkpt>
      <trkpt lat="42.994161" lon="-2.5574050000000002">
        <ele>453</ele>
        <time>2021-06-13T18:30:24.000Z</time>
      </trkpt>
      <trkpt lat="42.994338" lon="-2.5570210000000002">
        <ele>454</ele>
        <time>2021-06-13T18:30:24.000Z</time>
      </trkpt>
      <trkpt lat="42.994938" lon="-2.5566970000000002">
        <ele>445</ele>
        <time>2021-06-13T18:30:24.000Z</time>
      </trkpt>
      <trkpt lat="42.995485" lon="-2.5559989999999999">
        <ele>442</ele>
        <time>2021-06-13T18:30:24.000Z</time>
      </trkpt>
      <trkpt lat="42.9963" lon="-2.5560499999999999">
        <ele>436</ele>
        <time>2021-06-13T18:30:24.000Z</time>
      </trkpt>
      <trkpt lat="42.996699" lon="-2.5556350000000001">
        <ele>434</ele>
        <time>2021-06-13T18:30:24.000Z</time>
      </trkpt>
      <trkpt lat="42.99721" lon="-2.5553919999999999">
        <ele>430</ele>
        <time>2021-06-13T18:30:24.000Z</time>
      </trkpt>
      <trkpt lat="42.997439" lon="-2.5550380000000001">
        <ele>428</ele>
        <time>2021-06-13T18:30:24.000Z</time>
      </trkpt>
      <trkpt lat="42.997454" lon="-2.5542790000000002">
        <ele>427</ele>
        <time>2021-06-13T18:30:24.000Z</time>
      </trkpt>
      <trkpt lat="42.997625" lon="-2.5534289999999999">
        <ele>423</ele>
        <time>2021-06-13T18:30:24.000Z</time>
      </trkpt>
      <trkpt lat="42.997899" lon="-2.5531259999999998">
        <ele>419</ele>
        <time>2021-06-13T18:30:24.000Z</time>
      </trkpt>
      <trkpt lat="42.998254" lon="-2.5528930000000001">
        <ele>416</ele>
        <time>2021-06-13T18:30:24.000Z</time>
      </trkpt>
      <trkpt lat="42.998358" lon="-2.5524279999999999">
        <ele>415</ele>
        <time>2021-06-13T18:30:24.000Z</time>
      </trkpt>
      <trkpt lat="42.998321" lon="-2.5520130000000001">
        <ele>415</ele>
        <time>2021-06-13T18:30:24.000Z</time>
      </trkpt>
      <trkpt lat="42.998336" lon="-2.55172">
        <ele>412</ele>
        <time>2021-06-13T18:30:24.000Z</time>
      </trkpt>
      <trkpt lat="42.99858" lon="-2.5514869999999998">
        <ele>411</ele>
        <time>2021-06-13T18:30:24.000Z</time>
      </trkpt>
      <trkpt lat="42.998825" lon="-2.5514969999999999">
        <ele>413</ele>
        <time>2021-06-13T18:30:24.000Z</time>
      </trkpt>
      <trkpt lat="42.999106" lon="-2.552003">
        <ele>408</ele>
        <time>2021-06-13T18:30:24.000Z</time>
      </trkpt>
      <trkpt lat="42.999424" lon="-2.5525890000000002">
        <ele>403</ele>
        <time>2021-06-13T18:30:24.000Z</time>
      </trkpt>
      <trkpt lat="42.999639" lon="-2.55267">
        <ele>401</ele>
        <time>2021-06-13T18:30:24.000Z</time>
      </trkpt>
      <trkpt lat="42.999935" lon="-2.552397">
        <ele>400</ele>
        <time>2021-06-13T18:30:24.000Z</time>
      </trkpt>
      <trkpt lat="43.000542" lon="-2.552235">
        <ele>396</ele>
        <time>2021-06-13T18:30:24.000Z</time>
      </trkpt>
      <trkpt lat="43.000956" lon="-2.55185">
        <ele>396</ele>
        <time>2021-06-13T18:30:24.000Z</time>
      </trkpt>
      <trkpt lat="43.002059" lon="-2.5516179999999999">
        <ele>387</ele>
        <time>2021-06-13T18:30:24.000Z</time>
      </trkpt>
      <trkpt lat="43.002333" lon="-2.5513140000000001">
        <ele>384</ele>
        <time>2021-06-13T18:30:24.000Z</time>
      </trkpt>
      <trkpt lat="43.002466" lon="-2.5506769999999999">
        <ele>383</ele>
        <time>2021-06-13T18:30:24.000Z</time>
      </trkpt>
      <trkpt lat="43.0026" lon="-2.5504440000000002">
        <ele>382</ele>
        <time>2021-06-13T18:30:24.000Z</time>
      </trkpt>
      <trkpt lat="43.003347" lon="-2.550262">
        <ele>377</ele>
        <time>2021-06-13T18:30:24.000Z</time>
      </trkpt>
      <trkpt lat="43.004109" lon="-2.5503930000000001">
        <ele>374</ele>
        <time>2021-06-13T18:30:24.000Z</time>
      </trkpt>
      <trkpt lat="43.004627" lon="-2.5501299999999998">
        <ele>373</ele>
        <time>2021-06-13T18:30:24.000Z</time>
      </trkpt>
      <trkpt lat="43.005352" lon="-2.549604">
        <ele>367</ele>
        <time>2021-06-13T18:30:24.000Z</time>
      </trkpt>
      <trkpt lat="43.005774" lon="-2.548845">
        <ele>367</ele>
        <time>2021-06-13T18:30:24.000Z</time>
      </trkpt>
      <trkpt lat="43.006092" lon="-2.5484300000000002">
        <ele>363</ele>
        <time>2021-06-13T18:30:24.000Z</time>
      </trkpt>
      <trkpt lat="43.006018" lon="-2.5478839999999998">
        <ele>362</ele>
        <time>2021-06-13T18:30:24.000Z</time>
      </trkpt>
      <trkpt lat="43.005922" lon="-2.5473370000000002">
        <ele>359</ele>
        <time>2021-06-13T18:30:24.000Z</time>
      </trkpt>
      <trkpt lat="43.00647" lon="-2.5467409999999999">
        <ele>354</ele>
        <time>2021-06-13T18:30:24.000Z</time>
      </trkpt>
      <trkpt lat="43.007025" lon="-2.546427">
        <ele>353</ele>
        <time>2021-06-13T18:30:24.000Z</time>
      </trkpt>
      <trkpt lat="43.007484" lon="-2.5464069999999999">
        <ele>351</ele>
        <time>2021-06-13T18:30:24.000Z</time>
      </trkpt>
      <trkpt lat="43.007883" lon="-2.5466190000000002">
        <ele>347</ele>
        <time>2021-06-13T18:30:24.000Z</time>
      </trkpt>
      <trkpt lat="43.008549" lon="-2.5462850000000001">
        <ele>345</ele>
        <time>2021-06-13T18:30:24.000Z</time>
      </trkpt>
      <trkpt lat="43.009186" lon="-2.5456979999999998">
        <ele>341</ele>
        <time>2021-06-13T18:30:24.000Z</time>
      </trkpt>
      <trkpt lat="43.009267" lon="-2.5454249999999998">
        <ele>339</ele>
        <time>2021-06-13T18:30:24.000Z</time>
      </trkpt>
      <trkpt lat="43.009031" lon="-2.5449389999999998">
        <ele>336</ele>
        <time>2021-06-13T18:30:24.000Z</time>
      </trkpt>
      <trkpt lat="43.009098" lon="-2.5446260000000001">
        <ele>334</ele>
        <time>2021-06-13T18:30:24.000Z</time>
      </trkpt>
      <trkpt lat="43.009313" lon="-2.5444840000000002">
        <ele>335</ele>
        <time>2021-06-13T18:30:24.000Z</time>
      </trkpt>
      <trkpt lat="43.010356" lon="-2.5447669999999998">
        <ele>329</ele>
        <time>2021-06-13T18:30:24.000Z</time>
      </trkpt>
      <trkpt lat="43.010992" lon="-2.544413">
        <ele>327</ele>
        <time>2021-06-13T18:30:24.000Z</time>
      </trkpt>
      <trkpt lat="43.012198" lon="-2.543361">
        <ele>321</ele>
        <time>2021-06-13T18:30:24.000Z</time>
      </trkpt>
      <trkpt lat="43.012804" lon="-2.5425819999999999">
        <ele>316</ele>
        <time>2021-06-13T18:30:24.000Z</time>
      </trkpt>
      <trkpt lat="43.013344" lon="-2.5412059999999999">
        <ele>309</ele>
        <time>2021-06-13T18:30:24.000Z</time>
      </trkpt>
      <trkpt lat="43.013374" lon="-2.5398510000000001">
        <ele>309</ele>
        <time>2021-06-13T18:30:24.000Z</time>
      </trkpt>
      <trkpt lat="43.013212" lon="-2.5380910000000001">
        <ele>300</ele>
        <time>2021-06-13T18:30:24.000Z</time>
      </trkpt>
      <trkpt lat="43.012946" lon="-2.5372409999999999">
        <ele>300</ele>
        <time>2021-06-13T18:30:24.000Z</time>
      </trkpt>
      <trkpt lat="43.013034" lon="-2.5367250000000001">
        <ele>297</ele>
        <time>2021-06-13T18:30:24.000Z</time>
      </trkpt>
      <trkpt lat="43.013086" lon="-2.5363099999999998">
        <ele>296</ele>
        <time>2021-06-13T18:30:24.000Z</time>
      </trkpt>
      <trkpt lat="43.013279" lon="-2.5361989999999999">
        <ele>295</ele>
        <time>2021-06-13T18:30:24.000Z</time>
      </trkpt>
      <trkpt lat="43.013257" lon="-2.5357829999999999">
        <ele>294</ele>
        <time>2021-06-13T18:30:24.000Z</time>
      </trkpt>
      <trkpt lat="43.013257" lon="-2.5357829999999999">
        <ele>294</ele>
        <time>2021-06-14T18:27:28.000Z</time>
      </trkpt>
      <trkpt lat="43.013257" lon="-2.5357829999999999">
        <ele>294</ele>
        <time>2021-06-14T18:27:48.000Z</time>
      </trkpt>
      <trkpt lat="43.013054" lon="-2.5357129999999999">
        <ele>296</ele>
        <time>2021-06-14T18:28:08.000Z</time>
      </trkpt>
      <trkpt lat="43.013054" lon="-2.5357129999999999">
        <ele>296</ele>
        <time>2021-06-14T18:28:28.000Z</time>
      </trkpt>
      <trkpt lat="43.013008" lon="-2.535695">
        <ele>296</ele>
        <time>2021-06-14T18:28:48.000Z</time>
      </trkpt>
      <trkpt lat="43.013008" lon="-2.535695">
        <ele>296</ele>
        <time>2021-06-14T18:29:08.000Z</time>
      </trkpt>
      <trkpt lat="43.012847" lon="-2.5354230000000002">
        <ele>296</ele>
        <time>2021-06-14T18:29:28.000Z</time>
      </trkpt>
      <trkpt lat="43.012847" lon="-2.5354230000000002">
        <ele>296</ele>
        <time>2021-06-14T18:29:48.000Z</time>
      </trkpt>
      <trkpt lat="43.01281" lon="-2.5351300000000001">
        <ele>296</ele>
        <time>2021-06-14T18:30:08.000Z</time>
      </trkpt>
      <trkpt lat="43.01281" lon="-2.5351300000000001">
        <ele>296</ele>
        <time>2021-06-14T18:30:28.000Z</time>
      </trkpt>
      <trkpt lat="43.012813" lon="-2.534888">
        <ele>295</ele>
        <time>2021-06-14T18:30:48.000Z</time>
      </trkpt>
      <trkpt lat="43.012813" lon="-2.534888">
        <ele>295</ele>
        <time>2021-06-14T18:31:08.000Z</time>
      </trkpt>
      <trkpt lat="43.01284" lon="-2.534443">
        <ele>295</ele>
        <time>2021-06-14T18:31:28.000Z</time>
      </trkpt>
      <trkpt lat="43.01284" lon="-2.534443">
        <ele>295</ele>
        <time>2021-06-14T18:31:48.000Z</time>
      </trkpt>
      <trkpt lat="43.01286" lon="-2.534186">
        <ele>295</ele>
        <time>2021-06-14T18:32:08.000Z</time>
      </trkpt>
      <trkpt lat="43.01286" lon="-2.534186">
        <ele>295</ele>
        <time>2021-06-14T18:32:28.000Z</time>
      </trkpt>
      <trkpt lat="43.012946" lon="-2.533738">
        <ele>295</ele>
        <time>2021-06-14T18:32:48.000Z</time>
      </trkpt>
      <trkpt lat="43.012946" lon="-2.533738">
        <ele>295</ele>
        <time>2021-06-14T18:33:08.000Z</time>
      </trkpt>
      <trkpt lat="43.012985" lon="-2.533563">
        <ele>294</ele>
        <time>2021-06-14T18:33:28.000Z</time>
      </trkpt>
      <trkpt lat="43.012985" lon="-2.533563">
        <ele>294</ele>
        <time>2021-06-14T18:33:48.000Z</time>
      </trkpt>
      <trkpt lat="43.013067" lon="-2.5332789999999998">
        <ele>293</ele>
        <time>2021-06-14T18:34:08.000Z</time>
      </trkpt>
      <trkpt lat="43.013067" lon="-2.5332789999999998">
        <ele>293</ele>
        <time>2021-06-14T18:34:28.000Z</time>
      </trkpt>
      <trkpt lat="43.013243" lon="-2.5328629999999999">
        <ele>293</ele>
        <time>2021-06-14T18:34:48.000Z</time>
      </trkpt>
      <trkpt lat="43.013243" lon="-2.5328629999999999">
        <ele>293</ele>
        <time>2021-06-14T18:35:08.000Z</time>
      </trkpt>
      <trkpt lat="43.013268" lon="-2.5328200000000001">
        <ele>293</ele>
        <time>2021-06-14T18:35:28.000Z</time>
      </trkpt>
      <trkpt lat="43.013268" lon="-2.5328200000000001">
        <ele>293</ele>
        <time>2021-06-14T18:35:48.000Z</time>
      </trkpt>
      <trkpt lat="43.013341" lon="-2.532686">
        <ele>292</ele>
        <time>2021-06-14T18:36:08.000Z</time>
      </trkpt>
      <trkpt lat="43.013341" lon="-2.532686">
        <ele>292</ele>
        <time>2021-06-14T18:36:28.000Z</time>
      </trkpt>
      <trkpt lat="43.013477" lon="-2.5324">
        <ele>294</ele>
        <time>2021-06-14T18:36:48.000Z</time>
      </trkpt>
      <trkpt lat="43.013477" lon="-2.5324">
        <ele>294</ele>
        <time>2021-06-14T18:37:08.000Z</time>
      </trkpt>
      <trkpt lat="43.013726" lon="-2.5318900000000002">
        <ele>293</ele>
        <time>2021-06-14T18:37:28.000Z</time>
      </trkpt>
      <trkpt lat="43.013726" lon="-2.5318900000000002">
        <ele>293</ele>
        <time>2021-06-14T18:37:48.000Z</time>
      </trkpt>
      <trkpt lat="43.014015" lon="-2.5312990000000002">
        <ele>293</ele>
        <time>2021-06-14T18:38:08.000Z</time>
      </trkpt>
      <trkpt lat="43.014015" lon="-2.5312990000000002">
        <ele>293</ele>
        <time>2021-06-14T18:38:28.000Z</time>
      </trkpt>
      <trkpt lat="43.014261" lon="-2.5306229999999998">
        <ele>291</ele>
        <time>2021-06-14T18:38:48.000Z</time>
      </trkpt>
      <trkpt lat="43.014261" lon="-2.5306229999999998">
        <ele>291</ele>
        <time>2021-06-14T18:39:08.000Z</time>
      </trkpt>
      <trkpt lat="43.015003" lon="-2.527596">
        <ele>288</ele>
        <time>2021-06-14T18:39:28.000Z</time>
      </trkpt>
      <trkpt lat="43.015003" lon="-2.527596">
        <ele>288</ele>
        <time>2021-06-14T18:39:48.000Z</time>
      </trkpt>
      <trkpt lat="43.015198" lon="-2.526945">
        <ele>290</ele>
        <time>2021-06-14T18:40:08.000Z</time>
      </trkpt>
      <trkpt lat="43.015198" lon="-2.526945">
        <ele>290</ele>
        <time>2021-06-14T18:40:28.000Z</time>
      </trkpt>
      <trkpt lat="43.015593" lon="-2.5264099999999998">
        <ele>291</ele>
        <time>2021-06-14T18:40:48.000Z</time>
      </trkpt>
      <trkpt lat="43.015593" lon="-2.5264099999999998">
        <ele>291</ele>
        <time>2021-06-14T18:41:08.000Z</time>
      </trkpt>
      <trkpt lat="43.015844" lon="-2.5261960000000001">
        <ele>290</ele>
        <time>2021-06-14T18:41:28.000Z</time>
      </trkpt>
      <trkpt lat="43.015844" lon="-2.5261960000000001">
        <ele>290</ele>
        <time>2021-06-14T18:41:48.000Z</time>
      </trkpt>
      <trkpt lat="43.016039" lon="-2.5259990000000001">
        <ele>290</ele>
        <time>2021-06-14T18:42:08.000Z</time>
      </trkpt>
      <trkpt lat="43.016039" lon="-2.5259990000000001">
        <ele>290</ele>
        <time>2021-06-14T18:42:28.000Z</time>
      </trkpt>
      <trkpt lat="43.016161" lon="-2.5259339999999999">
        <ele>290</ele>
        <time>2021-06-14T18:42:48.000Z</time>
      </trkpt>
      <trkpt lat="43.016161" lon="-2.5259339999999999">
        <ele>290</ele>
        <time>2021-06-14T18:43:08.000Z</time>
      </trkpt>
      <trkpt lat="43.016254" lon="-2.525827">
        <ele>290</ele>
        <time>2021-06-14T18:43:28.000Z</time>
      </trkpt>
      <trkpt lat="43.016254" lon="-2.525827">
        <ele>290</ele>
        <time>2021-06-14T18:43:48.000Z</time>
      </trkpt>
      <trkpt lat="43.016394" lon="-2.5256280000000002">
        <ele>288</ele>
        <time>2021-06-14T18:44:08.000Z</time>
      </trkpt>
      <trkpt lat="43.016394" lon="-2.5256280000000002">
        <ele>288</ele>
        <time>2021-06-14T18:44:28.000Z</time>
      </trkpt>
      <trkpt lat="43.016612" lon="-2.525353">
        <ele>286</ele>
        <time>2021-06-14T18:44:48.000Z</time>
      </trkpt>
      <trkpt lat="43.016612" lon="-2.525353">
        <ele>286</ele>
        <time>2021-06-14T18:45:08.000Z</time>
      </trkpt>
      <trkpt lat="43.016725" lon="-2.5252059999999998">
        <ele>287</ele>
        <time>2021-06-14T18:45:28.000Z</time>
      </trkpt>
      <trkpt lat="43.016725" lon="-2.5252059999999998">
        <ele>287</ele>
        <time>2021-06-14T18:45:48.000Z</time>
      </trkpt>
      <trkpt lat="43.016916" lon="-2.5249969999999999">
        <ele>290</ele>
        <time>2021-06-14T18:46:08.000Z</time>
      </trkpt>
      <trkpt lat="43.016916" lon="-2.5249969999999999">
        <ele>290</ele>
        <time>2021-06-14T18:46:28.000Z</time>
      </trkpt>
      <trkpt lat="43.017558" lon="-2.5244840000000002">
        <ele>303</ele>
        <time>2021-06-14T18:46:48.000Z</time>
      </trkpt>
      <trkpt lat="43.017558" lon="-2.5244840000000002">
        <ele>303</ele>
        <time>2021-06-14T18:47:08.000Z</time>
      </trkpt>
      <trkpt lat="43.018186" lon="-2.524006">
        <ele>290</ele>
        <time>2021-06-14T18:47:28.000Z</time>
      </trkpt>
      <trkpt lat="43.018186" lon="-2.524006">
        <ele>290</ele>
        <time>2021-06-14T18:47:48.000Z</time>
      </trkpt>
      <trkpt lat="43.018186" lon="-2.5240260000000001">
        <ele>290</ele>
        <time>2021-06-14T18:48:08.000Z</time>
      </trkpt>
      <trkpt lat="43.018186" lon="-2.5240260000000001">
        <ele>290</ele>
        <time>2021-06-14T18:48:28.000Z</time>
      </trkpt>
      <trkpt lat="43.018186" lon="-2.5240260000000001">
        <ele>290</ele>
        <time>2021-06-14T18:48:48.000Z</time>
      </trkpt>
      <trkpt lat="43.018186" lon="-2.5240260000000001">
        <ele>290</ele>
        <time>2021-06-14T18:49:08.000Z</time>
      </trkpt>
      <trkpt lat="43.018211" lon="-2.5240089999999999">
        <ele>290</ele>
        <time>2021-06-14T18:49:28.000Z</time>
      </trkpt>
      <trkpt lat="43.018211" lon="-2.5240089999999999">
        <ele>290</ele>
        <time>2021-06-14T18:49:48.000Z</time>
      </trkpt>
      <trkpt lat="43.018267" lon="-2.5240089999999999">
        <ele>289</ele>
        <time>2021-06-14T18:50:08.000Z</time>
      </trkpt>
      <trkpt lat="43.018267" lon="-2.5240089999999999">
        <ele>289</ele>
        <time>2021-06-14T18:50:28.000Z</time>
      </trkpt>
      <trkpt lat="43.018309" lon="-2.5240040000000001">
        <ele>289</ele>
        <time>2021-06-14T18:50:48.000Z</time>
      </trkpt>
      <trkpt lat="43.018309" lon="-2.5240040000000001">
        <ele>289</ele>
        <time>2021-06-14T18:51:08.000Z</time>
      </trkpt>
      <trkpt lat="43.018309" lon="-2.5240119999999999">
        <ele>289</ele>
        <time>2021-06-14T18:51:28.000Z</time>
      </trkpt>
      <trkpt lat="43.018309" lon="-2.5240119999999999">
        <ele>289</ele>
        <time>2021-06-14T18:51:48.000Z</time>
      </trkpt>
      <trkpt lat="43.018356" lon="-2.5239950000000002">
        <ele>288</ele>
        <time>2021-06-14T18:52:08.000Z</time>
      </trkpt>
      <trkpt lat="43.018356" lon="-2.5239950000000002">
        <ele>288</ele>
        <time>2021-06-14T18:52:28.000Z</time>
      </trkpt>
      <trkpt lat="43.018414" lon="-2.523774">
        <ele>290</ele>
        <time>2021-06-14T18:52:48.000Z</time>
      </trkpt>
      <trkpt lat="43.018414" lon="-2.523774">
        <ele>290</ele>
        <time>2021-06-14T18:53:08.000Z</time>
      </trkpt>
      <trkpt lat="43.018441" lon="-2.5236969999999999">
        <ele>290</ele>
        <time>2021-06-14T18:53:28.000Z</time>
      </trkpt>
      <trkpt lat="43.018441" lon="-2.5236969999999999">
        <ele>290</ele>
        <time>2021-06-14T18:53:48.000Z</time>
      </trkpt>
      <trkpt lat="43.018568" lon="-2.5234390000000002">
        <ele>289</ele>
        <time>2021-06-14T18:54:08.000Z</time>
      </trkpt>
      <trkpt lat="43.018568" lon="-2.5234390000000002">
        <ele>289</ele>
        <time>2021-06-14T18:54:28.000Z</time>
      </trkpt>
      <trkpt lat="43.018861" lon="-2.5232009999999998">
        <ele>289</ele>
        <time>2021-06-14T18:54:48.000Z</time>
      </trkpt>
      <trkpt lat="43.018861" lon="-2.5232009999999998">
        <ele>289</ele>
        <time>2021-06-14T18:55:08.000Z</time>
      </trkpt>
      <trkpt lat="43.019076" lon="-2.5230899999999998">
        <ele>287</ele>
        <time>2021-06-14T18:55:28.000Z</time>
      </trkpt>
      <trkpt lat="43.019076" lon="-2.5230899999999998">
        <ele>287</ele>
        <time>2021-06-14T18:55:48.000Z</time>
      </trkpt>
      <trkpt lat="43.019107" lon="-2.5230679999999999">
        <ele>287</ele>
        <time>2021-06-14T18:56:08.000Z</time>
      </trkpt>
      <trkpt lat="43.019107" lon="-2.5230679999999999">
        <ele>287</ele>
        <time>2021-06-14T18:56:28.000Z</time>
      </trkpt>
      <trkpt lat="43.019318" lon="-2.5229309999999998">
        <ele>285</ele>
        <time>2021-06-14T18:56:48.000Z</time>
      </trkpt>
      <trkpt lat="43.019318" lon="-2.5229309999999998">
        <ele>285</ele>
        <time>2021-06-14T18:57:08.000Z</time>
      </trkpt>
      <trkpt lat="43.019612" lon="-2.5227460000000002">
        <ele>283</ele>
        <time>2021-06-14T18:57:28.000Z</time>
      </trkpt>
      <trkpt lat="43.019612" lon="-2.5227460000000002">
        <ele>283</ele>
        <time>2021-06-14T18:57:48.000Z</time>
      </trkpt>
      <trkpt lat="43.019899" lon="-2.5225759999999999">
        <ele>281</ele>
        <time>2021-06-14T18:58:08.000Z</time>
      </trkpt>
      <trkpt lat="43.019899" lon="-2.5225759999999999">
        <ele>281</ele>
        <time>2021-06-14T18:58:28.000Z</time>
      </trkpt>
      <trkpt lat="43.02013" lon="-2.5224190000000002">
        <ele>280</ele>
        <time>2021-06-14T18:58:48.000Z</time>
      </trkpt>
      <trkpt lat="43.02013" lon="-2.5224190000000002">
        <ele>280</ele>
        <time>2021-06-14T18:59:08.000Z</time>
      </trkpt>
      <trkpt lat="43.020546" lon="-2.5220889999999998">
        <ele>280</ele>
        <time>2021-06-14T18:59:28.000Z</time>
      </trkpt>
      <trkpt lat="43.020546" lon="-2.5220889999999998">
        <ele>280</ele>
        <time>2021-06-14T18:59:48.000Z</time>
      </trkpt>
      <trkpt lat="43.020829" lon="-2.5217890000000001">
        <ele>279</ele>
        <time>2021-06-14T19:00:08.000Z</time>
      </trkpt>
      <trkpt lat="43.020829" lon="-2.5217890000000001">
        <ele>279</ele>
        <time>2021-06-14T19:00:28.000Z</time>
      </trkpt>
      <trkpt lat="43.020947" lon="-2.5216400000000001">
        <ele>279</ele>
        <time>2021-06-14T19:00:48.000Z</time>
      </trkpt>
      <trkpt lat="43.020947" lon="-2.5216400000000001">
        <ele>279</ele>
        <time>2021-06-14T19:01:08.000Z</time>
      </trkpt>
      <trkpt lat="43.021062" lon="-2.5214029999999998">
        <ele>279</ele>
        <time>2021-06-14T19:01:28.000Z</time>
      </trkpt>
      <trkpt lat="43.021062" lon="-2.5214029999999998">
        <ele>279</ele>
        <time>2021-06-14T19:01:48.000Z</time>
      </trkpt>
      <trkpt lat="43.021136" lon="-2.5212240000000001">
        <ele>279</ele>
        <time>2021-06-14T19:02:08.000Z</time>
      </trkpt>
      <trkpt lat="43.021136" lon="-2.5212240000000001">
        <ele>279</ele>
        <time>2021-06-14T19:02:28.000Z</time>
      </trkpt>
      <trkpt lat="43.021318" lon="-2.5209320000000002">
        <ele>277</ele>
        <time>2021-06-14T19:02:48.000Z</time>
      </trkpt>
      <trkpt lat="43.021318" lon="-2.5209320000000002">
        <ele>277</ele>
        <time>2021-06-14T19:03:08.000Z</time>
      </trkpt>
      <trkpt lat="43.021395" lon="-2.5208179999999998">
        <ele>274</ele>
        <time>2021-06-14T19:03:28.000Z</time>
      </trkpt>
      <trkpt lat="43.021395" lon="-2.5208179999999998">
        <ele>274</ele>
        <time>2021-06-14T19:03:48.000Z</time>
      </trkpt>
      <trkpt lat="43.021544" lon="-2.5204499999999999">
        <ele>275</ele>
        <time>2021-06-14T19:04:08.000Z</time>
      </trkpt>
      <trkpt lat="43.021544" lon="-2.5204499999999999">
        <ele>275</ele>
        <time>2021-06-14T19:04:28.000Z</time>
      </trkpt>
      <trkpt lat="43.021605" lon="-2.520343">
        <ele>273</ele>
        <time>2021-06-14T19:04:48.000Z</time>
      </trkpt>
      <trkpt lat="43.021605" lon="-2.520343">
        <ele>273</ele>
        <time>2021-06-14T19:05:08.000Z</time>
      </trkpt>
      <trkpt lat="43.021658" lon="-2.5202089999999999">
        <ele>271</ele>
        <time>2021-06-14T19:05:28.000Z</time>
      </trkpt>
      <trkpt lat="43.021658" lon="-2.5202089999999999">
        <ele>271</ele>
        <time>2021-06-14T19:05:48.000Z</time>
      </trkpt>
      <trkpt lat="43.021886" lon="-2.519733">
        <ele>271</ele>
        <time>2021-06-14T19:06:08.000Z</time>
      </trkpt>
      <trkpt lat="43.021886" lon="-2.519733">
        <ele>271</ele>
        <time>2021-06-14T19:06:28.000Z</time>
      </trkpt>
      <trkpt lat="43.022051" lon="-2.51939">
        <ele>271</ele>
        <time>2021-06-14T19:06:48.000Z</time>
      </trkpt>
      <trkpt lat="43.022051" lon="-2.51939">
        <ele>271</ele>
        <time>2021-06-14T19:07:08.000Z</time>
      </trkpt>
      <trkpt lat="43.022101" lon="-2.5192830000000002">
        <ele>271</ele>
        <time>2021-06-14T19:07:28.000Z</time>
      </trkpt>
      <trkpt lat="43.022101" lon="-2.5192830000000002">
        <ele>271</ele>
        <time>2021-06-14T19:07:48.000Z</time>
      </trkpt>
      <trkpt lat="43.022161" lon="-2.51918">
        <ele>270</ele>
        <time>2021-06-14T19:08:08.000Z</time>
      </trkpt>
      <trkpt lat="43.022161" lon="-2.51918">
        <ele>270</ele>
        <time>2021-06-14T19:08:28.000Z</time>
      </trkpt>
      <trkpt lat="43.022303" lon="-2.5189029999999999">
        <ele>270</ele>
        <time>2021-06-14T19:08:48.000Z</time>
      </trkpt>
      <trkpt lat="43.022303" lon="-2.5189029999999999">
        <ele>270</ele>
        <time>2021-06-14T19:09:08.000Z</time>
      </trkpt>
      <trkpt lat="43.022436" lon="-2.5186259999999998">
        <ele>270</ele>
        <time>2021-06-14T19:09:28.000Z</time>
      </trkpt>
      <trkpt lat="43.022436" lon="-2.5186259999999998">
        <ele>270</ele>
        <time>2021-06-14T19:09:48.000Z</time>
      </trkpt>
      <trkpt lat="43.02266" lon="-2.518192">
        <ele>268</ele>
        <time>2021-06-14T19:10:08.000Z</time>
      </trkpt>
      <trkpt lat="43.02266" lon="-2.518192">
        <ele>268</ele>
        <time>2021-06-14T19:10:28.000Z</time>
      </trkpt>
      <trkpt lat="43.022877" lon="-2.5176769999999999">
        <ele>267</ele>
        <time>2021-06-14T19:10:48.000Z</time>
      </trkpt>
      <trkpt lat="43.022877" lon="-2.5176769999999999">
        <ele>267</ele>
        <time>2021-06-14T19:11:08.000Z</time>
      </trkpt>
      <trkpt lat="43.023006" lon="-2.5173299999999998">
        <ele>266</ele>
        <time>2021-06-14T19:11:28.000Z</time>
      </trkpt>
      <trkpt lat="43.023006" lon="-2.5173299999999998">
        <ele>266</ele>
        <time>2021-06-14T19:11:48.000Z</time>
      </trkpt>
      <trkpt lat="43.023155" lon="-2.5170810000000001">
        <ele>265</ele>
        <time>2021-06-14T19:12:08.000Z</time>
      </trkpt>
      <trkpt lat="43.023155" lon="-2.5170810000000001">
        <ele>265</ele>
        <time>2021-06-14T19:12:28.000Z</time>
      </trkpt>
      <trkpt lat="43.023324" lon="-2.5166710000000001">
        <ele>264</ele>
        <time>2021-06-14T19:12:48.000Z</time>
      </trkpt>
      <trkpt lat="43.023324" lon="-2.5166710000000001">
        <ele>264</ele>
        <time>2021-06-14T19:13:08.000Z</time>
      </trkpt>
      <trkpt lat="43.0235" lon="-2.516251">
        <ele>263</ele>
        <time>2021-06-14T19:13:28.000Z</time>
      </trkpt>
      <trkpt lat="43.0235" lon="-2.516251">
        <ele>263</ele>
        <time>2021-06-14T19:13:48.000Z</time>
      </trkpt>
      <trkpt lat="43.023567" lon="-2.5160659999999999">
        <ele>263</ele>
        <time>2021-06-14T19:14:08.000Z</time>
      </trkpt>
      <trkpt lat="43.023567" lon="-2.5160659999999999">
        <ele>263</ele>
        <time>2021-06-14T19:14:28.000Z</time>
      </trkpt>
      <trkpt lat="43.023828" lon="-2.5154290000000001">
        <ele>262</ele>
        <time>2021-06-14T19:14:48.000Z</time>
      </trkpt>
      <trkpt lat="43.023828" lon="-2.5154290000000001">
        <ele>262</ele>
        <time>2021-06-14T19:15:08.000Z</time>
      </trkpt>
      <trkpt lat="43.023828" lon="-2.515072">
        <ele>261</ele>
        <time>2021-06-14T19:15:28.000Z</time>
      </trkpt>
      <trkpt lat="43.023828" lon="-2.515072">
        <ele>261</ele>
        <time>2021-06-14T19:15:48.000Z</time>
      </trkpt>
      <trkpt lat="43.023777" lon="-2.5149520000000001">
        <ele>261</ele>
        <time>2021-06-14T19:16:08.000Z</time>
      </trkpt>
      <trkpt lat="43.023777" lon="-2.5149520000000001">
        <ele>261</ele>
        <time>2021-06-14T19:16:28.000Z</time>
      </trkpt>
      <trkpt lat="43.02379" lon="-2.514783">
        <ele>261</ele>
        <time>2021-06-14T19:16:48.000Z</time>
      </trkpt>
      <trkpt lat="43.02379" lon="-2.514783">
        <ele>261</ele>
        <time>2021-06-14T19:17:08.000Z</time>
      </trkpt>
      <trkpt lat="43.023944" lon="-2.5146860000000002">
        <ele>261</ele>
        <time>2021-06-14T19:17:28.000Z</time>
      </trkpt>
      <trkpt lat="43.023944" lon="-2.5146860000000002">
        <ele>261</ele>
        <time>2021-06-14T19:17:48.000Z</time>
      </trkpt>
      <trkpt lat="43.024164" lon="-2.514516">
        <ele>260</ele>
        <time>2021-06-14T19:18:08.000Z</time>
      </trkpt>
      <trkpt lat="43.024164" lon="-2.514516">
        <ele>260</ele>
        <time>2021-06-14T19:18:28.000Z</time>
      </trkpt>
      <trkpt lat="43.02433" lon="-2.514132">
        <ele>259</ele>
        <time>2021-06-14T19:18:48.000Z</time>
      </trkpt>
      <trkpt lat="43.02433" lon="-2.514132">
        <ele>259</ele>
        <time>2021-06-14T19:19:08.000Z</time>
      </trkpt>
      <trkpt lat="43.024569" lon="-2.5134949999999998">
        <ele>259</ele>
        <time>2021-06-14T19:19:28.000Z</time>
      </trkpt>
      <trkpt lat="43.024569" lon="-2.5134949999999998">
        <ele>259</ele>
        <time>2021-06-14T19:19:48.000Z</time>
      </trkpt>
      <trkpt lat="43.024784" lon="-2.5129290000000002">
        <ele>259</ele>
        <time>2021-06-14T19:20:08.000Z</time>
      </trkpt>
      <trkpt lat="43.024784" lon="-2.5129290000000002">
        <ele>259</ele>
        <time>2021-06-14T19:20:28.000Z</time>
      </trkpt>
      <trkpt lat="43.02486" lon="-2.5127510000000002">
        <ele>259</ele>
        <time>2021-06-14T19:20:48.000Z</time>
      </trkpt>
      <trkpt lat="43.02486" lon="-2.5127510000000002">
        <ele>259</ele>
        <time>2021-06-14T19:21:08.000Z</time>
      </trkpt>
      <trkpt lat="43.024921" lon="-2.5125639999999998">
        <ele>258</ele>
        <time>2021-06-14T19:21:28.000Z</time>
      </trkpt>
      <trkpt lat="43.024921" lon="-2.5125639999999998">
        <ele>258</ele>
        <time>2021-06-14T19:21:48.000Z</time>
      </trkpt>
      <trkpt lat="43.024961" lon="-2.512445">
        <ele>258</ele>
        <time>2021-06-14T19:22:08.000Z</time>
      </trkpt>
      <trkpt lat="43.024961" lon="-2.512445">
        <ele>258</ele>
        <time>2021-06-14T19:22:28.000Z</time>
      </trkpt>
      <trkpt lat="43.025047" lon="-2.5122650000000002">
        <ele>258</ele>
        <time>2021-06-14T19:22:48.000Z</time>
      </trkpt>
      <trkpt lat="43.025047" lon="-2.5122650000000002">
        <ele>258</ele>
        <time>2021-06-14T19:23:08.000Z</time>
      </trkpt>
      <trkpt lat="43.025123" lon="-2.5120840000000002">
        <ele>258</ele>
        <time>2021-06-14T19:23:28.000Z</time>
      </trkpt>
      <trkpt lat="43.025123" lon="-2.5120840000000002">
        <ele>258</ele>
        <time>2021-06-14T19:23:48.000Z</time>
      </trkpt>
      <trkpt lat="43.025196" lon="-2.5119069999999999">
        <ele>257</ele>
        <time>2021-06-14T19:24:08.000Z</time>
      </trkpt>
      <trkpt lat="43.025196" lon="-2.5119069999999999">
        <ele>257</ele>
        <time>2021-06-14T19:24:28.000Z</time>
      </trkpt>
      <trkpt lat="43.025418" lon="-2.5113129999999999">
        <ele>257</ele>
        <time>2021-06-14T19:24:48.000Z</time>
      </trkpt>
      <trkpt lat="43.025418" lon="-2.5113129999999999">
        <ele>257</ele>
        <time>2021-06-14T19:25:08.000Z</time>
      </trkpt>
      <trkpt lat="43.025604" lon="-2.5108640000000002">
        <ele>257</ele>
        <time>2021-06-14T19:25:28.000Z</time>
      </trkpt>
      <trkpt lat="43.025604" lon="-2.5108640000000002">
        <ele>257</ele>
        <time>2021-06-14T19:25:48.000Z</time>
      </trkpt>
      <trkpt lat="43.025677" lon="-2.510567">
        <ele>257</ele>
        <time>2021-06-14T19:26:08.000Z</time>
      </trkpt>
      <trkpt lat="43.025677" lon="-2.510567">
        <ele>257</ele>
        <time>2021-06-14T19:26:28.000Z</time>
      </trkpt>
      <trkpt lat="43.02573" lon="-2.5104350000000002">
        <ele>256</ele>
        <time>2021-06-14T19:26:48.000Z</time>
      </trkpt>
      <trkpt lat="43.02573" lon="-2.5104350000000002">
        <ele>256</ele>
        <time>2021-06-14T19:27:08.000Z</time>
      </trkpt>
      <trkpt lat="43.02584" lon="-2.5101469999999999">
        <ele>256</ele>
        <time>2021-06-14T19:27:28.000Z</time>
      </trkpt>
      <trkpt lat="43.02584" lon="-2.5101469999999999">
        <ele>256</ele>
        <time>2021-06-14T19:27:48.000Z</time>
      </trkpt>
      <trkpt lat="43.026005" lon="-2.509512">
        <ele>258</ele>
        <time>2021-06-14T19:28:08.000Z</time>
      </trkpt>
      <trkpt lat="43.026005" lon="-2.509512">
        <ele>258</ele>
        <time>2021-06-14T19:28:28.000Z</time>
      </trkpt>
      <trkpt lat="43.026142" lon="-2.5090059999999998">
        <ele>259</ele>
        <time>2021-06-14T19:28:48.000Z</time>
      </trkpt>
      <trkpt lat="43.026142" lon="-2.5090059999999998">
        <ele>259</ele>
        <time>2021-06-14T19:29:08.000Z</time>
      </trkpt>
      <trkpt lat="43.026333" lon="-2.508381">
        <ele>261</ele>
        <time>2021-06-14T19:29:28.000Z</time>
      </trkpt>
      <trkpt lat="43.026333" lon="-2.508381">
        <ele>261</ele>
        <time>2021-06-14T19:29:48.000Z</time>
      </trkpt>
      <trkpt lat="43.026465" lon="-2.5080499999999999">
        <ele>262</ele>
        <time>2021-06-14T19:30:08.000Z</time>
      </trkpt>
      <trkpt lat="43.026465" lon="-2.5080499999999999">
        <ele>262</ele>
        <time>2021-06-14T19:30:28.000Z</time>
      </trkpt>
      <trkpt lat="43.026594" lon="-2.5077669999999999">
        <ele>261</ele>
        <time>2021-06-14T19:30:48.000Z</time>
      </trkpt>
      <trkpt lat="43.026594" lon="-2.5077669999999999">
        <ele>261</ele>
        <time>2021-06-14T19:31:08.000Z</time>
      </trkpt>
      <trkpt lat="43.02671" lon="-2.5076849999999999">
        <ele>258</ele>
        <time>2021-06-14T19:31:28.000Z</time>
      </trkpt>
      <trkpt lat="43.02671" lon="-2.5076849999999999">
        <ele>258</ele>
        <time>2021-06-14T19:31:48.000Z</time>
      </trkpt>
      <trkpt lat="43.026853" lon="-2.5077419999999999">
        <ele>255</ele>
        <time>2021-06-14T19:32:08.000Z</time>
      </trkpt>
      <trkpt lat="43.026853" lon="-2.5077419999999999">
        <ele>255</ele>
        <time>2021-06-14T19:32:28.000Z</time>
      </trkpt>
      <trkpt lat="43.026888" lon="-2.5077470000000002">
        <ele>254</ele>
        <time>2021-06-14T19:32:48.000Z</time>
      </trkpt>
      <trkpt lat="43.026888" lon="-2.5077470000000002">
        <ele>254</ele>
        <time>2021-06-14T19:33:08.000Z</time>
      </trkpt>
      <trkpt lat="43.027065" lon="-2.5074429999999999">
        <ele>253</ele>
        <time>2021-06-14T19:33:28.000Z</time>
      </trkpt>
      <trkpt lat="43.027065" lon="-2.5074429999999999">
        <ele>253</ele>
        <time>2021-06-14T19:33:48.000Z</time>
      </trkpt>
      <trkpt lat="43.027222" lon="-2.5071569999999999">
        <ele>252</ele>
        <time>2021-06-14T19:34:08.000Z</time>
      </trkpt>
      <trkpt lat="43.027222" lon="-2.5071569999999999">
        <ele>252</ele>
        <time>2021-06-14T19:34:28.000Z</time>
      </trkpt>
      <trkpt lat="43.027441" lon="-2.5066609999999998">
        <ele>255</ele>
        <time>2021-06-14T19:34:48.000Z</time>
      </trkpt>
      <trkpt lat="43.027441" lon="-2.5066609999999998">
        <ele>255</ele>
        <time>2021-06-14T19:35:08.000Z</time>
      </trkpt>
      <trkpt lat="43.027565" lon="-2.5064350000000002">
        <ele>256</ele>
        <time>2021-06-14T19:35:28.000Z</time>
      </trkpt>
      <trkpt lat="43.027565" lon="-2.5064350000000002">
        <ele>256</ele>
        <time>2021-06-14T19:35:48.000Z</time>
      </trkpt>
      <trkpt lat="43.027601" lon="-2.5063780000000002">
        <ele>256</ele>
        <time>2021-06-14T19:36:08.000Z</time>
      </trkpt>
      <trkpt lat="43.027601" lon="-2.5063780000000002">
        <ele>256</ele>
        <time>2021-06-14T19:36:28.000Z</time>
      </trkpt>
      <trkpt lat="43.027931" lon="-2.5059290000000001">
        <ele>257</ele>
        <time>2021-06-14T19:36:48.000Z</time>
      </trkpt>
      <trkpt lat="43.027931" lon="-2.5059290000000001">
        <ele>257</ele>
        <time>2021-06-14T19:37:08.000Z</time>
      </trkpt>
      <trkpt lat="43.028073" lon="-2.5057770000000001">
        <ele>255</ele>
        <time>2021-06-14T19:37:28.000Z</time>
      </trkpt>
      <trkpt lat="43.028073" lon="-2.5057770000000001">
        <ele>255</ele>
        <time>2021-06-14T19:37:48.000Z</time>
      </trkpt>
      <trkpt lat="43.028137" lon="-2.505706">
        <ele>255</ele>
        <time>2021-06-14T19:38:08.000Z</time>
      </trkpt>
      <trkpt lat="43.028137" lon="-2.505706">
        <ele>255</ele>
        <time>2021-06-14T19:38:28.000Z</time>
      </trkpt>
      <trkpt lat="43.028255" lon="-2.5055830000000001">
        <ele>254</ele>
        <time>2021-06-14T19:38:48.000Z</time>
      </trkpt>
      <trkpt lat="43.028255" lon="-2.5055830000000001">
        <ele>254</ele>
        <time>2021-06-14T19:39:08.000Z</time>
      </trkpt>
      <trkpt lat="43.028503" lon="-2.5053700000000001">
        <ele>253</ele>
        <time>2021-06-14T19:39:28.000Z</time>
      </trkpt>
      <trkpt lat="43.028503" lon="-2.5053700000000001">
        <ele>253</ele>
        <time>2021-06-14T19:39:48.000Z</time>
      </trkpt>
      <trkpt lat="43.02868" lon="-2.505204">
        <ele>252</ele>
        <time>2021-06-14T19:40:08.000Z</time>
      </trkpt>
      <trkpt lat="43.02868" lon="-2.505204">
        <ele>252</ele>
        <time>2021-06-14T19:40:28.000Z</time>
      </trkpt>
      <trkpt lat="43.029033" lon="-2.504972">
        <ele>251</ele>
        <time>2021-06-14T19:40:48.000Z</time>
      </trkpt>
      <trkpt lat="43.029033" lon="-2.504972">
        <ele>251</ele>
        <time>2021-06-14T19:41:08.000Z</time>
      </trkpt>
      <trkpt lat="43.029223" lon="-2.5048789999999999">
        <ele>251</ele>
        <time>2021-06-14T19:41:28.000Z</time>
      </trkpt>
      <trkpt lat="43.029223" lon="-2.5048789999999999">
        <ele>251</ele>
        <time>2021-06-14T19:41:48.000Z</time>
      </trkpt>
      <trkpt lat="43.029741" lon="-2.504645">
        <ele>250</ele>
        <time>2021-06-14T19:42:08.000Z</time>
      </trkpt>
      <trkpt lat="43.029741" lon="-2.504645">
        <ele>250</ele>
        <time>2021-06-14T19:42:28.000Z</time>
      </trkpt>
      <trkpt lat="43.030198" lon="-2.504451">
        <ele>250</ele>
        <time>2021-06-14T19:42:48.000Z</time>
      </trkpt>
      <trkpt lat="43.030198" lon="-2.504451">
        <ele>250</ele>
        <time>2021-06-14T19:43:08.000Z</time>
      </trkpt>
      <trkpt lat="43.030441" lon="-2.504356">
        <ele>250</ele>
        <time>2021-06-14T19:43:28.000Z</time>
      </trkpt>
      <trkpt lat="43.030441" lon="-2.504356">
        <ele>250</ele>
        <time>2021-06-14T19:43:48.000Z</time>
      </trkpt>
      <trkpt lat="43.030549" lon="-2.5043310000000001">
        <ele>249</ele>
        <time>2021-06-14T19:44:08.000Z</time>
      </trkpt>
      <trkpt lat="43.030549" lon="-2.5043310000000001">
        <ele>249</ele>
        <time>2021-06-14T19:44:28.000Z</time>
      </trkpt>
      <trkpt lat="43.030944" lon="-2.5041720000000001">
        <ele>249</ele>
        <time>2021-06-14T19:44:48.000Z</time>
      </trkpt>
      <trkpt lat="43.030944" lon="-2.5041720000000001">
        <ele>249</ele>
        <time>2021-06-14T19:45:08.000Z</time>
      </trkpt>
      <trkpt lat="43.03149" lon="-2.5039829999999998">
        <ele>248</ele>
        <time>2021-06-14T19:45:28.000Z</time>
      </trkpt>
      <trkpt lat="43.03149" lon="-2.5039829999999998">
        <ele>248</ele>
        <time>2021-06-14T19:45:48.000Z</time>
      </trkpt>
      <trkpt lat="43.031538" lon="-2.5039709999999999">
        <ele>248</ele>
        <time>2021-06-14T19:46:08.000Z</time>
      </trkpt>
      <trkpt lat="43.031538" lon="-2.5039709999999999">
        <ele>248</ele>
        <time>2021-06-14T19:46:28.000Z</time>
      </trkpt>
      <trkpt lat="43.0317" lon="-2.503965">
        <ele>248</ele>
        <time>2021-06-14T19:46:48.000Z</time>
      </trkpt>
      <trkpt lat="43.0317" lon="-2.503965">
        <ele>248</ele>
        <time>2021-06-14T19:47:08.000Z</time>
      </trkpt>
      <trkpt lat="43.032167" lon="-2.5037609999999999">
        <ele>248</ele>
        <time>2021-06-14T19:47:28.000Z</time>
      </trkpt>
      <trkpt lat="43.032167" lon="-2.5037609999999999">
        <ele>248</ele>
        <time>2021-06-14T19:47:48.000Z</time>
      </trkpt>
      <trkpt lat="43.032393" lon="-2.5036619999999998">
        <ele>248</ele>
        <time>2021-06-14T19:48:08.000Z</time>
      </trkpt>
      <trkpt lat="43.032393" lon="-2.5036619999999998">
        <ele>248</ele>
        <time>2021-06-14T19:48:28.000Z</time>
      </trkpt>
      <trkpt lat="43.032565" lon="-2.5035780000000001">
        <ele>247</ele>
        <time>2021-06-14T19:48:48.000Z</time>
      </trkpt>
      <trkpt lat="43.032565" lon="-2.5035780000000001">
        <ele>247</ele>
        <time>2021-06-14T19:49:08.000Z</time>
      </trkpt>
      <trkpt lat="43.032692" lon="-2.5035059999999998">
        <ele>247</ele>
        <time>2021-06-14T19:49:28.000Z</time>
      </trkpt>
      <trkpt lat="43.032692" lon="-2.5035059999999998">
        <ele>247</ele>
        <time>2021-06-14T19:49:48.000Z</time>
      </trkpt>
      <trkpt lat="43.033017" lon="-2.5033850000000002">
        <ele>247</ele>
        <time>2021-06-14T19:50:08.000Z</time>
      </trkpt>
      <trkpt lat="43.033017" lon="-2.5033850000000002">
        <ele>247</ele>
        <time>2021-06-14T19:50:28.000Z</time>
      </trkpt>
      <trkpt lat="43.033339" lon="-2.50325">
        <ele>247</ele>
        <time>2021-06-14T19:50:48.000Z</time>
      </trkpt>
      <trkpt lat="43.033339" lon="-2.50325">
        <ele>247</ele>
        <time>2021-06-14T19:51:08.000Z</time>
      </trkpt>
      <trkpt lat="43.033684" lon="-2.5031029999999999">
        <ele>247</ele>
        <time>2021-06-14T19:51:28.000Z</time>
      </trkpt>
      <trkpt lat="43.033684" lon="-2.5031029999999999">
        <ele>247</ele>
        <time>2021-06-14T19:51:48.000Z</time>
      </trkpt>
      <trkpt lat="43.034022" lon="-2.502942">
        <ele>247</ele>
        <time>2021-06-14T19:52:08.000Z</time>
      </trkpt>
      <trkpt lat="43.034022" lon="-2.502942">
        <ele>247</ele>
        <time>2021-06-14T19:52:28.000Z</time>
      </trkpt>
      <trkpt lat="43.034138" lon="-2.502901">
        <ele>247</ele>
        <time>2021-06-14T19:52:48.000Z</time>
      </trkpt>
      <trkpt lat="43.034138" lon="-2.502901">
        <ele>247</ele>
        <time>2021-06-14T19:53:08.000Z</time>
      </trkpt>
      <trkpt lat="43.034138" lon="-2.502901">
        <ele>247</ele>
        <time>2021-06-14T19:53:28.000Z</time>
      </trkpt>
      <trkpt lat="43.034138" lon="-2.502901">
        <ele>247</ele>
        <time>2021-06-14T19:53:48.000Z</time>
      </trkpt>
      <trkpt lat="43.034138" lon="-2.502901">
        <ele>247</ele>
        <time>2021-06-14T19:54:08.000Z</time>
      </trkpt>
      <trkpt lat="43.034138" lon="-2.502901">
        <ele>247</ele>
        <time>2021-06-14T19:54:28.000Z</time>
      </trkpt>
      <trkpt lat="43.034138" lon="-2.502901">
        <ele>247</ele>
        <time>2021-06-14T19:54:48.000Z</time>
      </trkpt>
      <trkpt lat="43.034138" lon="-2.502901">
        <ele>247</ele>
        <time>2021-06-14T19:55:08.000Z</time>
      </trkpt>
      <trkpt lat="43.034138" lon="-2.502901">
        <ele>247</ele>
        <time>2021-06-14T19:55:28.000Z</time>
      </trkpt>
      <trkpt lat="43.034138" lon="-2.502901">
        <ele>247</ele>
        <time>2021-06-14T19:55:48.000Z</time>
      </trkpt>
      <trkpt lat="43.034138" lon="-2.502901">
        <ele>247</ele>
        <time>2021-06-14T19:56:08.000Z</time>
      </trkpt>
      <trkpt lat="43.034138" lon="-2.502901">
        <ele>247</ele>
        <time>2021-06-14T19:56:28.000Z</time>
      </trkpt>
      <trkpt lat="43.034148" lon="-2.5029219999999999">
        <ele>247</ele>
        <time>2021-06-14T19:56:48.000Z</time>
      </trkpt>
      <trkpt lat="43.034148" lon="-2.5029219999999999">
        <ele>247</ele>
        <time>2021-06-14T19:57:08.000Z</time>
      </trkpt>
      <trkpt lat="43.034282" lon="-2.5029170000000001">
        <ele>246</ele>
        <time>2021-06-14T19:57:28.000Z</time>
      </trkpt>
      <trkpt lat="43.034282" lon="-2.5029170000000001">
        <ele>246</ele>
        <time>2021-06-14T19:57:48.000Z</time>
      </trkpt>
      <trkpt lat="43.034462" lon="-2.5028999999999999">
        <ele>246</ele>
        <time>2021-06-14T19:58:08.000Z</time>
      </trkpt>
      <trkpt lat="43.034462" lon="-2.5028999999999999">
        <ele>246</ele>
        <time>2021-06-14T19:58:28.000Z</time>
      </trkpt>
      <trkpt lat="43.034547" lon="-2.5029149999999998">
        <ele>246</ele>
        <time>2021-06-14T19:58:48.000Z</time>
      </trkpt>
      <trkpt lat="43.034547" lon="-2.5029149999999998">
        <ele>246</ele>
        <time>2021-06-14T19:59:08.000Z</time>
      </trkpt>
      <trkpt lat="43.034554" lon="-2.5029119999999998">
        <ele>246</ele>
        <time>2021-06-14T19:59:28.000Z</time>
      </trkpt>
      <trkpt lat="43.034554" lon="-2.5029119999999998">
        <ele>246</ele>
        <time>2021-06-14T19:59:48.000Z</time>
      </trkpt>
      <trkpt lat="43.03458" lon="-2.5028609999999998">
        <ele>246</ele>
        <time>2021-06-14T20:00:08.000Z</time>
      </trkpt>
      <trkpt lat="43.03458" lon="-2.5028609999999998">
        <ele>246</ele>
        <time>2021-06-14T20:00:28.000Z</time>
      </trkpt>
      <trkpt lat="43.03458" lon="-2.5028609999999998">
        <ele>246</ele>
        <time>2021-06-14T20:00:48.000Z</time>
      </trkpt>
      <trkpt lat="43.03458" lon="-2.5028609999999998">
        <ele>246</ele>
        <time>2021-06-14T20:01:08.000Z</time>
      </trkpt>
      <trkpt lat="43.034571" lon="-2.5028579999999998">
        <ele>246</ele>
        <time>2021-06-14T20:01:28.000Z</time>
      </trkpt>
      <trkpt lat="43.034571" lon="-2.5028579999999998">
        <ele>246</ele>
        <time>2021-06-14T20:01:48.000Z</time>
      </trkpt>
      <trkpt lat="43.034653" lon="-2.5028630000000001">
        <ele>246</ele>
        <time>2021-06-14T20:02:08.000Z</time>
      </trkpt>
      <trkpt lat="43.034653" lon="-2.5028630000000001">
        <ele>246</ele>
        <time>2021-06-14T20:02:28.000Z</time>
      </trkpt>
      <trkpt lat="43.03481" lon="-2.5028670000000002">
        <ele>246</ele>
        <time>2021-06-14T20:02:48.000Z</time>
      </trkpt>
      <trkpt lat="43.03481" lon="-2.5028670000000002">
        <ele>246</ele>
        <time>2021-06-14T20:03:08.000Z</time>
      </trkpt>
      <trkpt lat="43.034883" lon="-2.5028959999999998">
        <ele>246</ele>
        <time>2021-06-14T20:03:28.000Z</time>
      </trkpt>
      <trkpt lat="43.034883" lon="-2.5028959999999998">
        <ele>246</ele>
        <time>2021-06-14T20:03:48.000Z</time>
      </trkpt>
      <trkpt lat="43.034889" lon="-2.5029029999999999">
        <ele>246</ele>
        <time>2021-06-14T20:04:08.000Z</time>
      </trkpt>
      <trkpt lat="43.034889" lon="-2.5029029999999999">
        <ele>246</ele>
        <time>2021-06-14T20:04:28.000Z</time>
      </trkpt>
      <trkpt lat="43.034985" lon="-2.5029270000000001">
        <ele>246</ele>
        <time>2021-06-14T20:04:48.000Z</time>
      </trkpt>
      <trkpt lat="43.034985" lon="-2.5029270000000001">
        <ele>246</ele>
        <time>2021-06-14T20:05:08.000Z</time>
      </trkpt>
      <trkpt lat="43.035177" lon="-2.5029460000000001">
        <ele>246</ele>
        <time>2021-06-14T20:05:28.000Z</time>
      </trkpt>
      <trkpt lat="43.035177" lon="-2.5029460000000001">
        <ele>246</ele>
        <time>2021-06-14T20:05:48.000Z</time>
      </trkpt>
      <trkpt lat="43.035366" lon="-2.5029659999999998">
        <ele>246</ele>
        <time>2021-06-14T20:06:08.000Z</time>
      </trkpt>
      <trkpt lat="43.035366" lon="-2.5029659999999998">
        <ele>246</ele>
        <time>2021-06-14T20:06:28.000Z</time>
      </trkpt>
      <trkpt lat="43.035527" lon="-2.502958">
        <ele>246</ele>
        <time>2021-06-14T20:06:48.000Z</time>
      </trkpt>
      <trkpt lat="43.035527" lon="-2.502958">
        <ele>246</ele>
        <time>2021-06-14T20:07:08.000Z</time>
      </trkpt>
      <trkpt lat="43.035696" lon="-2.5029089999999998">
        <ele>246</ele>
        <time>2021-06-14T20:07:28.000Z</time>
      </trkpt>
      <trkpt lat="43.035696" lon="-2.5029089999999998">
        <ele>246</ele>
        <time>2021-06-14T20:07:48.000Z</time>
      </trkpt>
      <trkpt lat="43.036047" lon="-2.5027599999999999">
        <ele>247</ele>
        <time>2021-06-14T20:08:08.000Z</time>
      </trkpt>
      <trkpt lat="43.036047" lon="-2.5027599999999999">
        <ele>247</ele>
        <time>2021-06-14T20:08:28.000Z</time>
      </trkpt>
      <trkpt lat="43.036095" lon="-2.5027520000000001">
        <ele>248</ele>
        <time>2021-06-14T20:08:48.000Z</time>
      </trkpt>
      <trkpt lat="43.036095" lon="-2.5027520000000001">
        <ele>248</ele>
        <time>2021-06-14T20:09:08.000Z</time>
      </trkpt>
      <trkpt lat="43.036203" lon="-2.502783">
        <ele>247</ele>
        <time>2021-06-14T20:09:28.000Z</time>
      </trkpt>
      <trkpt lat="43.036203" lon="-2.502783">
        <ele>247</ele>
        <time>2021-06-14T20:09:48.000Z</time>
      </trkpt>
      <trkpt lat="43.03647" lon="-2.5028619999999999">
        <ele>246</ele>
        <time>2021-06-14T20:10:08.000Z</time>
      </trkpt>
      <trkpt lat="43.03647" lon="-2.5028619999999999">
        <ele>246</ele>
        <time>2021-06-14T20:10:28.000Z</time>
      </trkpt>
      <trkpt lat="43.036606" lon="-2.502929">
        <ele>245</ele>
        <time>2021-06-14T20:10:48.000Z</time>
      </trkpt>
      <trkpt lat="43.036606" lon="-2.502929">
        <ele>245</ele>
        <time>2021-06-14T20:11:08.000Z</time>
      </trkpt>
      <trkpt lat="43.036699" lon="-2.5029810000000001">
        <ele>245</ele>
        <time>2021-06-14T20:11:28.000Z</time>
      </trkpt>
      <trkpt lat="43.036699" lon="-2.5029810000000001">
        <ele>245</ele>
        <time>2021-06-14T20:11:48.000Z</time>
      </trkpt>
      <trkpt lat="43.037121" lon="-2.5030389999999998">
        <ele>243</ele>
        <time>2021-06-14T20:12:08.000Z</time>
      </trkpt>
      <trkpt lat="43.037121" lon="-2.5030389999999998">
        <ele>243</ele>
        <time>2021-06-14T20:12:28.000Z</time>
      </trkpt>
      <trkpt lat="43.037289" lon="-2.503082">
        <ele>243</ele>
        <time>2021-06-14T20:12:48.000Z</time>
      </trkpt>
      <trkpt lat="43.037289" lon="-2.503082">
        <ele>243</ele>
        <time>2021-06-14T20:13:08.000Z</time>
      </trkpt>
      <trkpt lat="43.037457" lon="-2.50312">
        <ele>243</ele>
        <time>2021-06-14T20:13:28.000Z</time>
      </trkpt>
      <trkpt lat="43.037457" lon="-2.50312">
        <ele>243</ele>
        <time>2021-06-14T20:13:48.000Z</time>
      </trkpt>
      <trkpt lat="43.03768" lon="-2.5031910000000002">
        <ele>242</ele>
        <time>2021-06-14T20:14:08.000Z</time>
      </trkpt>
      <trkpt lat="43.03768" lon="-2.5031910000000002">
        <ele>242</ele>
        <time>2021-06-14T20:14:28.000Z</time>
      </trkpt>
      <trkpt lat="43.037899" lon="-2.5032619999999999">
        <ele>241</ele>
        <time>2021-06-14T20:14:48.000Z</time>
      </trkpt>
      <trkpt lat="43.037899" lon="-2.5032619999999999">
        <ele>241</ele>
        <time>2021-06-14T20:15:08.000Z</time>
      </trkpt>
      <trkpt lat="43.037996" lon="-2.503285">
        <ele>241</ele>
        <time>2021-06-14T20:15:28.000Z</time>
      </trkpt>
      <trkpt lat="43.037996" lon="-2.503285">
        <ele>241</ele>
        <time>2021-06-14T20:15:48.000Z</time>
      </trkpt>
      <trkpt lat="43.038192" lon="-2.503333">
        <ele>240</ele>
        <time>2021-06-14T20:16:08.000Z</time>
      </trkpt>
      <trkpt lat="43.038192" lon="-2.503333">
        <ele>240</ele>
        <time>2021-06-14T20:16:28.000Z</time>
      </trkpt>
      <trkpt lat="43.038278" lon="-2.503352">
        <ele>240</ele>
        <time>2021-06-14T20:16:48.000Z</time>
      </trkpt>
      <trkpt lat="43.038278" lon="-2.503352">
        <ele>240</ele>
        <time>2021-06-14T20:17:08.000Z</time>
      </trkpt>
      <trkpt lat="43.038567" lon="-2.5034169999999998">
        <ele>240</ele>
        <time>2021-06-14T20:17:28.000Z</time>
      </trkpt>
      <trkpt lat="43.038567" lon="-2.5034169999999998">
        <ele>240</ele>
        <time>2021-06-14T20:17:48.000Z</time>
      </trkpt>
      <trkpt lat="43.038609" lon="-2.5034190000000001">
        <ele>240</ele>
        <time>2021-06-14T20:18:08.000Z</time>
      </trkpt>
      <trkpt lat="43.038609" lon="-2.5034190000000001">
        <ele>240</ele>
        <time>2021-06-14T20:18:28.000Z</time>
      </trkpt>
      <trkpt lat="43.039068" lon="-2.5035270000000001">
        <ele>239</ele>
        <time>2021-06-14T20:18:48.000Z</time>
      </trkpt>
      <trkpt lat="43.039068" lon="-2.5035270000000001">
        <ele>239</ele>
        <time>2021-06-14T20:19:08.000Z</time>
      </trkpt>
      <trkpt lat="43.039504" lon="-2.5035470000000002">
        <ele>239</ele>
        <time>2021-06-14T20:19:28.000Z</time>
      </trkpt>
      <trkpt lat="43.039504" lon="-2.5035470000000002">
        <ele>239</ele>
        <time>2021-06-14T20:19:48.000Z</time>
      </trkpt>
      <trkpt lat="43.039981" lon="-2.503485">
        <ele>238</ele>
        <time>2021-06-14T20:20:08.000Z</time>
      </trkpt>
      <trkpt lat="43.039981" lon="-2.503485">
        <ele>238</ele>
        <time>2021-06-14T20:20:28.000Z</time>
      </trkpt>
      <trkpt lat="43.040233" lon="-2.5034390000000002">
        <ele>237</ele>
        <time>2021-06-14T20:20:48.000Z</time>
      </trkpt>
      <trkpt lat="43.040233" lon="-2.5034390000000002">
        <ele>237</ele>
        <time>2021-06-14T20:21:08.000Z</time>
      </trkpt>
      <trkpt lat="43.040615" lon="-2.5033340000000002">
        <ele>236</ele>
        <time>2021-06-14T20:21:28.000Z</time>
      </trkpt>
      <trkpt lat="43.040615" lon="-2.5033340000000002">
        <ele>236</ele>
        <time>2021-06-14T20:21:48.000Z</time>
      </trkpt>
      <trkpt lat="43.040979" lon="-2.503193">
        <ele>235</ele>
        <time>2021-06-14T20:22:08.000Z</time>
      </trkpt>
      <trkpt lat="43.040979" lon="-2.503193">
        <ele>235</ele>
        <time>2021-06-14T20:22:28.000Z</time>
      </trkpt>
      <trkpt lat="43.041065" lon="-2.5031810000000001">
        <ele>234</ele>
        <time>2021-06-14T20:22:48.000Z</time>
      </trkpt>
      <trkpt lat="43.041065" lon="-2.5031810000000001">
        <ele>234</ele>
        <time>2021-06-14T20:23:08.000Z</time>
      </trkpt>
      <trkpt lat="43.041285" lon="-2.503231">
        <ele>232</ele>
        <time>2021-06-14T20:23:28.000Z</time>
      </trkpt>
      <trkpt lat="43.041285" lon="-2.503231">
        <ele>232</ele>
        <time>2021-06-14T20:23:48.000Z</time>
      </trkpt>
      <trkpt lat="43.041494" lon="-2.5031599999999998">
        <ele>232</ele>
        <time>2021-06-14T20:24:08.000Z</time>
      </trkpt>
      <trkpt lat="43.041494" lon="-2.5031599999999998">
        <ele>232</ele>
        <time>2021-06-14T20:24:28.000Z</time>
      </trkpt>
      <trkpt lat="43.042038" lon="-2.5029620000000001">
        <ele>231</ele>
        <time>2021-06-14T20:24:48.000Z</time>
      </trkpt>
      <trkpt lat="43.042038" lon="-2.5029620000000001">
        <ele>231</ele>
        <time>2021-06-14T20:25:08.000Z</time>
      </trkpt>
      <trkpt lat="43.042154" lon="-2.5029509999999999">
        <ele>231</ele>
        <time>2021-06-14T20:25:28.000Z</time>
      </trkpt>
      <trkpt lat="43.042154" lon="-2.5029509999999999">
        <ele>231</ele>
        <time>2021-06-14T20:25:48.000Z</time>
      </trkpt>
      <trkpt lat="43.042317" lon="-2.5029599999999999">
        <ele>231</ele>
        <time>2021-06-14T20:26:08.000Z</time>
      </trkpt>
      <trkpt lat="43.042317" lon="-2.5029599999999999">
        <ele>231</ele>
        <time>2021-06-14T20:26:28.000Z</time>
      </trkpt>
      <trkpt lat="43.042625" lon="-2.502936">
        <ele>231</ele>
        <time>2021-06-14T20:26:48.000Z</time>
      </trkpt>
      <trkpt lat="43.042625" lon="-2.502936">
        <ele>231</ele>
        <time>2021-06-14T20:27:08.000Z</time>
      </trkpt>
      <trkpt lat="43.043223" lon="-2.502726">
        <ele>230</ele>
        <time>2021-06-14T20:27:28.000Z</time>
      </trkpt>
      <trkpt lat="43.043223" lon="-2.502726">
        <ele>230</ele>
        <time>2021-06-14T20:27:48.000Z</time>
      </trkpt>
      <trkpt lat="43.043306" lon="-2.5026660000000001">
        <ele>230</ele>
        <time>2021-06-14T20:28:08.000Z</time>
      </trkpt>
      <trkpt lat="43.043306" lon="-2.5026660000000001">
        <ele>230</ele>
        <time>2021-06-14T20:28:28.000Z</time>
      </trkpt>
      <trkpt lat="43.043405" lon="-2.502548">
        <ele>230</ele>
        <time>2021-06-14T20:28:48.000Z</time>
      </trkpt>
      <trkpt lat="43.043405" lon="-2.502548">
        <ele>230</ele>
        <time>2021-06-14T20:29:08.000Z</time>
      </trkpt>
      <trkpt lat="43.043562" lon="-2.5022329999999999">
        <ele>229</ele>
        <time>2021-06-14T20:29:28.000Z</time>
      </trkpt>
      <trkpt lat="43.043562" lon="-2.5022329999999999">
        <ele>229</ele>
        <time>2021-06-14T20:29:48.000Z</time>
      </trkpt>
      <trkpt lat="43.043848" lon="-2.5016590000000001">
        <ele>229</ele>
        <time>2021-06-14T20:30:08.000Z</time>
      </trkpt>
      <trkpt lat="43.043848" lon="-2.5016590000000001">
        <ele>229</ele>
        <time>2021-06-14T20:30:28.000Z</time>
      </trkpt>
      <trkpt lat="43.043886" lon="-2.5015999999999998">
        <ele>229</ele>
        <time>2021-06-14T20:30:48.000Z</time>
      </trkpt>
      <trkpt lat="43.043886" lon="-2.5015999999999998">
        <ele>229</ele>
        <time>2021-06-14T20:31:08.000Z</time>
      </trkpt>
      <trkpt lat="43.043925" lon="-2.5015399999999999">
        <ele>229</ele>
        <time>2021-06-14T20:31:28.000Z</time>
      </trkpt>
      <trkpt lat="43.043925" lon="-2.5015399999999999">
        <ele>229</ele>
        <time>2021-06-14T20:31:48.000Z</time>
      </trkpt>
      <trkpt lat="43.04413" lon="-2.5012490000000001">
        <ele>229</ele>
        <time>2021-06-14T20:32:08.000Z</time>
      </trkpt>
      <trkpt lat="43.04413" lon="-2.5012490000000001">
        <ele>229</ele>
        <time>2021-06-14T20:32:28.000Z</time>
      </trkpt>
      <trkpt lat="43.044575" lon="-2.5008530000000002">
        <ele>229</ele>
        <time>2021-06-14T20:32:48.000Z</time>
      </trkpt>
      <trkpt lat="43.044575" lon="-2.5008530000000002">
        <ele>229</ele>
        <time>2021-06-14T20:33:08.000Z</time>
      </trkpt>
      <trkpt lat="43.04505" lon="-2.5005660000000001">
        <ele>230</ele>
        <time>2021-06-14T20:33:28.000Z</time>
      </trkpt>
      <trkpt lat="43.04505" lon="-2.5005660000000001">
        <ele>230</ele>
        <time>2021-06-14T20:33:48.000Z</time>
      </trkpt>
      <trkpt lat="43.0455" lon="-2.5003340000000001">
        <ele>230</ele>
        <time>2021-06-14T20:34:08.000Z</time>
      </trkpt>
      <trkpt lat="43.0455" lon="-2.5003340000000001">
        <ele>230</ele>
        <time>2021-06-14T20:34:28.000Z</time>
      </trkpt>
      <trkpt lat="43.045693" lon="-2.5002300000000002">
        <ele>230</ele>
        <time>2021-06-14T20:34:48.000Z</time>
      </trkpt>
      <trkpt lat="43.045693" lon="-2.5002300000000002">
        <ele>230</ele>
        <time>2021-06-14T20:35:08.000Z</time>
      </trkpt>
      <trkpt lat="43.045907" lon="-2.5001660000000001">
        <ele>230</ele>
        <time>2021-06-14T20:35:28.000Z</time>
      </trkpt>
      <trkpt lat="43.045907" lon="-2.5001660000000001">
        <ele>230</ele>
        <time>2021-06-14T20:35:48.000Z</time>
      </trkpt>
      <trkpt lat="43.046251" lon="-2.5000170000000002">
        <ele>229</ele>
        <time>2021-06-14T20:36:08.000Z</time>
      </trkpt>
      <trkpt lat="43.046251" lon="-2.5000170000000002">
        <ele>229</ele>
        <time>2021-06-14T20:36:28.000Z</time>
      </trkpt>
      <trkpt lat="43.046379" lon="-2.499949">
        <ele>229</ele>
        <time>2021-06-14T20:36:48.000Z</time>
      </trkpt>
      <trkpt lat="43.046379" lon="-2.499949">
        <ele>229</ele>
        <time>2021-06-14T20:37:08.000Z</time>
      </trkpt>
      <trkpt lat="43.046651" lon="-2.4998779999999998">
        <ele>227</ele>
        <time>2021-06-14T20:37:28.000Z</time>
      </trkpt>
      <trkpt lat="43.046651" lon="-2.4998779999999998">
        <ele>227</ele>
        <time>2021-06-14T20:37:48.000Z</time>
      </trkpt>
      <trkpt lat="43.04698" lon="-2.4996200000000002">
        <ele>227</ele>
        <time>2021-06-14T20:38:08.000Z</time>
      </trkpt>
      <trkpt lat="43.046946" lon="-2.4996640000000001">
        <ele>226</ele>
        <time>2020-04-07T08:36:19.000Z</time>
      </trkpt>
      <trkpt lat="43.0473" lon="-2.4992049999999999">
        <ele>227</ele>
        <time>2020-04-07T08:36:39.000Z</time>
      </trkpt>
      <trkpt lat="43.047363" lon="-2.4990600000000001">
        <ele>227</ele>
        <time>2020-04-07T08:36:59.000Z</time>
      </trkpt>
      <trkpt lat="43.047347" lon="-2.4989560000000002">
        <ele>228</ele>
        <time>2020-04-07T08:37:19.000Z</time>
      </trkpt>
      <trkpt lat="43.047361" lon="-2.4988190000000001">
        <ele>228</ele>
        <time>2020-04-07T08:37:39.000Z</time>
      </trkpt>
      <trkpt lat="43.047498" lon="-2.498513">
        <ele>228</ele>
        <time>2020-04-07T08:37:59.000Z</time>
      </trkpt>
      <trkpt lat="43.047665" lon="-2.4981460000000002">
        <ele>228</ele>
        <time>2020-04-07T08:38:19.000Z</time>
      </trkpt>
      <trkpt lat="43.047862" lon="-2.497789">
        <ele>227</ele>
        <time>2020-04-07T08:38:39.000Z</time>
      </trkpt>
      <trkpt lat="43.04796" lon="-2.4976600000000002">
        <ele>227</ele>
        <time>2020-04-07T08:38:59.000Z</time>
      </trkpt>
      <trkpt lat="43.048184" lon="-2.4972819999999998">
        <ele>226</ele>
        <time>2020-04-07T08:39:19.000Z</time>
      </trkpt>
      <trkpt lat="43.048354" lon="-2.4970490000000001">
        <ele>225</ele>
        <time>2020-04-07T08:39:39.000Z</time>
      </trkpt>
      <trkpt lat="43.04855" lon="-2.4967950000000001">
        <ele>225</ele>
        <time>2020-04-07T08:39:59.000Z</time>
      </trkpt>
      <trkpt lat="43.048755" lon="-2.496575">
        <ele>225</ele>
        <time>2020-04-07T08:40:19.000Z</time>
      </trkpt>
      <trkpt lat="43.048973" lon="-2.4964050000000002">
        <ele>224</ele>
        <time>2020-04-07T08:40:39.000Z</time>
      </trkpt>
      <trkpt lat="43.049208" lon="-2.4962330000000001">
        <ele>225</ele>
        <time>2020-04-07T08:40:59.000Z</time>
      </trkpt>
      <trkpt lat="43.049414" lon="-2.4960689999999999">
        <ele>224</ele>
        <time>2020-04-07T08:41:19.000Z</time>
      </trkpt>
      <trkpt lat="43.049685" lon="-2.4958279999999999">
        <ele>224</ele>
        <time>2020-04-07T08:41:39.000Z</time>
      </trkpt>
      <trkpt lat="43.049903" lon="-2.495619">
        <ele>224</ele>
        <time>2020-04-07T08:41:59.000Z</time>
      </trkpt>
      <trkpt lat="43.050105" lon="-2.4954209999999999">
        <ele>224</ele>
        <time>2020-04-07T08:42:19.000Z</time>
      </trkpt>
      <trkpt lat="43.050246" lon="-2.4952709999999998">
        <ele>224</ele>
        <time>2020-04-07T08:42:39.000Z</time>
      </trkpt>
      <trkpt lat="43.050371" lon="-2.4951629999999998">
        <ele>224</ele>
        <time>2020-04-07T08:42:59.000Z</time>
      </trkpt>
      <trkpt lat="43.050477" lon="-2.49512">
        <ele>223</ele>
        <time>2020-04-07T08:43:19.000Z</time>
      </trkpt>
      <trkpt lat="43.050487" lon="-2.4950269999999999">
        <ele>224</ele>
        <time>2020-04-07T08:43:39.000Z</time>
      </trkpt>
      <trkpt lat="43.050526" lon="-2.4948700000000001">
        <ele>225</ele>
        <time>2020-04-07T08:43:59.000Z</time>
      </trkpt>
      <trkpt lat="43.050601" lon="-2.4947029999999999">
        <ele>225</ele>
        <time>2020-04-07T08:44:19.000Z</time>
      </trkpt>
      <trkpt lat="43.050693" lon="-2.4944890000000002">
        <ele>226</ele>
        <time>2020-04-07T08:44:39.000Z</time>
      </trkpt>
      <trkpt lat="43.050838" lon="-2.4942310000000001">
        <ele>224</ele>
        <time>2020-04-07T08:44:59.000Z</time>
      </trkpt>
      <trkpt lat="43.050998" lon="-2.4939870000000002">
        <ele>225</ele>
        <time>2020-04-07T08:45:19.000Z</time>
      </trkpt>
      <trkpt lat="43.051155" lon="-2.49377">
        <ele>225</ele>
        <time>2020-04-07T08:45:39.000Z</time>
      </trkpt>
      <trkpt lat="43.051368" lon="-2.4935909999999999">
        <ele>225</ele>
        <time>2020-04-07T08:45:59.000Z</time>
      </trkpt>
      <trkpt lat="43.051529" lon="-2.4933960000000002">
        <ele>227</ele>
        <time>2020-04-07T08:46:19.000Z</time>
      </trkpt>
      <trkpt lat="43.051778" lon="-2.4931839999999998">
        <ele>228</ele>
        <time>2020-04-07T08:46:39.000Z</time>
      </trkpt>
      <trkpt lat="43.051988" lon="-2.4929939999999999">
        <ele>229</ele>
        <time>2020-04-07T08:46:59.000Z</time>
      </trkpt>
      <trkpt lat="43.05221" lon="-2.492785">
        <ele>230</ele>
        <time>2020-04-07T08:47:19.000Z</time>
      </trkpt>
      <trkpt lat="43.052378" lon="-2.4926140000000001">
        <ele>231</ele>
        <time>2020-04-07T08:47:39.000Z</time>
      </trkpt>
      <trkpt lat="43.052582" lon="-2.492413">
        <ele>231</ele>
        <time>2020-04-07T08:47:59.000Z</time>
      </trkpt>
      <trkpt lat="43.052804" lon="-2.4922140000000002">
        <ele>230</ele>
        <time>2020-04-07T08:48:19.000Z</time>
      </trkpt>
      <trkpt lat="43.052964" lon="-2.4921060000000002">
        <ele>229</ele>
        <time>2020-04-07T08:48:39.000Z</time>
      </trkpt>
      <trkpt lat="43.053248" lon="-2.4920089999999999">
        <ele>227</ele>
        <time>2020-04-07T08:48:59.000Z</time>
      </trkpt>
      <trkpt lat="43.053291" lon="-2.4919560000000001">
        <ele>228</ele>
        <time>2020-04-07T08:49:19.000Z</time>
      </trkpt>
      <trkpt lat="43.053492" lon="-2.491873">
        <ele>227</ele>
        <time>2020-04-07T08:49:39.000Z</time>
      </trkpt>
      <trkpt lat="43.053847" lon="-2.4917500000000001">
        <ele>226</ele>
        <time>2020-04-07T08:49:59.000Z</time>
      </trkpt>
      <trkpt lat="43.054061" lon="-2.4917050000000001">
        <ele>226</ele>
        <time>2020-04-07T08:50:19.000Z</time>
      </trkpt>
      <trkpt lat="43.05422" lon="-2.491727">
        <ele>225</ele>
        <time>2020-04-07T08:50:39.000Z</time>
      </trkpt>
      <trkpt lat="43.054565" lon="-2.4918469999999999">
        <ele>223</ele>
        <time>2020-04-07T08:50:59.000Z</time>
      </trkpt>
      <trkpt lat="43.054659" lon="-2.4919169999999999">
        <ele>222</ele>
        <time>2020-04-07T08:51:19.000Z</time>
      </trkpt>
      <trkpt lat="43.05471" lon="-2.4919889999999998">
        <ele>222</ele>
        <time>2020-04-07T08:51:39.000Z</time>
      </trkpt>
      <trkpt lat="43.05506" lon="-2.4920810000000002">
        <ele>221</ele>
        <time>2020-04-07T08:51:59.000Z</time>
      </trkpt>
      <trkpt lat="43.055354" lon="-2.4921470000000001">
        <ele>220</ele>
        <time>2020-04-07T08:52:19.000Z</time>
      </trkpt>
      <trkpt lat="43.055617" lon="-2.4922019999999998">
        <ele>219</ele>
        <time>2020-04-07T08:52:39.000Z</time>
      </trkpt>
      <trkpt lat="43.055954" lon="-2.4922800000000001">
        <ele>220</ele>
        <time>2020-04-07T08:52:59.000Z</time>
      </trkpt>
      <trkpt lat="43.056253" lon="-2.492308">
        <ele>221</ele>
        <time>2020-04-07T08:53:19.000Z</time>
      </trkpt>
      <trkpt lat="43.056711" lon="-2.492413">
        <ele>221</ele>
        <time>2020-04-07T08:53:39.000Z</time>
      </trkpt>
      <trkpt lat="43.056766" lon="-2.4924870000000001">
        <ele>221</ele>
        <time>2020-04-07T08:53:59.000Z</time>
      </trkpt>
      <trkpt lat="43.056953" lon="-2.4925259999999998">
        <ele>222</ele>
        <time>2020-04-07T08:54:19.000Z</time>
      </trkpt>
      <trkpt lat="43.057027" lon="-2.492604">
        <ele>222</ele>
        <time>2020-04-07T08:54:39.000Z</time>
      </trkpt>
      <trkpt lat="43.057066" lon="-2.4927790000000001">
        <ele>222</ele>
        <time>2020-04-07T08:56:19.000Z</time>
      </trkpt>
      <trkpt lat="43.057155" lon="-2.4928439999999998">
        <ele>223</ele>
        <time>2020-04-07T08:56:39.000Z</time>
      </trkpt>
      <trkpt lat="43.057124" lon="-2.4930759999999998">
        <ele>221</ele>
        <time>2020-04-07T08:56:59.000Z</time>
      </trkpt>
      <trkpt lat="43.057581" lon="-2.4931320000000001">
        <ele>221</ele>
        <time>2020-04-07T08:57:19.000Z</time>
      </trkpt>
      <trkpt lat="43.057655" lon="-2.4932020000000001">
        <ele>219</ele>
        <time>2020-04-07T08:57:39.000Z</time>
      </trkpt>
      <trkpt lat="43.057959" lon="-2.4931570000000001">
        <ele>216</ele>
        <time>2020-04-07T08:57:59.000Z</time>
      </trkpt>
      <trkpt lat="43.058021" lon="-2.493042">
        <ele>216</ele>
        <time>2020-04-07T08:58:19.000Z</time>
      </trkpt>
      <trkpt lat="43.058503" lon="-2.4929139999999999">
        <ele>214</ele>
        <time>2020-04-07T08:58:39.000Z</time>
      </trkpt>
      <trkpt lat="43.058629" lon="-2.4928650000000001">
        <ele>215</ele>
        <time>2020-04-07T08:58:59.000Z</time>
      </trkpt>
      <trkpt lat="43.059571" lon="-2.4927039999999998">
        <ele>215</ele>
        <time>2020-04-07T08:59:19.000Z</time>
      </trkpt>
      <trkpt lat="43.059842" lon="-2.4926370000000002">
        <ele>214</ele>
        <time>2020-04-07T08:59:39.000Z</time>
      </trkpt>
      <trkpt lat="43.060501" lon="-2.4925449999999998">
        <ele>213</ele>
        <time>2020-04-07T08:59:59.000Z</time>
      </trkpt>
      <trkpt lat="43.061752" lon="-2.4922870000000001">
        <ele>213</ele>
        <time>2020-04-07T09:00:19.000Z</time>
      </trkpt>
      <trkpt lat="43.062451" lon="-2.492102">
        <ele>212</ele>
        <time>2020-04-07T09:00:39.000Z</time>
      </trkpt>
      <trkpt lat="43.06255" lon="-2.4919720000000001">
        <ele>210</ele>
        <time>2020-04-07T09:00:59.000Z</time>
      </trkpt>
      <trkpt lat="43.062572" lon="-2.4918019999999999">
        <ele>211</ele>
        <time>2020-04-07T09:01:19.000Z</time>
      </trkpt>
      <trkpt lat="43.062619" lon="-2.491619">
        <ele>212</ele>
        <time>2020-04-07T09:01:39.000Z</time>
      </trkpt>
      <trkpt lat="43.062887" lon="-2.4912899999999998">
        <ele>211</ele>
        <time>2020-04-07T09:01:59.000Z</time>
      </trkpt>
      <trkpt lat="43.062974" lon="-2.4910199999999998">
        <ele>213</ele>
        <time>2020-04-07T09:02:19.000Z</time>
      </trkpt>
      <trkpt lat="43.063125" lon="-2.4904199999999999">
        <ele>212</ele>
        <time>2020-04-07T09:04:39.000Z</time>
      </trkpt>
      <trkpt lat="43.0631" lon="-2.4898479999999998">
        <ele>215</ele>
        <time>2020-04-07T09:04:59.000Z</time>
      </trkpt>
      <trkpt lat="43.063202" lon="-2.4893839999999998">
        <ele>215</ele>
        <time>2020-04-07T09:05:19.000Z</time>
      </trkpt>
      <trkpt lat="43.063304" lon="-2.4889790000000001">
        <ele>212</ele>
        <time>2020-04-07T09:05:39.000Z</time>
      </trkpt>
      <trkpt lat="43.063432" lon="-2.488553">
        <ele>213</ele>
        <time>2020-04-07T09:05:59.000Z</time>
      </trkpt>
      <trkpt lat="43.063636" lon="-2.4879470000000001">
        <ele>213</ele>
        <time>2020-04-07T09:06:19.000Z</time>
      </trkpt>
      <trkpt lat="43.063683" lon="-2.4875850000000002">
        <ele>214</ele>
        <time>2020-04-07T09:06:39.000Z</time>
      </trkpt>
      <trkpt lat="43.063627" lon="-2.487266">
        <ele>213</ele>
        <time>2020-04-07T09:06:59.000Z</time>
      </trkpt>
      <trkpt lat="43.063488" lon="-2.486955">
        <ele>215</ele>
        <time>2020-04-07T09:07:19.000Z</time>
      </trkpt>
      <trkpt lat="43.063353" lon="-2.4867349999999999">
        <ele>213</ele>
        <time>2020-04-07T09:07:39.000Z</time>
      </trkpt>
      <trkpt lat="43.063168" lon="-2.4864929999999998">
        <ele>214</ele>
        <time>2020-04-07T09:07:59.000Z</time>
      </trkpt>
      <trkpt lat="43.062992" lon="-2.4861759999999999">
        <ele>214</ele>
        <time>2020-04-07T09:08:19.000Z</time>
      </trkpt>
      <trkpt lat="43.062802" lon="-2.4858500000000001">
        <ele>217</ele>
        <time>2020-04-07T09:08:39.000Z</time>
      </trkpt>
      <trkpt lat="43.062653" lon="-2.4855360000000002">
        <ele>217</ele>
        <time>2020-04-07T09:08:59.000Z</time>
      </trkpt>
      <trkpt lat="43.062551" lon="-2.485284">
        <ele>214</ele>
        <time>2020-04-07T09:09:19.000Z</time>
      </trkpt>
      <trkpt lat="43.06243" lon="-2.4849220000000001">
        <ele>214</ele>
        <time>2020-04-07T09:09:39.000Z</time>
      </trkpt>
      <trkpt lat="43.062357" lon="-2.4846379999999999">
        <ele>214</ele>
        <time>2020-04-07T09:09:59.000Z</time>
      </trkpt>
      <trkpt lat="43.062237" lon="-2.4841609999999998">
        <ele>215</ele>
        <time>2020-04-07T09:10:19.000Z</time>
      </trkpt>
      <trkpt lat="43.062169" lon="-2.4836860000000001">
        <ele>214</ele>
        <time>2020-04-07T09:10:39.000Z</time>
      </trkpt>
      <trkpt lat="43.062076" lon="-2.4832049999999999">
        <ele>212</ele>
        <time>2020-04-07T09:10:59.000Z</time>
      </trkpt>
      <trkpt lat="43.062004" lon="-2.482856">
        <ele>213</ele>
        <time>2020-04-07T09:11:19.000Z</time>
      </trkpt>
      <trkpt lat="43.061988" lon="-2.4826039999999998">
        <ele>215</ele>
        <time>2020-04-07T09:11:39.000Z</time>
      </trkpt>
      <trkpt lat="43.062024" lon="-2.4823740000000001">
        <ele>215</ele>
        <time>2020-04-07T09:11:59.000Z</time>
      </trkpt>
      <trkpt lat="43.062087" lon="-2.4821650000000002">
        <ele>214</ele>
        <time>2020-04-07T09:12:19.000Z</time>
      </trkpt>
      <trkpt lat="43.062147" lon="-2.4820530000000001">
        <ele>213</ele>
        <time>2020-04-07T09:12:39.000Z</time>
      </trkpt>
      <trkpt lat="43.062397" lon="-2.4823059999999999">
        <ele>210</ele>
        <time>2020-04-07T09:12:59.000Z</time>
      </trkpt>
      <trkpt lat="43.062719" lon="-2.4822229999999998">
        <ele>208</ele>
        <time>2020-04-07T09:13:19.000Z</time>
      </trkpt>
      <trkpt lat="43.063063" lon="-2.482113">
        <ele>207</ele>
        <time>2020-04-07T09:13:39.000Z</time>
      </trkpt>
      <trkpt lat="43.063528" lon="-2.481967">
        <ele>207</ele>
        <time>2020-04-07T09:13:59.000Z</time>
      </trkpt>
      <trkpt lat="43.063504" lon="-2.4817710000000002">
        <ele>207</ele>
        <time>2020-04-07T09:14:19.000Z</time>
      </trkpt>
      <trkpt lat="43.063373" lon="-2.4812590000000001">
        <ele>207</ele>
        <time>2020-04-07T09:14:39.000Z</time>
      </trkpt>
      <trkpt lat="43.063255" lon="-2.481144">
        <ele>206</ele>
        <time>2020-04-07T09:14:59.000Z</time>
      </trkpt>
      <trkpt lat="43.063153" lon="-2.4807610000000002">
        <ele>207</ele>
        <time>2020-04-07T09:15:19.000Z</time>
      </trkpt>
      <trkpt lat="43.063111" lon="-2.4804629999999999">
        <ele>207</ele>
        <time>2020-04-07T09:15:39.000Z</time>
      </trkpt>
      <trkpt lat="43.063094" lon="-2.4802559999999998">
        <ele>207</ele>
        <time>2020-04-07T09:15:59.000Z</time>
      </trkpt>
      <trkpt lat="43.063109" lon="-2.4799799999999999">
        <ele>205</ele>
        <time>2020-04-07T09:16:19.000Z</time>
      </trkpt>
      <trkpt lat="43.063135" lon="-2.479851">
        <ele>205</ele>
        <time>2020-04-07T09:16:39.000Z</time>
      </trkpt>
      <trkpt lat="43.06325" lon="-2.4797419999999999">
        <ele>203</ele>
        <time>2020-04-07T09:16:59.000Z</time>
      </trkpt>
      <trkpt lat="43.063422" lon="-2.4795780000000001">
        <ele>202</ele>
        <time>2020-04-07T09:17:19.000Z</time>
      </trkpt>
      <trkpt lat="43.063418" lon="-2.4793630000000002">
        <ele>202</ele>
        <time>2020-04-07T09:17:39.000Z</time>
      </trkpt>
      <trkpt lat="43.063459" lon="-2.479266">
        <ele>202</ele>
        <time>2020-04-07T09:17:59.000Z</time>
      </trkpt>
      <trkpt lat="43.063594" lon="-2.4791099999999999">
        <ele>202</ele>
        <time>2020-04-07T09:18:19.000Z</time>
      </trkpt>
      <trkpt lat="43.063872" lon="-2.4788939999999999">
        <ele>201</ele>
        <time>2020-04-07T09:18:39.000Z</time>
      </trkpt>
      <trkpt lat="43.064093" lon="-2.4787219999999999">
        <ele>201</ele>
        <time>2020-04-07T09:18:59.000Z</time>
      </trkpt>
      <trkpt lat="43.06435" lon="-2.47851">
        <ele>201</ele>
        <time>2020-04-07T09:19:19.000Z</time>
      </trkpt>
      <trkpt lat="43.064583" lon="-2.4783300000000001">
        <ele>202</ele>
        <time>2020-04-07T09:19:39.000Z</time>
      </trkpt>
      <trkpt lat="43.064887" lon="-2.4781140000000001">
        <ele>202</ele>
        <time>2020-04-07T09:19:59.000Z</time>
      </trkpt>
      <trkpt lat="43.065265" lon="-2.4777909999999999">
        <ele>201</ele>
        <time>2020-04-07T09:20:19.000Z</time>
      </trkpt>
      <trkpt lat="43.065494" lon="-2.477598">
        <ele>201</ele>
        <time>2020-04-07T09:20:39.000Z</time>
      </trkpt>
      <trkpt lat="43.065769" lon="-2.4773930000000002">
        <ele>200</ele>
        <time>2020-04-07T09:20:59.000Z</time>
      </trkpt>
      <trkpt lat="43.06599" lon="-2.4771969999999999">
        <ele>200</ele>
        <time>2020-04-07T09:21:19.000Z</time>
      </trkpt>
      <trkpt lat="43.066225" lon="-2.477039">
        <ele>200</ele>
        <time>2020-04-07T09:21:39.000Z</time>
      </trkpt>
      <trkpt lat="43.066484" lon="-2.4768889999999999">
        <ele>200</ele>
        <time>2020-04-07T09:21:59.000Z</time>
      </trkpt>
      <trkpt lat="43.066805" lon="-2.4767480000000002">
        <ele>200</ele>
        <time>2020-04-07T09:22:19.000Z</time>
      </trkpt>
      <trkpt lat="43.067026" lon="-2.476661">
        <ele>200</ele>
        <time>2020-04-07T09:22:39.000Z</time>
      </trkpt>
      <trkpt lat="43.067243" lon="-2.4765860000000002">
        <ele>200</ele>
        <time>2020-04-07T09:22:59.000Z</time>
      </trkpt>
      <trkpt lat="43.067587" lon="-2.4764659999999998">
        <ele>199</ele>
        <time>2020-04-07T09:23:19.000Z</time>
      </trkpt>
      <trkpt lat="43.067944" lon="-2.4763440000000001">
        <ele>199</ele>
        <time>2020-04-07T09:23:39.000Z</time>
      </trkpt>
      <trkpt lat="43.068215" lon="-2.4762420000000001">
        <ele>199</ele>
        <time>2020-04-07T09:23:59.000Z</time>
      </trkpt>
      <trkpt lat="43.068343" lon="-2.476207">
        <ele>199</ele>
        <time>2020-04-07T09:24:19.000Z</time>
      </trkpt>
      <trkpt lat="43.068527" lon="-2.4762569999999999">
        <ele>199</ele>
        <time>2020-04-07T09:24:39.000Z</time>
      </trkpt>
      <trkpt lat="43.068595" lon="-2.476229">
        <ele>199</ele>
        <time>2020-04-07T09:24:59.000Z</time>
      </trkpt>
      <trkpt lat="43.06864" lon="-2.476315">
        <ele>199</ele>
        <time>2020-04-07T09:25:19.000Z</time>
      </trkpt>
      <trkpt lat="43.068971" lon="-2.4760879999999998">
        <ele>199</ele>
        <time>2020-04-07T09:25:39.000Z</time>
      </trkpt>
      <trkpt lat="43.069308" lon="-2.4759440000000001">
        <ele>199</ele>
        <time>2020-04-07T09:25:59.000Z</time>
      </trkpt>
      <trkpt lat="43.069467" lon="-2.4757660000000001">
        <ele>199</ele>
        <time>2020-04-07T09:26:19.000Z</time>
      </trkpt>
      <trkpt lat="43.069609" lon="-2.4756580000000001">
        <ele>199</ele>
        <time>2020-04-07T09:26:39.000Z</time>
      </trkpt>
      <trkpt lat="43.069985" lon="-2.4755549999999999">
        <ele>199</ele>
        <time>2020-04-07T09:26:59.000Z</time>
      </trkpt>
      <trkpt lat="43.070364" lon="-2.4753980000000002">
        <ele>198</ele>
        <time>2020-04-07T09:27:19.000Z</time>
      </trkpt>
      <trkpt lat="43.070834" lon="-2.4751349999999999">
        <ele>198</ele>
        <time>2020-04-07T09:27:39.000Z</time>
      </trkpt>
      <trkpt lat="43.071123" lon="-2.4749620000000001">
        <ele>199</ele>
        <time>2020-04-07T09:27:59.000Z</time>
      </trkpt>
      <trkpt lat="43.071494" lon="-2.4747050000000002">
        <ele>198</ele>
        <time>2020-04-07T09:28:19.000Z</time>
      </trkpt>
      <trkpt lat="43.072499" lon="-2.4740069999999998">
        <ele>197</ele>
        <time>2020-04-07T09:28:39.000Z</time>
      </trkpt>
      <trkpt lat="43.073022" lon="-2.4735149999999999">
        <ele>198</ele>
        <time>2020-04-07T09:28:59.000Z</time>
      </trkpt>
      <trkpt lat="43.073226" lon="-2.4732259999999999">
        <ele>201</ele>
        <time>2020-04-07T09:29:19.000Z</time>
      </trkpt>
      <trkpt lat="43.073419" lon="-2.4728949999999998">
        <ele>204</ele>
        <time>2020-04-07T09:29:39.000Z</time>
      </trkpt>
      <trkpt lat="43.073434" lon="-2.4725929999999998">
        <ele>206</ele>
        <time>2020-04-07T09:29:59.000Z</time>
      </trkpt>
      <trkpt lat="43.073359" lon="-2.4723639999999998">
        <ele>205</ele>
        <time>2020-04-07T09:30:19.000Z</time>
      </trkpt>
      <trkpt lat="43.073253" lon="-2.4721500000000001">
        <ele>204</ele>
        <time>2020-04-07T09:30:39.000Z</time>
      </trkpt>
      <trkpt lat="43.073141" lon="-2.471965">
        <ele>200</ele>
        <time>2020-04-07T09:30:59.000Z</time>
      </trkpt>
      <trkpt lat="43.07302" lon="-2.4717790000000002">
        <ele>198</ele>
        <time>2020-04-07T09:31:19.000Z</time>
      </trkpt>
      <trkpt lat="43.072967" lon="-2.471708">
        <ele>198</ele>
        <time>2020-04-07T09:31:39.000Z</time>
      </trkpt>
      <trkpt lat="43.072909" lon="-2.4716290000000001">
        <ele>197</ele>
        <time>2020-04-07T09:31:59.000Z</time>
      </trkpt>
      <trkpt lat="43.072851" lon="-2.4715410000000002">
        <ele>197</ele>
        <time>2020-04-07T09:32:19.000Z</time>
      </trkpt>
      <trkpt lat="43.07271" lon="-2.4713039999999999">
        <ele>196</ele>
        <time>2020-04-07T09:34:59.000Z</time>
      </trkpt>
      <trkpt lat="43.072472" lon="-2.4708800000000002">
        <ele>195</ele>
        <time>2020-04-07T09:35:39.000Z</time>
      </trkpt>
      <trkpt lat="43.072484" lon="-2.470707">
        <ele>195</ele>
        <time>2020-04-07T09:35:59.000Z</time>
      </trkpt>
      <trkpt lat="43.072554" lon="-2.470542">
        <ele>195</ele>
        <time>2020-04-07T09:36:39.000Z</time>
      </trkpt>
      <trkpt lat="43.072666" lon="-2.4703379999999999">
        <ele>195</ele>
        <time>2020-04-07T09:36:59.000Z</time>
      </trkpt>
      <trkpt lat="43.072821" lon="-2.4700470000000001">
        <ele>195</ele>
        <time>2020-04-07T09:37:19.000Z</time>
      </trkpt>
      <trkpt lat="43.072967" lon="-2.4697870000000002">
        <ele>196</ele>
        <time>2020-04-07T09:37:39.000Z</time>
      </trkpt>
      <trkpt lat="43.073159" lon="-2.4693969999999998">
        <ele>194</ele>
        <time>2020-04-07T09:37:59.000Z</time>
      </trkpt>
      <trkpt lat="43.073289" lon="-2.4689779999999999">
        <ele>195</ele>
        <time>2020-04-07T09:38:19.000Z</time>
      </trkpt>
      <trkpt lat="43.07337" lon="-2.4686050000000002">
        <ele>193</ele>
        <time>2020-04-07T09:38:39.000Z</time>
      </trkpt>
      <trkpt lat="43.073487" lon="-2.4681419999999998">
        <ele>194</ele>
        <time>2020-04-07T09:38:59.000Z</time>
      </trkpt>
      <trkpt lat="43.073588" lon="-2.4676119999999999">
        <ele>194</ele>
        <time>2020-04-07T09:39:19.000Z</time>
      </trkpt>
      <trkpt lat="43.073744" lon="-2.4669880000000002">
        <ele>193</ele>
        <time>2020-04-07T09:39:39.000Z</time>
      </trkpt>
      <trkpt lat="43.073902" lon="-2.4663149999999998">
        <ele>193</ele>
        <time>2020-04-07T09:39:59.000Z</time>
      </trkpt>
      <trkpt lat="43.074037" lon="-2.4657239999999998">
        <ele>193</ele>
        <time>2020-04-07T09:40:19.000Z</time>
      </trkpt>
      <trkpt lat="43.074107" lon="-2.4653890000000001">
        <ele>193</ele>
        <time>2020-04-07T09:40:39.000Z</time>
      </trkpt>
      <trkpt lat="43.074222" lon="-2.4648819999999998">
        <ele>192</ele>
        <time>2020-04-07T09:40:59.000Z</time>
      </trkpt>
      <trkpt lat="43.074343" lon="-2.4644680000000001">
        <ele>192</ele>
        <time>2020-04-07T09:41:19.000Z</time>
      </trkpt>
      <trkpt lat="43.074468" lon="-2.464235">
        <ele>192</ele>
        <time>2020-04-07T09:41:39.000Z</time>
      </trkpt>
      <trkpt lat="43.074581" lon="-2.4641419999999998">
        <ele>193</ele>
        <time>2020-04-07T09:41:59.000Z</time>
      </trkpt>
      <trkpt lat="43.07471" lon="-2.4639920000000002">
        <ele>192</ele>
        <time>2020-04-07T09:42:19.000Z</time>
      </trkpt>
      <trkpt lat="43.074718" lon="-2.4639009999999999">
        <ele>191</ele>
        <time>2020-04-07T09:42:39.000Z</time>
      </trkpt>
      <trkpt lat="43.074782" lon="-2.4636870000000002">
        <ele>190</ele>
        <time>2020-04-07T09:42:59.000Z</time>
      </trkpt>
      <trkpt lat="43.074839" lon="-2.463441">
        <ele>190</ele>
        <time>2020-04-07T09:43:19.000Z</time>
      </trkpt>
      <trkpt lat="43.074884" lon="-2.4631479999999999">
        <ele>190</ele>
        <time>2020-04-07T09:43:39.000Z</time>
      </trkpt>
      <trkpt lat="43.074931" lon="-2.4628670000000001">
        <ele>191</ele>
        <time>2020-04-07T09:43:59.000Z</time>
      </trkpt>
      <trkpt lat="43.074999" lon="-2.4626739999999998">
        <ele>190</ele>
        <time>2020-04-07T09:44:19.000Z</time>
      </trkpt>
      <trkpt lat="43.075125" lon="-2.4624239999999999">
        <ele>190</ele>
        <time>2020-04-07T09:44:39.000Z</time>
      </trkpt>
      <trkpt lat="43.075398" lon="-2.462002">
        <ele>190</ele>
        <time>2020-04-07T09:44:59.000Z</time>
      </trkpt>
      <trkpt lat="43.075617" lon="-2.4616099999999999">
        <ele>189</ele>
        <time>2020-04-07T09:45:19.000Z</time>
      </trkpt>
      <trkpt lat="43.07576" lon="-2.4613559999999999">
        <ele>190</ele>
        <time>2020-04-07T09:45:39.000Z</time>
      </trkpt>
      <trkpt lat="43.075866" lon="-2.4612349999999998">
        <ele>189</ele>
        <time>2020-04-07T09:45:59.000Z</time>
      </trkpt>
      <trkpt lat="43.075986" lon="-2.4611890000000001">
        <ele>188</ele>
        <time>2020-04-07T09:46:19.000Z</time>
      </trkpt>
      <trkpt lat="43.07638" lon="-2.461109">
        <ele>188</ele>
        <time>2020-04-07T09:46:39.000Z</time>
      </trkpt>
      <trkpt lat="43.076562" lon="-2.461087">
        <ele>189</ele>
        <time>2020-04-07T09:46:59.000Z</time>
      </trkpt>
      <trkpt lat="43.076822" lon="-2.4610639999999999">
        <ele>189</ele>
        <time>2020-04-07T09:47:19.000Z</time>
      </trkpt>
      <trkpt lat="43.077178" lon="-2.4610449999999999">
        <ele>189</ele>
        <time>2020-04-07T09:47:39.000Z</time>
      </trkpt>
      <trkpt lat="43.077321" lon="-2.4610180000000001">
        <ele>189</ele>
        <time>2020-04-07T09:47:59.000Z</time>
      </trkpt>
      <trkpt lat="43.077434" lon="-2.4609049999999999">
        <ele>189</ele>
        <time>2020-04-07T09:48:19.000Z</time>
      </trkpt>
      <trkpt lat="43.077477" lon="-2.4607679999999998">
        <ele>189</ele>
        <time>2020-04-07T09:48:39.000Z</time>
      </trkpt>
      <trkpt lat="43.077483" lon="-2.4605579999999998">
        <ele>188</ele>
        <time>2020-04-07T09:48:59.000Z</time>
      </trkpt>
      <trkpt lat="43.077489" lon="-2.4602949999999999">
        <ele>188</ele>
        <time>2020-04-07T09:49:19.000Z</time>
      </trkpt>
      <trkpt lat="43.077493" lon="-2.459997">
        <ele>188</ele>
        <time>2020-04-07T09:49:39.000Z</time>
      </trkpt>
      <trkpt lat="43.077506" lon="-2.4596719999999999">
        <ele>188</ele>
        <time>2020-04-07T09:49:59.000Z</time>
      </trkpt>
      <trkpt lat="43.077528" lon="-2.4592589999999999">
        <ele>189</ele>
        <time>2020-04-07T09:50:19.000Z</time>
      </trkpt>
      <trkpt lat="43.077567" lon="-2.4587279999999998">
        <ele>190</ele>
        <time>2020-04-07T09:50:39.000Z</time>
      </trkpt>
      <trkpt lat="43.077632" lon="-2.4584169999999999">
        <ele>189</ele>
        <time>2020-04-07T09:50:59.000Z</time>
      </trkpt>
      <trkpt lat="43.077692" lon="-2.458024">
        <ele>188</ele>
        <time>2020-04-07T09:51:19.000Z</time>
      </trkpt>
      <trkpt lat="43.077712" lon="-2.457681">
        <ele>187</ele>
        <time>2020-04-07T09:51:39.000Z</time>
      </trkpt>
      <trkpt lat="43.07776" lon="-2.457147">
        <ele>185</ele>
        <time>2020-04-07T09:51:59.000Z</time>
      </trkpt>
      <trkpt lat="43.077929" lon="-2.4557549999999999">
        <ele>201</ele>
        <time>2020-04-07T09:52:19.000Z</time>
      </trkpt>
      <trkpt lat="43.078125" lon="-2.4547349999999999">
        <ele>184</ele>
        <time>2020-04-07T09:52:39.000Z</time>
      </trkpt>
      <trkpt lat="43.078336" lon="-2.454081">
        <ele>183</ele>
        <time>2020-04-07T09:52:59.000Z</time>
      </trkpt>
      <trkpt lat="43.078754" lon="-2.4534829999999999">
        <ele>184</ele>
        <time>2020-04-07T09:53:19.000Z</time>
      </trkpt>
      <trkpt lat="43.079404" lon="-2.4527429999999999">
        <ele>180</ele>
        <time>2020-04-07T09:53:39.000Z</time>
      </trkpt>
      <trkpt lat="43.079803" lon="-2.4522810000000002">
        <ele>179</ele>
        <time>2020-04-07T09:53:59.000Z</time>
      </trkpt>
      <trkpt lat="43.08011" lon="-2.4518330000000002">
        <ele>182</ele>
        <time>2020-04-07T09:54:19.000Z</time>
      </trkpt>
      <trkpt lat="43.080196" lon="-2.4513280000000002">
        <ele>185</ele>
        <time>2020-04-07T09:54:39.000Z</time>
      </trkpt>
      <trkpt lat="43.07964" lon="-2.4505020000000002">
        <ele>188</ele>
        <time>2020-04-07T09:54:59.000Z</time>
      </trkpt>
      <trkpt lat="43.079515" lon="-2.4500839999999999">
        <ele>184</ele>
        <time>2020-04-07T09:55:19.000Z</time>
      </trkpt>
      <trkpt lat="43.079554" lon="-2.4494929999999999">
        <ele>180</ele>
        <time>2020-04-07T09:55:39.000Z</time>
      </trkpt>
      <trkpt lat="43.079773" lon="-2.4487719999999999">
        <ele>180</ele>
        <time>2020-04-07T09:55:59.000Z</time>
      </trkpt>
      <trkpt lat="43.08" lon="-2.4483160000000002">
        <ele>180</ele>
        <time>2020-04-07T09:56:19.000Z</time>
      </trkpt>
      <trkpt lat="43.080236" lon="-2.4480909999999998">
        <ele>177</ele>
        <time>2020-04-07T09:56:39.000Z</time>
      </trkpt>
      <trkpt lat="43.080388" lon="-2.4479139999999999">
        <ele>176</ele>
        <time>2020-04-07T09:56:59.000Z</time>
      </trkpt>
      <trkpt lat="43.08042" lon="-2.4476990000000001">
        <ele>176</ele>
        <time>2020-04-07T09:57:19.000Z</time>
      </trkpt>
      <trkpt lat="43.080407" lon="-2.4476179999999998">
        <ele>176</ele>
        <time>2021-06-14T21:53:28.000Z</time>
      </trkpt>
      <trkpt lat="43.080407" lon="-2.4476179999999998">
        <ele>176</ele>
        <time>2021-06-14T21:53:48.000Z</time>
      </trkpt>
      <trkpt lat="43.080411" lon="-2.4475950000000002">
        <ele>176</ele>
        <time>2021-06-14T21:54:08.000Z</time>
      </trkpt>
      <trkpt lat="43.080411" lon="-2.4475950000000002">
        <ele>176</ele>
        <time>2021-06-14T21:54:28.000Z</time>
      </trkpt>
      <trkpt lat="43.080474" lon="-2.4473739999999999">
        <ele>174</ele>
        <time>2021-06-14T21:54:48.000Z</time>
      </trkpt>
      <trkpt lat="43.080474" lon="-2.4473739999999999">
        <ele>174</ele>
        <time>2021-06-14T21:55:08.000Z</time>
      </trkpt>
      <trkpt lat="43.08057" lon="-2.4471919999999998">
        <ele>173</ele>
        <time>2021-06-14T21:55:28.000Z</time>
      </trkpt>
      <trkpt lat="43.08057" lon="-2.4471919999999998">
        <ele>173</ele>
        <time>2021-06-14T21:55:48.000Z</time>
      </trkpt>
      <trkpt lat="43.080607" lon="-2.447095">
        <ele>174</ele>
        <time>2021-06-14T21:56:08.000Z</time>
      </trkpt>
      <trkpt lat="43.080607" lon="-2.447095">
        <ele>174</ele>
        <time>2021-06-14T21:56:28.000Z</time>
      </trkpt>
      <trkpt lat="43.080601" lon="-2.4470779999999999">
        <ele>174</ele>
        <time>2021-06-14T21:56:48.000Z</time>
      </trkpt>
      <trkpt lat="43.080601" lon="-2.4470779999999999">
        <ele>174</ele>
        <time>2021-06-14T21:57:08.000Z</time>
      </trkpt>
      <trkpt lat="43.080659" lon="-2.446993">
        <ele>174</ele>
        <time>2021-06-14T21:57:28.000Z</time>
      </trkpt>
      <trkpt lat="43.080659" lon="-2.446993">
        <ele>174</ele>
        <time>2021-06-14T21:57:48.000Z</time>
      </trkpt>
      <trkpt lat="43.080659" lon="-2.446993">
        <ele>174</ele>
        <time>2021-06-14T21:58:08.000Z</time>
      </trkpt>
      <trkpt lat="43.080659" lon="-2.446993">
        <ele>174</ele>
        <time>2021-06-14T21:58:28.000Z</time>
      </trkpt>
      <trkpt lat="43.08068" lon="-2.4469270000000001">
        <ele>175</ele>
        <time>2021-06-14T21:58:48.000Z</time>
      </trkpt>
      <trkpt lat="43.08068" lon="-2.4469270000000001">
        <ele>175</ele>
        <time>2021-06-14T21:59:08.000Z</time>
      </trkpt>
      <trkpt lat="43.080736" lon="-2.4468429999999999">
        <ele>175</ele>
        <time>2021-06-14T21:59:28.000Z</time>
      </trkpt>
      <trkpt lat="43.080736" lon="-2.4468429999999999">
        <ele>175</ele>
        <time>2021-06-14T21:59:48.000Z</time>
      </trkpt>
      <trkpt lat="43.080741" lon="-2.4468320000000001">
        <ele>175</ele>
        <time>2021-06-14T22:00:08.000Z</time>
      </trkpt>
      <trkpt lat="43.080741" lon="-2.4468320000000001">
        <ele>175</ele>
        <time>2021-06-14T22:00:28.000Z</time>
      </trkpt>
      <trkpt lat="43.080955" lon="-2.4467639999999999">
        <ele>175</ele>
        <time>2021-06-14T22:00:48.000Z</time>
      </trkpt>
      <trkpt lat="43.080955" lon="-2.4467639999999999">
        <ele>175</ele>
        <time>2021-06-14T22:01:08.000Z</time>
      </trkpt>
      <trkpt lat="43.081308" lon="-2.446726">
        <ele>174</ele>
        <time>2021-06-14T22:01:28.000Z</time>
      </trkpt>
      <trkpt lat="43.081308" lon="-2.446726">
        <ele>174</ele>
        <time>2021-06-14T22:01:48.000Z</time>
      </trkpt>
      <trkpt lat="43.08182" lon="-2.4465889999999999">
        <ele>173</ele>
        <time>2021-06-14T22:02:08.000Z</time>
      </trkpt>
      <trkpt lat="43.08182" lon="-2.4465889999999999">
        <ele>173</ele>
        <time>2021-06-14T22:02:28.000Z</time>
      </trkpt>
      <trkpt lat="43.081941" lon="-2.4464999999999999">
        <ele>173</ele>
        <time>2021-06-14T22:02:48.000Z</time>
      </trkpt>
      <trkpt lat="43.081941" lon="-2.4464999999999999">
        <ele>173</ele>
        <time>2021-06-14T22:03:08.000Z</time>
      </trkpt>
      <trkpt lat="43.082226" lon="-2.4462429999999999">
        <ele>174</ele>
        <time>2021-06-14T22:03:28.000Z</time>
      </trkpt>
      <trkpt lat="43.082226" lon="-2.4462429999999999">
        <ele>174</ele>
        <time>2021-06-14T22:03:48.000Z</time>
      </trkpt>
      <trkpt lat="43.082563" lon="-2.4458869999999999">
        <ele>173</ele>
        <time>2021-06-14T22:04:08.000Z</time>
      </trkpt>
      <trkpt lat="43.082563" lon="-2.4458869999999999">
        <ele>173</ele>
        <time>2021-06-14T22:04:28.000Z</time>
      </trkpt>
      <trkpt lat="43.082622" lon="-2.4458039999999999">
        <ele>173</ele>
        <time>2021-06-14T22:04:48.000Z</time>
      </trkpt>
      <trkpt lat="43.082622" lon="-2.4458039999999999">
        <ele>173</ele>
        <time>2021-06-14T22:05:08.000Z</time>
      </trkpt>
      <trkpt lat="43.082694" lon="-2.4455390000000001">
        <ele>172</ele>
        <time>2021-06-14T22:05:28.000Z</time>
      </trkpt>
      <trkpt lat="43.082694" lon="-2.4455390000000001">
        <ele>172</ele>
        <time>2021-06-14T22:05:48.000Z</time>
      </trkpt>
      <trkpt lat="43.082823" lon="-2.4451499999999999">
        <ele>173</ele>
        <time>2021-06-14T22:06:08.000Z</time>
      </trkpt>
      <trkpt lat="43.082823" lon="-2.4451499999999999">
        <ele>173</ele>
        <time>2021-06-14T22:06:28.000Z</time>
      </trkpt>
      <trkpt lat="43.083004" lon="-2.44476">
        <ele>172</ele>
        <time>2021-06-14T22:06:48.000Z</time>
      </trkpt>
      <trkpt lat="43.083004" lon="-2.44476">
        <ele>172</ele>
        <time>2021-06-14T22:07:08.000Z</time>
      </trkpt>
      <trkpt lat="43.083227" lon="-2.4441790000000001">
        <ele>172</ele>
        <time>2021-06-14T22:07:28.000Z</time>
      </trkpt>
      <trkpt lat="43.083227" lon="-2.4441790000000001">
        <ele>172</ele>
        <time>2021-06-14T22:07:48.000Z</time>
      </trkpt>
      <trkpt lat="43.083351" lon="-2.4439000000000002">
        <ele>173</ele>
        <time>2021-06-14T22:08:08.000Z</time>
      </trkpt>
      <trkpt lat="43.083351" lon="-2.4439000000000002">
        <ele>173</ele>
        <time>2021-06-14T22:08:28.000Z</time>
      </trkpt>
      <trkpt lat="43.083376" lon="-2.443854">
        <ele>173</ele>
        <time>2021-06-14T22:08:48.000Z</time>
      </trkpt>
      <trkpt lat="43.083376" lon="-2.443854">
        <ele>173</ele>
        <time>2021-06-14T22:09:08.000Z</time>
      </trkpt>
      <trkpt lat="43.083426" lon="-2.4436849999999999">
        <ele>172</ele>
        <time>2021-06-14T22:09:28.000Z</time>
      </trkpt>
      <trkpt lat="43.083426" lon="-2.4436849999999999">
        <ele>172</ele>
        <time>2021-06-14T22:09:48.000Z</time>
      </trkpt>
      <trkpt lat="43.083413" lon="-2.4436710000000001">
        <ele>172</ele>
        <time>2021-06-14T22:10:08.000Z</time>
      </trkpt>
      <trkpt lat="43.083413" lon="-2.4436710000000001">
        <ele>172</ele>
        <time>2021-06-14T22:10:28.000Z</time>
      </trkpt>
      <trkpt lat="43.083257" lon="-2.4434879999999999">
        <ele>174</ele>
        <time>2021-06-14T22:10:48.000Z</time>
      </trkpt>
      <trkpt lat="43.083257" lon="-2.4434879999999999">
        <ele>174</ele>
        <time>2021-06-14T22:11:08.000Z</time>
      </trkpt>
      <trkpt lat="43.083171" lon="-2.4433120000000002">
        <ele>175</ele>
        <time>2021-06-14T22:11:28.000Z</time>
      </trkpt>
      <trkpt lat="43.083171" lon="-2.4433120000000002">
        <ele>175</ele>
        <time>2021-06-14T22:11:48.000Z</time>
      </trkpt>
      <trkpt lat="43.083221" lon="-2.443174">
        <ele>175</ele>
        <time>2021-06-14T22:12:08.000Z</time>
      </trkpt>
      <trkpt lat="43.083221" lon="-2.443174">
        <ele>175</ele>
        <time>2021-06-14T22:12:28.000Z</time>
      </trkpt>
      <trkpt lat="43.083285" lon="-2.4429210000000001">
        <ele>175</ele>
        <time>2021-06-14T22:12:48.000Z</time>
      </trkpt>
      <trkpt lat="43.083285" lon="-2.4429210000000001">
        <ele>175</ele>
        <time>2021-06-14T22:13:08.000Z</time>
      </trkpt>
      <trkpt lat="43.083422" lon="-2.4426389999999998">
        <ele>175</ele>
        <time>2021-06-14T22:13:28.000Z</time>
      </trkpt>
      <trkpt lat="43.083422" lon="-2.4426389999999998">
        <ele>175</ele>
        <time>2021-06-14T22:13:48.000Z</time>
      </trkpt>
      <trkpt lat="43.083584" lon="-2.442212">
        <ele>174</ele>
        <time>2021-06-14T22:14:08.000Z</time>
      </trkpt>
      <trkpt lat="43.083584" lon="-2.442212">
        <ele>174</ele>
        <time>2021-06-14T22:14:28.000Z</time>
      </trkpt>
      <trkpt lat="43.083863" lon="-2.4414570000000002">
        <ele>174</ele>
        <time>2021-06-14T22:14:48.000Z</time>
      </trkpt>
      <trkpt lat="43.083863" lon="-2.4414570000000002">
        <ele>174</ele>
        <time>2021-06-14T22:15:08.000Z</time>
      </trkpt>
      <trkpt lat="43.083919" lon="-2.4413260000000001">
        <ele>174</ele>
        <time>2021-06-14T22:15:28.000Z</time>
      </trkpt>
      <trkpt lat="43.083919" lon="-2.4413260000000001">
        <ele>174</ele>
        <time>2021-06-14T22:15:48.000Z</time>
      </trkpt>
      <trkpt lat="43.08421" lon="-2.4408180000000002">
        <ele>173</ele>
        <time>2021-06-14T22:16:08.000Z</time>
      </trkpt>
      <trkpt lat="43.08421" lon="-2.4408180000000002">
        <ele>173</ele>
        <time>2021-06-14T22:16:28.000Z</time>
      </trkpt>
      <trkpt lat="43.084595" lon="-2.4403709999999998">
        <ele>175</ele>
        <time>2021-06-14T22:16:48.000Z</time>
      </trkpt>
      <trkpt lat="43.084595" lon="-2.4403709999999998">
        <ele>175</ele>
        <time>2021-06-14T22:17:08.000Z</time>
      </trkpt>
      <trkpt lat="43.085039" lon="-2.4400379999999999">
        <ele>177</ele>
        <time>2021-06-14T22:17:28.000Z</time>
      </trkpt>
      <trkpt lat="43.085039" lon="-2.4400379999999999">
        <ele>177</ele>
        <time>2021-06-14T22:17:48.000Z</time>
      </trkpt>
      <trkpt lat="43.085565" lon="-2.439927">
        <ele>179</ele>
        <time>2021-06-14T22:18:08.000Z</time>
      </trkpt>
      <trkpt lat="43.085565" lon="-2.439927">
        <ele>179</ele>
        <time>2021-06-14T22:18:28.000Z</time>
      </trkpt>
      <trkpt lat="43.085716" lon="-2.4398939999999998">
        <ele>179</ele>
        <time>2021-06-14T22:18:48.000Z</time>
      </trkpt>
      <trkpt lat="43.085716" lon="-2.4398939999999998">
        <ele>179</ele>
        <time>2021-06-14T22:19:08.000Z</time>
      </trkpt>
      <trkpt lat="43.085977" lon="-2.4398979999999999">
        <ele>179</ele>
        <time>2021-06-14T22:19:28.000Z</time>
      </trkpt>
      <trkpt lat="43.085977" lon="-2.4398979999999999">
        <ele>179</ele>
        <time>2021-06-14T22:19:48.000Z</time>
      </trkpt>
      <trkpt lat="43.086091" lon="-2.4399190000000002">
        <ele>179</ele>
        <time>2021-06-14T22:20:08.000Z</time>
      </trkpt>
      <trkpt lat="43.086091" lon="-2.4399190000000002">
        <ele>179</ele>
        <time>2021-06-14T22:20:28.000Z</time>
      </trkpt>
      <trkpt lat="43.086545" lon="-2.440131">
        <ele>176</ele>
        <time>2021-06-14T22:20:48.000Z</time>
      </trkpt>
      <trkpt lat="43.086545" lon="-2.440131">
        <ele>176</ele>
        <time>2021-06-14T22:21:08.000Z</time>
      </trkpt>
      <trkpt lat="43.086708" lon="-2.4402110000000001">
        <ele>177</ele>
        <time>2021-06-14T22:21:28.000Z</time>
      </trkpt>
      <trkpt lat="43.086708" lon="-2.4402110000000001">
        <ele>177</ele>
        <time>2021-06-14T22:21:48.000Z</time>
      </trkpt>
      <trkpt lat="43.086889" lon="-2.4403030000000001">
        <ele>176</ele>
        <time>2021-06-14T22:22:08.000Z</time>
      </trkpt>
      <trkpt lat="43.086889" lon="-2.4403030000000001">
        <ele>176</ele>
        <time>2021-06-14T22:22:28.000Z</time>
      </trkpt>
      <trkpt lat="43.087253" lon="-2.4405070000000002">
        <ele>177</ele>
        <time>2021-06-14T22:22:48.000Z</time>
      </trkpt>
      <trkpt lat="43.087253" lon="-2.4405070000000002">
        <ele>177</ele>
        <time>2021-06-14T22:23:08.000Z</time>
      </trkpt>
      <trkpt lat="43.08739" lon="-2.4405749999999999">
        <ele>180</ele>
        <time>2021-06-14T22:23:28.000Z</time>
      </trkpt>
      <trkpt lat="43.08739" lon="-2.4405749999999999">
        <ele>180</ele>
        <time>2021-06-14T22:23:48.000Z</time>
      </trkpt>
      <trkpt lat="43.087528" lon="-2.4406560000000002">
        <ele>182</ele>
        <time>2021-06-14T22:24:08.000Z</time>
      </trkpt>
      <trkpt lat="43.087528" lon="-2.4406560000000002">
        <ele>182</ele>
        <time>2021-06-14T22:24:28.000Z</time>
      </trkpt>
      <trkpt lat="43.087848" lon="-2.4408599999999998">
        <ele>179</ele>
        <time>2021-06-14T22:24:48.000Z</time>
      </trkpt>
      <trkpt lat="43.087848" lon="-2.4408599999999998">
        <ele>179</ele>
        <time>2021-06-14T22:25:08.000Z</time>
      </trkpt>
      <trkpt lat="43.088121" lon="-2.4409869999999998">
        <ele>178</ele>
        <time>2021-06-14T22:25:28.000Z</time>
      </trkpt>
      <trkpt lat="43.088121" lon="-2.4409869999999998">
        <ele>178</ele>
        <time>2021-06-14T22:25:48.000Z</time>
      </trkpt>
      <trkpt lat="43.088367" lon="-2.441046">
        <ele>176</ele>
        <time>2021-06-14T22:26:08.000Z</time>
      </trkpt>
      <trkpt lat="43.088367" lon="-2.441046">
        <ele>176</ele>
        <time>2021-06-14T22:26:28.000Z</time>
      </trkpt>
      <trkpt lat="43.088384" lon="-2.4410430000000001">
        <ele>177</ele>
        <time>2021-06-14T22:26:48.000Z</time>
      </trkpt>
      <trkpt lat="43.088384" lon="-2.4410430000000001">
        <ele>177</ele>
        <time>2021-06-14T22:27:08.000Z</time>
      </trkpt>
      <trkpt lat="43.088401" lon="-2.4410409999999998">
        <ele>177</ele>
        <time>2021-06-14T22:27:28.000Z</time>
      </trkpt>
      <trkpt lat="43.088401" lon="-2.4410409999999998">
        <ele>177</ele>
        <time>2021-06-14T22:27:48.000Z</time>
      </trkpt>
      <trkpt lat="43.088442" lon="-2.4410289999999999">
        <ele>177</ele>
        <time>2021-06-14T22:28:08.000Z</time>
      </trkpt>
      <trkpt lat="43.088442" lon="-2.4410289999999999">
        <ele>177</ele>
        <time>2021-06-14T22:28:28.000Z</time>
      </trkpt>
      <trkpt lat="43.088708" lon="-2.4410370000000001">
        <ele>175</ele>
        <time>2021-06-14T22:28:48.000Z</time>
      </trkpt>
      <trkpt lat="43.088708" lon="-2.4410370000000001">
        <ele>175</ele>
        <time>2021-06-14T22:29:08.000Z</time>
      </trkpt>
      <trkpt lat="43.088877" lon="-2.4409939999999999">
        <ele>175</ele>
        <time>2021-06-14T22:29:28.000Z</time>
      </trkpt>
      <trkpt lat="43.088877" lon="-2.4409939999999999">
        <ele>175</ele>
        <time>2021-06-14T22:29:48.000Z</time>
      </trkpt>
      <trkpt lat="43.089226" lon="-2.4408120000000002">
        <ele>175</ele>
        <time>2021-06-14T22:30:08.000Z</time>
      </trkpt>
      <trkpt lat="43.089226" lon="-2.4408120000000002">
        <ele>175</ele>
        <time>2021-06-14T22:30:28.000Z</time>
      </trkpt>
      <trkpt lat="43.089316" lon="-2.4407450000000002">
        <ele>175</ele>
        <time>2021-06-14T22:30:48.000Z</time>
      </trkpt>
      <trkpt lat="43.089316" lon="-2.4407450000000002">
        <ele>175</ele>
        <time>2021-06-14T22:31:08.000Z</time>
      </trkpt>
      <trkpt lat="43.089512" lon="-2.4405459999999999">
        <ele>176</ele>
        <time>2021-06-14T22:31:28.000Z</time>
      </trkpt>
      <trkpt lat="43.089512" lon="-2.4405459999999999">
        <ele>176</ele>
        <time>2021-06-14T22:31:48.000Z</time>
      </trkpt>
      <trkpt lat="43.089693" lon="-2.440264">
        <ele>175</ele>
        <time>2021-06-14T22:32:08.000Z</time>
      </trkpt>
      <trkpt lat="43.089693" lon="-2.440264">
        <ele>175</ele>
        <time>2021-06-14T22:32:28.000Z</time>
      </trkpt>
      <trkpt lat="43.089748" lon="-2.4401459999999999">
        <ele>175</ele>
        <time>2021-06-14T22:32:48.000Z</time>
      </trkpt>
      <trkpt lat="43.089748" lon="-2.4401459999999999">
        <ele>175</ele>
        <time>2021-06-14T22:33:08.000Z</time>
      </trkpt>
      <trkpt lat="43.089748" lon="-2.4401459999999999">
        <ele>175</ele>
        <time>2021-06-14T22:33:28.000Z</time>
      </trkpt>
      <trkpt lat="43.089748" lon="-2.4401459999999999">
        <ele>175</ele>
        <time>2021-06-14T22:33:48.000Z</time>
      </trkpt>
      <trkpt lat="43.089822" lon="-2.439927">
        <ele>175</ele>
        <time>2021-06-14T22:34:08.000Z</time>
      </trkpt>
      <trkpt lat="43.089822" lon="-2.439927">
        <ele>175</ele>
        <time>2021-06-14T22:34:28.000Z</time>
      </trkpt>
      <trkpt lat="43.089842" lon="-2.439864">
        <ele>175</ele>
        <time>2021-06-14T22:34:48.000Z</time>
      </trkpt>
      <trkpt lat="43.089842" lon="-2.439864">
        <ele>175</ele>
        <time>2021-06-14T22:35:08.000Z</time>
      </trkpt>
      <trkpt lat="43.08992" lon="-2.43947">
        <ele>174</ele>
        <time>2021-06-14T22:35:28.000Z</time>
      </trkpt>
      <trkpt lat="43.08992" lon="-2.43947">
        <ele>174</ele>
        <time>2021-06-14T22:35:48.000Z</time>
      </trkpt>
      <trkpt lat="43.08994" lon="-2.4392580000000001">
        <ele>173</ele>
        <time>2021-06-14T22:36:08.000Z</time>
      </trkpt>
      <trkpt lat="43.08994" lon="-2.4392580000000001">
        <ele>173</ele>
        <time>2021-06-14T22:36:28.000Z</time>
      </trkpt>
      <trkpt lat="43.089949" lon="-2.4390290000000001">
        <ele>172</ele>
        <time>2021-06-14T22:36:48.000Z</time>
      </trkpt>
      <trkpt lat="43.089949" lon="-2.4390290000000001">
        <ele>172</ele>
        <time>2021-06-14T22:37:08.000Z</time>
      </trkpt>
      <trkpt lat="43.089933" lon="-2.4384510000000001">
        <ele>169</ele>
        <time>2021-06-14T22:37:28.000Z</time>
      </trkpt>
      <trkpt lat="43.089933" lon="-2.4384510000000001">
        <ele>169</ele>
        <time>2021-06-14T22:37:48.000Z</time>
      </trkpt>
      <trkpt lat="43.089911" lon="-2.4380820000000001">
        <ele>168</ele>
        <time>2021-06-14T22:38:08.000Z</time>
      </trkpt>
      <trkpt lat="43.089911" lon="-2.4380820000000001">
        <ele>168</ele>
        <time>2021-06-14T22:38:28.000Z</time>
      </trkpt>
      <trkpt lat="43.089909" lon="-2.438008">
        <ele>168</ele>
        <time>2021-06-14T22:38:48.000Z</time>
      </trkpt>
      <trkpt lat="43.089909" lon="-2.438008">
        <ele>168</ele>
        <time>2021-06-14T22:39:08.000Z</time>
      </trkpt>
      <trkpt lat="43.089906" lon="-2.4373239999999998">
        <ele>170</ele>
        <time>2021-06-14T22:39:28.000Z</time>
      </trkpt>
      <trkpt lat="43.089906" lon="-2.4373239999999998">
        <ele>170</ele>
        <time>2021-06-14T22:39:48.000Z</time>
      </trkpt>
      <trkpt lat="43.089899" lon="-2.4370129999999999">
        <ele>171</ele>
        <time>2021-06-14T22:40:08.000Z</time>
      </trkpt>
      <trkpt lat="43.089899" lon="-2.4370129999999999">
        <ele>171</ele>
        <time>2021-06-14T22:40:28.000Z</time>
      </trkpt>
      <trkpt lat="43.089902" lon="-2.4368560000000001">
        <ele>171</ele>
        <time>2021-06-14T22:40:48.000Z</time>
      </trkpt>
      <trkpt lat="43.089902" lon="-2.4368560000000001">
        <ele>171</ele>
        <time>2021-06-14T22:41:08.000Z</time>
      </trkpt>
      <trkpt lat="43.090024" lon="-2.4361799999999998">
        <ele>168</ele>
        <time>2021-06-14T22:41:28.000Z</time>
      </trkpt>
      <trkpt lat="43.090024" lon="-2.4361799999999998">
        <ele>168</ele>
        <time>2021-06-14T22:41:48.000Z</time>
      </trkpt>
      <trkpt lat="43.090148" lon="-2.435845">
        <ele>167</ele>
        <time>2021-06-14T22:42:08.000Z</time>
      </trkpt>
      <trkpt lat="43.090148" lon="-2.435845">
        <ele>167</ele>
        <time>2021-06-14T22:42:28.000Z</time>
      </trkpt>
      <trkpt lat="43.090391" lon="-2.4354290000000001">
        <ele>166</ele>
        <time>2021-06-14T22:42:48.000Z</time>
      </trkpt>
      <trkpt lat="43.090391" lon="-2.4354290000000001">
        <ele>166</ele>
        <time>2021-06-14T22:43:08.000Z</time>
      </trkpt>
      <trkpt lat="43.09047" lon="-2.4353229999999999">
        <ele>166</ele>
        <time>2021-06-14T22:43:28.000Z</time>
      </trkpt>
      <trkpt lat="43.09047" lon="-2.4353229999999999">
        <ele>166</ele>
        <time>2021-06-14T22:43:48.000Z</time>
      </trkpt>
      <trkpt lat="43.090815" lon="-2.4349210000000001">
        <ele>168</ele>
        <time>2021-06-14T22:44:08.000Z</time>
      </trkpt>
      <trkpt lat="43.090815" lon="-2.4349210000000001">
        <ele>168</ele>
        <time>2021-06-14T22:44:28.000Z</time>
      </trkpt>
      <trkpt lat="43.091099" lon="-2.434596">
        <ele>170</ele>
        <time>2021-06-14T22:44:48.000Z</time>
      </trkpt>
      <trkpt lat="43.091099" lon="-2.434596">
        <ele>170</ele>
        <time>2021-06-14T22:45:08.000Z</time>
      </trkpt>
      <trkpt lat="43.091451" lon="-2.4342389999999998">
        <ele>169</ele>
        <time>2021-06-14T22:45:28.000Z</time>
      </trkpt>
      <trkpt lat="43.091451" lon="-2.4342389999999998">
        <ele>169</ele>
        <time>2021-06-14T22:45:48.000Z</time>
      </trkpt>
      <trkpt lat="43.091635" lon="-2.4340470000000001">
        <ele>168</ele>
        <time>2021-06-14T22:46:08.000Z</time>
      </trkpt>
      <trkpt lat="43.091635" lon="-2.4340470000000001">
        <ele>168</ele>
        <time>2021-06-14T22:46:28.000Z</time>
      </trkpt>
      <trkpt lat="43.091683" lon="-2.4340069999999998">
        <ele>168</ele>
        <time>2021-06-14T22:46:48.000Z</time>
      </trkpt>
      <trkpt lat="43.091683" lon="-2.4340069999999998">
        <ele>168</ele>
        <time>2021-06-14T22:47:08.000Z</time>
      </trkpt>
      <trkpt lat="43.092075" lon="-2.433662">
        <ele>168</ele>
        <time>2021-06-14T22:47:28.000Z</time>
      </trkpt>
      <trkpt lat="43.092075" lon="-2.433662">
        <ele>168</ele>
        <time>2021-06-14T22:47:48.000Z</time>
      </trkpt>
      <trkpt lat="43.092327" lon="-2.4335070000000001">
        <ele>167</ele>
        <time>2021-06-14T22:48:08.000Z</time>
      </trkpt>
      <trkpt lat="43.092327" lon="-2.4335070000000001">
        <ele>167</ele>
        <time>2021-06-14T22:48:28.000Z</time>
      </trkpt>
      <trkpt lat="43.092542" lon="-2.4334060000000002">
        <ele>166</ele>
        <time>2021-06-14T22:48:48.000Z</time>
      </trkpt>
      <trkpt lat="43.092542" lon="-2.4334060000000002">
        <ele>166</ele>
        <time>2021-06-14T22:49:08.000Z</time>
      </trkpt>
      <trkpt lat="43.093" lon="-2.4332669999999998">
        <ele>164</ele>
        <time>2021-06-14T22:49:28.000Z</time>
      </trkpt>
      <trkpt lat="43.093" lon="-2.4332669999999998">
        <ele>164</ele>
        <time>2021-06-14T22:49:48.000Z</time>
      </trkpt>
      <trkpt lat="43.093409" lon="-2.4330970000000001">
        <ele>166</ele>
        <time>2021-06-14T22:50:08.000Z</time>
      </trkpt>
      <trkpt lat="43.093409" lon="-2.4330970000000001">
        <ele>166</ele>
        <time>2021-06-14T22:50:28.000Z</time>
      </trkpt>
      <trkpt lat="43.093581" lon="-2.4329040000000002">
        <ele>167</ele>
        <time>2021-06-14T22:50:48.000Z</time>
      </trkpt>
      <trkpt lat="43.093581" lon="-2.4329040000000002">
        <ele>167</ele>
        <time>2021-06-14T22:51:08.000Z</time>
      </trkpt>
      <trkpt lat="43.093838" lon="-2.4324849999999998">
        <ele>168</ele>
        <time>2021-06-14T22:51:28.000Z</time>
      </trkpt>
      <trkpt lat="43.093838" lon="-2.4324849999999998">
        <ele>168</ele>
        <time>2021-06-14T22:51:48.000Z</time>
      </trkpt>
      <trkpt lat="43.094208" lon="-2.4319329999999999">
        <ele>168</ele>
        <time>2021-06-14T22:52:08.000Z</time>
      </trkpt>
      <trkpt lat="43.094208" lon="-2.4319329999999999">
        <ele>168</ele>
        <time>2021-06-14T22:52:28.000Z</time>
      </trkpt>
      <trkpt lat="43.094572" lon="-2.431349">
        <ele>169</ele>
        <time>2021-06-14T22:52:48.000Z</time>
      </trkpt>
      <trkpt lat="43.094572" lon="-2.431349">
        <ele>169</ele>
        <time>2021-06-14T22:53:08.000Z</time>
      </trkpt>
      <trkpt lat="43.095011" lon="-2.430647">
        <ele>168</ele>
        <time>2021-06-14T22:53:28.000Z</time>
      </trkpt>
      <trkpt lat="43.095011" lon="-2.430647">
        <ele>168</ele>
        <time>2021-06-14T22:53:48.000Z</time>
      </trkpt>
      <trkpt lat="43.095247" lon="-2.4301309999999998">
        <ele>168</ele>
        <time>2021-06-14T22:54:08.000Z</time>
      </trkpt>
      <trkpt lat="43.095247" lon="-2.4301309999999998">
        <ele>168</ele>
        <time>2021-06-14T22:54:28.000Z</time>
      </trkpt>
      <trkpt lat="43.095486" lon="-2.429713">
        <ele>169</ele>
        <time>2021-06-14T22:54:48.000Z</time>
      </trkpt>
      <trkpt lat="43.095486" lon="-2.429713">
        <ele>169</ele>
        <time>2021-06-14T22:55:08.000Z</time>
      </trkpt>
      <trkpt lat="43.095901" lon="-2.4293439999999999">
        <ele>167</ele>
        <time>2021-06-14T22:55:28.000Z</time>
      </trkpt>
      <trkpt lat="43.095901" lon="-2.4293439999999999">
        <ele>167</ele>
        <time>2021-06-14T22:55:48.000Z</time>
      </trkpt>
      <trkpt lat="43.096319" lon="-2.4290210000000001">
        <ele>165</ele>
        <time>2021-06-14T22:56:08.000Z</time>
      </trkpt>
      <trkpt lat="43.096319" lon="-2.4290210000000001">
        <ele>165</ele>
        <time>2021-06-14T22:56:28.000Z</time>
      </trkpt>
      <trkpt lat="43.096617" lon="-2.4285649999999999">
        <ele>167</ele>
        <time>2021-06-14T22:56:48.000Z</time>
      </trkpt>
      <trkpt lat="43.096617" lon="-2.4285649999999999">
        <ele>167</ele>
        <time>2021-06-14T22:57:08.000Z</time>
      </trkpt>
      <trkpt lat="43.096768" lon="-2.4283709999999998">
        <ele>167</ele>
        <time>2021-06-14T22:57:28.000Z</time>
      </trkpt>
      <trkpt lat="43.096768" lon="-2.4283709999999998">
        <ele>167</ele>
        <time>2021-06-14T22:57:48.000Z</time>
      </trkpt>
      <trkpt lat="43.096858" lon="-2.428293">
        <ele>167</ele>
        <time>2021-06-14T22:58:08.000Z</time>
      </trkpt>
      <trkpt lat="43.096858" lon="-2.428293">
        <ele>167</ele>
        <time>2021-06-14T22:58:28.000Z</time>
      </trkpt>
      <trkpt lat="43.097002" lon="-2.4281990000000002">
        <ele>166</ele>
        <time>2021-06-14T22:58:48.000Z</time>
      </trkpt>
      <trkpt lat="43.097002" lon="-2.4281990000000002">
        <ele>166</ele>
        <time>2021-06-14T22:59:08.000Z</time>
      </trkpt>
      <trkpt lat="43.097378" lon="-2.4280439999999999">
        <ele>165</ele>
        <time>2021-06-14T22:59:28.000Z</time>
      </trkpt>
      <trkpt lat="43.097378" lon="-2.4280439999999999">
        <ele>165</ele>
        <time>2021-06-14T22:59:48.000Z</time>
      </trkpt>
      <trkpt lat="43.09779" lon="-2.427994">
        <ele>164</ele>
        <time>2021-06-14T23:00:08.000Z</time>
      </trkpt>
      <trkpt lat="43.09779" lon="-2.427994">
        <ele>164</ele>
        <time>2021-06-14T23:00:28.000Z</time>
      </trkpt>
      <trkpt lat="43.098158" lon="-2.4280309999999998">
        <ele>160</ele>
        <time>2021-06-14T23:00:48.000Z</time>
      </trkpt>
      <trkpt lat="43.098158" lon="-2.4280309999999998">
        <ele>160</ele>
        <time>2021-06-14T23:01:08.000Z</time>
      </trkpt>
      <trkpt lat="43.098509" lon="-2.4280430000000002">
        <ele>159</ele>
        <time>2021-06-14T23:01:28.000Z</time>
      </trkpt>
      <trkpt lat="43.098509" lon="-2.4280430000000002">
        <ele>159</ele>
        <time>2021-06-14T23:01:48.000Z</time>
      </trkpt>
      <trkpt lat="43.098687" lon="-2.4280599999999999">
        <ele>159</ele>
        <time>2021-06-14T23:02:08.000Z</time>
      </trkpt>
      <trkpt lat="43.098687" lon="-2.4280599999999999">
        <ele>159</ele>
        <time>2021-06-14T23:02:28.000Z</time>
      </trkpt>
      <trkpt lat="43.098722" lon="-2.4280740000000001">
        <ele>159</ele>
        <time>2021-06-14T23:02:48.000Z</time>
      </trkpt>
      <trkpt lat="43.098722" lon="-2.4280740000000001">
        <ele>159</ele>
        <time>2021-06-14T23:03:08.000Z</time>
      </trkpt>
      <trkpt lat="43.098849" lon="-2.428118">
        <ele>159</ele>
        <time>2021-06-14T23:03:28.000Z</time>
      </trkpt>
      <trkpt lat="43.098849" lon="-2.428118">
        <ele>159</ele>
        <time>2021-06-14T23:03:48.000Z</time>
      </trkpt>
      <trkpt lat="43.099054" lon="-2.428223">
        <ele>157</ele>
        <time>2021-06-14T23:04:08.000Z</time>
      </trkpt>
      <trkpt lat="43.099054" lon="-2.428223">
        <ele>157</ele>
        <time>2021-06-14T23:04:28.000Z</time>
      </trkpt>
      <trkpt lat="43.099236" lon="-2.4282620000000001">
        <ele>156</ele>
        <time>2021-06-14T23:04:48.000Z</time>
      </trkpt>
      <trkpt lat="43.099236" lon="-2.4282620000000001">
        <ele>156</ele>
        <time>2021-06-14T23:05:08.000Z</time>
      </trkpt>
      <trkpt lat="43.099468" lon="-2.428213">
        <ele>158</ele>
        <time>2021-06-14T23:05:28.000Z</time>
      </trkpt>
      <trkpt lat="43.099468" lon="-2.428213">
        <ele>158</ele>
        <time>2021-06-14T23:05:48.000Z</time>
      </trkpt>
      <trkpt lat="43.099588" lon="-2.4281069999999998">
        <ele>159</ele>
        <time>2021-06-14T23:06:08.000Z</time>
      </trkpt>
      <trkpt lat="43.099588" lon="-2.4281069999999998">
        <ele>159</ele>
        <time>2021-06-14T23:06:28.000Z</time>
      </trkpt>
      <trkpt lat="43.099798" lon="-2.4279090000000001">
        <ele>160</ele>
        <time>2021-06-14T23:06:48.000Z</time>
      </trkpt>
      <trkpt lat="43.099798" lon="-2.4279090000000001">
        <ele>160</ele>
        <time>2021-06-14T23:07:08.000Z</time>
      </trkpt>
      <trkpt lat="43.099824" lon="-2.4278780000000002">
        <ele>160</ele>
        <time>2021-06-14T23:07:28.000Z</time>
      </trkpt>
      <trkpt lat="43.099824" lon="-2.4278780000000002">
        <ele>160</ele>
        <time>2021-06-14T23:07:48.000Z</time>
      </trkpt>
      <trkpt lat="43.099859" lon="-2.4276909999999998">
        <ele>162</ele>
        <time>2021-06-14T23:08:08.000Z</time>
      </trkpt>
      <trkpt lat="43.099859" lon="-2.4276909999999998">
        <ele>162</ele>
        <time>2021-06-14T23:08:28.000Z</time>
      </trkpt>
      <trkpt lat="43.100017" lon="-2.4275669999999998">
        <ele>162</ele>
        <time>2021-06-14T23:08:48.000Z</time>
      </trkpt>
      <trkpt lat="43.100017" lon="-2.4275669999999998">
        <ele>162</ele>
        <time>2021-06-14T23:09:08.000Z</time>
      </trkpt>
      <trkpt lat="43.100414" lon="-2.4272209999999999">
        <ele>162</ele>
        <time>2021-06-14T23:09:28.000Z</time>
      </trkpt>
      <trkpt lat="43.100414" lon="-2.4272209999999999">
        <ele>162</ele>
        <time>2021-06-14T23:09:48.000Z</time>
      </trkpt>
      <trkpt lat="43.100458" lon="-2.4271799999999999">
        <ele>161</ele>
        <time>2021-06-14T23:10:08.000Z</time>
      </trkpt>
      <trkpt lat="43.100458" lon="-2.4271799999999999">
        <ele>161</ele>
        <time>2021-06-14T23:10:28.000Z</time>
      </trkpt>
      <trkpt lat="43.100694" lon="-2.4269880000000001">
        <ele>162</ele>
        <time>2021-06-14T23:10:48.000Z</time>
      </trkpt>
      <trkpt lat="43.100694" lon="-2.4269880000000001">
        <ele>162</ele>
        <time>2021-06-14T23:11:08.000Z</time>
      </trkpt>
      <trkpt lat="43.101086" lon="-2.4266079999999999">
        <ele>159</ele>
        <time>2021-06-14T23:11:28.000Z</time>
      </trkpt>
      <trkpt lat="43.101086" lon="-2.4266079999999999">
        <ele>159</ele>
        <time>2021-06-14T23:11:48.000Z</time>
      </trkpt>
      <trkpt lat="43.101512" lon="-2.4262239999999999">
        <ele>158</ele>
        <time>2021-06-14T23:12:08.000Z</time>
      </trkpt>
      <trkpt lat="43.101512" lon="-2.4262239999999999">
        <ele>158</ele>
        <time>2021-06-14T23:12:28.000Z</time>
      </trkpt>
      <trkpt lat="43.101914" lon="-2.4258449999999998">
        <ele>157</ele>
        <time>2021-06-14T23:12:48.000Z</time>
      </trkpt>
      <trkpt lat="43.101914" lon="-2.4258449999999998">
        <ele>157</ele>
        <time>2021-06-14T23:13:08.000Z</time>
      </trkpt>
      <trkpt lat="43.10228" lon="-2.4255399999999998">
        <ele>157</ele>
        <time>2021-06-14T23:13:28.000Z</time>
      </trkpt>
      <trkpt lat="43.10228" lon="-2.4255399999999998">
        <ele>157</ele>
        <time>2021-06-14T23:13:48.000Z</time>
      </trkpt>
      <trkpt lat="43.102706" lon="-2.4251649999999998">
        <ele>157</ele>
        <time>2021-06-14T23:14:08.000Z</time>
      </trkpt>
      <trkpt lat="43.102706" lon="-2.4251649999999998">
        <ele>157</ele>
        <time>2021-06-14T23:14:28.000Z</time>
      </trkpt>
      <trkpt lat="43.103164" lon="-2.4247649999999998">
        <ele>156</ele>
        <time>2021-06-14T23:14:48.000Z</time>
      </trkpt>
      <trkpt lat="43.103164" lon="-2.4247649999999998">
        <ele>156</ele>
        <time>2021-06-14T23:15:08.000Z</time>
      </trkpt>
      <trkpt lat="43.103439" lon="-2.4244780000000001">
        <ele>156</ele>
        <time>2021-06-14T23:15:28.000Z</time>
      </trkpt>
      <trkpt lat="43.103439" lon="-2.4244780000000001">
        <ele>156</ele>
        <time>2021-06-14T23:15:48.000Z</time>
      </trkpt>
      <trkpt lat="43.103614" lon="-2.424347">
        <ele>155</ele>
        <time>2021-06-14T23:16:08.000Z</time>
      </trkpt>
      <trkpt lat="43.103614" lon="-2.424347">
        <ele>155</ele>
        <time>2021-06-14T23:16:28.000Z</time>
      </trkpt>
      <trkpt lat="43.103956" lon="-2.4240490000000001">
        <ele>155</ele>
        <time>2021-06-14T23:16:48.000Z</time>
      </trkpt>
      <trkpt lat="43.103956" lon="-2.4240490000000001">
        <ele>155</ele>
        <time>2021-06-14T23:17:08.000Z</time>
      </trkpt>
      <trkpt lat="43.104331" lon="-2.4236879999999998">
        <ele>155</ele>
        <time>2021-06-14T23:17:28.000Z</time>
      </trkpt>
      <trkpt lat="43.104331" lon="-2.4236879999999998">
        <ele>155</ele>
        <time>2021-06-14T23:17:48.000Z</time>
      </trkpt>
      <trkpt lat="43.104469" lon="-2.4235600000000002">
        <ele>154</ele>
        <time>2021-06-14T23:18:08.000Z</time>
      </trkpt>
      <trkpt lat="43.104469" lon="-2.4235600000000002">
        <ele>154</ele>
        <time>2021-06-14T23:18:28.000Z</time>
      </trkpt>
      <trkpt lat="43.104827" lon="-2.4232300000000002">
        <ele>153</ele>
        <time>2021-06-14T23:18:48.000Z</time>
      </trkpt>
      <trkpt lat="43.104827" lon="-2.4232300000000002">
        <ele>153</ele>
        <time>2021-06-14T23:19:08.000Z</time>
      </trkpt>
      <trkpt lat="43.105308" lon="-2.4228529999999999">
        <ele>153</ele>
        <time>2021-06-14T23:19:28.000Z</time>
      </trkpt>
      <trkpt lat="43.105308" lon="-2.4228529999999999">
        <ele>153</ele>
        <time>2021-06-14T23:19:48.000Z</time>
      </trkpt>
      <trkpt lat="43.105649" lon="-2.4225050000000001">
        <ele>154</ele>
        <time>2021-06-14T23:20:08.000Z</time>
      </trkpt>
      <trkpt lat="43.105649" lon="-2.4225050000000001">
        <ele>154</ele>
        <time>2021-06-14T23:20:28.000Z</time>
      </trkpt>
      <trkpt lat="43.105753" lon="-2.422342">
        <ele>154</ele>
        <time>2021-06-14T23:20:48.000Z</time>
      </trkpt>
      <trkpt lat="43.105753" lon="-2.422342">
        <ele>154</ele>
        <time>2021-06-14T23:21:08.000Z</time>
      </trkpt>
      <trkpt lat="43.105877" lon="-2.422094">
        <ele>154</ele>
        <time>2021-06-14T23:21:28.000Z</time>
      </trkpt>
      <trkpt lat="43.105877" lon="-2.422094">
        <ele>154</ele>
        <time>2021-06-14T23:21:48.000Z</time>
      </trkpt>
      <trkpt lat="43.10612" lon="-2.4216030000000002">
        <ele>154</ele>
        <time>2021-06-14T23:22:08.000Z</time>
      </trkpt>
      <trkpt lat="43.10612" lon="-2.4216030000000002">
        <ele>154</ele>
        <time>2021-06-14T23:22:28.000Z</time>
      </trkpt>
      <trkpt lat="43.106196" lon="-2.421494">
        <ele>154</ele>
        <time>2021-06-14T23:22:48.000Z</time>
      </trkpt>
      <trkpt lat="43.106196" lon="-2.421494">
        <ele>154</ele>
        <time>2021-06-14T23:23:08.000Z</time>
      </trkpt>
      <trkpt lat="43.106392" lon="-2.42116">
        <ele>153</ele>
        <time>2021-06-14T23:23:28.000Z</time>
      </trkpt>
      <trkpt lat="43.106392" lon="-2.42116">
        <ele>153</ele>
        <time>2021-06-14T23:23:48.000Z</time>
      </trkpt>
      <trkpt lat="43.10652" lon="-2.4209070000000001">
        <ele>153</ele>
        <time>2021-06-14T23:24:08.000Z</time>
      </trkpt>
      <trkpt lat="43.10652" lon="-2.4209070000000001">
        <ele>153</ele>
        <time>2021-06-14T23:24:28.000Z</time>
      </trkpt>
      <trkpt lat="43.106629" lon="-2.4206720000000002">
        <ele>153</ele>
        <time>2021-06-14T23:24:48.000Z</time>
      </trkpt>
      <trkpt lat="43.106629" lon="-2.4206720000000002">
        <ele>153</ele>
        <time>2021-06-14T23:25:08.000Z</time>
      </trkpt>
      <trkpt lat="43.106779" lon="-2.4203830000000002">
        <ele>153</ele>
        <time>2021-06-14T23:25:28.000Z</time>
      </trkpt>
      <trkpt lat="43.106779" lon="-2.4203830000000002">
        <ele>153</ele>
        <time>2021-06-14T23:25:48.000Z</time>
      </trkpt>
      <trkpt lat="43.107036" lon="-2.4198780000000002">
        <ele>153</ele>
        <time>2021-06-14T23:26:08.000Z</time>
      </trkpt>
      <trkpt lat="43.107036" lon="-2.4198780000000002">
        <ele>153</ele>
        <time>2021-06-14T23:26:28.000Z</time>
      </trkpt>
      <trkpt lat="43.107239" lon="-2.4195099999999998">
        <ele>152</ele>
        <time>2021-06-14T23:26:48.000Z</time>
      </trkpt>
      <trkpt lat="43.107239" lon="-2.4195099999999998">
        <ele>152</ele>
        <time>2021-06-14T23:27:08.000Z</time>
      </trkpt>
      <trkpt lat="43.107319" lon="-2.419419">
        <ele>152</ele>
        <time>2021-06-14T23:27:28.000Z</time>
      </trkpt>
      <trkpt lat="43.107319" lon="-2.419419">
        <ele>152</ele>
        <time>2021-06-14T23:27:48.000Z</time>
      </trkpt>
      <trkpt lat="43.107446" lon="-2.4194270000000002">
        <ele>153</ele>
        <time>2021-06-14T23:28:08.000Z</time>
      </trkpt>
      <trkpt lat="43.107446" lon="-2.4194270000000002">
        <ele>153</ele>
        <time>2021-06-14T23:28:28.000Z</time>
      </trkpt>
      <trkpt lat="43.107662" lon="-2.419149">
        <ele>154</ele>
        <time>2021-06-14T23:28:48.000Z</time>
      </trkpt>
      <trkpt lat="43.107662" lon="-2.419149">
        <ele>154</ele>
        <time>2021-06-14T23:29:08.000Z</time>
      </trkpt>
      <trkpt lat="43.107791" lon="-2.4190429999999998">
        <ele>154</ele>
        <time>2021-06-14T23:29:28.000Z</time>
      </trkpt>
      <trkpt lat="43.107791" lon="-2.4190429999999998">
        <ele>154</ele>
        <time>2021-06-14T23:29:48.000Z</time>
      </trkpt>
      <trkpt lat="43.108211" lon="-2.4187020000000001">
        <ele>153</ele>
        <time>2021-06-14T23:30:08.000Z</time>
      </trkpt>
      <trkpt lat="43.108211" lon="-2.4187020000000001">
        <ele>153</ele>
        <time>2021-06-14T23:30:28.000Z</time>
      </trkpt>
      <trkpt lat="43.108333" lon="-2.4186079999999999">
        <ele>153</ele>
        <time>2021-06-14T23:30:48.000Z</time>
      </trkpt>
      <trkpt lat="43.108333" lon="-2.4186079999999999">
        <ele>153</ele>
        <time>2021-06-14T23:31:08.000Z</time>
      </trkpt>
      <trkpt lat="43.108479" lon="-2.4184839999999999">
        <ele>153</ele>
        <time>2021-06-14T23:31:28.000Z</time>
      </trkpt>
      <trkpt lat="43.108479" lon="-2.4184839999999999">
        <ele>153</ele>
        <time>2021-06-14T23:31:48.000Z</time>
      </trkpt>
      <trkpt lat="43.108605" lon="-2.4184009999999998">
        <ele>153</ele>
        <time>2021-06-14T23:32:08.000Z</time>
      </trkpt>
      <trkpt lat="43.108605" lon="-2.4184009999999998">
        <ele>153</ele>
        <time>2021-06-14T23:32:28.000Z</time>
      </trkpt>
      <trkpt lat="43.108619" lon="-2.41839">
        <ele>153</ele>
        <time>2021-06-14T23:32:48.000Z</time>
      </trkpt>
      <trkpt lat="43.108619" lon="-2.41839">
        <ele>153</ele>
        <time>2021-06-14T23:33:08.000Z</time>
      </trkpt>
      <trkpt lat="43.108629" lon="-2.4183810000000001">
        <ele>153</ele>
        <time>2021-06-14T23:33:28.000Z</time>
      </trkpt>
      <trkpt lat="43.108629" lon="-2.4183810000000001">
        <ele>153</ele>
        <time>2021-06-14T23:33:48.000Z</time>
      </trkpt>
      <trkpt lat="43.108907" lon="-2.4181859999999999">
        <ele>152</ele>
        <time>2021-06-14T23:34:08.000Z</time>
      </trkpt>
      <trkpt lat="43.108907" lon="-2.4181859999999999">
        <ele>152</ele>
        <time>2021-06-14T23:34:28.000Z</time>
      </trkpt>
      <trkpt lat="43.108941" lon="-2.4181759999999999">
        <ele>152</ele>
        <time>2021-06-14T23:34:48.000Z</time>
      </trkpt>
      <trkpt lat="43.108941" lon="-2.4181759999999999">
        <ele>152</ele>
        <time>2021-06-14T23:35:08.000Z</time>
      </trkpt>
      <trkpt lat="43.109075" lon="-2.4180480000000002">
        <ele>151</ele>
        <time>2021-06-14T23:35:28.000Z</time>
      </trkpt>
      <trkpt lat="43.109075" lon="-2.4180480000000002">
        <ele>151</ele>
        <time>2021-06-14T23:35:48.000Z</time>
      </trkpt>
      <trkpt lat="43.109237" lon="-2.4182009999999998">
        <ele>153</ele>
        <time>2021-06-14T23:36:08.000Z</time>
      </trkpt>
      <trkpt lat="43.109237" lon="-2.4182009999999998">
        <ele>153</ele>
        <time>2021-06-14T23:36:28.000Z</time>
      </trkpt>
      <trkpt lat="43.109322" lon="-2.418396">
        <ele>153</ele>
        <time>2021-06-14T23:36:48.000Z</time>
      </trkpt>
      <trkpt lat="43.109322" lon="-2.418396">
        <ele>153</ele>
        <time>2021-06-14T23:37:08.000Z</time>
      </trkpt>
      <trkpt lat="43.109452" lon="-2.4185129999999999">
        <ele>153</ele>
        <time>2021-06-14T23:37:28.000Z</time>
      </trkpt>
      <trkpt lat="43.109452" lon="-2.4185129999999999">
        <ele>153</ele>
        <time>2021-06-14T23:37:48.000Z</time>
      </trkpt>
      <trkpt lat="43.109565" lon="-2.4184999999999999">
        <ele>154</ele>
        <time>2021-06-14T23:38:08.000Z</time>
      </trkpt>
      <trkpt lat="43.109565" lon="-2.4184999999999999">
        <ele>154</ele>
        <time>2021-06-14T23:38:28.000Z</time>
      </trkpt>
      <trkpt lat="43.109583" lon="-2.4182190000000001">
        <ele>155</ele>
        <time>2021-06-14T23:38:48.000Z</time>
      </trkpt>
      <trkpt lat="43.109583" lon="-2.4182190000000001">
        <ele>155</ele>
        <time>2021-06-14T23:39:08.000Z</time>
      </trkpt>
      <trkpt lat="43.109852" lon="-2.4177170000000001">
        <ele>155</ele>
        <time>2021-06-14T23:39:28.000Z</time>
      </trkpt>
      <trkpt lat="43.109852" lon="-2.4177170000000001">
        <ele>155</ele>
        <time>2021-06-14T23:39:48.000Z</time>
      </trkpt>
      <trkpt lat="43.110324" lon="-2.4169529999999999">
        <ele>152</ele>
        <time>2021-06-14T23:40:08.000Z</time>
      </trkpt>
      <trkpt lat="43.110324" lon="-2.4169529999999999">
        <ele>152</ele>
        <time>2021-06-14T23:40:28.000Z</time>
      </trkpt>
      <trkpt lat="43.110466" lon="-2.4167580000000002">
        <ele>151</ele>
        <time>2021-06-14T23:40:48.000Z</time>
      </trkpt>
      <trkpt lat="43.110466" lon="-2.4167580000000002">
        <ele>151</ele>
        <time>2021-06-14T23:41:08.000Z</time>
      </trkpt>
      <trkpt lat="43.110617" lon="-2.4166430000000001">
        <ele>152</ele>
        <time>2021-06-14T23:41:28.000Z</time>
      </trkpt>
      <trkpt lat="43.110617" lon="-2.4166430000000001">
        <ele>152</ele>
        <time>2021-06-14T23:41:48.000Z</time>
      </trkpt>
      <trkpt lat="43.110716" lon="-2.4166080000000001">
        <ele>154</ele>
        <time>2021-06-14T23:42:08.000Z</time>
      </trkpt>
      <trkpt lat="43.110716" lon="-2.4166080000000001">
        <ele>154</ele>
        <time>2021-06-14T23:42:28.000Z</time>
      </trkpt>
      <trkpt lat="43.110731" lon="-2.4166059999999998">
        <ele>155</ele>
        <time>2021-06-14T23:42:48.000Z</time>
      </trkpt>
      <trkpt lat="43.110731" lon="-2.4166059999999998">
        <ele>155</ele>
        <time>2021-06-14T23:43:08.000Z</time>
      </trkpt>
      <trkpt lat="43.112424" lon="-2.4166620000000001">
        <ele>148</ele>
        <time>2021-06-14T23:43:28.000Z</time>
      </trkpt>
      <trkpt lat="43.112424" lon="-2.4166620000000001">
        <ele>148</ele>
        <time>2021-06-14T23:43:48.000Z</time>
      </trkpt>
      <trkpt lat="43.11246" lon="-2.4166650000000001">
        <ele>148</ele>
        <time>2021-06-14T23:44:08.000Z</time>
      </trkpt>
      <trkpt lat="43.11246" lon="-2.4166650000000001">
        <ele>148</ele>
        <time>2021-06-14T23:44:28.000Z</time>
      </trkpt>
      <trkpt lat="43.112513" lon="-2.4166729999999998">
        <ele>147</ele>
        <time>2021-06-14T23:44:48.000Z</time>
      </trkpt>
      <trkpt lat="43.112513" lon="-2.4166729999999998">
        <ele>147</ele>
        <time>2021-06-14T23:45:08.000Z</time>
      </trkpt>
      <trkpt lat="43.11254" lon="-2.4166780000000001">
        <ele>147</ele>
        <time>2021-06-14T23:45:28.000Z</time>
      </trkpt>
      <trkpt lat="43.11254" lon="-2.4166780000000001">
        <ele>147</ele>
        <time>2021-06-14T23:45:48.000Z</time>
      </trkpt>
      <trkpt lat="43.112852" lon="-2.416703">
        <ele>143</ele>
        <time>2021-06-14T23:46:08.000Z</time>
      </trkpt>
      <trkpt lat="43.112852" lon="-2.416703">
        <ele>143</ele>
        <time>2021-06-14T23:46:28.000Z</time>
      </trkpt>
      <trkpt lat="43.113381" lon="-2.4167390000000002">
        <ele>144</ele>
        <time>2021-06-14T23:46:48.000Z</time>
      </trkpt>
      <trkpt lat="43.113381" lon="-2.4167390000000002">
        <ele>144</ele>
        <time>2021-06-14T23:47:08.000Z</time>
      </trkpt>
      <trkpt lat="43.113612" lon="-2.4168159999999999">
        <ele>144</ele>
        <time>2021-06-14T23:47:28.000Z</time>
      </trkpt>
      <trkpt lat="43.113612" lon="-2.4168159999999999">
        <ele>144</ele>
        <time>2021-06-14T23:47:48.000Z</time>
      </trkpt>
      <trkpt lat="43.114092" lon="-2.417027">
        <ele>143</ele>
        <time>2021-06-14T23:48:08.000Z</time>
      </trkpt>
      <trkpt lat="43.114092" lon="-2.417027">
        <ele>143</ele>
        <time>2021-06-14T23:48:28.000Z</time>
      </trkpt>
      <trkpt lat="43.114313" lon="-2.4170780000000001">
        <ele>143</ele>
        <time>2021-06-14T23:48:48.000Z</time>
      </trkpt>
      <trkpt lat="43.114313" lon="-2.4170780000000001">
        <ele>143</ele>
        <time>2021-06-14T23:49:08.000Z</time>
      </trkpt>
      <trkpt lat="43.114475" lon="-2.4170560000000001">
        <ele>144</ele>
        <time>2021-06-14T23:49:28.000Z</time>
      </trkpt>
      <trkpt lat="43.114475" lon="-2.4170560000000001">
        <ele>144</ele>
        <time>2021-06-14T23:49:48.000Z</time>
      </trkpt>
      <trkpt lat="43.114897" lon="-2.4169330000000002">
        <ele>145</ele>
        <time>2021-06-14T23:50:08.000Z</time>
      </trkpt>
      <trkpt lat="43.114897" lon="-2.4169330000000002">
        <ele>145</ele>
        <time>2021-06-14T23:50:28.000Z</time>
      </trkpt>
      <trkpt lat="43.115036" lon="-2.4168989999999999">
        <ele>145</ele>
        <time>2021-06-14T23:50:48.000Z</time>
      </trkpt>
      <trkpt lat="43.115036" lon="-2.4168989999999999">
        <ele>145</ele>
        <time>2021-06-14T23:51:08.000Z</time>
      </trkpt>
      <trkpt lat="43.115332" lon="-2.4168440000000002">
        <ele>144</ele>
        <time>2021-06-14T23:51:28.000Z</time>
      </trkpt>
      <trkpt lat="43.115332" lon="-2.4168440000000002">
        <ele>144</ele>
        <time>2021-06-14T23:51:48.000Z</time>
      </trkpt>
      <trkpt lat="43.115464" lon="-2.4168249999999998">
        <ele>143</ele>
        <time>2021-06-14T23:52:08.000Z</time>
      </trkpt>
      <trkpt lat="43.115464" lon="-2.4168249999999998">
        <ele>143</ele>
        <time>2021-06-14T23:52:28.000Z</time>
      </trkpt>
      <trkpt lat="43.115576" lon="-2.4168240000000001">
        <ele>142</ele>
        <time>2021-06-14T23:52:48.000Z</time>
      </trkpt>
      <trkpt lat="43.115576" lon="-2.4168240000000001">
        <ele>142</ele>
        <time>2021-06-14T23:53:08.000Z</time>
      </trkpt>
      <trkpt lat="43.115984" lon="-2.416833">
        <ele>141</ele>
        <time>2021-06-14T23:53:28.000Z</time>
      </trkpt>
      <trkpt lat="43.115984" lon="-2.416833">
        <ele>141</ele>
        <time>2021-06-14T23:53:48.000Z</time>
      </trkpt>
      <trkpt lat="43.116146" lon="-2.4168479999999999">
        <ele>142</ele>
        <time>2021-06-14T23:54:08.000Z</time>
      </trkpt>
      <trkpt lat="43.116146" lon="-2.4168479999999999">
        <ele>142</ele>
        <time>2021-06-14T23:54:28.000Z</time>
      </trkpt>
      <trkpt lat="43.116309" lon="-2.416836">
        <ele>143</ele>
        <time>2021-06-14T23:54:48.000Z</time>
      </trkpt>
      <trkpt lat="43.116309" lon="-2.416836">
        <ele>143</ele>
        <time>2021-06-14T23:55:08.000Z</time>
      </trkpt>
      <trkpt lat="43.116461" lon="-2.416836">
        <ele>146</ele>
        <time>2021-06-14T23:55:28.000Z</time>
      </trkpt>
      <trkpt lat="43.116461" lon="-2.416836">
        <ele>146</ele>
        <time>2021-06-14T23:55:48.000Z</time>
      </trkpt>
      <trkpt lat="43.116642" lon="-2.4167679999999998">
        <ele>147</ele>
        <time>2021-06-14T23:56:08.000Z</time>
      </trkpt>
      <trkpt lat="43.116642" lon="-2.4167679999999998">
        <ele>147</ele>
        <time>2021-06-14T23:56:28.000Z</time>
      </trkpt>
      <trkpt lat="43.116858" lon="-2.4166050000000001">
        <ele>145</ele>
        <time>2021-06-14T23:56:48.000Z</time>
      </trkpt>
      <trkpt lat="43.116858" lon="-2.4166050000000001">
        <ele>145</ele>
        <time>2021-06-14T23:57:08.000Z</time>
      </trkpt>
      <trkpt lat="43.117155" lon="-2.4163990000000002">
        <ele>145</ele>
        <time>2021-06-14T23:57:28.000Z</time>
      </trkpt>
      <trkpt lat="43.117155" lon="-2.4163990000000002">
        <ele>145</ele>
        <time>2021-06-14T23:57:48.000Z</time>
      </trkpt>
      <trkpt lat="43.117479" lon="-2.4162680000000001">
        <ele>146</ele>
        <time>2021-06-14T23:58:08.000Z</time>
      </trkpt>
      <trkpt lat="43.117479" lon="-2.4162680000000001">
        <ele>146</ele>
        <time>2021-06-14T23:58:28.000Z</time>
      </trkpt>
      <trkpt lat="43.117613" lon="-2.4162020000000002">
        <ele>146</ele>
        <time>2021-06-14T23:58:48.000Z</time>
      </trkpt>
      <trkpt lat="43.117613" lon="-2.4162020000000002">
        <ele>146</ele>
        <time>2021-06-14T23:59:08.000Z</time>
      </trkpt>
      <trkpt lat="43.118039" lon="-2.4160210000000002">
        <ele>147</ele>
        <time>2021-06-14T23:59:28.000Z</time>
      </trkpt>
      <trkpt lat="43.118039" lon="-2.4160210000000002">
        <ele>147</ele>
        <time>2021-06-14T23:59:48.000Z</time>
      </trkpt>
      <trkpt lat="43.11837" lon="-2.4160020000000002">
        <ele>147</ele>
        <time>2021-06-15T00:00:08.000Z</time>
      </trkpt>
      <trkpt lat="43.11837" lon="-2.4160020000000002">
        <ele>147</ele>
        <time>2021-06-15T00:00:28.000Z</time>
      </trkpt>
      <trkpt lat="43.118628" lon="-2.416099">
        <ele>147</ele>
        <time>2021-06-15T00:00:48.000Z</time>
      </trkpt>
      <trkpt lat="43.118628" lon="-2.416099">
        <ele>147</ele>
        <time>2021-06-15T00:01:08.000Z</time>
      </trkpt>
      <trkpt lat="43.118951" lon="-2.4162249999999998">
        <ele>145</ele>
        <time>2021-06-15T00:01:28.000Z</time>
      </trkpt>
      <trkpt lat="43.118951" lon="-2.4162249999999998">
        <ele>145</ele>
        <time>2021-06-15T00:01:48.000Z</time>
      </trkpt>
      <trkpt lat="43.119083" lon="-2.4163389999999998">
        <ele>145</ele>
        <time>2021-06-15T00:02:08.000Z</time>
      </trkpt>
      <trkpt lat="43.119083" lon="-2.4163389999999998">
        <ele>145</ele>
        <time>2021-06-15T00:02:28.000Z</time>
      </trkpt>
      <trkpt lat="43.119134" lon="-2.4164379999999999">
        <ele>144</ele>
        <time>2021-06-15T00:02:48.000Z</time>
      </trkpt>
      <trkpt lat="43.119134" lon="-2.4164379999999999">
        <ele>144</ele>
        <time>2021-06-15T00:03:08.000Z</time>
      </trkpt>
      <trkpt lat="43.119205" lon="-2.4166370000000001">
        <ele>144</ele>
        <time>2021-06-15T00:03:28.000Z</time>
      </trkpt>
      <trkpt lat="43.119205" lon="-2.4166370000000001">
        <ele>144</ele>
        <time>2021-06-15T00:03:48.000Z</time>
      </trkpt>
      <trkpt lat="43.119343" lon="-2.416636">
        <ele>143</ele>
        <time>2021-06-15T00:04:08.000Z</time>
      </trkpt>
      <trkpt lat="43.119343" lon="-2.416636">
        <ele>143</ele>
        <time>2021-06-15T00:04:28.000Z</time>
      </trkpt>
      <trkpt lat="43.119511" lon="-2.4166259999999999">
        <ele>142</ele>
        <time>2021-06-15T00:04:48.000Z</time>
      </trkpt>
      <trkpt lat="43.119511" lon="-2.4166259999999999">
        <ele>142</ele>
        <time>2021-06-15T00:05:08.000Z</time>
      </trkpt>
      <trkpt lat="43.119583" lon="-2.4167380000000001">
        <ele>142</ele>
        <time>2021-06-15T00:05:28.000Z</time>
      </trkpt>
      <trkpt lat="43.119583" lon="-2.4167380000000001">
        <ele>142</ele>
        <time>2021-06-15T00:05:48.000Z</time>
      </trkpt>
      <trkpt lat="43.11962" lon="-2.4168099999999999">
        <ele>142</ele>
        <time>2021-06-15T00:06:08.000Z</time>
      </trkpt>
      <trkpt lat="43.11962" lon="-2.4168099999999999">
        <ele>142</ele>
        <time>2021-06-15T00:06:28.000Z</time>
      </trkpt>
      <trkpt lat="43.119709" lon="-2.4171490000000002">
        <ele>140</ele>
        <time>2021-06-15T00:06:48.000Z</time>
      </trkpt>
      <trkpt lat="43.119709" lon="-2.4171490000000002">
        <ele>140</ele>
        <time>2021-06-15T00:07:08.000Z</time>
      </trkpt>
      <trkpt lat="43.119812" lon="-2.4176449999999998">
        <ele>140</ele>
        <time>2021-06-15T00:07:28.000Z</time>
      </trkpt>
      <trkpt lat="43.119812" lon="-2.4176449999999998">
        <ele>140</ele>
        <time>2021-06-15T00:07:48.000Z</time>
      </trkpt>
      <trkpt lat="43.119855" lon="-2.417767">
        <ele>140</ele>
        <time>2021-06-15T00:08:08.000Z</time>
      </trkpt>
      <trkpt lat="43.119855" lon="-2.417767">
        <ele>140</ele>
        <time>2021-06-15T00:08:28.000Z</time>
      </trkpt>
      <trkpt lat="43.119891" lon="-2.417891">
        <ele>139</ele>
        <time>2021-06-15T00:08:48.000Z</time>
      </trkpt>
      <trkpt lat="43.119891" lon="-2.417891">
        <ele>139</ele>
        <time>2021-06-15T00:09:08.000Z</time>
      </trkpt>
      <trkpt lat="43.119914" lon="-2.4180090000000001">
        <ele>139</ele>
        <time>2021-06-15T00:09:28.000Z</time>
      </trkpt>
      <trkpt lat="43.119914" lon="-2.4180090000000001">
        <ele>139</ele>
        <time>2021-06-15T00:09:48.000Z</time>
      </trkpt>
      <trkpt lat="43.119987" lon="-2.4183409999999999">
        <ele>139</ele>
        <time>2021-06-15T00:10:08.000Z</time>
      </trkpt>
      <trkpt lat="43.119987" lon="-2.4183409999999999">
        <ele>139</ele>
        <time>2021-06-15T00:10:28.000Z</time>
      </trkpt>
      <trkpt lat="43.120049" lon="-2.418768">
        <ele>139</ele>
        <time>2021-06-15T00:10:48.000Z</time>
      </trkpt>
      <trkpt lat="43.120049" lon="-2.418768">
        <ele>139</ele>
        <time>2021-06-15T00:11:08.000Z</time>
      </trkpt>
      <trkpt lat="43.12009" lon="-2.4189980000000002">
        <ele>139</ele>
        <time>2021-06-15T00:11:28.000Z</time>
      </trkpt>
      <trkpt lat="43.12009" lon="-2.4189980000000002">
        <ele>139</ele>
        <time>2021-06-15T00:11:48.000Z</time>
      </trkpt>
      <trkpt lat="43.120186" lon="-2.419416">
        <ele>139</ele>
        <time>2021-06-15T00:12:08.000Z</time>
      </trkpt>
      <trkpt lat="43.120186" lon="-2.419416">
        <ele>139</ele>
        <time>2021-06-15T00:12:28.000Z</time>
      </trkpt>
      <trkpt lat="43.120204" lon="-2.4195329999999999">
        <ele>139</ele>
        <time>2021-06-15T00:12:48.000Z</time>
      </trkpt>
      <trkpt lat="43.120204" lon="-2.4195329999999999">
        <ele>139</ele>
        <time>2021-06-15T00:13:08.000Z</time>
      </trkpt>
      <trkpt lat="43.120257" lon="-2.4198409999999999">
        <ele>139</ele>
        <time>2021-06-15T00:13:28.000Z</time>
      </trkpt>
      <trkpt lat="43.120257" lon="-2.4198409999999999">
        <ele>139</ele>
        <time>2021-06-15T00:13:48.000Z</time>
      </trkpt>
      <trkpt lat="43.120307" lon="-2.4200719999999998">
        <ele>139</ele>
        <time>2021-06-15T00:14:08.000Z</time>
      </trkpt>
      <trkpt lat="43.120307" lon="-2.4200719999999998">
        <ele>139</ele>
        <time>2021-06-15T00:14:28.000Z</time>
      </trkpt>
      <trkpt lat="43.120369" lon="-2.4202919999999999">
        <ele>139</ele>
        <time>2021-06-15T00:14:48.000Z</time>
      </trkpt>
      <trkpt lat="43.120369" lon="-2.4202919999999999">
        <ele>139</ele>
        <time>2021-06-15T00:15:08.000Z</time>
      </trkpt>
      <trkpt lat="43.120423" lon="-2.4205199999999998">
        <ele>139</ele>
        <time>2021-06-15T00:15:28.000Z</time>
      </trkpt>
      <trkpt lat="43.120423" lon="-2.4205199999999998">
        <ele>139</ele>
        <time>2021-06-15T00:15:48.000Z</time>
      </trkpt>
      <trkpt lat="43.120452" lon="-2.4206490000000001">
        <ele>139</ele>
        <time>2021-06-15T00:16:08.000Z</time>
      </trkpt>
      <trkpt lat="43.120452" lon="-2.4206490000000001">
        <ele>139</ele>
        <time>2021-06-15T00:16:28.000Z</time>
      </trkpt>
      <trkpt lat="43.120552" lon="-2.4211589999999998">
        <ele>139</ele>
        <time>2021-06-15T00:16:48.000Z</time>
      </trkpt>
      <trkpt lat="43.120552" lon="-2.4211589999999998">
        <ele>139</ele>
        <time>2021-06-15T00:17:08.000Z</time>
      </trkpt>
      <trkpt lat="43.12071" lon="-2.4214319999999998">
        <ele>139</ele>
        <time>2021-06-15T00:17:28.000Z</time>
      </trkpt>
      <trkpt lat="43.12071" lon="-2.4214319999999998">
        <ele>139</ele>
        <time>2021-06-15T00:17:48.000Z</time>
      </trkpt>
      <trkpt lat="43.120782" lon="-2.4215140000000002">
        <ele>139</ele>
        <time>2021-06-15T00:18:08.000Z</time>
      </trkpt>
      <trkpt lat="43.120782" lon="-2.4215140000000002">
        <ele>139</ele>
        <time>2021-06-15T00:18:28.000Z</time>
      </trkpt>
      <trkpt lat="43.121055" lon="-2.421773">
        <ele>139</ele>
        <time>2021-06-15T00:18:48.000Z</time>
      </trkpt>
      <trkpt lat="43.121055" lon="-2.421773">
        <ele>139</ele>
        <time>2021-06-15T00:19:08.000Z</time>
      </trkpt>
      <trkpt lat="43.121231" lon="-2.4218609999999998">
        <ele>139</ele>
        <time>2021-06-15T00:19:28.000Z</time>
      </trkpt>
      <trkpt lat="43.121231" lon="-2.4218609999999998">
        <ele>139</ele>
        <time>2021-06-15T00:19:48.000Z</time>
      </trkpt>
      <trkpt lat="43.121461" lon="-2.4219119999999998">
        <ele>138</ele>
        <time>2021-06-15T00:20:08.000Z</time>
      </trkpt>
      <trkpt lat="43.121461" lon="-2.4219119999999998">
        <ele>138</ele>
        <time>2021-06-15T00:20:28.000Z</time>
      </trkpt>
      <trkpt lat="43.121631" lon="-2.4218860000000002">
        <ele>138</ele>
        <time>2021-06-15T00:20:48.000Z</time>
      </trkpt>
      <trkpt lat="43.121631" lon="-2.4218860000000002">
        <ele>138</ele>
        <time>2021-06-15T00:21:08.000Z</time>
      </trkpt>
      <trkpt lat="43.121804" lon="-2.421789">
        <ele>137</ele>
        <time>2021-06-15T00:21:28.000Z</time>
      </trkpt>
      <trkpt lat="43.121804" lon="-2.421789">
        <ele>137</ele>
        <time>2021-06-15T00:21:48.000Z</time>
      </trkpt>
      <trkpt lat="43.121907" lon="-2.4217770000000001">
        <ele>135</ele>
        <time>2021-06-15T00:22:08.000Z</time>
      </trkpt>
      <trkpt lat="43.121907" lon="-2.4217770000000001">
        <ele>135</ele>
        <time>2021-06-15T00:22:28.000Z</time>
      </trkpt>
      <trkpt lat="43.122236" lon="-2.4217249999999999">
        <ele>136</ele>
        <time>2021-06-15T00:22:48.000Z</time>
      </trkpt>
      <trkpt lat="43.122236" lon="-2.4217249999999999">
        <ele>136</ele>
        <time>2021-06-15T00:23:08.000Z</time>
      </trkpt>
      <trkpt lat="43.12257" lon="-2.4217">
        <ele>138</ele>
        <time>2021-06-15T00:23:28.000Z</time>
      </trkpt>
      <trkpt lat="43.12257" lon="-2.4217">
        <ele>138</ele>
        <time>2021-06-15T00:23:48.000Z</time>
      </trkpt>
      <trkpt lat="43.123049" lon="-2.4215499999999999">
        <ele>138</ele>
        <time>2021-06-15T00:24:08.000Z</time>
      </trkpt>
      <trkpt lat="43.123049" lon="-2.4215499999999999">
        <ele>138</ele>
        <time>2021-06-15T00:24:28.000Z</time>
      </trkpt>
      <trkpt lat="43.123457" lon="-2.4214989999999998">
        <ele>138</ele>
        <time>2021-06-15T00:24:48.000Z</time>
      </trkpt>
      <trkpt lat="43.123457" lon="-2.4214989999999998">
        <ele>138</ele>
        <time>2021-06-15T00:25:08.000Z</time>
      </trkpt>
      <trkpt lat="43.124001" lon="-2.4214500000000001">
        <ele>137</ele>
        <time>2021-06-15T00:25:28.000Z</time>
      </trkpt>
      <trkpt lat="43.124001" lon="-2.4214500000000001">
        <ele>137</ele>
        <time>2021-06-15T00:25:48.000Z</time>
      </trkpt>
      <trkpt lat="43.124484" lon="-2.4213879999999999">
        <ele>137</ele>
        <time>2021-06-15T00:26:08.000Z</time>
      </trkpt>
      <trkpt lat="43.124484" lon="-2.4213879999999999">
        <ele>137</ele>
        <time>2021-06-15T00:26:28.000Z</time>
      </trkpt>
      <trkpt lat="43.125077" lon="-2.421306">
        <ele>137</ele>
        <time>2021-06-15T00:26:48.000Z</time>
      </trkpt>
      <trkpt lat="43.125077" lon="-2.421306">
        <ele>137</ele>
        <time>2021-06-15T00:27:08.000Z</time>
      </trkpt>
      <trkpt lat="43.125564" lon="-2.4212500000000001">
        <ele>136</ele>
        <time>2021-06-15T00:27:28.000Z</time>
      </trkpt>
      <trkpt lat="43.125564" lon="-2.4212500000000001">
        <ele>136</ele>
        <time>2021-06-15T00:27:48.000Z</time>
      </trkpt>
      <trkpt lat="43.126029" lon="-2.4211969999999998">
        <ele>135</ele>
        <time>2021-06-15T00:28:08.000Z</time>
      </trkpt>
      <trkpt lat="43.126029" lon="-2.4211969999999998">
        <ele>135</ele>
        <time>2021-06-15T00:28:28.000Z</time>
      </trkpt>
      <trkpt lat="43.126202" lon="-2.4211079999999998">
        <ele>135</ele>
        <time>2021-06-15T00:28:48.000Z</time>
      </trkpt>
      <trkpt lat="43.126202" lon="-2.4211079999999998">
        <ele>135</ele>
        <time>2021-06-15T00:29:08.000Z</time>
      </trkpt>
      <trkpt lat="43.126472" lon="-2.4210769999999999">
        <ele>135</ele>
        <time>2021-06-15T00:29:28.000Z</time>
      </trkpt>
      <trkpt lat="43.126472" lon="-2.4210769999999999">
        <ele>135</ele>
        <time>2021-06-15T00:29:48.000Z</time>
      </trkpt>
      <trkpt lat="43.126905" lon="-2.4210280000000002">
        <ele>135</ele>
        <time>2021-06-15T00:30:08.000Z</time>
      </trkpt>
      <trkpt lat="43.126905" lon="-2.4210280000000002">
        <ele>135</ele>
        <time>2021-06-15T00:30:28.000Z</time>
      </trkpt>
      <trkpt lat="43.127346" lon="-2.4209580000000002">
        <ele>135</ele>
        <time>2021-06-15T00:30:48.000Z</time>
      </trkpt>
      <trkpt lat="43.127346" lon="-2.4209580000000002">
        <ele>135</ele>
        <time>2021-06-15T00:31:08.000Z</time>
      </trkpt>
      <trkpt lat="43.12767" lon="-2.4209710000000002">
        <ele>134</ele>
        <time>2021-06-15T00:31:28.000Z</time>
      </trkpt>
      <trkpt lat="43.12767" lon="-2.4209710000000002">
        <ele>134</ele>
        <time>2021-06-15T00:31:48.000Z</time>
      </trkpt>
      <trkpt lat="43.12788" lon="-2.4209900000000002">
        <ele>134</ele>
        <time>2021-06-15T00:32:08.000Z</time>
      </trkpt>
      <trkpt lat="43.12788" lon="-2.4209900000000002">
        <ele>134</ele>
        <time>2021-06-15T00:32:28.000Z</time>
      </trkpt>
      <trkpt lat="43.12827" lon="-2.420979">
        <ele>134</ele>
        <time>2021-06-15T00:32:48.000Z</time>
      </trkpt>
      <trkpt lat="43.12827" lon="-2.420979">
        <ele>134</ele>
        <time>2021-06-15T00:33:08.000Z</time>
      </trkpt>
      <trkpt lat="43.128717" lon="-2.420884">
        <ele>135</ele>
        <time>2021-06-15T00:33:28.000Z</time>
      </trkpt>
      <trkpt lat="43.128717" lon="-2.420884">
        <ele>135</ele>
        <time>2021-06-15T00:33:48.000Z</time>
      </trkpt>
      <trkpt lat="43.128875" lon="-2.420874">
        <ele>135</ele>
        <time>2021-06-15T00:34:08.000Z</time>
      </trkpt>
      <trkpt lat="43.128875" lon="-2.420874">
        <ele>135</ele>
        <time>2021-06-15T00:34:28.000Z</time>
      </trkpt>
      <trkpt lat="43.129304" lon="-2.4208980000000002">
        <ele>135</ele>
        <time>2021-06-15T00:34:48.000Z</time>
      </trkpt>
      <trkpt lat="43.129304" lon="-2.4208980000000002">
        <ele>135</ele>
        <time>2021-06-15T00:35:08.000Z</time>
      </trkpt>
      <trkpt lat="43.129793" lon="-2.4209619999999998">
        <ele>135</ele>
        <time>2021-06-15T00:35:28.000Z</time>
      </trkpt>
      <trkpt lat="43.129793" lon="-2.4209619999999998">
        <ele>135</ele>
        <time>2021-06-15T00:35:48.000Z</time>
      </trkpt>
      <trkpt lat="43.130109" lon="-2.420995">
        <ele>135</ele>
        <time>2021-06-15T00:36:08.000Z</time>
      </trkpt>
      <trkpt lat="43.130109" lon="-2.420995">
        <ele>135</ele>
        <time>2021-06-15T00:36:28.000Z</time>
      </trkpt>
      <trkpt lat="43.130525" lon="-2.4210799999999999">
        <ele>134</ele>
        <time>2021-06-15T00:36:48.000Z</time>
      </trkpt>
      <trkpt lat="43.130525" lon="-2.4210799999999999">
        <ele>134</ele>
        <time>2021-06-15T00:37:08.000Z</time>
      </trkpt>
      <trkpt lat="43.130735" lon="-2.4210980000000002">
        <ele>135</ele>
        <time>2021-06-15T00:37:28.000Z</time>
      </trkpt>
      <trkpt lat="43.130735" lon="-2.4210980000000002">
        <ele>135</ele>
        <time>2021-06-15T00:37:48.000Z</time>
      </trkpt>
      <trkpt lat="43.13094" lon="-2.421176">
        <ele>134</ele>
        <time>2021-06-15T00:38:08.000Z</time>
      </trkpt>
      <trkpt lat="43.13094" lon="-2.421176">
        <ele>134</ele>
        <time>2021-06-15T00:38:28.000Z</time>
      </trkpt>
      <trkpt lat="43.131507" lon="-2.421313">
        <ele>132</ele>
        <time>2021-06-15T00:38:48.000Z</time>
      </trkpt>
      <trkpt lat="43.131507" lon="-2.421313">
        <ele>132</ele>
        <time>2021-06-15T00:39:08.000Z</time>
      </trkpt>
      <trkpt lat="43.13186" lon="-2.4214190000000002">
        <ele>133</ele>
        <time>2021-06-15T00:39:28.000Z</time>
      </trkpt>
      <trkpt lat="43.13186" lon="-2.4214190000000002">
        <ele>133</ele>
        <time>2021-06-15T00:39:48.000Z</time>
      </trkpt>
      <trkpt lat="43.132212" lon="-2.4215010000000001">
        <ele>133</ele>
        <time>2021-06-15T00:40:08.000Z</time>
      </trkpt>
      <trkpt lat="43.132212" lon="-2.4215010000000001">
        <ele>133</ele>
        <time>2021-06-15T00:40:28.000Z</time>
      </trkpt>
      <trkpt lat="43.132642" lon="-2.4215779999999998">
        <ele>132</ele>
        <time>2021-06-15T00:40:48.000Z</time>
      </trkpt>
      <trkpt lat="43.132642" lon="-2.4215779999999998">
        <ele>132</ele>
        <time>2021-06-15T00:41:08.000Z</time>
      </trkpt>
      <trkpt lat="43.132956" lon="-2.4216440000000001">
        <ele>131</ele>
        <time>2021-06-15T00:41:28.000Z</time>
      </trkpt>
      <trkpt lat="43.132956" lon="-2.4216440000000001">
        <ele>131</ele>
        <time>2021-06-15T00:41:48.000Z</time>
      </trkpt>
      <trkpt lat="43.133379" lon="-2.421659">
        <ele>131</ele>
        <time>2021-06-15T00:42:08.000Z</time>
      </trkpt>
      <trkpt lat="43.133379" lon="-2.421659">
        <ele>131</ele>
        <time>2021-06-15T00:42:28.000Z</time>
      </trkpt>
      <trkpt lat="43.133536" lon="-2.4215939999999998">
        <ele>131</ele>
        <time>2021-06-15T00:42:48.000Z</time>
      </trkpt>
      <trkpt lat="43.133536" lon="-2.4215939999999998">
        <ele>131</ele>
        <time>2021-06-15T00:43:08.000Z</time>
      </trkpt>
      <trkpt lat="43.133607" lon="-2.4215100000000001">
        <ele>131</ele>
        <time>2021-06-15T00:43:28.000Z</time>
      </trkpt>
      <trkpt lat="43.133607" lon="-2.4215100000000001">
        <ele>131</ele>
        <time>2021-06-15T00:43:48.000Z</time>
      </trkpt>
      <trkpt lat="43.134005" lon="-2.4211299999999998">
        <ele>132</ele>
        <time>2021-06-15T00:44:08.000Z</time>
      </trkpt>
      <trkpt lat="43.134005" lon="-2.4211299999999998">
        <ele>132</ele>
        <time>2021-06-15T00:44:28.000Z</time>
      </trkpt>
      <trkpt lat="43.134469" lon="-2.4208880000000002">
        <ele>134</ele>
        <time>2021-06-15T00:44:48.000Z</time>
      </trkpt>
      <trkpt lat="43.134469" lon="-2.4208880000000002">
        <ele>134</ele>
        <time>2021-06-15T00:45:08.000Z</time>
      </trkpt>
      <trkpt lat="43.134644" lon="-2.4208319999999999">
        <ele>134</ele>
        <time>2021-06-15T00:45:28.000Z</time>
      </trkpt>
      <trkpt lat="43.134644" lon="-2.4208319999999999">
        <ele>134</ele>
        <time>2021-06-15T00:45:48.000Z</time>
      </trkpt>
      <trkpt lat="43.134737" lon="-2.4207830000000001">
        <ele>134</ele>
        <time>2021-06-15T00:46:08.000Z</time>
      </trkpt>
      <trkpt lat="43.134737" lon="-2.4207830000000001">
        <ele>134</ele>
        <time>2021-06-15T00:46:28.000Z</time>
      </trkpt>
      <trkpt lat="43.134879" lon="-2.420722">
        <ele>133</ele>
        <time>2021-06-15T00:46:48.000Z</time>
      </trkpt>
      <trkpt lat="43.134879" lon="-2.420722">
        <ele>133</ele>
        <time>2021-06-15T00:47:08.000Z</time>
      </trkpt>
      <trkpt lat="43.135303" lon="-2.42056">
        <ele>131</ele>
        <time>2021-06-15T00:47:28.000Z</time>
      </trkpt>
      <trkpt lat="43.135303" lon="-2.42056">
        <ele>131</ele>
        <time>2021-06-15T00:47:48.000Z</time>
      </trkpt>
      <trkpt lat="43.13568" lon="-2.4203769999999998">
        <ele>132</ele>
        <time>2021-06-15T00:48:08.000Z</time>
      </trkpt>
      <trkpt lat="43.13568" lon="-2.4203769999999998">
        <ele>132</ele>
        <time>2021-06-15T00:48:28.000Z</time>
      </trkpt>
      <trkpt lat="43.1361" lon="-2.4202340000000002">
        <ele>132</ele>
        <time>2021-06-15T00:48:48.000Z</time>
      </trkpt>
      <trkpt lat="43.1361" lon="-2.4202340000000002">
        <ele>132</ele>
        <time>2021-06-15T00:49:08.000Z</time>
      </trkpt>
      <trkpt lat="43.136336" lon="-2.4200750000000002">
        <ele>132</ele>
        <time>2021-06-15T00:49:28.000Z</time>
      </trkpt>
      <trkpt lat="43.136336" lon="-2.4200750000000002">
        <ele>132</ele>
        <time>2021-06-15T00:49:48.000Z</time>
      </trkpt>
      <trkpt lat="43.136531" lon="-2.419899">
        <ele>132</ele>
        <time>2021-06-15T00:50:08.000Z</time>
      </trkpt>
      <trkpt lat="43.136531" lon="-2.419899">
        <ele>132</ele>
        <time>2021-06-15T00:50:28.000Z</time>
      </trkpt>
      <trkpt lat="43.136876" lon="-2.4195030000000002">
        <ele>132</ele>
        <time>2021-06-15T00:50:48.000Z</time>
      </trkpt>
      <trkpt lat="43.136876" lon="-2.4195030000000002">
        <ele>132</ele>
        <time>2021-06-15T00:51:08.000Z</time>
      </trkpt>
      <trkpt lat="43.136981" lon="-2.4194900000000001">
        <ele>131</ele>
        <time>2021-06-15T00:51:28.000Z</time>
      </trkpt>
      <trkpt lat="43.136981" lon="-2.4194900000000001">
        <ele>131</ele>
        <time>2021-06-15T00:51:48.000Z</time>
      </trkpt>
      <trkpt lat="43.137235" lon="-2.419467">
        <ele>129</ele>
        <time>2021-06-15T00:52:08.000Z</time>
      </trkpt>
      <trkpt lat="43.137235" lon="-2.419467">
        <ele>129</ele>
        <time>2021-06-15T00:52:28.000Z</time>
      </trkpt>
      <trkpt lat="43.137383" lon="-2.4193129999999998">
        <ele>129</ele>
        <time>2021-06-15T00:52:48.000Z</time>
      </trkpt>
      <trkpt lat="43.137383" lon="-2.4193129999999998">
        <ele>129</ele>
        <time>2021-06-15T00:53:08.000Z</time>
      </trkpt>
      <trkpt lat="43.137523" lon="-2.419149">
        <ele>129</ele>
        <time>2021-06-15T00:53:28.000Z</time>
      </trkpt>
      <trkpt lat="43.137523" lon="-2.419149">
        <ele>129</ele>
        <time>2021-06-15T00:53:48.000Z</time>
      </trkpt>
      <trkpt lat="43.137667" lon="-2.4189949999999998">
        <ele>128</ele>
        <time>2021-06-15T00:54:08.000Z</time>
      </trkpt>
      <trkpt lat="43.137667" lon="-2.4189949999999998">
        <ele>128</ele>
        <time>2021-06-15T00:54:28.000Z</time>
      </trkpt>
      <trkpt lat="43.13785" lon="-2.4187349999999999">
        <ele>128</ele>
        <time>2021-06-15T00:54:48.000Z</time>
      </trkpt>
      <trkpt lat="43.13785" lon="-2.4187349999999999">
        <ele>128</ele>
        <time>2021-06-15T00:55:08.000Z</time>
      </trkpt>
      <trkpt lat="43.138101" lon="-2.4184329999999998">
        <ele>128</ele>
        <time>2021-06-15T00:55:28.000Z</time>
      </trkpt>
      <trkpt lat="43.138101" lon="-2.4184329999999998">
        <ele>128</ele>
        <time>2021-06-15T00:55:48.000Z</time>
      </trkpt>
      <trkpt lat="43.138229" lon="-2.418196">
        <ele>129</ele>
        <time>2021-06-15T00:56:08.000Z</time>
      </trkpt>
      <trkpt lat="43.138229" lon="-2.418196">
        <ele>129</ele>
        <time>2021-06-15T00:56:28.000Z</time>
      </trkpt>
      <trkpt lat="43.1382" lon="-2.4181219999999999">
        <ele>129</ele>
        <time>2021-06-15T00:56:48.000Z</time>
      </trkpt>
      <trkpt lat="43.1382" lon="-2.4181219999999999">
        <ele>129</ele>
        <time>2021-06-15T00:57:08.000Z</time>
      </trkpt>
      <trkpt lat="43.138225" lon="-2.4180389999999998">
        <ele>129</ele>
        <time>2021-06-15T00:57:28.000Z</time>
      </trkpt>
      <trkpt lat="43.138225" lon="-2.4180389999999998">
        <ele>129</ele>
        <time>2021-06-15T00:57:48.000Z</time>
      </trkpt>
      <trkpt lat="43.138231" lon="-2.4180299999999999">
        <ele>129</ele>
        <time>2021-06-15T00:58:08.000Z</time>
      </trkpt>
      <trkpt lat="43.138231" lon="-2.4180299999999999">
        <ele>129</ele>
        <time>2021-06-15T00:58:28.000Z</time>
      </trkpt>
      <trkpt lat="43.138333" lon="-2.4178009999999999">
        <ele>129</ele>
        <time>2021-06-15T00:58:48.000Z</time>
      </trkpt>
      <trkpt lat="43.138333" lon="-2.4178009999999999">
        <ele>129</ele>
        <time>2021-06-15T00:59:08.000Z</time>
      </trkpt>
      <trkpt lat="43.138371" lon="-2.4177559999999998">
        <ele>129</ele>
        <time>2021-06-15T00:59:28.000Z</time>
      </trkpt>
      <trkpt lat="43.138371" lon="-2.4177559999999998">
        <ele>129</ele>
        <time>2021-06-15T00:59:48.000Z</time>
      </trkpt>
      <trkpt lat="43.138741" lon="-2.4172940000000001">
        <ele>131</ele>
        <time>2021-06-15T01:00:08.000Z</time>
      </trkpt>
      <trkpt lat="43.138741" lon="-2.4172940000000001">
        <ele>131</ele>
        <time>2021-06-15T01:00:28.000Z</time>
      </trkpt>
      <trkpt lat="43.139151" lon="-2.4167730000000001">
        <ele>131</ele>
        <time>2021-06-15T01:00:48.000Z</time>
      </trkpt>
      <trkpt lat="43.139151" lon="-2.4167730000000001">
        <ele>131</ele>
        <time>2021-06-15T01:01:08.000Z</time>
      </trkpt>
      <trkpt lat="43.139512" lon="-2.416353">
        <ele>132</ele>
        <time>2021-06-15T01:01:28.000Z</time>
      </trkpt>
      <trkpt lat="43.139512" lon="-2.416353">
        <ele>132</ele>
        <time>2021-06-15T01:01:48.000Z</time>
      </trkpt>
      <trkpt lat="43.139623" lon="-2.416207">
        <ele>133</ele>
        <time>2021-06-15T01:02:08.000Z</time>
      </trkpt>
      <trkpt lat="43.139623" lon="-2.416207">
        <ele>133</ele>
        <time>2021-06-15T01:02:28.000Z</time>
      </trkpt>
      <trkpt lat="43.139735" lon="-2.4161190000000001">
        <ele>133</ele>
        <time>2021-06-15T01:02:48.000Z</time>
      </trkpt>
      <trkpt lat="43.139735" lon="-2.4161190000000001">
        <ele>133</ele>
        <time>2021-06-15T01:03:08.000Z</time>
      </trkpt>
      <trkpt lat="43.139738" lon="-2.4161109999999999">
        <ele>133</ele>
        <time>2021-06-15T01:03:28.000Z</time>
      </trkpt>
      <trkpt lat="43.139738" lon="-2.4161109999999999">
        <ele>133</ele>
        <time>2021-06-15T01:03:48.000Z</time>
      </trkpt>
      <trkpt lat="43.139756" lon="-2.41608">
        <ele>133</ele>
        <time>2021-06-15T01:04:08.000Z</time>
      </trkpt>
      <trkpt lat="43.139756" lon="-2.41608">
        <ele>133</ele>
        <time>2021-06-15T01:04:28.000Z</time>
      </trkpt>
      <trkpt lat="43.139838" lon="-2.4159649999999999">
        <ele>133</ele>
        <time>2021-06-15T01:04:48.000Z</time>
      </trkpt>
      <trkpt lat="43.139838" lon="-2.4159649999999999">
        <ele>133</ele>
        <time>2021-06-15T01:05:08.000Z</time>
      </trkpt>
      <trkpt lat="43.140065" lon="-2.4158390000000001">
        <ele>133</ele>
        <time>2021-06-15T01:05:28.000Z</time>
      </trkpt>
      <trkpt lat="43.140065" lon="-2.4158390000000001">
        <ele>133</ele>
        <time>2021-06-15T01:05:48.000Z</time>
      </trkpt>
      <trkpt lat="43.140492" lon="-2.415565">
        <ele>132</ele>
        <time>2021-06-15T01:06:08.000Z</time>
      </trkpt>
      <trkpt lat="43.140492" lon="-2.415565">
        <ele>132</ele>
        <time>2021-06-15T01:06:28.000Z</time>
      </trkpt>
      <trkpt lat="43.140684" lon="-2.415394">
        <ele>132</ele>
        <time>2021-06-15T01:06:48.000Z</time>
      </trkpt>
      <trkpt lat="43.140684" lon="-2.415394">
        <ele>132</ele>
        <time>2021-06-15T01:07:08.000Z</time>
      </trkpt>
      <trkpt lat="43.140828" lon="-2.4152279999999999">
        <ele>131</ele>
        <time>2021-06-15T01:07:28.000Z</time>
      </trkpt>
      <trkpt lat="43.140828" lon="-2.4152279999999999">
        <ele>131</ele>
        <time>2021-06-15T01:07:48.000Z</time>
      </trkpt>
      <trkpt lat="43.141092" lon="-2.4149889999999998">
        <ele>130</ele>
        <time>2021-06-15T01:08:08.000Z</time>
      </trkpt>
      <trkpt lat="43.141092" lon="-2.4149889999999998">
        <ele>130</ele>
        <time>2021-06-15T01:08:28.000Z</time>
      </trkpt>
      <trkpt lat="43.141359" lon="-2.414739">
        <ele>129</ele>
        <time>2021-06-15T01:08:48.000Z</time>
      </trkpt>
      <trkpt lat="43.141359" lon="-2.414739">
        <ele>129</ele>
        <time>2021-06-15T01:09:08.000Z</time>
      </trkpt>
      <trkpt lat="43.141646" lon="-2.414469">
        <ele>129</ele>
        <time>2021-06-15T01:09:28.000Z</time>
      </trkpt>
      <trkpt lat="43.141646" lon="-2.414469">
        <ele>129</ele>
        <time>2021-06-15T01:09:48.000Z</time>
      </trkpt>
      <trkpt lat="43.141811" lon="-2.4143349999999999">
        <ele>130</ele>
        <time>2021-06-15T01:10:08.000Z</time>
      </trkpt>
      <trkpt lat="43.141811" lon="-2.4143349999999999">
        <ele>130</ele>
        <time>2021-06-15T01:10:28.000Z</time>
      </trkpt>
      <trkpt lat="43.142195" lon="-2.4139599999999999">
        <ele>131</ele>
        <time>2021-06-15T01:10:48.000Z</time>
      </trkpt>
      <trkpt lat="43.142195" lon="-2.4139599999999999">
        <ele>131</ele>
        <time>2021-06-15T01:11:08.000Z</time>
      </trkpt>
      <trkpt lat="43.142282" lon="-2.413942">
        <ele>130</ele>
        <time>2021-06-15T01:11:28.000Z</time>
      </trkpt>
      <trkpt lat="43.142282" lon="-2.413942">
        <ele>130</ele>
        <time>2021-06-15T01:11:48.000Z</time>
      </trkpt>
      <trkpt lat="43.142471" lon="-2.413983">
        <ele>129</ele>
        <time>2021-06-15T01:12:08.000Z</time>
      </trkpt>
      <trkpt lat="43.142471" lon="-2.413983">
        <ele>129</ele>
        <time>2021-06-15T01:12:28.000Z</time>
      </trkpt>
      <trkpt lat="43.142516" lon="-2.4139680000000001">
        <ele>129</ele>
        <time>2021-06-15T01:12:48.000Z</time>
      </trkpt>
      <trkpt lat="43.142516" lon="-2.4139680000000001">
        <ele>129</ele>
        <time>2021-06-15T01:13:08.000Z</time>
      </trkpt>
      <trkpt lat="43.142558" lon="-2.4139400000000002">
        <ele>129</ele>
        <time>2021-06-15T01:13:28.000Z</time>
      </trkpt>
      <trkpt lat="43.142558" lon="-2.4139400000000002">
        <ele>129</ele>
        <time>2021-06-15T01:13:48.000Z</time>
      </trkpt>
      <trkpt lat="43.142709" lon="-2.413805">
        <ele>129</ele>
        <time>2021-06-15T01:14:08.000Z</time>
      </trkpt>
      <trkpt lat="43.142709" lon="-2.413805">
        <ele>129</ele>
        <time>2021-06-15T01:14:28.000Z</time>
      </trkpt>
      <trkpt lat="43.142745" lon="-2.4137710000000001">
        <ele>129</ele>
        <time>2021-06-15T01:14:48.000Z</time>
      </trkpt>
      <trkpt lat="43.142745" lon="-2.4137710000000001">
        <ele>129</ele>
        <time>2021-06-15T01:15:08.000Z</time>
      </trkpt>
      <trkpt lat="43.142895" lon="-2.4136310000000001">
        <ele>129</ele>
        <time>2021-06-15T01:15:28.000Z</time>
      </trkpt>
      <trkpt lat="43.142895" lon="-2.4136310000000001">
        <ele>129</ele>
        <time>2021-06-15T01:15:48.000Z</time>
      </trkpt>
      <trkpt lat="43.143027" lon="-2.4135219999999999">
        <ele>129</ele>
        <time>2021-06-15T01:16:08.000Z</time>
      </trkpt>
      <trkpt lat="43.143027" lon="-2.4135219999999999">
        <ele>129</ele>
        <time>2021-06-15T01:16:28.000Z</time>
      </trkpt>
      <trkpt lat="43.143032" lon="-2.4135260000000001">
        <ele>129</ele>
        <time>2021-06-15T01:16:48.000Z</time>
      </trkpt>
      <trkpt lat="43.143032" lon="-2.4135260000000001">
        <ele>129</ele>
        <time>2021-06-15T01:17:08.000Z</time>
      </trkpt>
      <trkpt lat="43.143032" lon="-2.4135219999999999">
        <ele>129</ele>
        <time>2021-06-15T01:17:28.000Z</time>
      </trkpt>
      <trkpt lat="43.143032" lon="-2.4135219999999999">
        <ele>129</ele>
        <time>2021-06-15T01:17:48.000Z</time>
      </trkpt>
      <trkpt lat="43.143089" lon="-2.4134769999999999">
        <ele>128</ele>
        <time>2021-06-15T01:18:08.000Z</time>
      </trkpt>
      <trkpt lat="43.143089" lon="-2.4134769999999999">
        <ele>128</ele>
        <time>2021-06-15T01:18:28.000Z</time>
      </trkpt>
      <trkpt lat="43.143095" lon="-2.4134739999999999">
        <ele>128</ele>
        <time>2021-06-15T01:18:48.000Z</time>
      </trkpt>
      <trkpt lat="43.143095" lon="-2.4134739999999999">
        <ele>128</ele>
        <time>2021-06-15T01:19:08.000Z</time>
      </trkpt>
      <trkpt lat="43.143095" lon="-2.4134679999999999">
        <ele>128</ele>
        <time>2021-06-15T01:19:28.000Z</time>
      </trkpt>
      <trkpt lat="43.143095" lon="-2.4134679999999999">
        <ele>128</ele>
        <time>2021-06-15T01:19:48.000Z</time>
      </trkpt>
      <trkpt lat="43.143407" lon="-2.4132159999999998">
        <ele>128</ele>
        <time>2021-06-15T01:20:08.000Z</time>
      </trkpt>
      <trkpt lat="43.143407" lon="-2.4132159999999998">
        <ele>128</ele>
        <time>2021-06-15T01:20:28.000Z</time>
      </trkpt>
      <trkpt lat="43.143954" lon="-2.41276">
        <ele>128</ele>
        <time>2021-06-15T01:20:48.000Z</time>
      </trkpt>
      <trkpt lat="43.143954" lon="-2.41276">
        <ele>128</ele>
        <time>2021-06-15T01:21:08.000Z</time>
      </trkpt>
      <trkpt lat="43.144435" lon="-2.4123950000000001">
        <ele>128</ele>
        <time>2021-06-15T01:21:28.000Z</time>
      </trkpt>
      <trkpt lat="43.144435" lon="-2.4123950000000001">
        <ele>128</ele>
        <time>2021-06-15T01:21:48.000Z</time>
      </trkpt>
      <trkpt lat="43.144852" lon="-2.4120699999999999">
        <ele>126</ele>
        <time>2021-06-15T01:22:08.000Z</time>
      </trkpt>
      <trkpt lat="43.144852" lon="-2.4120699999999999">
        <ele>126</ele>
        <time>2021-06-15T01:22:28.000Z</time>
      </trkpt>
      <trkpt lat="43.145364" lon="-2.4116759999999999">
        <ele>125</ele>
        <time>2021-06-15T01:22:48.000Z</time>
      </trkpt>
      <trkpt lat="43.145364" lon="-2.4116759999999999">
        <ele>125</ele>
        <time>2021-06-15T01:23:08.000Z</time>
      </trkpt>
      <trkpt lat="43.145774" lon="-2.4113370000000001">
        <ele>129</ele>
        <time>2021-06-15T01:23:28.000Z</time>
      </trkpt>
      <trkpt lat="43.145774" lon="-2.4113370000000001">
        <ele>129</ele>
        <time>2021-06-15T01:23:48.000Z</time>
      </trkpt>
      <trkpt lat="43.145928" lon="-2.41127">
        <ele>130</ele>
        <time>2021-06-15T01:24:08.000Z</time>
      </trkpt>
      <trkpt lat="43.145928" lon="-2.41127">
        <ele>130</ele>
        <time>2021-06-15T01:24:28.000Z</time>
      </trkpt>
      <trkpt lat="43.146124" lon="-2.4112140000000002">
        <ele>128</ele>
        <time>2021-06-15T01:24:48.000Z</time>
      </trkpt>
      <trkpt lat="43.146124" lon="-2.4112140000000002">
        <ele>128</ele>
        <time>2021-06-15T01:25:08.000Z</time>
      </trkpt>
      <trkpt lat="43.146186" lon="-2.411203">
        <ele>128</ele>
        <time>2021-06-15T01:25:28.000Z</time>
      </trkpt>
      <trkpt lat="43.146186" lon="-2.411203">
        <ele>128</ele>
        <time>2021-06-15T01:25:48.000Z</time>
      </trkpt>
      <trkpt lat="43.146386" lon="-2.4111769999999999">
        <ele>127</ele>
        <time>2021-06-15T01:26:08.000Z</time>
      </trkpt>
      <trkpt lat="43.146386" lon="-2.4111769999999999">
        <ele>127</ele>
        <time>2021-06-15T01:26:28.000Z</time>
      </trkpt>
      <trkpt lat="43.146866" lon="-2.4111539999999998">
        <ele>127</ele>
        <time>2021-06-15T01:26:48.000Z</time>
      </trkpt>
      <trkpt lat="43.146866" lon="-2.4111539999999998">
        <ele>127</ele>
        <time>2021-06-15T01:27:08.000Z</time>
      </trkpt>
      <trkpt lat="43.147038" lon="-2.4111400000000001">
        <ele>127</ele>
        <time>2021-06-15T01:27:28.000Z</time>
      </trkpt>
      <trkpt lat="43.147038" lon="-2.4111400000000001">
        <ele>127</ele>
        <time>2021-06-15T01:27:48.000Z</time>
      </trkpt>
      <trkpt lat="43.147097" lon="-2.41113">
        <ele>127</ele>
        <time>2021-06-15T01:28:08.000Z</time>
      </trkpt>
      <trkpt lat="43.147097" lon="-2.41113">
        <ele>127</ele>
        <time>2021-06-15T01:28:28.000Z</time>
      </trkpt>
      <trkpt lat="43.147493" lon="-2.4110339999999999">
        <ele>127</ele>
        <time>2021-06-15T01:28:48.000Z</time>
      </trkpt>
      <trkpt lat="43.147493" lon="-2.4110339999999999">
        <ele>127</ele>
        <time>2021-06-15T01:29:08.000Z</time>
      </trkpt>
      <trkpt lat="43.14755" lon="-2.411019">
        <ele>127</ele>
        <time>2021-06-15T01:29:28.000Z</time>
      </trkpt>
      <trkpt lat="43.14755" lon="-2.411019">
        <ele>127</ele>
        <time>2021-06-15T01:29:48.000Z</time>
      </trkpt>
      <trkpt lat="43.147974" lon="-2.4109229999999999">
        <ele>125</ele>
        <time>2021-06-15T01:30:08.000Z</time>
      </trkpt>
      <trkpt lat="43.147974" lon="-2.4109229999999999">
        <ele>125</ele>
        <time>2021-06-15T01:30:28.000Z</time>
      </trkpt>
      <trkpt lat="43.148383" lon="-2.410841">
        <ele>123</ele>
        <time>2021-06-15T01:30:48.000Z</time>
      </trkpt>
      <trkpt lat="43.148383" lon="-2.410841">
        <ele>123</ele>
        <time>2021-06-15T01:31:08.000Z</time>
      </trkpt>
      <trkpt lat="43.148799" lon="-2.4107419999999999">
        <ele>124</ele>
        <time>2021-06-15T01:31:28.000Z</time>
      </trkpt>
      <trkpt lat="43.148799" lon="-2.4107419999999999">
        <ele>124</ele>
        <time>2021-06-15T01:31:48.000Z</time>
      </trkpt>
      <trkpt lat="43.149124" lon="-2.4107630000000002">
        <ele>123</ele>
        <time>2021-06-15T01:32:08.000Z</time>
      </trkpt>
      <trkpt lat="43.149124" lon="-2.4107630000000002">
        <ele>123</ele>
        <time>2021-06-15T01:32:28.000Z</time>
      </trkpt>
      <trkpt lat="43.149246" lon="-2.410828">
        <ele>122</ele>
        <time>2021-06-15T01:32:48.000Z</time>
      </trkpt>
      <trkpt lat="43.149246" lon="-2.410828">
        <ele>122</ele>
        <time>2021-06-15T01:33:08.000Z</time>
      </trkpt>
      <trkpt lat="43.149429" lon="-2.4108830000000001">
        <ele>122</ele>
        <time>2021-06-15T01:33:28.000Z</time>
      </trkpt>
      <trkpt lat="43.149429" lon="-2.4108830000000001">
        <ele>122</ele>
        <time>2021-06-15T01:33:48.000Z</time>
      </trkpt>
      <trkpt lat="43.14972" lon="-2.41072">
        <ele>123</ele>
        <time>2021-06-15T01:34:08.000Z</time>
      </trkpt>
      <trkpt lat="43.14972" lon="-2.41072">
        <ele>123</ele>
        <time>2021-06-15T01:34:28.000Z</time>
      </trkpt>
      <trkpt lat="43.15002" lon="-2.4104410000000001">
        <ele>125</ele>
        <time>2021-06-15T01:34:48.000Z</time>
      </trkpt>
      <trkpt lat="43.15002" lon="-2.4104410000000001">
        <ele>125</ele>
        <time>2021-06-15T01:35:08.000Z</time>
      </trkpt>
      <trkpt lat="43.150189" lon="-2.410393">
        <ele>124</ele>
        <time>2021-06-15T01:35:28.000Z</time>
      </trkpt>
      <trkpt lat="43.150189" lon="-2.410393">
        <ele>124</ele>
        <time>2021-06-15T01:35:48.000Z</time>
      </trkpt>
      <trkpt lat="43.150671" lon="-2.4102570000000001">
        <ele>123</ele>
        <time>2021-06-15T01:36:08.000Z</time>
      </trkpt>
      <trkpt lat="43.150671" lon="-2.4102570000000001">
        <ele>123</ele>
        <time>2021-06-15T01:36:28.000Z</time>
      </trkpt>
      <trkpt lat="43.151306" lon="-2.4100929999999998">
        <ele>123</ele>
        <time>2021-06-15T01:36:48.000Z</time>
      </trkpt>
      <trkpt lat="43.151306" lon="-2.4100929999999998">
        <ele>123</ele>
        <time>2021-06-15T01:37:08.000Z</time>
      </trkpt>
      <trkpt lat="43.151896" lon="-2.4099520000000001">
        <ele>122</ele>
        <time>2021-06-15T01:37:28.000Z</time>
      </trkpt>
      <trkpt lat="43.151896" lon="-2.4099520000000001">
        <ele>122</ele>
        <time>2021-06-15T01:37:48.000Z</time>
      </trkpt>
      <trkpt lat="43.152325" lon="-2.4098480000000002">
        <ele>123</ele>
        <time>2021-06-15T01:38:08.000Z</time>
      </trkpt>
      <trkpt lat="43.152325" lon="-2.4098480000000002">
        <ele>123</ele>
        <time>2021-06-15T01:38:28.000Z</time>
      </trkpt>
      <trkpt lat="43.152711" lon="-2.4097300000000001">
        <ele>123</ele>
        <time>2021-06-15T01:38:48.000Z</time>
      </trkpt>
      <trkpt lat="43.152711" lon="-2.4097300000000001">
        <ele>123</ele>
        <time>2021-06-15T01:39:08.000Z</time>
      </trkpt>
      <trkpt lat="43.153091" lon="-2.4096039999999999">
        <ele>123</ele>
        <time>2021-06-15T01:39:28.000Z</time>
      </trkpt>
      <trkpt lat="43.153091" lon="-2.4096039999999999">
        <ele>123</ele>
        <time>2021-06-15T01:39:48.000Z</time>
      </trkpt>
      <trkpt lat="43.15341" lon="-2.4094150000000001">
        <ele>122</ele>
        <time>2021-06-15T01:40:08.000Z</time>
      </trkpt>
      <trkpt lat="43.15341" lon="-2.4094150000000001">
        <ele>122</ele>
        <time>2021-06-15T01:40:28.000Z</time>
      </trkpt>
      <trkpt lat="43.153776" lon="-2.4090549999999999">
        <ele>122</ele>
        <time>2021-06-15T01:40:48.000Z</time>
      </trkpt>
      <trkpt lat="43.153776" lon="-2.4090549999999999">
        <ele>122</ele>
        <time>2021-06-15T01:41:08.000Z</time>
      </trkpt>
      <trkpt lat="43.154117" lon="-2.4086789999999998">
        <ele>122</ele>
        <time>2021-06-15T01:41:28.000Z</time>
      </trkpt>
      <trkpt lat="43.154117" lon="-2.4086789999999998">
        <ele>122</ele>
        <time>2021-06-15T01:41:48.000Z</time>
      </trkpt>
      <trkpt lat="43.154462" lon="-2.4083030000000001">
        <ele>122</ele>
        <time>2021-06-15T01:42:08.000Z</time>
      </trkpt>
      <trkpt lat="43.154462" lon="-2.4083030000000001">
        <ele>122</ele>
        <time>2021-06-15T01:42:28.000Z</time>
      </trkpt>
      <trkpt lat="43.154836" lon="-2.4079069999999998">
        <ele>122</ele>
        <time>2021-06-15T01:42:48.000Z</time>
      </trkpt>
      <trkpt lat="43.154836" lon="-2.4079069999999998">
        <ele>122</ele>
        <time>2021-06-15T01:43:08.000Z</time>
      </trkpt>
      <trkpt lat="43.155117" lon="-2.4075920000000002">
        <ele>122</ele>
        <time>2021-06-15T01:43:28.000Z</time>
      </trkpt>
      <trkpt lat="43.155117" lon="-2.4075920000000002">
        <ele>122</ele>
        <time>2021-06-15T01:43:48.000Z</time>
      </trkpt>
      <trkpt lat="43.155405" lon="-2.407197">
        <ele>120</ele>
        <time>2021-06-15T01:44:08.000Z</time>
      </trkpt>
      <trkpt lat="43.155405" lon="-2.407197">
        <ele>120</ele>
        <time>2021-06-15T01:44:28.000Z</time>
      </trkpt>
      <trkpt lat="43.155597" lon="-2.406739">
        <ele>120</ele>
        <time>2021-06-15T01:44:48.000Z</time>
      </trkpt>
      <trkpt lat="43.155597" lon="-2.406739">
        <ele>120</ele>
        <time>2021-06-15T01:45:08.000Z</time>
      </trkpt>
      <trkpt lat="43.155665" lon="-2.406552">
        <ele>121</ele>
        <time>2021-06-15T01:45:28.000Z</time>
      </trkpt>
      <trkpt lat="43.155665" lon="-2.406552">
        <ele>121</ele>
        <time>2021-06-15T01:45:48.000Z</time>
      </trkpt>
      <trkpt lat="43.155794" lon="-2.4061729999999999">
        <ele>120</ele>
        <time>2021-06-15T01:46:08.000Z</time>
      </trkpt>
      <trkpt lat="43.155794" lon="-2.4061729999999999">
        <ele>120</ele>
        <time>2021-06-15T01:46:28.000Z</time>
      </trkpt>
      <trkpt lat="43.155901" lon="-2.405834">
        <ele>120</ele>
        <time>2021-06-15T01:46:48.000Z</time>
      </trkpt>
      <trkpt lat="43.155901" lon="-2.405834">
        <ele>120</ele>
        <time>2021-06-15T01:47:08.000Z</time>
      </trkpt>
      <trkpt lat="43.155973" lon="-2.4054660000000001">
        <ele>119</ele>
        <time>2021-06-15T01:47:28.000Z</time>
      </trkpt>
      <trkpt lat="43.155973" lon="-2.4054660000000001">
        <ele>119</ele>
        <time>2021-06-15T01:47:48.000Z</time>
      </trkpt>
      <trkpt lat="43.156026" lon="-2.4053010000000001">
        <ele>118</ele>
        <time>2021-06-15T01:48:08.000Z</time>
      </trkpt>
      <trkpt lat="43.156026" lon="-2.4053010000000001">
        <ele>118</ele>
        <time>2021-06-15T01:48:28.000Z</time>
      </trkpt>
      <trkpt lat="43.156026" lon="-2.4053010000000001">
        <ele>118</ele>
        <time>2021-06-15T01:48:48.000Z</time>
      </trkpt>
      <trkpt lat="43.156026" lon="-2.4053010000000001">
        <ele>118</ele>
        <time>2021-06-15T01:49:08.000Z</time>
      </trkpt>
      <trkpt lat="43.156029" lon="-2.4052929999999999">
        <ele>118</ele>
        <time>2021-06-15T01:49:28.000Z</time>
      </trkpt>
      <trkpt lat="43.156029" lon="-2.4052929999999999">
        <ele>118</ele>
        <time>2021-06-15T01:49:48.000Z</time>
      </trkpt>
    </trkseg>
  </trk>
</gpx>